FL_DATE,YEAR,MONTH,DAY_OF_MONTH,DAY_OF_WEEK,OP_CARRIER,TAIL_NUM,OP_CARRIER_FL_NUM,ORIGIN,DEST,CRS_DEP_TIME,CRS_ARR_TIME,DEP_TIME,ARR_TIME,DEP_DELAY,ARR_DELAY,CRS_ELAPSED_TIME,ACTUAL_ELAPSED_TIME,AIR_TIME,DISTANCE,CANCELLED,DIVERTED,CARRIER_DELAY,WEATHER_DELAY,NAS_DELAY,SECURITY_DELAY,LATE_AIRCRAFT_DELAY,FLOW_ATL,PAR_AIRPORT,CRS_DEP_MIN,DEP_LOCAL_DT,EVENT_ORIGIN_UTC,EVENT_DEST_UTC,ORIG_WX_VALID_UTC,ORIG_WX_TMPC,ORIG_WX_DWPC,ORIG_WX_RELH,ORIG_WX_DRCT,ORIG_WX_SKNT,ORIG_WX_ALTI,ORIG_WX_P01M,ORIG_WX_VSBY,ORIG_WX_GUST,ORIG_WX_CODES,ORIG_WX_PRECIP_FLAG,ORIG_WX_LOW_VIS_FLAG,ORIG_WX_STRONG_WIND_FLAG,ORIG_WX_MATCH_GAP_MIN,DEST_WX_VALID_UTC,DEST_WX_TMPC,DEST_WX_DWPC,DEST_WX_RELH,DEST_WX_DRCT,DEST_WX_SKNT,DEST_WX_ALTI,DEST_WX_P01M,DEST_WX_VSBY,DEST_WX_GUST,DEST_WX_CODES,DEST_WX_PRECIP_FLAG,DEST_WX_LOW_VIS_FLAG,DEST_WX_STRONG_WIND_FLAG,DEST_WX_MATCH_GAP_MIN
2026-04-25,2026,4,25,6,B6,,696,ATL,BOS,600.0,826.0,604.0,805.0,,,146.0,,,946.0,0,0,,,,,,DEP_FROM_ATL,BOS,360.0,2026-04-25 06:00:00,2026-04-25 10:00:00,2026-04-25 12:26:00,2026-04-25 09:52:00,20.56,14.44,68.01,240.0,4.0,29.82,0.0,10.0,,M,False,False,False,8.0,2026-04-25 12:54:00,7.22,-4.44,43.25,,3.0,30.1,0.0,10.0,,M,False,False,False,28.0
2026-04-25,2026,4,25,6,TP,,4460,ATL,BOS,600.0,826.0,604.0,805.0,,,146.0,,,946.0,0,0,,,,,,DEP_FROM_ATL,BOS,360.0,2026-04-25 06:00:00,2026-04-25 10:00:00,2026-04-25 12:26:00,2026-04-25 09:52:00,20.56,14.44,68.01,240.0,4.0,29.82,0.0,10.0,,M,False,False,False,8.0,2026-04-25 12:54:00,7.22,-4.44,43.25,,3.0,30.1,0.0,10.0,,M,False,False,False,28.0
2026-04-25,2026,4,25,6,JL,,5491,ATL,BOS,600.0,826.0,604.0,805.0,,,146.0,,,946.0,0,0,,,,,,DEP_FROM_ATL,BOS,360.0,2026-04-25 06:00:00,2026-04-25 10:00:00,2026-04-25 12:26:00,2026-04-25 09:52:00,20.56,14.44,68.01,240.0,4.0,29.82,0.0,10.0,,M,False,False,False,8.0,2026-04-25 12:54:00,7.22,-4.44,43.25,,3.0,30.1,0.0,10.0,,M,False,False,False,28.0
2026-04-25,2026,4,25,6,KE,,6839,ATL,BOS,715.0,949.0,735.0,939.0,,,154.0,,,946.0,0,0,,,,,,DEP_FROM_ATL,BOS,435.0,2026-04-25 07:15:00,2026-04-25 11:15:00,2026-04-25 13:49:00,2026-04-25 10:52:00,18.89,13.89,72.74,0.0,0.0,29.82,0.0,10.0,,M,False,False,False,23.0,2026-04-25 13:54:00,7.78,-2.78,47.17,70.0,8.0,30.09,0.0,10.0,,M,False,False,False,5.0
2026-04-25,2026,4,25,6,DL,,987,ATL,BOS,715.0,949.0,735.0,939.0,,,154.0,,,946.0,0,0,,,,,,DEP_FROM_ATL,BOS,435.0,2026-04-25 07:15:00,2026-04-25 11:15:00,2026-04-25 13:49:00,2026-04-25 10:52:00,18.89,13.89,72.74,0.0,0.0,29.82,0.0,10.0,,M,False,False,False,23.0,2026-04-25 13:54:00,7.78,-2.78,47.17,70.0,8.0,30.09,0.0,10.0,,M,False,False,False,5.0
2026-04-25,2026,4,25,6,LA,,5737,ATL,BOS,900.0,1135.0,911.0,1115.0,,,155.0,,,946.0,0,0,,,,,,DEP_FROM_ATL,BOS,540.0,2026-04-25 09:00:00,2026-04-25 13:00:00,2026-04-25 15:35:00,2026-04-25 12:52:00,19.44,14.44,72.85,220.0,6.0,29.86,0.0,10.0,,M,False,False,False,8.0,2026-04-25 15:54:00,8.89,-1.67,47.5,130.0,9.0,30.09,0.0,10.0,,M,False,False,False,19.0
2026-04-25,2026,4,25,6,DL,,2432,ATL,BOS,900.0,1135.0,911.0,1115.0,,,155.0,,,946.0,0,0,,,,,,DEP_FROM_ATL,BOS,540.0,2026-04-25 09:00:00,2026-04-25 13:00:00,2026-04-25 15:35:00,2026-04-25 12:52:00,19.44,14.44,72.85,220.0,6.0,29.86,0.0,10.0,,M,False,False,False,8.0,2026-04-25 15:54:00,8.89,-1.67,47.5,130.0,9.0,30.09,0.0,10.0,,M,False,False,False,19.0
2026-04-25,2026,4,25,6,WS,,5404,ATL,BOS,900.0,1135.0,911.0,1115.0,,,155.0,,,946.0,0,0,,,,,,DEP_FROM_ATL,BOS,540.0,2026-04-25 09:00:00,2026-04-25 13:00:00,2026-04-25 15:35:00,2026-04-25 12:52:00,19.44,14.44,72.85,220.0,6.0,29.86,0.0,10.0,,M,False,False,False,8.0,2026-04-25 15:54:00,8.89,-1.67,47.5,130.0,9.0,30.09,0.0,10.0,,M,False,False,False,19.0
2026-04-25,2026,4,25,6,KE,,3119,ATL,BOS,900.0,1135.0,911.0,1115.0,,,155.0,,,946.0,0,0,,,,,,DEP_FROM_ATL,BOS,540.0,2026-04-25 09:00:00,2026-04-25 13:00:00,2026-04-25 15:35:00,2026-04-25 12:52:00,19.44,14.44,72.85,220.0,6.0,29.86,0.0,10.0,,M,False,False,False,8.0,2026-04-25 15:54:00,8.89,-1.67,47.5,130.0,9.0,30.09,0.0,10.0,,M,False,False,False,19.0
2026-04-25,2026,4,25,6,F9,,3512,ATL,BOS,857.0,1147.0,922.0,1129.0,,,170.0,,,946.0,0,0,,,,,,DEP_FROM_ATL,BOS,537.0,2026-04-25 08:57:00,2026-04-25 12:57:00,2026-04-25 15:47:00,2026-04-25 12:52:00,19.44,14.44,72.85,220.0,6.0,29.86,0.0,10.0,,M,False,False,False,5.0,2026-04-25 15:54:00,8.89,-1.67,47.5,130.0,9.0,30.09,0.0,10.0,,M,False,False,False,7.0
2026-04-25,2026,4,25,6,LA,,6134,ATL,BOS,1010.0,1250.0,1042.0,1244.0,,,160.0,,,946.0,0,0,,,,,,DEP_FROM_ATL,BOS,610.0,2026-04-25 10:10:00,2026-04-25 14:10:00,2026-04-25 16:50:00,2026-04-25 13:52:00,20.56,15.0,70.49,210.0,7.0,29.85,0.0,10.0,,M,False,False,False,18.0,2026-04-25 16:54:00,8.89,-2.78,43.75,110.0,9.0,30.08,0.0,10.0,,M,False,False,False,4.0
2026-04-25,2026,4,25,6,DL,,855,ATL,BOS,1010.0,1250.0,1042.0,1244.0,,,160.0,,,946.0,0,0,,,,,,DEP_FROM_ATL,BOS,610.0,2026-04-25 10:10:00,2026-04-25 14:10:00,2026-04-25 16:50:00,2026-04-25 13:52:00,20.56,15.0,70.49,210.0,7.0,29.85,0.0,10.0,,M,False,False,False,18.0,2026-04-25 16:54:00,8.89,-2.78,43.75,110.0,9.0,30.08,0.0,10.0,,M,False,False,False,4.0
2026-04-25,2026,4,25,6,DL,,862,ATL,BOS,1110.0,1343.0,1123.0,1321.0,,,153.0,,,946.0,0,0,,,,,,DEP_FROM_ATL,BOS,670.0,2026-04-25 11:10:00,2026-04-25 15:10:00,2026-04-25 17:43:00,2026-04-25 14:52:00,21.67,15.0,65.84,270.0,11.0,29.85,0.0,10.0,,M,False,False,False,18.0,2026-04-25 17:54:00,8.33,-1.11,51.37,120.0,11.0,30.08,0.0,10.0,,M,False,False,False,11.0
2026-04-25,2026,4,25,6,KE,,6965,ATL,BOS,1110.0,1343.0,1123.0,1321.0,,,153.0,,,946.0,0,0,,,,,,DEP_FROM_ATL,BOS,670.0,2026-04-25 11:10:00,2026-04-25 15:10:00,2026-04-25 17:43:00,2026-04-25 14:52:00,21.67,15.0,65.84,270.0,11.0,29.85,0.0,10.0,,M,False,False,False,18.0,2026-04-25 17:54:00,8.33,-1.11,51.37,120.0,11.0,30.08,0.0,10.0,,M,False,False,False,11.0
2026-04-25,2026,4,25,6,LA,,6135,ATL,BOS,1110.0,1343.0,1123.0,1321.0,,,153.0,,,946.0,0,0,,,,,,DEP_FROM_ATL,BOS,670.0,2026-04-25 11:10:00,2026-04-25 15:10:00,2026-04-25 17:43:00,2026-04-25 14:52:00,21.67,15.0,65.84,270.0,11.0,29.85,0.0,10.0,,M,False,False,False,18.0,2026-04-25 17:54:00,8.33,-1.11,51.37,120.0,11.0,30.08,0.0,10.0,,M,False,False,False,11.0
2026-04-25,2026,4,25,6,BA,,8393,ATL,BOS,1225.0,1459.0,1237.0,1438.0,,,154.0,,,946.0,0,0,,,,,,DEP_FROM_ATL,BOS,745.0,2026-04-25 12:25:00,2026-04-25 16:25:00,2026-04-25 18:59:00,2026-04-25 16:25:00,21.67,15.0,65.84,250.0,10.0,29.87,0.0,10.0,22.0,M,False,False,False,0.0,2026-04-25 18:54:00,8.89,-3.89,40.27,110.0,9.0,30.07,0.0,10.0,,M,False,False,False,5.0
2026-04-25,2026,4,25,6,TK,,8571,ATL,BOS,1225.0,1459.0,1237.0,1438.0,,,154.0,,,946.0,0,0,,,,,,DEP_FROM_ATL,BOS,745.0,2026-04-25 12:25:00,2026-04-25 16:25:00,2026-04-25 18:59:00,2026-04-25 16:25:00,21.67,15.0,65.84,250.0,10.0,29.87,0.0,10.0,22.0,M,False,False,False,0.0,2026-04-25 18:54:00,8.89,-3.89,40.27,110.0,9.0,30.07,0.0,10.0,,M,False,False,False,5.0
2026-04-25,2026,4,25,6,TP,,4296,ATL,BOS,1225.0,1459.0,1237.0,1438.0,,,154.0,,,946.0,0,0,,,,,,DEP_FROM_ATL,BOS,745.0,2026-04-25 12:25:00,2026-04-25 16:25:00,2026-04-25 18:59:00,2026-04-25 16:25:00,21.67,15.0,65.84,250.0,10.0,29.87,0.0,10.0,22.0,M,False,False,False,0.0,2026-04-25 18:54:00,8.89,-3.89,40.27,110.0,9.0,30.07,0.0,10.0,,M,False,False,False,5.0
2026-04-25,2026,4,25,6,FI,,7902,ATL,BOS,1225.0,1459.0,1237.0,1438.0,,,154.0,,,946.0,0,0,,,,,,DEP_FROM_ATL,BOS,745.0,2026-04-25 12:25:00,2026-04-25 16:25:00,2026-04-25 18:59:00,2026-04-25 16:25:00,21.67,15.0,65.84,250.0,10.0,29.87,0.0,10.0,22.0,M,False,False,False,0.0,2026-04-25 18:54:00,8.89,-3.89,40.27,110.0,9.0,30.07,0.0,10.0,,M,False,False,False,5.0
2026-04-25,2026,4,25,6,B6,,896,ATL,BOS,1225.0,1459.0,1237.0,1438.0,,,154.0,,,946.0,0,0,,,,,,DEP_FROM_ATL,BOS,745.0,2026-04-25 12:25:00,2026-04-25 16:25:00,2026-04-25 18:59:00,2026-04-25 16:25:00,21.67,15.0,65.84,250.0,10.0,29.87,0.0,10.0,22.0,M,False,False,False,0.0,2026-04-25 18:54:00,8.89,-3.89,40.27,110.0,9.0,30.07,0.0,10.0,,M,False,False,False,5.0
2026-04-25,2026,4,25,6,EI,,5372,ATL,BOS,1225.0,1459.0,1237.0,1438.0,,,154.0,,,946.0,0,0,,,,,,DEP_FROM_ATL,BOS,745.0,2026-04-25 12:25:00,2026-04-25 16:25:00,2026-04-25 18:59:00,2026-04-25 16:25:00,21.67,15.0,65.84,250.0,10.0,29.87,0.0,10.0,22.0,M,False,False,False,0.0,2026-04-25 18:54:00,8.89,-3.89,40.27,110.0,9.0,30.07,0.0,10.0,,M,False,False,False,5.0
2026-04-25,2026,4,25,6,KE,,6841,ATL,BOS,1245.0,1520.0,1254.0,1501.0,,,155.0,,,946.0,0,0,,,,,,DEP_FROM_ATL,BOS,765.0,2026-04-25 12:45:00,2026-04-25 16:45:00,2026-04-25 19:20:00,2026-04-25 16:52:00,20.56,15.56,73.05,270.0,12.0,29.88,0.0,10.0,20.0,M,False,False,False,7.0,2026-04-25 18:54:00,8.89,-3.89,40.27,110.0,9.0,30.07,0.0,10.0,,M,False,False,False,26.0
2026-04-25,2026,4,25,6,KL,,6431,ATL,BOS,1245.0,1520.0,1254.0,1501.0,,,155.0,,,946.0,0,0,,,,,,DEP_FROM_ATL,BOS,765.0,2026-04-25 12:45:00,2026-04-25 16:45:00,2026-04-25 19:20:00,2026-04-25 16:52:00,20.56,15.56,73.05,270.0,12.0,29.88,0.0,10.0,20.0,M,False,False,False,7.0,2026-04-25 18:54:00,8.89,-3.89,40.27,110.0,9.0,30.07,0.0,10.0,,M,False,False,False,26.0
2026-04-25,2026,4,25,6,VS,,3634,ATL,BOS,1245.0,1520.0,1254.0,1501.0,,,155.0,,,946.0,0,0,,,,,,DEP_FROM_ATL,BOS,765.0,2026-04-25 12:45:00,2026-04-25 16:45:00,2026-04-25 19:20:00,2026-04-25 16:52:00,20.56,15.56,73.05,270.0,12.0,29.88,0.0,10.0,20.0,M,False,False,False,7.0,2026-04-25 18:54:00,8.89,-3.89,40.27,110.0,9.0,30.07,0.0,10.0,,M,False,False,False,26.0
2026-04-25,2026,4,25,6,DL,,350,ATL,BOS,1245.0,1520.0,1254.0,1501.0,,,155.0,,,946.0,0,0,,,,,,DEP_FROM_ATL,BOS,765.0,2026-04-25 12:45:00,2026-04-25 16:45:00,2026-04-25 19:20:00,2026-04-25 16:52:00,20.56,15.56,73.05,270.0,12.0,29.88,0.0,10.0,20.0,M,False,False,False,7.0,2026-04-25 18:54:00,8.89,-3.89,40.27,110.0,9.0,30.07,0.0,10.0,,M,False,False,False,26.0
2026-04-25,2026,4,25,6,AF,,2986,ATL,BOS,1459.0,1739.0,1502.0,1703.0,,,160.0,,,946.0,0,0,,,,,,DEP_FROM_ATL,BOS,899.0,2026-04-25 14:59:00,2026-04-25 18:59:00,2026-04-25 21:39:00,2026-04-25 18:52:00,20.56,16.67,78.41,,4.0,29.85,0.25,10.0,,M,True,False,False,7.0,2026-04-25 21:54:00,8.33,-2.22,47.34,130.0,7.0,30.05,0.0,10.0,,M,False,False,False,15.0
2026-04-25,2026,4,25,6,AM,,3125,ATL,BOS,1459.0,1739.0,1502.0,1703.0,,,160.0,,,946.0,0,0,,,,,,DEP_FROM_ATL,BOS,899.0,2026-04-25 14:59:00,2026-04-25 18:59:00,2026-04-25 21:39:00,2026-04-25 18:52:00,20.56,16.67,78.41,,4.0,29.85,0.25,10.0,,M,True,False,False,7.0,2026-04-25 21:54:00,8.33,-2.22,47.34,130.0,7.0,30.05,0.0,10.0,,M,False,False,False,15.0
2026-04-25,2026,4,25,6,KE,,5309,ATL,BOS,1459.0,1739.0,1502.0,1703.0,,,160.0,,,946.0,0,0,,,,,,DEP_FROM_ATL,BOS,899.0,2026-04-25 14:59:00,2026-04-25 18:59:00,2026-04-25 21:39:00,2026-04-25 18:52:00,20.56,16.67,78.41,,4.0,29.85,0.25,10.0,,M,True,False,False,7.0,2026-04-25 21:54:00,8.33,-2.22,47.34,130.0,7.0,30.05,0.0,10.0,,M,False,False,False,15.0
2026-04-25,2026,4,25,6,KL,,6680,ATL,BOS,1459.0,1739.0,1502.0,1703.0,,,160.0,,,946.0,0,0,,,,,,DEP_FROM_ATL,BOS,899.0,2026-04-25 14:59:00,2026-04-25 18:59:00,2026-04-25 21:39:00,2026-04-25 18:52:00,20.56,16.67,78.41,,4.0,29.85,0.25,10.0,,M,True,False,False,7.0,2026-04-25 21:54:00,8.33,-2.22,47.34,130.0,7.0,30.05,0.0,10.0,,M,False,False,False,15.0
2026-04-25,2026,4,25,6,VS,,4252,ATL,BOS,1459.0,1739.0,1502.0,1703.0,,,160.0,,,946.0,0,0,,,,,,DEP_FROM_ATL,BOS,899.0,2026-04-25 14:59:00,2026-04-25 18:59:00,2026-04-25 21:39:00,2026-04-25 18:52:00,20.56,16.67,78.41,,4.0,29.85,0.25,10.0,,M,True,False,False,7.0,2026-04-25 21:54:00,8.33,-2.22,47.34,130.0,7.0,30.05,0.0,10.0,,M,False,False,False,15.0
2026-04-25,2026,4,25,6,DL,,2595,ATL,BOS,1459.0,1739.0,1502.0,1703.0,,,160.0,,,946.0,0,0,,,,,,DEP_FROM_ATL,BOS,899.0,2026-04-25 14:59:00,2026-04-25 18:59:00,2026-04-25 21:39:00,2026-04-25 18:52:00,20.56,16.67,78.41,,4.0,29.85,0.25,10.0,,M,True,False,False,7.0,2026-04-25 21:54:00,8.33,-2.22,47.34,130.0,7.0,30.05,0.0,10.0,,M,False,False,False,15.0
2026-04-25,2026,4,25,6,VS,,4248,ATL,BOS,1759.0,2038.0,1808.0,2019.0,,,159.0,,,946.0,0,0,,,,,,DEP_FROM_ATL,BOS,1079.0,2026-04-25 17:59:00,2026-04-25 21:59:00,2026-04-26 00:38:00,2026-04-25 21:52:00,23.33,16.11,63.9,260.0,4.0,29.81,0.0,10.0,,M,False,False,False,7.0,2026-04-26 00:54:00,8.33,-1.11,51.37,130.0,9.0,30.08,0.0,10.0,,M,False,False,False,16.0
2026-04-25,2026,4,25,6,LA,,6442,ATL,BOS,1759.0,2038.0,1808.0,2019.0,,,159.0,,,946.0,0,0,,,,,,DEP_FROM_ATL,BOS,1079.0,2026-04-25 17:59:00,2026-04-25 21:59:00,2026-04-26 00:38:00,2026-04-25 21:52:00,23.33,16.11,63.9,260.0,4.0,29.81,0.0,10.0,,M,False,False,False,7.0,2026-04-26 00:54:00,8.33,-1.11,51.37,130.0,9.0,30.08,0.0,10.0,,M,False,False,False,16.0
2026-04-25,2026,4,25,6,WS,,5561,ATL,BOS,1759.0,2038.0,1808.0,2019.0,,,159.0,,,946.0,0,0,,,,,,DEP_FROM_ATL,BOS,1079.0,2026-04-25 17:59:00,2026-04-25 21:59:00,2026-04-26 00:38:00,2026-04-25 21:52:00,23.33,16.11,63.9,260.0,4.0,29.81,0.0,10.0,,M,False,False,False,7.0,2026-04-26 00:54:00,8.33,-1.11,51.37,130.0,9.0,30.08,0.0,10.0,,M,False,False,False,16.0
2026-04-25,2026,4,25,6,AM,,3054,ATL,BOS,1759.0,2038.0,1808.0,2019.0,,,159.0,,,946.0,0,0,,,,,,DEP_FROM_ATL,BOS,1079.0,2026-04-25 17:59:00,2026-04-25 21:59:00,2026-04-26 00:38:00,2026-04-25 21:52:00,23.33,16.11,63.9,260.0,4.0,29.81,0.0,10.0,,M,False,False,False,7.0,2026-04-26 00:54:00,8.33,-1.11,51.37,130.0,9.0,30.08,0.0,10.0,,M,False,False,False,16.0
2026-04-25,2026,4,25,6,DL,,821,ATL,BOS,1759.0,2038.0,1808.0,2019.0,,,159.0,,,946.0,0,0,,,,,,DEP_FROM_ATL,BOS,1079.0,2026-04-25 17:59:00,2026-04-25 21:59:00,2026-04-26 00:38:00,2026-04-25 21:52:00,23.33,16.11,63.9,260.0,4.0,29.81,0.0,10.0,,M,False,False,False,7.0,2026-04-26 00:54:00,8.33,-1.11,51.37,130.0,9.0,30.08,0.0,10.0,,M,False,False,False,16.0
2026-04-25,2026,4,25,6,KE,,5306,ATL,BOS,1759.0,2038.0,1808.0,2019.0,,,159.0,,,946.0,0,0,,,,,,DEP_FROM_ATL,BOS,1079.0,2026-04-25 17:59:00,2026-04-25 21:59:00,2026-04-26 00:38:00,2026-04-25 21:52:00,23.33,16.11,63.9,260.0,4.0,29.81,0.0,10.0,,M,False,False,False,7.0,2026-04-26 00:54:00,8.33,-1.11,51.37,130.0,9.0,30.08,0.0,10.0,,M,False,False,False,16.0
2026-04-25,2026,4,25,6,VS,,4226,ATL,BOS,1959.0,2236.0,2015.0,2220.0,,,157.0,,,946.0,0,0,,,,,,DEP_FROM_ATL,BOS,1199.0,2026-04-25 19:59:00,2026-04-25 23:59:00,2026-04-26 02:36:00,2026-04-25 23:52:00,22.78,15.0,61.54,230.0,5.0,29.82,0.0,10.0,,M,False,False,False,7.0,2026-04-26 02:54:00,7.78,-0.56,55.56,210.0,6.0,30.08,0.0,10.0,,M,False,False,False,18.0
2026-04-25,2026,4,25,6,AF,,8797,ATL,BOS,1959.0,2236.0,2015.0,2220.0,,,157.0,,,946.0,0,0,,,,,,DEP_FROM_ATL,BOS,1199.0,2026-04-25 19:59:00,2026-04-25 23:59:00,2026-04-26 02:36:00,2026-04-25 23:52:00,22.78,15.0,61.54,230.0,5.0,29.82,0.0,10.0,,M,False,False,False,7.0,2026-04-26 02:54:00,7.78,-0.56,55.56,210.0,6.0,30.08,0.0,10.0,,M,False,False,False,18.0
2026-04-25,2026,4,25,6,AM,,3018,ATL,BOS,1959.0,2236.0,2015.0,2220.0,,,157.0,,,946.0,0,0,,,,,,DEP_FROM_ATL,BOS,1199.0,2026-04-25 19:59:00,2026-04-25 23:59:00,2026-04-26 02:36:00,2026-04-25 23:52:00,22.78,15.0,61.54,230.0,5.0,29.82,0.0,10.0,,M,False,False,False,7.0,2026-04-26 02:54:00,7.78,-0.56,55.56,210.0,6.0,30.08,0.0,10.0,,M,False,False,False,18.0
2026-04-25,2026,4,25,6,KE,,3147,ATL,BOS,1959.0,2236.0,2015.0,2220.0,,,157.0,,,946.0,0,0,,,,,,DEP_FROM_ATL,BOS,1199.0,2026-04-25 19:59:00,2026-04-25 23:59:00,2026-04-26 02:36:00,2026-04-25 23:52:00,22.78,15.0,61.54,230.0,5.0,29.82,0.0,10.0,,M,False,False,False,7.0,2026-04-26 02:54:00,7.78,-0.56,55.56,210.0,6.0,30.08,0.0,10.0,,M,False,False,False,18.0
2026-04-25,2026,4,25,6,LA,,6440,ATL,BOS,1959.0,2236.0,2015.0,2220.0,,,157.0,,,946.0,0,0,,,,,,DEP_FROM_ATL,BOS,1199.0,2026-04-25 19:59:00,2026-04-25 23:59:00,2026-04-26 02:36:00,2026-04-25 23:52:00,22.78,15.0,61.54,230.0,5.0,29.82,0.0,10.0,,M,False,False,False,7.0,2026-04-26 02:54:00,7.78,-0.56,55.56,210.0,6.0,30.08,0.0,10.0,,M,False,False,False,18.0
2026-04-25,2026,4,25,6,DL,,300,ATL,BOS,1959.0,2236.0,2015.0,2220.0,,,157.0,,,946.0,0,0,,,,,,DEP_FROM_ATL,BOS,1199.0,2026-04-25 19:59:00,2026-04-25 23:59:00,2026-04-26 02:36:00,2026-04-25 23:52:00,22.78,15.0,61.54,230.0,5.0,29.82,0.0,10.0,,M,False,False,False,7.0,2026-04-26 02:54:00,7.78,-0.56,55.56,210.0,6.0,30.08,0.0,10.0,,M,False,False,False,18.0
2026-04-25,2026,4,25,6,KE,,5308,ATL,BOS,2120.0,2358.0,2133.0,2346.0,,,158.0,,,946.0,0,0,,,,,,DEP_FROM_ATL,BOS,1280.0,2026-04-25 21:20:00,2026-04-26 01:20:00,2026-04-26 03:58:00,2026-04-26 00:52:00,21.67,16.11,70.7,210.0,6.0,29.83,0.0,10.0,,M,False,False,False,28.0,2026-04-26 03:54:00,7.78,0.56,60.23,210.0,6.0,30.08,0.0,10.0,,M,False,False,False,4.0
2026-04-25,2026,4,25,6,AF,,6859,ATL,BOS,2120.0,2358.0,2133.0,2346.0,,,158.0,,,946.0,0,0,,,,,,DEP_FROM_ATL,BOS,1280.0,2026-04-25 21:20:00,2026-04-26 01:20:00,2026-04-26 03:58:00,2026-04-26 00:52:00,21.67,16.11,70.7,210.0,6.0,29.83,0.0,10.0,,M,False,False,False,28.0,2026-04-26 03:54:00,7.78,0.56,60.23,210.0,6.0,30.08,0.0,10.0,,M,False,False,False,4.0
2026-04-25,2026,4,25,6,DL,,2269,ATL,BOS,2120.0,2358.0,2133.0,2346.0,,,158.0,,,946.0,0,0,,,,,,DEP_FROM_ATL,BOS,1280.0,2026-04-25 21:20:00,2026-04-26 01:20:00,2026-04-26 03:58:00,2026-04-26 00:52:00,21.67,16.11,70.7,210.0,6.0,29.83,0.0,10.0,,M,False,False,False,28.0,2026-04-26 03:54:00,7.78,0.56,60.23,210.0,6.0,30.08,0.0,10.0,,M,False,False,False,4.0
2026-04-25,2026,4,25,6,LA,,8936,ATL,BOS,2120.0,2358.0,2133.0,2346.0,,,158.0,,,946.0,0,0,,,,,,DEP_FROM_ATL,BOS,1280.0,2026-04-25 21:20:00,2026-04-26 01:20:00,2026-04-26 03:58:00,2026-04-26 00:52:00,21.67,16.11,70.7,210.0,6.0,29.83,0.0,10.0,,M,False,False,False,28.0,2026-04-26 03:54:00,7.78,0.56,60.23,210.0,6.0,30.08,0.0,10.0,,M,False,False,False,4.0
2026-04-25,2026,4,25,6,VS,,4256,ATL,BOS,2120.0,2358.0,2133.0,2346.0,,,158.0,,,946.0,0,0,,,,,,DEP_FROM_ATL,BOS,1280.0,2026-04-25 21:20:00,2026-04-26 01:20:00,2026-04-26 03:58:00,2026-04-26 00:52:00,21.67,16.11,70.7,210.0,6.0,29.83,0.0,10.0,,M,False,False,False,28.0,2026-04-26 03:54:00,7.78,0.56,60.23,210.0,6.0,30.08,0.0,10.0,,M,False,False,False,4.0
2026-04-25,2026,4,25,6,AM,,3338,ATL,BOS,2120.0,2358.0,2133.0,2346.0,,,158.0,,,946.0,0,0,,,,,,DEP_FROM_ATL,BOS,1280.0,2026-04-25 21:20:00,2026-04-26 01:20:00,2026-04-26 03:58:00,2026-04-26 00:52:00,21.67,16.11,70.7,210.0,6.0,29.83,0.0,10.0,,M,False,False,False,28.0,2026-04-26 03:54:00,7.78,0.56,60.23,210.0,6.0,30.08,0.0,10.0,,M,False,False,False,4.0
2026-04-25,2026,4,25,6,LA,,6261,ATL,BOS,2247.0,122.0,2253.0,54.0,,,155.0,,,946.0,0,0,,,,,,DEP_FROM_ATL,BOS,1367.0,2026-04-25 22:47:00,2026-04-26 02:47:00,2026-04-26 05:22:00,2026-04-26 02:48:00,21.0,17.0,77.93,190.0,9.0,29.83,0.001,10.0,,-RA,True,False,False,1.0,2026-04-26 04:54:00,7.78,1.11,62.69,210.0,6.0,30.09,0.0,10.0,,M,False,False,False,28.0
2026-04-25,2026,4,25,6,DL,,865,ATL,BOS,2247.0,122.0,2253.0,54.0,,,155.0,,,946.0,0,0,,,,,,DEP_FROM_ATL,BOS,1367.0,2026-04-25 22:47:00,2026-04-26 02:47:00,2026-04-26 05:22:00,2026-04-26 02:48:00,21.0,17.0,77.93,190.0,9.0,29.83,0.001,10.0,,-RA,True,False,False,1.0,2026-04-26 04:54:00,7.78,1.11,62.69,210.0,6.0,30.09,0.0,10.0,,M,False,False,False,28.0
2026-04-25,2026,4,25,6,AM,,4188,ATL,BOS,2247.0,122.0,2253.0,54.0,,,155.0,,,946.0,0,0,,,,,,DEP_FROM_ATL,BOS,1367.0,2026-04-25 22:47:00,2026-04-26 02:47:00,2026-04-26 05:22:00,2026-04-26 02:48:00,21.0,17.0,77.93,190.0,9.0,29.83,0.001,10.0,,-RA,True,False,False,1.0,2026-04-26 04:54:00,7.78,1.11,62.69,210.0,6.0,30.09,0.0,10.0,,M,False,False,False,28.0
2026-04-25,2026,4,25,6,KE,,3682,ATL,BOS,2247.0,122.0,2253.0,54.0,,,155.0,,,946.0,0,0,,,,,,DEP_FROM_ATL,BOS,1367.0,2026-04-25 22:47:00,2026-04-26 02:47:00,2026-04-26 05:22:00,2026-04-26 02:48:00,21.0,17.0,77.93,190.0,9.0,29.83,0.001,10.0,,-RA,True,False,False,1.0,2026-04-26 04:54:00,7.78,1.11,62.69,210.0,6.0,30.09,0.0,10.0,,M,False,False,False,28.0
2026-04-25,2026,4,25,6,VS,,4220,ATL,BOS,2247.0,122.0,2253.0,54.0,,,155.0,,,946.0,0,0,,,,,,DEP_FROM_ATL,BOS,1367.0,2026-04-25 22:47:00,2026-04-26 02:47:00,2026-04-26 05:22:00,2026-04-26 02:48:00,21.0,17.0,77.93,190.0,9.0,29.83,0.001,10.0,,-RA,True,False,False,1.0,2026-04-26 04:54:00,7.78,1.11,62.69,210.0,6.0,30.09,0.0,10.0,,M,False,False,False,28.0
2026-04-25,2026,4,25,6,F9,,3086,ATL,BOS,2245.0,131.0,2304.0,102.0,,,166.0,,,946.0,0,0,,,,,,DEP_FROM_ATL,BOS,1365.0,2026-04-25 22:45:00,2026-04-26 02:45:00,2026-04-26 05:31:00,2026-04-26 02:48:00,21.0,17.0,77.93,190.0,9.0,29.83,0.001,10.0,,-RA,True,False,False,3.0,2026-04-26 05:54:00,7.22,1.11,65.12,200.0,5.0,30.07,0.0,10.0,,M,False,False,False,23.0
2026-04-26,2026,4,26,7,JL,,5491,ATL,BOS,600.0,826.0,610.0,809.0,,,146.0,,,946.0,0,0,,,,,,DEP_FROM_ATL,BOS,360.0,2026-04-26 06:00:00,2026-04-26 10:00:00,2026-04-26 12:26:00,2026-04-26 09:52:00,17.22,15.56,89.94,310.0,5.0,29.86,0.001,0.25,,-DZ BR,True,True,False,8.0,2026-04-26 12:54:00,8.89,2.22,62.96,140.0,5.0,30.13,0.0,10.0,,M,False,False,False,28.0
2026-04-26,2026,4,26,7,B6,,696,ATL,BOS,600.0,826.0,610.0,809.0,,,146.0,,,946.0,0,0,,,,,,DEP_FROM_ATL,BOS,360.0,2026-04-26 06:00:00,2026-04-26 10:00:00,2026-04-26 12:26:00,2026-04-26 09:52:00,17.22,15.56,89.94,310.0,5.0,29.86,0.001,0.25,,-DZ BR,True,True,False,8.0,2026-04-26 12:54:00,8.89,2.22,62.96,140.0,5.0,30.13,0.0,10.0,,M,False,False,False,28.0
2026-04-26,2026,4,26,7,TP,,4460,ATL,BOS,600.0,826.0,610.0,809.0,,,146.0,,,946.0,0,0,,,,,,DEP_FROM_ATL,BOS,360.0,2026-04-26 06:00:00,2026-04-26 10:00:00,2026-04-26 12:26:00,2026-04-26 09:52:00,17.22,15.56,89.94,310.0,5.0,29.86,0.001,0.25,,-DZ BR,True,True,False,8.0,2026-04-26 12:54:00,8.89,2.22,62.96,140.0,5.0,30.13,0.0,10.0,,M,False,False,False,28.0
2026-04-26,2026,4,26,7,DL,,987,ATL,BOS,715.0,949.0,731.0,932.0,,,154.0,,,946.0,0,0,,,,,,DEP_FROM_ATL,BOS,435.0,2026-04-26 07:15:00,2026-04-26 11:15:00,2026-04-26 13:49:00,2026-04-26 10:52:00,17.22,16.11,93.19,320.0,3.0,29.87,0.001,0.25,,-DZ BR,True,True,False,23.0,2026-04-26 13:54:00,8.89,1.11,58.14,,3.0,30.15,0.0,10.0,,M,False,False,False,5.0
2026-04-26,2026,4,26,7,LY,,4521,ATL,BOS,715.0,949.0,731.0,932.0,,,154.0,,,946.0,0,0,,,,,,DEP_FROM_ATL,BOS,435.0,2026-04-26 07:15:00,2026-04-26 11:15:00,2026-04-26 13:49:00,2026-04-26 10:52:00,17.22,16.11,93.19,320.0,3.0,29.87,0.001,0.25,,-DZ BR,True,True,False,23.0,2026-04-26 13:54:00,8.89,1.11,58.14,,3.0,30.15,0.0,10.0,,M,False,False,False,5.0
2026-04-26,2026,4,26,7,KE,,6839,ATL,BOS,715.0,949.0,731.0,932.0,,,154.0,,,946.0,0,0,,,,,,DEP_FROM_ATL,BOS,435.0,2026-04-26 07:15:00,2026-04-26 11:15:00,2026-04-26 13:49:00,2026-04-26 10:52:00,17.22,16.11,93.19,320.0,3.0,29.87,0.001,0.25,,-DZ BR,True,True,False,23.0,2026-04-26 13:54:00,8.89,1.11,58.14,,3.0,30.15,0.0,10.0,,M,False,False,False,5.0
2026-04-26,2026,4,26,7,F9,,3512,ATL,BOS,835.0,1125.0,907.0,1111.0,,,170.0,,,946.0,0,0,,,,,,DEP_FROM_ATL,BOS,515.0,2026-04-26 08:35:00,2026-04-26 12:35:00,2026-04-26 15:25:00,2026-04-26 12:26:00,18.33,16.67,90.02,30.0,5.0,29.89,0.0,1.0,,BR,False,True,False,9.0,2026-04-26 15:54:00,10.56,1.11,51.99,130.0,5.0,30.16,0.0,10.0,,M,False,False,False,29.0
2026-04-26,2026,4,26,7,DL,,2432,ATL,BOS,900.0,1135.0,928.0,1129.0,,,155.0,,,946.0,0,0,,,,,,DEP_FROM_ATL,BOS,540.0,2026-04-26 09:00:00,2026-04-26 13:00:00,2026-04-26 15:35:00,2026-04-26 12:52:00,19.44,17.22,87.0,50.0,4.0,29.9,0.0,10.0,,M,False,False,False,8.0,2026-04-26 15:54:00,10.56,1.11,51.99,130.0,5.0,30.16,0.0,10.0,,M,False,False,False,19.0
2026-04-26,2026,4,26,7,KE,,3119,ATL,BOS,900.0,1135.0,928.0,1129.0,,,155.0,,,946.0,0,0,,,,,,DEP_FROM_ATL,BOS,540.0,2026-04-26 09:00:00,2026-04-26 13:00:00,2026-04-26 15:35:00,2026-04-26 12:52:00,19.44,17.22,87.0,50.0,4.0,29.9,0.0,10.0,,M,False,False,False,8.0,2026-04-26 15:54:00,10.56,1.11,51.99,130.0,5.0,30.16,0.0,10.0,,M,False,False,False,19.0
2026-04-26,2026,4,26,7,LA,,5737,ATL,BOS,900.0,1135.0,928.0,1129.0,,,155.0,,,946.0,0,0,,,,,,DEP_FROM_ATL,BOS,540.0,2026-04-26 09:00:00,2026-04-26 13:00:00,2026-04-26 15:35:00,2026-04-26 12:52:00,19.44,17.22,87.0,50.0,4.0,29.9,0.0,10.0,,M,False,False,False,8.0,2026-04-26 15:54:00,10.56,1.11,51.99,130.0,5.0,30.16,0.0,10.0,,M,False,False,False,19.0
2026-04-26,2026,4,26,7,WS,,5404,ATL,BOS,900.0,1135.0,928.0,1129.0,,,155.0,,,946.0,0,0,,,,,,DEP_FROM_ATL,BOS,540.0,2026-04-26 09:00:00,2026-04-26 13:00:00,2026-04-26 15:35:00,2026-04-26 12:52:00,19.44,17.22,87.0,50.0,4.0,29.9,0.0,10.0,,M,False,False,False,8.0,2026-04-26 15:54:00,10.56,1.11,51.99,130.0,5.0,30.16,0.0,10.0,,M,False,False,False,19.0
2026-04-26,2026,4,26,7,LY,,4141,ATL,BOS,900.0,1135.0,928.0,1129.0,,,155.0,,,946.0,0,0,,,,,,DEP_FROM_ATL,BOS,540.0,2026-04-26 09:00:00,2026-04-26 13:00:00,2026-04-26 15:35:00,2026-04-26 12:52:00,19.44,17.22,87.0,50.0,4.0,29.9,0.0,10.0,,M,False,False,False,8.0,2026-04-26 15:54:00,10.56,1.11,51.99,130.0,5.0,30.16,0.0,10.0,,M,False,False,False,19.0
2026-04-26,2026,4,26,7,LA,,6134,ATL,BOS,1010.0,1250.0,1029.0,1233.0,,,160.0,,,946.0,0,0,,,,,,DEP_FROM_ATL,BOS,610.0,2026-04-26 10:10:00,2026-04-26 14:10:00,2026-04-26 16:50:00,2026-04-26 13:52:00,20.0,17.22,84.05,300.0,4.0,29.91,0.0,9.0,,M,False,False,False,18.0,2026-04-26 16:54:00,10.56,1.11,51.99,120.0,4.0,30.16,0.0,10.0,,M,False,False,False,4.0
2026-04-26,2026,4,26,7,DL,,855,ATL,BOS,1010.0,1250.0,1029.0,1233.0,,,160.0,,,946.0,0,0,,,,,,DEP_FROM_ATL,BOS,610.0,2026-04-26 10:10:00,2026-04-26 14:10:00,2026-04-26 16:50:00,2026-04-26 13:52:00,20.0,17.22,84.05,300.0,4.0,29.91,0.0,9.0,,M,False,False,False,18.0,2026-04-26 16:54:00,10.56,1.11,51.99,120.0,4.0,30.16,0.0,10.0,,M,False,False,False,4.0
2026-04-26,2026,4,26,7,LA,,6135,ATL,BOS,1110.0,1345.0,1116.0,1320.0,,,155.0,,,946.0,0,0,,,,,,DEP_FROM_ATL,BOS,670.0,2026-04-26 11:10:00,2026-04-26 15:10:00,2026-04-26 17:45:00,2026-04-26 15:14:00,22.22,17.22,73.34,290.0,5.0,29.93,0.0,10.0,,M,False,False,False,4.0,2026-04-26 17:54:00,10.56,-1.11,44.24,120.0,3.0,30.15,0.0,10.0,,M,False,False,False,9.0
2026-04-26,2026,4,26,7,KE,,6965,ATL,BOS,1110.0,1345.0,1116.0,1320.0,,,155.0,,,946.0,0,0,,,,,,DEP_FROM_ATL,BOS,670.0,2026-04-26 11:10:00,2026-04-26 15:10:00,2026-04-26 17:45:00,2026-04-26 15:14:00,22.22,17.22,73.34,290.0,5.0,29.93,0.0,10.0,,M,False,False,False,4.0,2026-04-26 17:54:00,10.56,-1.11,44.24,120.0,3.0,30.15,0.0,10.0,,M,False,False,False,9.0
2026-04-26,2026,4,26,7,DL,,862,ATL,BOS,1110.0,1345.0,1116.0,1320.0,,,155.0,,,946.0,0,0,,,,,,DEP_FROM_ATL,BOS,670.0,2026-04-26 11:10:00,2026-04-26 15:10:00,2026-04-26 17:45:00,2026-04-26 15:14:00,22.22,17.22,73.34,290.0,5.0,29.93,0.0,10.0,,M,False,False,False,4.0,2026-04-26 17:54:00,10.56,-1.11,44.24,120.0,3.0,30.15,0.0,10.0,,M,False,False,False,9.0
2026-04-26,2026,4,26,7,DL,,350,ATL,BOS,1210.0,1445.0,1219.0,1424.0,,,155.0,,,946.0,0,0,,,,,,DEP_FROM_ATL,BOS,730.0,2026-04-26 12:10:00,2026-04-26 16:10:00,2026-04-26 18:45:00,2026-04-26 15:52:00,24.44,17.22,64.15,280.0,6.0,29.93,0.0,10.0,,M,False,False,False,18.0,2026-04-26 18:54:00,12.22,0.0,42.96,90.0,4.0,30.15,0.0,10.0,,M,False,False,False,9.0
2026-04-26,2026,4,26,7,KE,,3147,ATL,BOS,1210.0,1445.0,1219.0,1424.0,,,155.0,,,946.0,0,0,,,,,,DEP_FROM_ATL,BOS,730.0,2026-04-26 12:10:00,2026-04-26 16:10:00,2026-04-26 18:45:00,2026-04-26 15:52:00,24.44,17.22,64.15,280.0,6.0,29.93,0.0,10.0,,M,False,False,False,18.0,2026-04-26 18:54:00,12.22,0.0,42.96,90.0,4.0,30.15,0.0,10.0,,M,False,False,False,9.0
2026-04-26,2026,4,26,7,KL,,6431,ATL,BOS,1210.0,1445.0,1219.0,1424.0,,,155.0,,,946.0,0,0,,,,,,DEP_FROM_ATL,BOS,730.0,2026-04-26 12:10:00,2026-04-26 16:10:00,2026-04-26 18:45:00,2026-04-26 15:52:00,24.44,17.22,64.15,280.0,6.0,29.93,0.0,10.0,,M,False,False,False,18.0,2026-04-26 18:54:00,12.22,0.0,42.96,90.0,4.0,30.15,0.0,10.0,,M,False,False,False,9.0
2026-04-26,2026,4,26,7,BA,,8393,ATL,BOS,1225.0,1459.0,1234.0,1439.0,,,154.0,,,946.0,0,0,,,,,,DEP_FROM_ATL,BOS,745.0,2026-04-26 12:25:00,2026-04-26 16:25:00,2026-04-26 18:59:00,2026-04-26 16:52:00,26.11,16.67,56.09,310.0,7.0,29.93,0.0,10.0,,M,False,False,False,27.0,2026-04-26 18:54:00,12.22,0.0,42.96,90.0,4.0,30.15,0.0,10.0,,M,False,False,False,5.0
2026-04-26,2026,4,26,7,EI,,5372,ATL,BOS,1225.0,1459.0,1234.0,1439.0,,,154.0,,,946.0,0,0,,,,,,DEP_FROM_ATL,BOS,745.0,2026-04-26 12:25:00,2026-04-26 16:25:00,2026-04-26 18:59:00,2026-04-26 16:52:00,26.11,16.67,56.09,310.0,7.0,29.93,0.0,10.0,,M,False,False,False,27.0,2026-04-26 18:54:00,12.22,0.0,42.96,90.0,4.0,30.15,0.0,10.0,,M,False,False,False,5.0
2026-04-26,2026,4,26,7,FI,,7900,ATL,BOS,1225.0,1459.0,1234.0,1439.0,,,154.0,,,946.0,0,0,,,,,,DEP_FROM_ATL,BOS,745.0,2026-04-26 12:25:00,2026-04-26 16:25:00,2026-04-26 18:59:00,2026-04-26 16:52:00,26.11,16.67,56.09,310.0,7.0,29.93,0.0,10.0,,M,False,False,False,27.0,2026-04-26 18:54:00,12.22,0.0,42.96,90.0,4.0,30.15,0.0,10.0,,M,False,False,False,5.0
2026-04-26,2026,4,26,7,TK,,8571,ATL,BOS,1225.0,1459.0,1234.0,1439.0,,,154.0,,,946.0,0,0,,,,,,DEP_FROM_ATL,BOS,745.0,2026-04-26 12:25:00,2026-04-26 16:25:00,2026-04-26 18:59:00,2026-04-26 16:52:00,26.11,16.67,56.09,310.0,7.0,29.93,0.0,10.0,,M,False,False,False,27.0,2026-04-26 18:54:00,12.22,0.0,42.96,90.0,4.0,30.15,0.0,10.0,,M,False,False,False,5.0
2026-04-26,2026,4,26,7,TP,,4296,ATL,BOS,1225.0,1459.0,1234.0,1439.0,,,154.0,,,946.0,0,0,,,,,,DEP_FROM_ATL,BOS,745.0,2026-04-26 12:25:00,2026-04-26 16:25:00,2026-04-26 18:59:00,2026-04-26 16:52:00,26.11,16.67,56.09,310.0,7.0,29.93,0.0,10.0,,M,False,False,False,27.0,2026-04-26 18:54:00,12.22,0.0,42.96,90.0,4.0,30.15,0.0,10.0,,M,False,False,False,5.0
2026-04-26,2026,4,26,7,B6,,896,ATL,BOS,1225.0,1459.0,1234.0,1439.0,,,154.0,,,946.0,0,0,,,,,,DEP_FROM_ATL,BOS,745.0,2026-04-26 12:25:00,2026-04-26 16:25:00,2026-04-26 18:59:00,2026-04-26 16:52:00,26.11,16.67,56.09,310.0,7.0,29.93,0.0,10.0,,M,False,False,False,27.0,2026-04-26 18:54:00,12.22,0.0,42.96,90.0,4.0,30.15,0.0,10.0,,M,False,False,False,5.0
2026-04-26,2026,4,26,7,EY,,8002,ATL,BOS,1225.0,1459.0,1234.0,1439.0,,,154.0,,,946.0,0,0,,,,,,DEP_FROM_ATL,BOS,745.0,2026-04-26 12:25:00,2026-04-26 16:25:00,2026-04-26 18:59:00,2026-04-26 16:52:00,26.11,16.67,56.09,310.0,7.0,29.93,0.0,10.0,,M,False,False,False,27.0,2026-04-26 18:54:00,12.22,0.0,42.96,90.0,4.0,30.15,0.0,10.0,,M,False,False,False,5.0
2026-04-26,2026,4,26,7,KE,,6841,ATL,BOS,1345.0,1620.0,1412.0,,2.0,28.0,155.0,,,946.0,0,0,,,,,,DEP_FROM_ATL,BOS,825.0,2026-04-26 13:45:00,2026-04-26 17:45:00,2026-04-26 20:20:00,2026-04-26 17:52:00,26.67,15.0,48.8,280.0,8.0,29.92,0.0,10.0,,M,False,False,False,7.0,2026-04-26 19:54:00,12.22,-1.67,38.03,130.0,6.0,30.15,0.0,10.0,,M,False,False,False,26.0
2026-04-26,2026,4,26,7,AM,,3106,ATL,BOS,1345.0,1620.0,1412.0,,2.0,28.0,155.0,,,946.0,0,0,,,,,,DEP_FROM_ATL,BOS,825.0,2026-04-26 13:45:00,2026-04-26 17:45:00,2026-04-26 20:20:00,2026-04-26 17:52:00,26.67,15.0,48.8,280.0,8.0,29.92,0.0,10.0,,M,False,False,False,7.0,2026-04-26 19:54:00,12.22,-1.67,38.03,130.0,6.0,30.15,0.0,10.0,,M,False,False,False,26.0
2026-04-26,2026,4,26,7,DL,N331DN,726,ATL,BOS,1345.0,1620.0,1412.0,,17.0,17.0,155.0,,,946.0,0,0,,,,,,DEP_FROM_ATL,BOS,825.0,2026-04-26 13:45:00,2026-04-26 17:45:00,2026-04-26 20:20:00,2026-04-26 17:52:00,26.67,15.0,48.8,280.0,8.0,29.92,0.0,10.0,,M,False,False,False,7.0,2026-04-26 19:54:00,12.22,-1.67,38.03,130.0,6.0,30.15,0.0,10.0,,M,False,False,False,26.0
2026-04-26,2026,4,26,7,VS,,3634,ATL,BOS,1345.0,1620.0,1412.0,,2.0,28.0,155.0,,,946.0,0,0,,,,,,DEP_FROM_ATL,BOS,825.0,2026-04-26 13:45:00,2026-04-26 17:45:00,2026-04-26 20:20:00,2026-04-26 17:52:00,26.67,15.0,48.8,280.0,8.0,29.92,0.0,10.0,,M,False,False,False,7.0,2026-04-26 19:54:00,12.22,-1.67,38.03,130.0,6.0,30.15,0.0,10.0,,M,False,False,False,26.0
2026-04-26,2026,4,26,7,AF,,2986,ATL,BOS,1459.0,1739.0,,,,62.0,160.0,,,946.0,0,0,,,,,,DEP_FROM_ATL,BOS,899.0,2026-04-26 14:59:00,2026-04-26 18:59:00,2026-04-26 21:39:00,2026-04-26 18:52:00,26.67,13.89,45.42,300.0,8.0,29.91,0.0,10.0,14.0,M,False,False,False,7.0,,,,,,,,,,,,,,,
2026-04-26,2026,4,26,7,DL,N329DN,2595,ATL,BOS,1459.0,1739.0,,,,,160.0,,,946.0,0,0,,,,,,DEP_FROM_ATL,BOS,899.0,2026-04-26 14:59:00,2026-04-26 18:59:00,2026-04-26 21:39:00,2026-04-26 18:52:00,26.67,13.89,45.42,300.0,8.0,29.91,0.0,10.0,14.0,M,False,False,False,7.0,,,,,,,,,,,,,,,
2026-04-26,2026,4,26,7,KL,,7791,ATL,BOS,1459.0,1739.0,,,,62.0,160.0,,,946.0,0,0,,,,,,DEP_FROM_ATL,BOS,899.0,2026-04-26 14:59:00,2026-04-26 18:59:00,2026-04-26 21:39:00,2026-04-26 18:52:00,26.67,13.89,45.42,300.0,8.0,29.91,0.0,10.0,14.0,M,False,False,False,7.0,,,,,,,,,,,,,,,
2026-04-26,2026,4,26,7,WS,,5417,ATL,BOS,1459.0,1739.0,,,,62.0,160.0,,,946.0,0,0,,,,,,DEP_FROM_ATL,BOS,899.0,2026-04-26 14:59:00,2026-04-26 18:59:00,2026-04-26 21:39:00,2026-04-26 18:52:00,26.67,13.89,45.42,300.0,8.0,29.91,0.0,10.0,14.0,M,False,False,False,7.0,,,,,,,,,,,,,,,
2026-04-26,2026,4,26,7,VS,,4252,ATL,BOS,1459.0,1739.0,,,,62.0,160.0,,,946.0,0,0,,,,,,DEP_FROM_ATL,BOS,899.0,2026-04-26 14:59:00,2026-04-26 18:59:00,2026-04-26 21:39:00,2026-04-26 18:52:00,26.67,13.89,45.42,300.0,8.0,29.91,0.0,10.0,14.0,M,False,False,False,7.0,,,,,,,,,,,,,,,
2026-04-26,2026,4,26,7,AM,,3125,ATL,BOS,1459.0,1739.0,,,,62.0,160.0,,,946.0,0,0,,,,,,DEP_FROM_ATL,BOS,899.0,2026-04-26 14:59:00,2026-04-26 18:59:00,2026-04-26 21:39:00,2026-04-26 18:52:00,26.67,13.89,45.42,300.0,8.0,29.91,0.0,10.0,14.0,M,False,False,False,7.0,,,,,,,,,,,,,,,
2026-04-26,2026,4,26,7,KE,,5309,ATL,BOS,1459.0,1739.0,,,,62.0,160.0,,,946.0,0,0,,,,,,DEP_FROM_ATL,BOS,899.0,2026-04-26 14:59:00,2026-04-26 18:59:00,2026-04-26 21:39:00,2026-04-26 18:52:00,26.67,13.89,45.42,300.0,8.0,29.91,0.0,10.0,14.0,M,False,False,False,7.0,,,,,,,,,,,,,,,
2026-04-26,2026,4,26,7,DL,,518,ATL,BOS,1635.0,1914.0,,,,,159.0,,,946.0,0,0,,,,,,DEP_FROM_ATL,BOS,995.0,2026-04-26 16:35:00,2026-04-26 20:35:00,2026-04-26 23:14:00,2026-04-26 19:52:00,27.78,13.89,42.56,320.0,9.0,29.89,0.0,10.0,,M,False,False,False,43.0,,,,,,,,,,,,,,,
2026-04-26,2026,4,26,7,DL,,821,ATL,BOS,1759.0,2038.0,,,,,159.0,,,946.0,0,0,,,,,,DEP_FROM_ATL,BOS,1079.0,2026-04-26 17:59:00,2026-04-26 21:59:00,2026-04-27 00:38:00,,,,,,,,,,,,,,,,,,,,,,,,,,,,,,
2026-04-26,2026,4,26,7,DL,,300,ATL,BOS,1959.0,2236.0,,,,,157.0,,,946.0,0,0,,,,,,DEP_FROM_ATL,BOS,1199.0,2026-04-26 19:59:00,2026-04-26 23:59:00,2026-04-27 02:36:00,,,,,,,,,,,,,,,,,,,,,,,,,,,,,,
2026-04-26,2026,4,26,7,DL,,2269,ATL,BOS,2120.0,2358.0,,,,,158.0,,,946.0,0,0,,,,,,DEP_FROM_ATL,BOS,1280.0,2026-04-26 21:20:00,2026-04-27 01:20:00,2026-04-27 03:58:00,,,,,,,,,,,,,,,,,,,,,,,,,,,,,,
2026-04-25,2026,4,25,6,WN,,8502,ATL,BWI,630.0,815.0,640.0,808.0,,,105.0,,,577.0,0,0,,,,,,DEP_FROM_ATL,BWI,390.0,2026-04-25 06:30:00,2026-04-25 10:30:00,2026-04-25 12:15:00,2026-04-25 10:52:00,18.89,13.89,72.74,0.0,0.0,29.82,0.0,10.0,,M,False,False,False,22.0,2026-04-25 11:54:00,12.78,8.33,74.36,100.0,12.0,29.89,0.0,10.0,,M,False,False,False,21.0
2026-04-25,2026,4,25,6,WN,,207,ATL,BWI,630.0,820.0,637.0,805.0,,,110.0,,,577.0,0,0,,,,,,DEP_FROM_ATL,BWI,390.0,2026-04-25 06:30:00,2026-04-25 10:30:00,2026-04-25 12:20:00,2026-04-25 10:52:00,18.89,13.89,72.74,0.0,0.0,29.82,0.0,10.0,,M,False,False,False,22.0,2026-04-25 11:54:00,12.78,8.33,74.36,100.0,12.0,29.89,0.0,10.0,,M,False,False,False,26.0
2026-04-25,2026,4,25,6,LA,,6302,ATL,BWI,830.0,1020.0,845.0,1015.0,,,110.0,,,577.0,0,0,,,,,,DEP_FROM_ATL,BWI,510.0,2026-04-25 08:30:00,2026-04-25 12:30:00,2026-04-25 14:20:00,2026-04-25 12:52:00,19.44,14.44,72.85,220.0,6.0,29.86,0.0,10.0,,M,False,False,False,22.0,2026-04-25 13:54:00,13.89,8.33,69.16,90.0,11.0,29.9,0.0,10.0,,M,False,False,False,26.0
2026-04-25,2026,4,25,6,WS,,7000,ATL,BWI,830.0,1020.0,845.0,1015.0,,,110.0,,,577.0,0,0,,,,,,DEP_FROM_ATL,BWI,510.0,2026-04-25 08:30:00,2026-04-25 12:30:00,2026-04-25 14:20:00,2026-04-25 12:52:00,19.44,14.44,72.85,220.0,6.0,29.86,0.0,10.0,,M,False,False,False,22.0,2026-04-25 13:54:00,13.89,8.33,69.16,90.0,11.0,29.9,0.0,10.0,,M,False,False,False,26.0
2026-04-25,2026,4,25,6,DL,,801,ATL,BWI,830.0,1020.0,845.0,1015.0,,,110.0,,,577.0,0,0,,,,,,DEP_FROM_ATL,BWI,510.0,2026-04-25 08:30:00,2026-04-25 12:30:00,2026-04-25 14:20:00,2026-04-25 12:52:00,19.44,14.44,72.85,220.0,6.0,29.86,0.0,10.0,,M,False,False,False,22.0,2026-04-25 13:54:00,13.89,8.33,69.16,90.0,11.0,29.9,0.0,10.0,,M,False,False,False,26.0
2026-04-25,2026,4,25,6,F9,,2510,ATL,BWI,920.0,1121.0,939.0,1106.0,,,121.0,,,577.0,0,0,,,,,,DEP_FROM_ATL,BWI,560.0,2026-04-25 09:20:00,2026-04-25 13:20:00,2026-04-25 15:21:00,2026-04-25 12:52:00,19.44,14.44,72.85,220.0,6.0,29.86,0.0,10.0,,M,False,False,False,28.0,2026-04-25 14:54:00,14.44,9.44,71.92,80.0,11.0,29.9,0.0,10.0,,M,False,False,False,27.0
2026-04-25,2026,4,25,6,WN,,392,ATL,BWI,1045.0,1235.0,1057.0,1220.0,,,110.0,,,577.0,0,0,,,,,,DEP_FROM_ATL,BWI,645.0,2026-04-25 10:45:00,2026-04-25 14:45:00,2026-04-25 16:35:00,2026-04-25 14:52:00,21.67,15.0,65.84,270.0,11.0,29.85,0.0,10.0,,M,False,False,False,7.0,2026-04-25 16:41:00,15.0,6.67,57.44,80.0,13.0,29.89,0.0,10.0,,M,False,False,False,6.0
2026-04-25,2026,4,25,6,DL,,2711,ATL,BWI,1133.0,1320.0,1143.0,1306.0,,,107.0,,,577.0,0,0,,,,,,DEP_FROM_ATL,BWI,693.0,2026-04-25 11:33:00,2026-04-25 15:33:00,2026-04-25 17:20:00,2026-04-25 15:52:00,21.11,15.0,68.12,250.0,7.0,29.86,0.0,10.0,,M,False,False,False,19.0,2026-04-25 16:54:00,15.0,6.67,57.44,90.0,11.0,29.89,0.0,10.0,,M,False,False,False,26.0
2026-04-25,2026,4,25,6,KE,,7183,ATL,BWI,1133.0,1320.0,1143.0,1306.0,,,107.0,,,577.0,0,0,,,,,,DEP_FROM_ATL,BWI,693.0,2026-04-25 11:33:00,2026-04-25 15:33:00,2026-04-25 17:20:00,2026-04-25 15:52:00,21.11,15.0,68.12,250.0,7.0,29.86,0.0,10.0,,M,False,False,False,19.0,2026-04-25 16:54:00,15.0,6.67,57.44,90.0,11.0,29.89,0.0,10.0,,M,False,False,False,26.0
2026-04-25,2026,4,25,6,LA,,7169,ATL,BWI,1133.0,1320.0,1143.0,1306.0,,,107.0,,,577.0,0,0,,,,,,DEP_FROM_ATL,BWI,693.0,2026-04-25 11:33:00,2026-04-25 15:33:00,2026-04-25 17:20:00,2026-04-25 15:52:00,21.11,15.0,68.12,250.0,7.0,29.86,0.0,10.0,,M,False,False,False,19.0,2026-04-25 16:54:00,15.0,6.67,57.44,90.0,11.0,29.89,0.0,10.0,,M,False,False,False,26.0
2026-04-25,2026,4,25,6,AM,,3059,ATL,BWI,1443.0,1628.0,1453.0,1621.0,,,105.0,,,577.0,0,0,,,,,,DEP_FROM_ATL,BWI,883.0,2026-04-25 14:43:00,2026-04-25 18:43:00,2026-04-25 20:28:00,2026-04-25 18:52:00,20.56,16.67,78.41,,4.0,29.85,0.25,10.0,,M,True,False,False,9.0,2026-04-25 20:54:00,11.11,8.33,82.99,70.0,13.0,29.89,0.001,7.0,,-RA,True,False,False,26.0
2026-04-25,2026,4,25,6,DL,,1267,ATL,BWI,1443.0,1628.0,1453.0,1621.0,,,105.0,,,577.0,0,0,,,,,,DEP_FROM_ATL,BWI,883.0,2026-04-25 14:43:00,2026-04-25 18:43:00,2026-04-25 20:28:00,2026-04-25 18:52:00,20.56,16.67,78.41,,4.0,29.85,0.25,10.0,,M,True,False,False,9.0,2026-04-25 20:54:00,11.11,8.33,82.99,70.0,13.0,29.89,0.001,7.0,,-RA,True,False,False,26.0
2026-04-25,2026,4,25,6,AF,,5990,ATL,BWI,1443.0,1628.0,1453.0,1621.0,,,105.0,,,577.0,0,0,,,,,,DEP_FROM_ATL,BWI,883.0,2026-04-25 14:43:00,2026-04-25 18:43:00,2026-04-25 20:28:00,2026-04-25 18:52:00,20.56,16.67,78.41,,4.0,29.85,0.25,10.0,,M,True,False,False,9.0,2026-04-25 20:54:00,11.11,8.33,82.99,70.0,13.0,29.89,0.001,7.0,,-RA,True,False,False,26.0
2026-04-25,2026,4,25,6,KE,,6851,ATL,BWI,1443.0,1628.0,1453.0,1621.0,,,105.0,,,577.0,0,0,,,,,,DEP_FROM_ATL,BWI,883.0,2026-04-25 14:43:00,2026-04-25 18:43:00,2026-04-25 20:28:00,2026-04-25 18:52:00,20.56,16.67,78.41,,4.0,29.85,0.25,10.0,,M,True,False,False,9.0,2026-04-25 20:54:00,11.11,8.33,82.99,70.0,13.0,29.89,0.001,7.0,,-RA,True,False,False,26.0
2026-04-25,2026,4,25,6,KL,,6967,ATL,BWI,1443.0,1628.0,1453.0,1621.0,,,105.0,,,577.0,0,0,,,,,,DEP_FROM_ATL,BWI,883.0,2026-04-25 14:43:00,2026-04-25 18:43:00,2026-04-25 20:28:00,2026-04-25 18:52:00,20.56,16.67,78.41,,4.0,29.85,0.25,10.0,,M,True,False,False,9.0,2026-04-25 20:54:00,11.11,8.33,82.99,70.0,13.0,29.89,0.001,7.0,,-RA,True,False,False,26.0
2026-04-25,2026,4,25,6,VS,,2527,ATL,BWI,1443.0,1628.0,1453.0,1621.0,,,105.0,,,577.0,0,0,,,,,,DEP_FROM_ATL,BWI,883.0,2026-04-25 14:43:00,2026-04-25 18:43:00,2026-04-25 20:28:00,2026-04-25 18:52:00,20.56,16.67,78.41,,4.0,29.85,0.25,10.0,,M,True,False,False,9.0,2026-04-25 20:54:00,11.11,8.33,82.99,70.0,13.0,29.89,0.001,7.0,,-RA,True,False,False,26.0
2026-04-25,2026,4,25,6,WS,,5445,ATL,BWI,1443.0,1628.0,,,,,105.0,,,577.0,0,0,,,,,,DEP_FROM_ATL,BWI,883.0,2026-04-25 14:43:00,2026-04-25 18:43:00,2026-04-25 20:28:00,2026-04-25 18:52:00,20.56,16.67,78.41,,4.0,29.85,0.25,10.0,,M,True,False,False,9.0,2026-04-25 20:54:00,11.11,8.33,82.99,70.0,13.0,29.89,0.001,7.0,,-RA,True,False,False,26.0
2026-04-25,2026,4,25,6,F9,,1080,ATL,BWI,1459.0,1658.0,1715.0,,103.0,103.0,119.0,,,577.0,0,0,,,,,,DEP_FROM_ATL,BWI,899.0,2026-04-25 14:59:00,2026-04-25 18:59:00,2026-04-25 20:58:00,2026-04-25 18:52:00,20.56,16.67,78.41,,4.0,29.85,0.25,10.0,,M,True,False,False,7.0,2026-04-25 20:54:00,11.11,8.33,82.99,70.0,13.0,29.89,0.001,7.0,,-RA,True,False,False,4.0
2026-04-25,2026,4,25,6,8C,,3354,ATL,BWI,1620.0,1809.0,1645.0,1813.0,4.0,4.0,109.0,,,577.0,0,0,,,,,,DEP_FROM_ATL,BWI,980.0,2026-04-25 16:20:00,2026-04-25 20:20:00,2026-04-25 22:09:00,2026-04-25 20:42:00,22.78,15.56,63.78,230.0,5.0,29.81,0.0,10.0,,M,False,False,False,22.0,2026-04-25 22:08:00,10.0,8.33,89.37,90.0,12.0,29.9,1.27,2.5,,RA BR,True,True,False,1.0
2026-04-25,2026,4,25,6,DL,,2799,ATL,BWI,1628.0,1814.0,1637.0,1805.0,,,106.0,,,577.0,0,0,,,,,,DEP_FROM_ATL,BWI,988.0,2026-04-25 16:28:00,2026-04-25 20:28:00,2026-04-25 22:14:00,2026-04-25 20:42:00,22.78,15.56,63.78,230.0,5.0,29.81,0.0,10.0,,M,False,False,False,14.0,2026-04-25 22:08:00,10.0,8.33,89.37,90.0,12.0,29.9,1.27,2.5,,RA BR,True,True,False,6.0
2026-04-25,2026,4,25,6,KL,,5662,ATL,BWI,1628.0,1814.0,1637.0,1805.0,,,106.0,,,577.0,0,0,,,,,,DEP_FROM_ATL,BWI,988.0,2026-04-25 16:28:00,2026-04-25 20:28:00,2026-04-25 22:14:00,2026-04-25 20:42:00,22.78,15.56,63.78,230.0,5.0,29.81,0.0,10.0,,M,False,False,False,14.0,2026-04-25 22:08:00,10.0,8.33,89.37,90.0,12.0,29.9,1.27,2.5,,RA BR,True,True,False,6.0
2026-04-25,2026,4,25,6,LA,,5457,ATL,BWI,1628.0,1814.0,1637.0,1805.0,,,106.0,,,577.0,0,0,,,,,,DEP_FROM_ATL,BWI,988.0,2026-04-25 16:28:00,2026-04-25 20:28:00,2026-04-25 22:14:00,2026-04-25 20:42:00,22.78,15.56,63.78,230.0,5.0,29.81,0.0,10.0,,M,False,False,False,14.0,2026-04-25 22:08:00,10.0,8.33,89.37,90.0,12.0,29.9,1.27,2.5,,RA BR,True,True,False,6.0
2026-04-25,2026,4,25,6,AF,,5892,ATL,BWI,1628.0,1814.0,1637.0,1805.0,,,106.0,,,577.0,0,0,,,,,,DEP_FROM_ATL,BWI,988.0,2026-04-25 16:28:00,2026-04-25 20:28:00,2026-04-25 22:14:00,2026-04-25 20:42:00,22.78,15.56,63.78,230.0,5.0,29.81,0.0,10.0,,M,False,False,False,14.0,2026-04-25 22:08:00,10.0,8.33,89.37,90.0,12.0,29.9,1.27,2.5,,RA BR,True,True,False,6.0
2026-04-25,2026,4,25,6,VS,,2526,ATL,BWI,1628.0,1814.0,1637.0,1805.0,,,106.0,,,577.0,0,0,,,,,,DEP_FROM_ATL,BWI,988.0,2026-04-25 16:28:00,2026-04-25 20:28:00,2026-04-25 22:14:00,2026-04-25 20:42:00,22.78,15.56,63.78,230.0,5.0,29.81,0.0,10.0,,M,False,False,False,14.0,2026-04-25 22:08:00,10.0,8.33,89.37,90.0,12.0,29.9,1.27,2.5,,RA BR,True,True,False,6.0
2026-04-25,2026,4,25,6,WS,,7446,ATL,BWI,1628.0,1814.0,1637.0,1805.0,,,106.0,,,577.0,0,0,,,,,,DEP_FROM_ATL,BWI,988.0,2026-04-25 16:28:00,2026-04-25 20:28:00,2026-04-25 22:14:00,2026-04-25 20:42:00,22.78,15.56,63.78,230.0,5.0,29.81,0.0,10.0,,M,False,False,False,14.0,2026-04-25 22:08:00,10.0,8.33,89.37,90.0,12.0,29.9,1.27,2.5,,RA BR,True,True,False,6.0
2026-04-25,2026,4,25,6,AM,,4181,ATL,BWI,1628.0,1814.0,1637.0,1805.0,,,106.0,,,577.0,0,0,,,,,,DEP_FROM_ATL,BWI,988.0,2026-04-25 16:28:00,2026-04-25 20:28:00,2026-04-25 22:14:00,2026-04-25 20:42:00,22.78,15.56,63.78,230.0,5.0,29.81,0.0,10.0,,M,False,False,False,14.0,2026-04-25 22:08:00,10.0,8.33,89.37,90.0,12.0,29.9,1.27,2.5,,RA BR,True,True,False,6.0
2026-04-25,2026,4,25,6,KE,,3928,ATL,BWI,1628.0,1814.0,1637.0,1805.0,,,106.0,,,577.0,0,0,,,,,,DEP_FROM_ATL,BWI,988.0,2026-04-25 16:28:00,2026-04-25 20:28:00,2026-04-25 22:14:00,2026-04-25 20:42:00,22.78,15.56,63.78,230.0,5.0,29.81,0.0,10.0,,M,False,False,False,14.0,2026-04-25 22:08:00,10.0,8.33,89.37,90.0,12.0,29.9,1.27,2.5,,RA BR,True,True,False,6.0
2026-04-25,2026,4,25,6,WN,,1472,ATL,BWI,1800.0,1955.0,1817.0,1942.0,,,115.0,,,577.0,0,0,,,,,,DEP_FROM_ATL,BWI,1080.0,2026-04-25 18:00:00,2026-04-25 22:00:00,2026-04-25 23:55:00,2026-04-25 21:52:00,23.33,16.11,63.9,260.0,4.0,29.81,0.0,10.0,,M,False,False,False,8.0,2026-04-25 23:54:00,9.44,8.33,92.77,70.0,8.0,29.9,1.02,7.0,,M,True,False,False,1.0
2026-04-25,2026,4,25,6,VS,,2529,ATL,BWI,1831.0,2017.0,1839.0,2006.0,,,106.0,,,577.0,0,0,,,,,,DEP_FROM_ATL,BWI,1111.0,2026-04-25 18:31:00,2026-04-25 22:31:00,2026-04-26 00:17:00,2026-04-25 22:52:00,23.33,16.11,63.9,250.0,4.0,29.8,0.0,10.0,,M,False,False,False,21.0,2026-04-25 23:54:00,9.44,8.33,92.77,70.0,8.0,29.9,1.02,7.0,,M,True,False,False,23.0
2026-04-25,2026,4,25,6,DL,,2928,ATL,BWI,1831.0,2017.0,1839.0,2006.0,,,106.0,,,577.0,0,0,,,,,,DEP_FROM_ATL,BWI,1111.0,2026-04-25 18:31:00,2026-04-25 22:31:00,2026-04-26 00:17:00,2026-04-25 22:52:00,23.33,16.11,63.9,250.0,4.0,29.8,0.0,10.0,,M,False,False,False,21.0,2026-04-25 23:54:00,9.44,8.33,92.77,70.0,8.0,29.9,1.02,7.0,,M,True,False,False,23.0
2026-04-25,2026,4,25,6,KE,,6853,ATL,BWI,1831.0,2017.0,1839.0,2006.0,,,106.0,,,577.0,0,0,,,,,,DEP_FROM_ATL,BWI,1111.0,2026-04-25 18:31:00,2026-04-25 22:31:00,2026-04-26 00:17:00,2026-04-25 22:52:00,23.33,16.11,63.9,250.0,4.0,29.8,0.0,10.0,,M,False,False,False,21.0,2026-04-25 23:54:00,9.44,8.33,92.77,70.0,8.0,29.9,1.02,7.0,,M,True,False,False,23.0
2026-04-25,2026,4,25,6,KL,,5166,ATL,BWI,1831.0,2017.0,1839.0,2006.0,,,106.0,,,577.0,0,0,,,,,,DEP_FROM_ATL,BWI,1111.0,2026-04-25 18:31:00,2026-04-25 22:31:00,2026-04-26 00:17:00,2026-04-25 22:52:00,23.33,16.11,63.9,250.0,4.0,29.8,0.0,10.0,,M,False,False,False,21.0,2026-04-25 23:54:00,9.44,8.33,92.77,70.0,8.0,29.9,1.02,7.0,,M,True,False,False,23.0
2026-04-25,2026,4,25,6,KE,,5310,ATL,BWI,1831.0,2017.0,1839.0,2006.0,,,106.0,,,577.0,0,0,,,,,,DEP_FROM_ATL,BWI,1111.0,2026-04-25 18:31:00,2026-04-25 22:31:00,2026-04-26 00:17:00,2026-04-25 22:52:00,23.33,16.11,63.9,250.0,4.0,29.8,0.0,10.0,,M,False,False,False,21.0,2026-04-25 23:54:00,9.44,8.33,92.77,70.0,8.0,29.9,1.02,7.0,,M,True,False,False,23.0
2026-04-25,2026,4,25,6,AM,,3398,ATL,BWI,1831.0,2017.0,1839.0,2006.0,,,106.0,,,577.0,0,0,,,,,,DEP_FROM_ATL,BWI,1111.0,2026-04-25 18:31:00,2026-04-25 22:31:00,2026-04-26 00:17:00,2026-04-25 22:52:00,23.33,16.11,63.9,250.0,4.0,29.8,0.0,10.0,,M,False,False,False,21.0,2026-04-25 23:54:00,9.44,8.33,92.77,70.0,8.0,29.9,1.02,7.0,,M,True,False,False,23.0
2026-04-25,2026,4,25,6,LA,,6446,ATL,BWI,2250.0,39.0,2325.0,50.0,11.0,11.0,109.0,,,577.0,0,0,,,,,,DEP_FROM_ATL,BWI,1370.0,2026-04-25 22:50:00,2026-04-26 02:50:00,2026-04-26 04:39:00,2026-04-26 02:48:00,21.0,17.0,77.93,190.0,9.0,29.83,0.001,10.0,,-RA,True,False,False,2.0,2026-04-26 04:54:00,7.78,6.11,89.19,30.0,11.0,29.95,0.001,9.0,18.0,M,True,False,False,15.0
2026-04-25,2026,4,25,6,VS,,3054,ATL,BWI,2250.0,39.0,2325.0,50.0,11.0,11.0,109.0,,,577.0,0,0,,,,,,DEP_FROM_ATL,BWI,1370.0,2026-04-25 22:50:00,2026-04-26 02:50:00,2026-04-26 04:39:00,2026-04-26 02:48:00,21.0,17.0,77.93,190.0,9.0,29.83,0.001,10.0,,-RA,True,False,False,2.0,2026-04-26 04:54:00,7.78,6.11,89.19,30.0,11.0,29.95,0.001,9.0,18.0,M,True,False,False,15.0
2026-04-25,2026,4,25,6,SK,,3707,ATL,BWI,2250.0,39.0,2325.0,50.0,11.0,11.0,109.0,,,577.0,0,0,,,,,,DEP_FROM_ATL,BWI,1370.0,2026-04-25 22:50:00,2026-04-26 02:50:00,2026-04-26 04:39:00,2026-04-26 02:48:00,21.0,17.0,77.93,190.0,9.0,29.83,0.001,10.0,,-RA,True,False,False,2.0,2026-04-26 04:54:00,7.78,6.11,89.19,30.0,11.0,29.95,0.001,9.0,18.0,M,True,False,False,15.0
2026-04-25,2026,4,25,6,AF,,2893,ATL,BWI,2250.0,39.0,2325.0,50.0,11.0,11.0,109.0,,,577.0,0,0,,,,,,DEP_FROM_ATL,BWI,1370.0,2026-04-25 22:50:00,2026-04-26 02:50:00,2026-04-26 04:39:00,2026-04-26 02:48:00,21.0,17.0,77.93,190.0,9.0,29.83,0.001,10.0,,-RA,True,False,False,2.0,2026-04-26 04:54:00,7.78,6.11,89.19,30.0,11.0,29.95,0.001,9.0,18.0,M,True,False,False,15.0
2026-04-25,2026,4,25,6,KL,,5165,ATL,BWI,2250.0,39.0,2325.0,50.0,11.0,11.0,109.0,,,577.0,0,0,,,,,,DEP_FROM_ATL,BWI,1370.0,2026-04-25 22:50:00,2026-04-26 02:50:00,2026-04-26 04:39:00,2026-04-26 02:48:00,21.0,17.0,77.93,190.0,9.0,29.83,0.001,10.0,,-RA,True,False,False,2.0,2026-04-26 04:54:00,7.78,6.11,89.19,30.0,11.0,29.95,0.001,9.0,18.0,M,True,False,False,15.0
2026-04-25,2026,4,25,6,KE,,3670,ATL,BWI,2250.0,39.0,2325.0,50.0,11.0,11.0,109.0,,,577.0,0,0,,,,,,DEP_FROM_ATL,BWI,1370.0,2026-04-25 22:50:00,2026-04-26 02:50:00,2026-04-26 04:39:00,2026-04-26 02:48:00,21.0,17.0,77.93,190.0,9.0,29.83,0.001,10.0,,-RA,True,False,False,2.0,2026-04-26 04:54:00,7.78,6.11,89.19,30.0,11.0,29.95,0.001,9.0,18.0,M,True,False,False,15.0
2026-04-25,2026,4,25,6,DL,,2590,ATL,BWI,2250.0,39.0,2325.0,50.0,11.0,11.0,109.0,,,577.0,0,0,,,,,,DEP_FROM_ATL,BWI,1370.0,2026-04-25 22:50:00,2026-04-26 02:50:00,2026-04-26 04:39:00,2026-04-26 02:48:00,21.0,17.0,77.93,190.0,9.0,29.83,0.001,10.0,,-RA,True,False,False,2.0,2026-04-26 04:54:00,7.78,6.11,89.19,30.0,11.0,29.95,0.001,9.0,18.0,M,True,False,False,15.0
2026-04-25,2026,4,25,6,AM,,3465,ATL,BWI,2250.0,39.0,2325.0,50.0,11.0,11.0,109.0,,,577.0,0,0,,,,,,DEP_FROM_ATL,BWI,1370.0,2026-04-25 22:50:00,2026-04-26 02:50:00,2026-04-26 04:39:00,2026-04-26 02:48:00,21.0,17.0,77.93,190.0,9.0,29.83,0.001,10.0,,-RA,True,False,False,2.0,2026-04-26 04:54:00,7.78,6.11,89.19,30.0,11.0,29.95,0.001,9.0,18.0,M,True,False,False,15.0
2026-04-25,2026,4,25,6,F9,,4712,ATL,BWI,2245.0,44.0,2346.0,108.0,24.0,24.0,119.0,,,577.0,0,0,,,,,,DEP_FROM_ATL,BWI,1365.0,2026-04-25 22:45:00,2026-04-26 02:45:00,2026-04-26 04:44:00,2026-04-26 02:48:00,21.0,17.0,77.93,190.0,9.0,29.83,0.001,10.0,,-RA,True,False,False,3.0,2026-04-26 04:54:00,7.78,6.11,89.19,30.0,11.0,29.95,0.001,9.0,18.0,M,True,False,False,10.0
2026-04-26,2026,4,26,7,F9,,2510,ATL,BWI,605.0,802.0,624.0,754.0,,,117.0,,,577.0,0,0,,,,,,DEP_FROM_ATL,BWI,365.0,2026-04-26 06:05:00,2026-04-26 10:05:00,2026-04-26 12:02:00,2026-04-26 09:52:00,17.22,15.56,89.94,310.0,5.0,29.86,0.001,0.25,,-DZ BR,True,True,False,13.0,2026-04-26 11:54:00,7.22,5.0,85.77,10.0,7.0,30.05,0.0,10.0,,M,False,False,False,8.0
2026-04-26,2026,4,26,7,WN,,207,ATL,BWI,745.0,935.0,808.0,938.0,3.0,3.0,110.0,,,577.0,0,0,,,,,,DEP_FROM_ATL,BWI,465.0,2026-04-26 07:45:00,2026-04-26 11:45:00,2026-04-26 13:35:00,2026-04-26 11:52:00,17.22,16.11,93.19,360.0,6.0,29.89,0.0,0.25,,FG,False,True,False,7.0,2026-04-26 13:54:00,8.33,5.0,79.51,10.0,9.0,30.09,0.001,10.0,,M,True,False,False,19.0
2026-04-26,2026,4,26,7,LA,,8473,ATL,BWI,750.0,936.0,804.0,934.0,,,106.0,,,577.0,0,0,,,,,,DEP_FROM_ATL,BWI,470.0,2026-04-26 07:50:00,2026-04-26 11:50:00,2026-04-26 13:36:00,2026-04-26 11:52:00,17.22,16.11,93.19,360.0,6.0,29.89,0.0,0.25,,FG,False,True,False,2.0,2026-04-26 13:54:00,8.33,5.0,79.51,10.0,9.0,30.09,0.001,10.0,,M,True,False,False,18.0
2026-04-26,2026,4,26,7,DL,,1592,ATL,BWI,750.0,936.0,804.0,934.0,,,106.0,,,577.0,0,0,,,,,,DEP_FROM_ATL,BWI,470.0,2026-04-26 07:50:00,2026-04-26 11:50:00,2026-04-26 13:36:00,2026-04-26 11:52:00,17.22,16.11,93.19,360.0,6.0,29.89,0.0,0.25,,FG,False,True,False,2.0,2026-04-26 13:54:00,8.33,5.0,79.51,10.0,9.0,30.09,0.001,10.0,,M,True,False,False,18.0
2026-04-26,2026,4,26,7,WS,,7000,ATL,BWI,856.0,1046.0,909.0,1035.0,,,110.0,,,577.0,0,0,,,,,,DEP_FROM_ATL,BWI,536.0,2026-04-26 08:56:00,2026-04-26 12:56:00,2026-04-26 14:46:00,2026-04-26 12:52:00,19.44,17.22,87.0,50.0,4.0,29.9,0.0,10.0,,M,False,False,False,4.0,2026-04-26 14:54:00,8.33,5.0,79.51,,6.0,30.11,0.0,10.0,,M,False,False,False,8.0
2026-04-26,2026,4,26,7,LA,,6302,ATL,BWI,856.0,1046.0,909.0,1035.0,,,110.0,,,577.0,0,0,,,,,,DEP_FROM_ATL,BWI,536.0,2026-04-26 08:56:00,2026-04-26 12:56:00,2026-04-26 14:46:00,2026-04-26 12:52:00,19.44,17.22,87.0,50.0,4.0,29.9,0.0,10.0,,M,False,False,False,4.0,2026-04-26 14:54:00,8.33,5.0,79.51,,6.0,30.11,0.0,10.0,,M,False,False,False,8.0
2026-04-26,2026,4,26,7,DL,,801,ATL,BWI,856.0,1046.0,909.0,1035.0,,,110.0,,,577.0,0,0,,,,,,DEP_FROM_ATL,BWI,536.0,2026-04-26 08:56:00,2026-04-26 12:56:00,2026-04-26 14:46:00,2026-04-26 12:52:00,19.44,17.22,87.0,50.0,4.0,29.9,0.0,10.0,,M,False,False,False,4.0,2026-04-26 14:54:00,8.33,5.0,79.51,,6.0,30.11,0.0,10.0,,M,False,False,False,8.0
2026-04-26,2026,4,26,7,WN,,392,ATL,BWI,1000.0,1155.0,1050.0,1214.0,19.0,19.0,115.0,,,577.0,0,0,,,,,,DEP_FROM_ATL,BWI,600.0,2026-04-26 10:00:00,2026-04-26 14:00:00,2026-04-26 15:55:00,2026-04-26 13:52:00,20.0,17.22,84.05,300.0,4.0,29.91,0.0,9.0,,M,False,False,False,8.0,2026-04-26 15:54:00,9.44,5.0,73.76,360.0,9.0,30.11,0.0,10.0,,M,False,False,False,1.0
2026-04-26,2026,4,26,7,KE,,7183,ATL,BWI,1125.0,1313.0,1218.0,1342.0,29.0,29.0,108.0,,,577.0,0,0,,,,,,DEP_FROM_ATL,BWI,685.0,2026-04-26 11:25:00,2026-04-26 15:25:00,2026-04-26 17:13:00,2026-04-26 15:14:00,22.22,17.22,73.34,290.0,5.0,29.93,0.0,10.0,,M,False,False,False,11.0,2026-04-26 16:54:00,10.56,5.56,71.17,30.0,9.0,30.11,0.0,10.0,,M,False,False,False,19.0
2026-04-26,2026,4,26,7,DL,,2711,ATL,BWI,1125.0,1313.0,1218.0,1342.0,29.0,29.0,108.0,,,577.0,0,0,,,,,,DEP_FROM_ATL,BWI,685.0,2026-04-26 11:25:00,2026-04-26 15:25:00,2026-04-26 17:13:00,2026-04-26 15:14:00,22.22,17.22,73.34,290.0,5.0,29.93,0.0,10.0,,M,False,False,False,11.0,2026-04-26 16:54:00,10.56,5.56,71.17,30.0,9.0,30.11,0.0,10.0,,M,False,False,False,19.0
2026-04-26,2026,4,26,7,LA,,7169,ATL,BWI,1125.0,1313.0,1218.0,1342.0,29.0,29.0,108.0,,,577.0,0,0,,,,,,DEP_FROM_ATL,BWI,685.0,2026-04-26 11:25:00,2026-04-26 15:25:00,2026-04-26 17:13:00,2026-04-26 15:14:00,22.22,17.22,73.34,290.0,5.0,29.93,0.0,10.0,,M,False,False,False,11.0,2026-04-26 16:54:00,10.56,5.56,71.17,30.0,9.0,30.11,0.0,10.0,,M,False,False,False,19.0
2026-04-26,2026,4,26,7,WN,N445WN,2560,ATL,BWI,1420.0,1610.0,,,,,110.0,,,577.0,0,0,,,,,,DEP_FROM_ATL,BWI,860.0,2026-04-26 14:20:00,2026-04-26 18:20:00,2026-04-26 20:10:00,2026-04-26 17:52:00,26.67,15.0,48.8,280.0,8.0,29.92,0.0,10.0,,M,False,False,False,28.0,2026-04-26 19:54:00,13.33,6.11,61.59,10.0,9.0,30.1,0.0,10.0,16.0,M,False,False,False,16.0
2026-04-26,2026,4,26,7,DL,N857DZ,1267,ATL,BWI,1443.0,1628.0,1446.0,,,,105.0,,,577.0,0,0,,,,,,DEP_FROM_ATL,BWI,883.0,2026-04-26 14:43:00,2026-04-26 18:43:00,2026-04-26 20:28:00,2026-04-26 18:52:00,26.67,13.89,45.42,300.0,8.0,29.91,0.0,10.0,14.0,M,False,False,False,9.0,2026-04-26 19:54:00,13.33,6.11,61.59,10.0,9.0,30.1,0.0,10.0,16.0,M,False,False,False,34.0
2026-04-26,2026,4,26,7,AM,,3059,ATL,BWI,1443.0,1628.0,1446.0,,,,105.0,,,577.0,0,0,,,,,,DEP_FROM_ATL,BWI,883.0,2026-04-26 14:43:00,2026-04-26 18:43:00,2026-04-26 20:28:00,2026-04-26 18:52:00,26.67,13.89,45.42,300.0,8.0,29.91,0.0,10.0,14.0,M,False,False,False,9.0,2026-04-26 19:54:00,13.33,6.11,61.59,10.0,9.0,30.1,0.0,10.0,16.0,M,False,False,False,34.0
2026-04-26,2026,4,26,7,WS,,5445,ATL,BWI,1443.0,1628.0,1446.0,,,,105.0,,,577.0,0,0,,,,,,DEP_FROM_ATL,BWI,883.0,2026-04-26 14:43:00,2026-04-26 18:43:00,2026-04-26 20:28:00,2026-04-26 18:52:00,26.67,13.89,45.42,300.0,8.0,29.91,0.0,10.0,14.0,M,False,False,False,9.0,2026-04-26 19:54:00,13.33,6.11,61.59,10.0,9.0,30.1,0.0,10.0,16.0,M,False,False,False,34.0
2026-04-26,2026,4,26,7,KL,,6967,ATL,BWI,1443.0,1628.0,1446.0,,,,105.0,,,577.0,0,0,,,,,,DEP_FROM_ATL,BWI,883.0,2026-04-26 14:43:00,2026-04-26 18:43:00,2026-04-26 20:28:00,2026-04-26 18:52:00,26.67,13.89,45.42,300.0,8.0,29.91,0.0,10.0,14.0,M,False,False,False,9.0,2026-04-26 19:54:00,13.33,6.11,61.59,10.0,9.0,30.1,0.0,10.0,16.0,M,False,False,False,34.0
2026-04-26,2026,4,26,7,VS,,2527,ATL,BWI,1443.0,1628.0,1446.0,,,,105.0,,,577.0,0,0,,,,,,DEP_FROM_ATL,BWI,883.0,2026-04-26 14:43:00,2026-04-26 18:43:00,2026-04-26 20:28:00,2026-04-26 18:52:00,26.67,13.89,45.42,300.0,8.0,29.91,0.0,10.0,14.0,M,False,False,False,9.0,2026-04-26 19:54:00,13.33,6.11,61.59,10.0,9.0,30.1,0.0,10.0,16.0,M,False,False,False,34.0
2026-04-26,2026,4,26,7,AF,,5990,ATL,BWI,1443.0,1628.0,1446.0,,,,105.0,,,577.0,0,0,,,,,,DEP_FROM_ATL,BWI,883.0,2026-04-26 14:43:00,2026-04-26 18:43:00,2026-04-26 20:28:00,2026-04-26 18:52:00,26.67,13.89,45.42,300.0,8.0,29.91,0.0,10.0,14.0,M,False,False,False,9.0,2026-04-26 19:54:00,13.33,6.11,61.59,10.0,9.0,30.1,0.0,10.0,16.0,M,False,False,False,34.0
2026-04-26,2026,4,26,7,WS,,5412,ATL,BWI,1443.0,1628.0,,,,,105.0,,,577.0,0,0,,,,,,DEP_FROM_ATL,BWI,883.0,2026-04-26 14:43:00,2026-04-26 18:43:00,2026-04-26 20:28:00,2026-04-26 18:52:00,26.67,13.89,45.42,300.0,8.0,29.91,0.0,10.0,14.0,M,False,False,False,9.0,2026-04-26 19:54:00,13.33,6.11,61.59,10.0,9.0,30.1,0.0,10.0,16.0,M,False,False,False,34.0
2026-04-26,2026,4,26,7,KE,,6851,ATL,BWI,1443.0,1628.0,1446.0,,,,105.0,,,577.0,0,0,,,,,,DEP_FROM_ATL,BWI,883.0,2026-04-26 14:43:00,2026-04-26 18:43:00,2026-04-26 20:28:00,2026-04-26 18:52:00,26.67,13.89,45.42,300.0,8.0,29.91,0.0,10.0,14.0,M,False,False,False,9.0,2026-04-26 19:54:00,13.33,6.11,61.59,10.0,9.0,30.1,0.0,10.0,16.0,M,False,False,False,34.0
2026-04-26,2026,4,26,7,F9,N616FR,1080,ATL,BWI,1530.0,1729.0,1554.0,,,,119.0,,,577.0,0,0,,,,,,DEP_FROM_ATL,BWI,930.0,2026-04-26 15:30:00,2026-04-26 19:30:00,2026-04-26 21:29:00,2026-04-26 19:52:00,27.78,13.89,42.56,320.0,9.0,29.89,0.0,10.0,,M,False,False,False,22.0,,,,,,,,,,,,,,,
2026-04-26,2026,4,26,7,LA,,5457,ATL,BWI,1628.0,1814.0,,,,,106.0,,,577.0,0,0,,,,,,DEP_FROM_ATL,BWI,988.0,2026-04-26 16:28:00,2026-04-26 20:28:00,2026-04-26 22:14:00,2026-04-26 19:52:00,27.78,13.89,42.56,320.0,9.0,29.89,0.0,10.0,,M,False,False,False,36.0,,,,,,,,,,,,,,,
2026-04-26,2026,4,26,7,AF,,5892,ATL,BWI,1628.0,1814.0,,,,,106.0,,,577.0,0,0,,,,,,DEP_FROM_ATL,BWI,988.0,2026-04-26 16:28:00,2026-04-26 20:28:00,2026-04-26 22:14:00,2026-04-26 19:52:00,27.78,13.89,42.56,320.0,9.0,29.89,0.0,10.0,,M,False,False,False,36.0,,,,,,,,,,,,,,,
2026-04-26,2026,4,26,7,KL,,5662,ATL,BWI,1628.0,1814.0,,,,,106.0,,,577.0,0,0,,,,,,DEP_FROM_ATL,BWI,988.0,2026-04-26 16:28:00,2026-04-26 20:28:00,2026-04-26 22:14:00,2026-04-26 19:52:00,27.78,13.89,42.56,320.0,9.0,29.89,0.0,10.0,,M,False,False,False,36.0,,,,,,,,,,,,,,,
2026-04-26,2026,4,26,7,KE,,3928,ATL,BWI,1628.0,1814.0,,,,,106.0,,,577.0,0,0,,,,,,DEP_FROM_ATL,BWI,988.0,2026-04-26 16:28:00,2026-04-26 20:28:00,2026-04-26 22:14:00,2026-04-26 19:52:00,27.78,13.89,42.56,320.0,9.0,29.89,0.0,10.0,,M,False,False,False,36.0,,,,,,,,,,,,,,,
2026-04-26,2026,4,26,7,DL,,2799,ATL,BWI,1628.0,1814.0,,,,,106.0,,,577.0,0,0,,,,,,DEP_FROM_ATL,BWI,988.0,2026-04-26 16:28:00,2026-04-26 20:28:00,2026-04-26 22:14:00,2026-04-26 19:52:00,27.78,13.89,42.56,320.0,9.0,29.89,0.0,10.0,,M,False,False,False,36.0,,,,,,,,,,,,,,,
2026-04-26,2026,4,26,7,AM,,4181,ATL,BWI,1628.0,1814.0,,,,,106.0,,,577.0,0,0,,,,,,DEP_FROM_ATL,BWI,988.0,2026-04-26 16:28:00,2026-04-26 20:28:00,2026-04-26 22:14:00,2026-04-26 19:52:00,27.78,13.89,42.56,320.0,9.0,29.89,0.0,10.0,,M,False,False,False,36.0,,,,,,,,,,,,,,,
2026-04-26,2026,4,26,7,VS,,2526,ATL,BWI,1628.0,1814.0,,,,,106.0,,,577.0,0,0,,,,,,DEP_FROM_ATL,BWI,988.0,2026-04-26 16:28:00,2026-04-26 20:28:00,2026-04-26 22:14:00,2026-04-26 19:52:00,27.78,13.89,42.56,320.0,9.0,29.89,0.0,10.0,,M,False,False,False,36.0,,,,,,,,,,,,,,,
2026-04-26,2026,4,26,7,WN,,3331,ATL,BWI,1645.0,1840.0,,,,,115.0,,,577.0,0,0,,,,,,DEP_FROM_ATL,BWI,1005.0,2026-04-26 16:45:00,2026-04-26 20:45:00,2026-04-26 22:40:00,2026-04-26 19:52:00,27.78,13.89,42.56,320.0,9.0,29.89,0.0,10.0,,M,False,False,False,53.0,,,,,,,,,,,,,,,
2026-04-26,2026,4,26,7,8C,,3354,ATL,BWI,1650.0,1841.0,,,,,111.0,,,577.0,0,0,,,,,,DEP_FROM_ATL,BWI,1010.0,2026-04-26 16:50:00,2026-04-26 20:50:00,2026-04-26 22:41:00,2026-04-26 19:52:00,27.78,13.89,42.56,320.0,9.0,29.89,0.0,10.0,,M,False,False,False,58.0,,,,,,,,,,,,,,,
2026-04-26,2026,4,26,7,DL,,2928,ATL,BWI,1831.0,2017.0,,,,,106.0,,,577.0,0,0,,,,,,DEP_FROM_ATL,BWI,1111.0,2026-04-26 18:31:00,2026-04-26 22:31:00,2026-04-27 00:17:00,,,,,,,,,,,,,,,,,,,,,,,,,,,,,,
2026-04-26,2026,4,26,7,WN,,4144,ATL,BWI,1825.0,2020.0,,,,,115.0,,,577.0,0,0,,,,,,DEP_FROM_ATL,BWI,1105.0,2026-04-26 18:25:00,2026-04-26 22:25:00,2026-04-27 00:20:00,,,,,,,,,,,,,,,,,,,,,,,,,,,,,,
2026-04-26,2026,4,26,7,DL,,1257,ATL,BWI,2043.0,2230.0,,,,,107.0,,,577.0,0,0,,,,,,DEP_FROM_ATL,BWI,1243.0,2026-04-26 20:43:00,2026-04-27 00:43:00,2026-04-27 02:30:00,,,,,,,,,,,,,,,,,,,,,,,,,,,,,,
2026-04-25,2026,4,25,6,DL,,926,ATL,DCA,725.0,909.0,730.0,853.0,,,104.0,,,547.0,0,0,,,,,,DEP_FROM_ATL,DCA,445.0,2026-04-25 07:25:00,2026-04-25 11:25:00,2026-04-25 13:09:00,2026-04-25 11:52:00,19.44,13.89,70.27,220.0,3.0,29.85,0.0,10.0,,M,False,False,False,27.0,2026-04-25 12:52:00,13.89,10.56,80.31,80.0,7.0,29.89,0.0,10.0,,M,False,False,False,17.0
2026-04-25,2026,4,25,6,WN,,2794,ATL,DCA,815.0,1000.0,823.0,949.0,,,105.0,,,547.0,0,0,,,,,,DEP_FROM_ATL,DCA,495.0,2026-04-25 08:15:00,2026-04-25 12:15:00,2026-04-25 14:00:00,2026-04-25 11:52:00,19.44,13.89,70.27,220.0,3.0,29.85,0.0,10.0,,M,False,False,False,23.0,2026-04-25 13:52:00,14.44,10.56,77.47,100.0,7.0,29.88,0.0,10.0,,M,False,False,False,8.0
2026-04-25,2026,4,25,6,AA,,5541,ATL,DCA,841.0,1043.0,851.0,1015.0,,,122.0,,,547.0,0,0,,,,,,DEP_FROM_ATL,DCA,521.0,2026-04-25 08:41:00,2026-04-25 12:41:00,2026-04-25 14:43:00,2026-04-25 12:52:00,19.44,14.44,72.85,220.0,6.0,29.86,0.0,10.0,,M,False,False,False,11.0,2026-04-25 14:52:00,15.0,10.0,72.02,90.0,10.0,29.88,0.0,10.0,,M,False,False,False,9.0
2026-04-25,2026,4,25,6,WS,,7778,ATL,DCA,944.0,1129.0,949.0,1111.0,,,105.0,,,547.0,0,0,,,,,,DEP_FROM_ATL,DCA,584.0,2026-04-25 09:44:00,2026-04-25 13:44:00,2026-04-25 15:29:00,2026-04-25 13:52:00,20.56,15.0,70.49,210.0,7.0,29.85,0.0,10.0,,M,False,False,False,8.0,2026-04-25 15:52:00,16.11,10.0,67.08,100.0,11.0,29.88,0.0,10.0,,M,False,False,False,23.0
2026-04-25,2026,4,25,6,DL,,380,ATL,DCA,944.0,1129.0,949.0,1111.0,,,105.0,,,547.0,0,0,,,,,,DEP_FROM_ATL,DCA,584.0,2026-04-25 09:44:00,2026-04-25 13:44:00,2026-04-25 15:29:00,2026-04-25 13:52:00,20.56,15.0,70.49,210.0,7.0,29.85,0.0,10.0,,M,False,False,False,8.0,2026-04-25 15:52:00,16.11,10.0,67.08,100.0,11.0,29.88,0.0,10.0,,M,False,False,False,23.0
2026-04-25,2026,4,25,6,LA,,8943,ATL,DCA,944.0,1129.0,949.0,1111.0,,,105.0,,,547.0,0,0,,,,,,DEP_FROM_ATL,DCA,584.0,2026-04-25 09:44:00,2026-04-25 13:44:00,2026-04-25 15:29:00,2026-04-25 13:52:00,20.56,15.0,70.49,210.0,7.0,29.85,0.0,10.0,,M,False,False,False,8.0,2026-04-25 15:52:00,16.11,10.0,67.08,100.0,11.0,29.88,0.0,10.0,,M,False,False,False,23.0
2026-04-25,2026,4,25,6,AA,,5051,ATL,DCA,959.0,1200.0,1002.0,1133.0,,,121.0,,,547.0,0,0,,,,,,DEP_FROM_ATL,DCA,599.0,2026-04-25 09:59:00,2026-04-25 13:59:00,2026-04-25 16:00:00,2026-04-25 13:52:00,20.56,15.0,70.49,210.0,7.0,29.85,0.0,10.0,,M,False,False,False,7.0,2026-04-25 15:52:00,16.11,10.0,67.08,100.0,11.0,29.88,0.0,10.0,,M,False,False,False,8.0
2026-04-25,2026,4,25,6,DL,,737,ATL,DCA,1100.0,1240.0,1110.0,1234.0,,,100.0,,,547.0,0,0,,,,,,DEP_FROM_ATL,DCA,660.0,2026-04-25 11:00:00,2026-04-25 15:00:00,2026-04-25 16:40:00,2026-04-25 14:52:00,21.67,15.0,65.84,270.0,11.0,29.85,0.0,10.0,,M,False,False,False,8.0,2026-04-25 16:52:00,16.67,9.44,62.38,90.0,9.0,29.87,0.0,10.0,,M,False,False,False,12.0
2026-04-25,2026,4,25,6,KE,,3700,ATL,DCA,1100.0,1240.0,1110.0,1234.0,,,100.0,,,547.0,0,0,,,,,,DEP_FROM_ATL,DCA,660.0,2026-04-25 11:00:00,2026-04-25 15:00:00,2026-04-25 16:40:00,2026-04-25 14:52:00,21.67,15.0,65.84,270.0,11.0,29.85,0.0,10.0,,M,False,False,False,8.0,2026-04-25 16:52:00,16.67,9.44,62.38,90.0,9.0,29.87,0.0,10.0,,M,False,False,False,12.0
2026-04-25,2026,4,25,6,DL,,360,ATL,DCA,1318.0,1459.0,1323.0,1443.0,,,101.0,,,547.0,0,0,,,,,,DEP_FROM_ATL,DCA,798.0,2026-04-25 13:18:00,2026-04-25 17:18:00,2026-04-25 18:59:00,2026-04-25 17:12:00,20.0,16.11,78.33,280.0,10.0,29.88,0.001,9.0,,-RA,True,False,False,6.0,2026-04-25 18:52:00,17.22,10.0,62.51,90.0,12.0,29.86,0.0,10.0,,M,False,False,False,7.0
2026-04-25,2026,4,25,6,KE,,6877,ATL,DCA,1318.0,1459.0,1323.0,1443.0,,,101.0,,,547.0,0,0,,,,,,DEP_FROM_ATL,DCA,798.0,2026-04-25 13:18:00,2026-04-25 17:18:00,2026-04-25 18:59:00,2026-04-25 17:12:00,20.0,16.11,78.33,280.0,10.0,29.88,0.001,9.0,,-RA,True,False,False,6.0,2026-04-25 18:52:00,17.22,10.0,62.51,90.0,12.0,29.86,0.0,10.0,,M,False,False,False,7.0
2026-04-25,2026,4,25,6,AS,,6465,ATL,DCA,1315.0,1514.0,1330.0,1452.0,,,119.0,,,547.0,0,0,,,,,,DEP_FROM_ATL,DCA,795.0,2026-04-25 13:15:00,2026-04-25 17:15:00,2026-04-25 19:14:00,2026-04-25 17:12:00,20.0,16.11,78.33,280.0,10.0,29.88,0.001,9.0,,-RA,True,False,False,3.0,2026-04-25 18:52:00,17.22,10.0,62.51,90.0,12.0,29.86,0.0,10.0,,M,False,False,False,22.0
2026-04-25,2026,4,25,6,AA,,4420,ATL,DCA,1315.0,1514.0,1330.0,1452.0,,,119.0,,,547.0,0,0,,,,,,DEP_FROM_ATL,DCA,795.0,2026-04-25 13:15:00,2026-04-25 17:15:00,2026-04-25 19:14:00,2026-04-25 17:12:00,20.0,16.11,78.33,280.0,10.0,29.88,0.001,9.0,,-RA,True,False,False,3.0,2026-04-25 18:52:00,17.22,10.0,62.51,90.0,12.0,29.86,0.0,10.0,,M,False,False,False,22.0
2026-04-25,2026,4,25,6,VS,,4444,ATL,DCA,1527.0,1710.0,1533.0,1657.0,,,103.0,,,547.0,0,0,,,,,,DEP_FROM_ATL,DCA,927.0,2026-04-25 15:27:00,2026-04-25 19:27:00,2026-04-25 21:10:00,2026-04-25 19:52:00,22.78,16.11,66.08,220.0,4.0,29.83,0.0,10.0,,M,False,False,False,25.0,2026-04-25 20:52:00,14.44,8.89,69.28,70.0,13.0,29.87,0.0,10.0,,M,False,False,False,18.0
2026-04-25,2026,4,25,6,KL,,5213,ATL,DCA,1527.0,1710.0,1533.0,1657.0,,,103.0,,,547.0,0,0,,,,,,DEP_FROM_ATL,DCA,927.0,2026-04-25 15:27:00,2026-04-25 19:27:00,2026-04-25 21:10:00,2026-04-25 19:52:00,22.78,16.11,66.08,220.0,4.0,29.83,0.0,10.0,,M,False,False,False,25.0,2026-04-25 20:52:00,14.44,8.89,69.28,70.0,13.0,29.87,0.0,10.0,,M,False,False,False,18.0
2026-04-25,2026,4,25,6,AF,,2913,ATL,DCA,1527.0,1710.0,1533.0,1657.0,,,103.0,,,547.0,0,0,,,,,,DEP_FROM_ATL,DCA,927.0,2026-04-25 15:27:00,2026-04-25 19:27:00,2026-04-25 21:10:00,2026-04-25 19:52:00,22.78,16.11,66.08,220.0,4.0,29.83,0.0,10.0,,M,False,False,False,25.0,2026-04-25 20:52:00,14.44,8.89,69.28,70.0,13.0,29.87,0.0,10.0,,M,False,False,False,18.0
2026-04-25,2026,4,25,6,KE,,7146,ATL,DCA,1527.0,1710.0,1533.0,1657.0,,,103.0,,,547.0,0,0,,,,,,DEP_FROM_ATL,DCA,927.0,2026-04-25 15:27:00,2026-04-25 19:27:00,2026-04-25 21:10:00,2026-04-25 19:52:00,22.78,16.11,66.08,220.0,4.0,29.83,0.0,10.0,,M,False,False,False,25.0,2026-04-25 20:52:00,14.44,8.89,69.28,70.0,13.0,29.87,0.0,10.0,,M,False,False,False,18.0
2026-04-25,2026,4,25,6,AM,,3295,ATL,DCA,1527.0,1710.0,1533.0,1657.0,,,103.0,,,547.0,0,0,,,,,,DEP_FROM_ATL,DCA,927.0,2026-04-25 15:27:00,2026-04-25 19:27:00,2026-04-25 21:10:00,2026-04-25 19:52:00,22.78,16.11,66.08,220.0,4.0,29.83,0.0,10.0,,M,False,False,False,25.0,2026-04-25 20:52:00,14.44,8.89,69.28,70.0,13.0,29.87,0.0,10.0,,M,False,False,False,18.0
2026-04-25,2026,4,25,6,DL,,850,ATL,DCA,1527.0,1710.0,1533.0,1657.0,,,103.0,,,547.0,0,0,,,,,,DEP_FROM_ATL,DCA,927.0,2026-04-25 15:27:00,2026-04-25 19:27:00,2026-04-25 21:10:00,2026-04-25 19:52:00,22.78,16.11,66.08,220.0,4.0,29.83,0.0,10.0,,M,False,False,False,25.0,2026-04-25 20:52:00,14.44,8.89,69.28,70.0,13.0,29.87,0.0,10.0,,M,False,False,False,18.0
2026-04-25,2026,4,25,6,WN,,232,ATL,DCA,1555.0,1745.0,1602.0,1722.0,,,110.0,,,547.0,0,0,,,,,,DEP_FROM_ATL,DCA,955.0,2026-04-25 15:55:00,2026-04-25 19:55:00,2026-04-25 21:45:00,2026-04-25 19:52:00,22.78,16.11,66.08,220.0,4.0,29.83,0.0,10.0,,M,False,False,False,3.0,2026-04-25 21:52:00,12.78,8.89,77.21,80.0,12.0,29.88,0.001,9.0,,-RA,True,False,False,7.0
2026-04-25,2026,4,25,6,AM,,3095,ATL,DCA,1653.0,1836.0,1737.0,1857.0,21.0,21.0,103.0,,,547.0,0,0,,,,,,DEP_FROM_ATL,DCA,1013.0,2026-04-25 16:53:00,2026-04-25 20:53:00,2026-04-25 22:36:00,2026-04-25 20:52:00,23.33,16.11,63.9,,4.0,29.81,0.0,10.0,,M,False,False,False,1.0,2026-04-25 22:24:00,11.67,9.44,86.23,90.0,12.0,29.87,1.27,4.0,,RA BR,True,False,False,12.0
2026-04-25,2026,4,25,6,WS,,6572,ATL,DCA,1653.0,1836.0,1737.0,1857.0,21.0,21.0,103.0,,,547.0,0,0,,,,,,DEP_FROM_ATL,DCA,1013.0,2026-04-25 16:53:00,2026-04-25 20:53:00,2026-04-25 22:36:00,2026-04-25 20:52:00,23.33,16.11,63.9,,4.0,29.81,0.0,10.0,,M,False,False,False,1.0,2026-04-25 22:24:00,11.67,9.44,86.23,90.0,12.0,29.87,1.27,4.0,,RA BR,True,False,False,12.0
2026-04-25,2026,4,25,6,LA,,5452,ATL,DCA,1653.0,1836.0,1737.0,1857.0,21.0,21.0,103.0,,,547.0,0,0,,,,,,DEP_FROM_ATL,DCA,1013.0,2026-04-25 16:53:00,2026-04-25 20:53:00,2026-04-25 22:36:00,2026-04-25 20:52:00,23.33,16.11,63.9,,4.0,29.81,0.0,10.0,,M,False,False,False,1.0,2026-04-25 22:24:00,11.67,9.44,86.23,90.0,12.0,29.87,1.27,4.0,,RA BR,True,False,False,12.0
2026-04-25,2026,4,25,6,AF,,5846,ATL,DCA,1653.0,1836.0,1737.0,1857.0,21.0,21.0,103.0,,,547.0,0,0,,,,,,DEP_FROM_ATL,DCA,1013.0,2026-04-25 16:53:00,2026-04-25 20:53:00,2026-04-25 22:36:00,2026-04-25 20:52:00,23.33,16.11,63.9,,4.0,29.81,0.0,10.0,,M,False,False,False,1.0,2026-04-25 22:24:00,11.67,9.44,86.23,90.0,12.0,29.87,1.27,4.0,,RA BR,True,False,False,12.0
2026-04-25,2026,4,25,6,VS,,3132,ATL,DCA,1653.0,1836.0,1737.0,1857.0,21.0,21.0,103.0,,,547.0,0,0,,,,,,DEP_FROM_ATL,DCA,1013.0,2026-04-25 16:53:00,2026-04-25 20:53:00,2026-04-25 22:36:00,2026-04-25 20:52:00,23.33,16.11,63.9,,4.0,29.81,0.0,10.0,,M,False,False,False,1.0,2026-04-25 22:24:00,11.67,9.44,86.23,90.0,12.0,29.87,1.27,4.0,,RA BR,True,False,False,12.0
2026-04-25,2026,4,25,6,DL,,950,ATL,DCA,1653.0,1836.0,1737.0,1857.0,21.0,21.0,103.0,,,547.0,0,0,,,,,,DEP_FROM_ATL,DCA,1013.0,2026-04-25 16:53:00,2026-04-25 20:53:00,2026-04-25 22:36:00,2026-04-25 20:52:00,23.33,16.11,63.9,,4.0,29.81,0.0,10.0,,M,False,False,False,1.0,2026-04-25 22:24:00,11.67,9.44,86.23,90.0,12.0,29.87,1.27,4.0,,RA BR,True,False,False,12.0
2026-04-25,2026,4,25,6,KL,,7187,ATL,DCA,1653.0,1836.0,1737.0,1857.0,21.0,21.0,103.0,,,547.0,0,0,,,,,,DEP_FROM_ATL,DCA,1013.0,2026-04-25 16:53:00,2026-04-25 20:53:00,2026-04-25 22:36:00,2026-04-25 20:52:00,23.33,16.11,63.9,,4.0,29.81,0.0,10.0,,M,False,False,False,1.0,2026-04-25 22:24:00,11.67,9.44,86.23,90.0,12.0,29.87,1.27,4.0,,RA BR,True,False,False,12.0
2026-04-25,2026,4,25,6,VS,,2574,ATL,DCA,1853.0,2033.0,1913.0,2032.0,,,100.0,,,547.0,0,0,,,,,,DEP_FROM_ATL,DCA,1133.0,2026-04-25 18:53:00,2026-04-25 22:53:00,2026-04-26 00:33:00,2026-04-25 22:52:00,23.33,16.11,63.9,250.0,4.0,29.8,0.0,10.0,,M,False,False,False,1.0,2026-04-26 00:44:00,10.56,8.33,86.12,50.0,7.0,29.91,0.0,10.0,,M,False,False,False,11.0
2026-04-25,2026,4,25,6,KL,,5211,ATL,DCA,1853.0,2033.0,1913.0,2032.0,,,100.0,,,547.0,0,0,,,,,,DEP_FROM_ATL,DCA,1133.0,2026-04-25 18:53:00,2026-04-25 22:53:00,2026-04-26 00:33:00,2026-04-25 22:52:00,23.33,16.11,63.9,250.0,4.0,29.8,0.0,10.0,,M,False,False,False,1.0,2026-04-26 00:44:00,10.56,8.33,86.12,50.0,7.0,29.91,0.0,10.0,,M,False,False,False,11.0
2026-04-25,2026,4,25,6,AF,,2928,ATL,DCA,1853.0,2033.0,1913.0,2032.0,,,100.0,,,547.0,0,0,,,,,,DEP_FROM_ATL,DCA,1133.0,2026-04-25 18:53:00,2026-04-25 22:53:00,2026-04-26 00:33:00,2026-04-25 22:52:00,23.33,16.11,63.9,250.0,4.0,29.8,0.0,10.0,,M,False,False,False,1.0,2026-04-26 00:44:00,10.56,8.33,86.12,50.0,7.0,29.91,0.0,10.0,,M,False,False,False,11.0
2026-04-25,2026,4,25,6,DL,,325,ATL,DCA,1853.0,2033.0,1913.0,2032.0,,,100.0,,,547.0,0,0,,,,,,DEP_FROM_ATL,DCA,1133.0,2026-04-25 18:53:00,2026-04-25 22:53:00,2026-04-26 00:33:00,2026-04-25 22:52:00,23.33,16.11,63.9,250.0,4.0,29.8,0.0,10.0,,M,False,False,False,1.0,2026-04-26 00:44:00,10.56,8.33,86.12,50.0,7.0,29.91,0.0,10.0,,M,False,False,False,11.0
2026-04-25,2026,4,25,6,AM,,3234,ATL,DCA,1853.0,2033.0,1913.0,2032.0,,,100.0,,,547.0,0,0,,,,,,DEP_FROM_ATL,DCA,1133.0,2026-04-25 18:53:00,2026-04-25 22:53:00,2026-04-26 00:33:00,2026-04-25 22:52:00,23.33,16.11,63.9,250.0,4.0,29.8,0.0,10.0,,M,False,False,False,1.0,2026-04-26 00:44:00,10.56,8.33,86.12,50.0,7.0,29.91,0.0,10.0,,M,False,False,False,11.0
2026-04-25,2026,4,25,6,KE,,5318,ATL,DCA,1853.0,2033.0,1913.0,2032.0,,,100.0,,,547.0,0,0,,,,,,DEP_FROM_ATL,DCA,1133.0,2026-04-25 18:53:00,2026-04-25 22:53:00,2026-04-26 00:33:00,2026-04-25 22:52:00,23.33,16.11,63.9,250.0,4.0,29.8,0.0,10.0,,M,False,False,False,1.0,2026-04-26 00:44:00,10.56,8.33,86.12,50.0,7.0,29.91,0.0,10.0,,M,False,False,False,11.0
2026-04-25,2026,4,25,6,DL,,727,ATL,DCA,1953.0,2137.0,2007.0,2128.0,,,104.0,,,547.0,0,0,,,,,,DEP_FROM_ATL,DCA,1193.0,2026-04-25 19:53:00,2026-04-25 23:53:00,2026-04-26 01:37:00,2026-04-25 23:52:00,22.78,15.0,61.54,230.0,5.0,29.82,0.0,10.0,,M,False,False,False,1.0,2026-04-26 01:52:00,10.56,8.89,89.42,40.0,10.0,29.93,0.0,10.0,,M,False,False,False,15.0
2026-04-25,2026,4,25,6,VS,,2576,ATL,DCA,1953.0,2137.0,2007.0,2128.0,,,104.0,,,547.0,0,0,,,,,,DEP_FROM_ATL,DCA,1193.0,2026-04-25 19:53:00,2026-04-25 23:53:00,2026-04-26 01:37:00,2026-04-25 23:52:00,22.78,15.0,61.54,230.0,5.0,29.82,0.0,10.0,,M,False,False,False,1.0,2026-04-26 01:52:00,10.56,8.89,89.42,40.0,10.0,29.93,0.0,10.0,,M,False,False,False,15.0
2026-04-25,2026,4,25,6,KL,,6484,ATL,DCA,1953.0,2137.0,2007.0,2128.0,,,104.0,,,547.0,0,0,,,,,,DEP_FROM_ATL,DCA,1193.0,2026-04-25 19:53:00,2026-04-25 23:53:00,2026-04-26 01:37:00,2026-04-25 23:52:00,22.78,15.0,61.54,230.0,5.0,29.82,0.0,10.0,,M,False,False,False,1.0,2026-04-26 01:52:00,10.56,8.89,89.42,40.0,10.0,29.93,0.0,10.0,,M,False,False,False,15.0
2026-04-25,2026,4,25,6,KE,,3959,ATL,DCA,1953.0,2137.0,2007.0,2128.0,,,104.0,,,547.0,0,0,,,,,,DEP_FROM_ATL,DCA,1193.0,2026-04-25 19:53:00,2026-04-25 23:53:00,2026-04-26 01:37:00,2026-04-25 23:52:00,22.78,15.0,61.54,230.0,5.0,29.82,0.0,10.0,,M,False,False,False,1.0,2026-04-26 01:52:00,10.56,8.89,89.42,40.0,10.0,29.93,0.0,10.0,,M,False,False,False,15.0
2026-04-25,2026,4,25,6,AM,,4316,ATL,DCA,1953.0,2137.0,2007.0,2128.0,,,104.0,,,547.0,0,0,,,,,,DEP_FROM_ATL,DCA,1193.0,2026-04-25 19:53:00,2026-04-25 23:53:00,2026-04-26 01:37:00,2026-04-25 23:52:00,22.78,15.0,61.54,230.0,5.0,29.82,0.0,10.0,,M,False,False,False,1.0,2026-04-26 01:52:00,10.56,8.89,89.42,40.0,10.0,29.93,0.0,10.0,,M,False,False,False,15.0
2026-04-25,2026,4,25,6,AF,,6865,ATL,DCA,2159.0,2341.0,2318.0,34.0,53.0,53.0,102.0,,,547.0,0,0,,,,,,DEP_FROM_ATL,DCA,1319.0,2026-04-25 21:59:00,2026-04-26 01:59:00,2026-04-26 03:41:00,2026-04-26 01:52:00,20.56,16.11,75.69,230.0,4.0,29.85,0.0,10.0,,M,False,False,False,7.0,2026-04-26 03:52:00,10.0,8.33,89.37,50.0,14.0,29.92,0.001,10.0,,M,True,False,False,11.0
2026-04-25,2026,4,25,6,AM,,3108,ATL,DCA,2159.0,2341.0,2318.0,34.0,53.0,53.0,102.0,,,547.0,0,0,,,,,,DEP_FROM_ATL,DCA,1319.0,2026-04-25 21:59:00,2026-04-26 01:59:00,2026-04-26 03:41:00,2026-04-26 01:52:00,20.56,16.11,75.69,230.0,4.0,29.85,0.0,10.0,,M,False,False,False,7.0,2026-04-26 03:52:00,10.0,8.33,89.37,50.0,14.0,29.92,0.001,10.0,,M,True,False,False,11.0
2026-04-25,2026,4,25,6,DL,,537,ATL,DCA,2159.0,2341.0,2318.0,34.0,53.0,53.0,102.0,,,547.0,0,0,,,,,,DEP_FROM_ATL,DCA,1319.0,2026-04-25 21:59:00,2026-04-26 01:59:00,2026-04-26 03:41:00,2026-04-26 01:52:00,20.56,16.11,75.69,230.0,4.0,29.85,0.0,10.0,,M,False,False,False,7.0,2026-04-26 03:52:00,10.0,8.33,89.37,50.0,14.0,29.92,0.001,10.0,,M,True,False,False,11.0
2026-04-25,2026,4,25,6,KE,,6875,ATL,DCA,2159.0,2341.0,2318.0,34.0,53.0,53.0,102.0,,,547.0,0,0,,,,,,DEP_FROM_ATL,DCA,1319.0,2026-04-25 21:59:00,2026-04-26 01:59:00,2026-04-26 03:41:00,2026-04-26 01:52:00,20.56,16.11,75.69,230.0,4.0,29.85,0.0,10.0,,M,False,False,False,7.0,2026-04-26 03:52:00,10.0,8.33,89.37,50.0,14.0,29.92,0.001,10.0,,M,True,False,False,11.0
2026-04-25,2026,4,25,6,KL,,7695,ATL,DCA,2159.0,2341.0,2318.0,34.0,53.0,53.0,102.0,,,547.0,0,0,,,,,,DEP_FROM_ATL,DCA,1319.0,2026-04-25 21:59:00,2026-04-26 01:59:00,2026-04-26 03:41:00,2026-04-26 01:52:00,20.56,16.11,75.69,230.0,4.0,29.85,0.0,10.0,,M,False,False,False,7.0,2026-04-26 03:52:00,10.0,8.33,89.37,50.0,14.0,29.92,0.001,10.0,,M,True,False,False,11.0
2026-04-25,2026,4,25,6,LA,,6178,ATL,DCA,2159.0,2341.0,2318.0,34.0,53.0,53.0,102.0,,,547.0,0,0,,,,,,DEP_FROM_ATL,DCA,1319.0,2026-04-25 21:59:00,2026-04-26 01:59:00,2026-04-26 03:41:00,2026-04-26 01:52:00,20.56,16.11,75.69,230.0,4.0,29.85,0.0,10.0,,M,False,False,False,7.0,2026-04-26 03:52:00,10.0,8.33,89.37,50.0,14.0,29.92,0.001,10.0,,M,True,False,False,11.0
2026-04-25,2026,4,25,6,VS,,2573,ATL,DCA,2159.0,2341.0,2318.0,34.0,53.0,53.0,102.0,,,547.0,0,0,,,,,,DEP_FROM_ATL,DCA,1319.0,2026-04-25 21:59:00,2026-04-26 01:59:00,2026-04-26 03:41:00,2026-04-26 01:52:00,20.56,16.11,75.69,230.0,4.0,29.85,0.0,10.0,,M,False,False,False,7.0,2026-04-26 03:52:00,10.0,8.33,89.37,50.0,14.0,29.92,0.001,10.0,,M,True,False,False,11.0
2026-04-26,2026,4,26,7,AA,,5050,ATL,DCA,600.0,759.0,605.0,724.0,,,119.0,,,547.0,0,0,,,,,,DEP_FROM_ATL,DCA,360.0,2026-04-26 06:00:00,2026-04-26 10:00:00,2026-04-26 11:59:00,2026-04-26 09:52:00,17.22,15.56,89.94,310.0,5.0,29.86,0.001,0.25,,-DZ BR,True,True,False,8.0,2026-04-26 11:59:00,8.33,5.0,79.51,30.0,12.0,30.06,0.0,10.0,,M,False,False,False,0.0
2026-04-26,2026,4,26,7,LA,,6123,ATL,DCA,725.0,909.0,744.0,905.0,,,104.0,,,547.0,0,0,,,,,,DEP_FROM_ATL,DCA,445.0,2026-04-26 07:25:00,2026-04-26 11:25:00,2026-04-26 13:09:00,2026-04-26 11:52:00,17.22,16.11,93.19,360.0,6.0,29.89,0.0,0.25,,FG,False,True,False,27.0,2026-04-26 12:52:00,8.89,5.0,76.58,360.0,10.0,30.08,0.0,10.0,,M,False,False,False,17.0
2026-04-26,2026,4,26,7,DL,,926,ATL,DCA,725.0,909.0,744.0,905.0,,,104.0,,,547.0,0,0,,,,,,DEP_FROM_ATL,DCA,445.0,2026-04-26 07:25:00,2026-04-26 11:25:00,2026-04-26 13:09:00,2026-04-26 11:52:00,17.22,16.11,93.19,360.0,6.0,29.89,0.0,0.25,,FG,False,True,False,27.0,2026-04-26 12:52:00,8.89,5.0,76.58,360.0,10.0,30.08,0.0,10.0,,M,False,False,False,17.0
2026-04-26,2026,4,26,7,WN,,225,ATL,DCA,830.0,1015.0,847.0,1006.0,,,105.0,,,547.0,0,0,,,,,,DEP_FROM_ATL,DCA,510.0,2026-04-26 08:30:00,2026-04-26 12:30:00,2026-04-26 14:15:00,2026-04-26 12:26:00,18.33,16.67,90.02,30.0,5.0,29.89,0.0,1.0,,BR,False,True,False,4.0,2026-04-26 13:52:00,10.0,5.56,73.86,20.0,11.0,30.09,0.0,10.0,,M,False,False,False,23.0
2026-04-26,2026,4,26,7,LA,,8943,ATL,DCA,940.0,1125.0,946.0,1107.0,,,105.0,,,547.0,0,0,,,,,,DEP_FROM_ATL,DCA,580.0,2026-04-26 09:40:00,2026-04-26 13:40:00,2026-04-26 15:25:00,2026-04-26 13:39:00,20.56,17.22,81.22,300.0,5.0,29.91,0.0,10.0,,M,False,False,False,1.0,2026-04-26 15:52:00,11.11,6.11,71.28,30.0,11.0,30.1,0.0,10.0,,M,False,False,False,27.0
2026-04-26,2026,4,26,7,DL,,380,ATL,DCA,940.0,1125.0,946.0,1107.0,,,105.0,,,547.0,0,0,,,,,,DEP_FROM_ATL,DCA,580.0,2026-04-26 09:40:00,2026-04-26 13:40:00,2026-04-26 15:25:00,2026-04-26 13:39:00,20.56,17.22,81.22,300.0,5.0,29.91,0.0,10.0,,M,False,False,False,1.0,2026-04-26 15:52:00,11.11,6.11,71.28,30.0,11.0,30.1,0.0,10.0,,M,False,False,False,27.0
2026-04-26,2026,4,26,7,WS,,7778,ATL,DCA,940.0,1125.0,946.0,1107.0,,,105.0,,,547.0,0,0,,,,,,DEP_FROM_ATL,DCA,580.0,2026-04-26 09:40:00,2026-04-26 13:40:00,2026-04-26 15:25:00,2026-04-26 13:39:00,20.56,17.22,81.22,300.0,5.0,29.91,0.0,10.0,,M,False,False,False,1.0,2026-04-26 15:52:00,11.11,6.11,71.28,30.0,11.0,30.1,0.0,10.0,,M,False,False,False,27.0
2026-04-26,2026,4,26,7,AA,,5051,ATL,DCA,1000.0,1201.0,1015.0,1136.0,,,121.0,,,547.0,0,0,,,,,,DEP_FROM_ATL,DCA,600.0,2026-04-26 10:00:00,2026-04-26 14:00:00,2026-04-26 16:01:00,2026-04-26 13:52:00,20.0,17.22,84.05,300.0,4.0,29.91,0.0,9.0,,M,False,False,False,8.0,2026-04-26 15:52:00,11.11,6.11,71.28,30.0,11.0,30.1,0.0,10.0,,M,False,False,False,9.0
2026-04-26,2026,4,26,7,KE,,5318,ATL,DCA,1100.0,1240.0,1138.0,1301.0,21.0,21.0,100.0,,,547.0,0,0,,,,,,DEP_FROM_ATL,DCA,660.0,2026-04-26 11:00:00,2026-04-26 15:00:00,2026-04-26 16:40:00,2026-04-26 14:52:00,22.22,17.22,73.34,,6.0,29.93,0.0,10.0,,M,False,False,False,8.0,2026-04-26 16:52:00,12.22,6.11,66.24,40.0,9.0,30.11,0.0,10.0,18.0,M,False,False,False,12.0
2026-04-26,2026,4,26,7,DL,,737,ATL,DCA,1100.0,1240.0,1138.0,1301.0,21.0,21.0,100.0,,,547.0,0,0,,,,,,DEP_FROM_ATL,DCA,660.0,2026-04-26 11:00:00,2026-04-26 15:00:00,2026-04-26 16:40:00,2026-04-26 14:52:00,22.22,17.22,73.34,,6.0,29.93,0.0,10.0,,M,False,False,False,8.0,2026-04-26 16:52:00,12.22,6.11,66.24,40.0,9.0,30.11,0.0,10.0,18.0,M,False,False,False,12.0
2026-04-26,2026,4,26,7,AA,,5577,ATL,DCA,1248.0,1448.0,1253.0,1416.0,,,120.0,,,547.0,0,0,,,,,,DEP_FROM_ATL,DCA,768.0,2026-04-26 12:48:00,2026-04-26 16:48:00,2026-04-26 18:48:00,2026-04-26 16:52:00,26.11,16.67,56.09,310.0,7.0,29.93,0.0,10.0,,M,False,False,False,4.0,2026-04-26 18:52:00,12.22,6.11,66.24,10.0,12.0,30.11,0.0,10.0,,M,False,False,False,4.0
2026-04-26,2026,4,26,7,AS,,6494,ATL,DCA,1248.0,1448.0,1253.0,1416.0,,,120.0,,,547.0,0,0,,,,,,DEP_FROM_ATL,DCA,768.0,2026-04-26 12:48:00,2026-04-26 16:48:00,2026-04-26 18:48:00,2026-04-26 16:52:00,26.11,16.67,56.09,310.0,7.0,29.93,0.0,10.0,,M,False,False,False,4.0,2026-04-26 18:52:00,12.22,6.11,66.24,10.0,12.0,30.11,0.0,10.0,,M,False,False,False,4.0
2026-04-26,2026,4,26,7,DL,,360,ATL,DCA,1315.0,1456.0,1334.0,1457.0,1.0,1.0,101.0,,,547.0,0,0,,,,,,DEP_FROM_ATL,DCA,795.0,2026-04-26 13:15:00,2026-04-26 17:15:00,2026-04-26 18:56:00,2026-04-26 16:52:00,26.11,16.67,56.09,310.0,7.0,29.93,0.0,10.0,,M,False,False,False,23.0,2026-04-26 18:52:00,12.22,6.11,66.24,10.0,12.0,30.11,0.0,10.0,,M,False,False,False,4.0
2026-04-26,2026,4,26,7,KE,,6877,ATL,DCA,1315.0,1456.0,1334.0,1457.0,1.0,1.0,101.0,,,547.0,0,0,,,,,,DEP_FROM_ATL,DCA,795.0,2026-04-26 13:15:00,2026-04-26 17:15:00,2026-04-26 18:56:00,2026-04-26 16:52:00,26.11,16.67,56.09,310.0,7.0,29.93,0.0,10.0,,M,False,False,False,23.0,2026-04-26 18:52:00,12.22,6.11,66.24,10.0,12.0,30.11,0.0,10.0,,M,False,False,False,4.0
2026-04-26,2026,4,26,7,WS,,6572,ATL,DCA,1517.0,1700.0,,,,,103.0,,,547.0,0,0,,,,,,DEP_FROM_ATL,DCA,917.0,2026-04-26 15:17:00,2026-04-26 19:17:00,2026-04-26 21:00:00,2026-04-26 18:52:00,26.67,13.89,45.42,300.0,8.0,29.91,0.0,10.0,14.0,M,False,False,False,25.0,2026-04-26 19:52:00,13.33,6.67,63.99,360.0,8.0,30.1,0.0,10.0,,M,False,False,False,68.0
2026-04-26,2026,4,26,7,VS,,4444,ATL,DCA,1517.0,1700.0,,,,,103.0,,,547.0,0,0,,,,,,DEP_FROM_ATL,DCA,917.0,2026-04-26 15:17:00,2026-04-26 19:17:00,2026-04-26 21:00:00,2026-04-26 18:52:00,26.67,13.89,45.42,300.0,8.0,29.91,0.0,10.0,14.0,M,False,False,False,25.0,2026-04-26 19:52:00,13.33,6.67,63.99,360.0,8.0,30.1,0.0,10.0,,M,False,False,False,68.0
2026-04-26,2026,4,26,7,KE,,7146,ATL,DCA,1517.0,1700.0,,,,,103.0,,,547.0,0,0,,,,,,DEP_FROM_ATL,DCA,917.0,2026-04-26 15:17:00,2026-04-26 19:17:00,2026-04-26 21:00:00,2026-04-26 18:52:00,26.67,13.89,45.42,300.0,8.0,29.91,0.0,10.0,14.0,M,False,False,False,25.0,2026-04-26 19:52:00,13.33,6.67,63.99,360.0,8.0,30.1,0.0,10.0,,M,False,False,False,68.0
2026-04-26,2026,4,26,7,AF,,5650,ATL,DCA,1517.0,1700.0,,,,,103.0,,,547.0,0,0,,,,,,DEP_FROM_ATL,DCA,917.0,2026-04-26 15:17:00,2026-04-26 19:17:00,2026-04-26 21:00:00,2026-04-26 18:52:00,26.67,13.89,45.42,300.0,8.0,29.91,0.0,10.0,14.0,M,False,False,False,25.0,2026-04-26 19:52:00,13.33,6.67,63.99,360.0,8.0,30.1,0.0,10.0,,M,False,False,False,68.0
2026-04-26,2026,4,26,7,DL,N335NW,850,ATL,DCA,1517.0,1700.0,,,,,103.0,,,547.0,0,0,,,,,,DEP_FROM_ATL,DCA,917.0,2026-04-26 15:17:00,2026-04-26 19:17:00,2026-04-26 21:00:00,2026-04-26 18:52:00,26.67,13.89,45.42,300.0,8.0,29.91,0.0,10.0,14.0,M,False,False,False,25.0,2026-04-26 19:52:00,13.33,6.67,63.99,360.0,8.0,30.1,0.0,10.0,,M,False,False,False,68.0
2026-04-26,2026,4,26,7,AM,,3295,ATL,DCA,1517.0,1700.0,,,,,103.0,,,547.0,0,0,,,,,,DEP_FROM_ATL,DCA,917.0,2026-04-26 15:17:00,2026-04-26 19:17:00,2026-04-26 21:00:00,2026-04-26 18:52:00,26.67,13.89,45.42,300.0,8.0,29.91,0.0,10.0,14.0,M,False,False,False,25.0,2026-04-26 19:52:00,13.33,6.67,63.99,360.0,8.0,30.1,0.0,10.0,,M,False,False,False,68.0
2026-04-26,2026,4,26,7,WN,,232,ATL,DCA,1630.0,1815.0,,,,,105.0,,,547.0,0,0,,,,,,DEP_FROM_ATL,DCA,990.0,2026-04-26 16:30:00,2026-04-26 20:30:00,2026-04-26 22:15:00,2026-04-26 19:52:00,27.78,13.89,42.56,320.0,9.0,29.89,0.0,10.0,,M,False,False,False,38.0,,,,,,,,,,,,,,,
2026-04-26,2026,4,26,7,AA,,4087,ATL,DCA,1624.0,1821.0,,,,,117.0,,,547.0,0,0,,,,,,DEP_FROM_ATL,DCA,984.0,2026-04-26 16:24:00,2026-04-26 20:24:00,2026-04-26 22:21:00,2026-04-26 19:52:00,27.78,13.89,42.56,320.0,9.0,29.89,0.0,10.0,,M,False,False,False,32.0,,,,,,,,,,,,,,,
2026-04-26,2026,4,26,7,AF,,5846,ATL,DCA,1653.0,1836.0,,,,,103.0,,,547.0,0,0,,,,,,DEP_FROM_ATL,DCA,1013.0,2026-04-26 16:53:00,2026-04-26 20:53:00,2026-04-26 22:36:00,2026-04-26 19:52:00,27.78,13.89,42.56,320.0,9.0,29.89,0.0,10.0,,M,False,False,False,61.0,,,,,,,,,,,,,,,
2026-04-26,2026,4,26,7,AM,,3095,ATL,DCA,1653.0,1836.0,,,,,103.0,,,547.0,0,0,,,,,,DEP_FROM_ATL,DCA,1013.0,2026-04-26 16:53:00,2026-04-26 20:53:00,2026-04-26 22:36:00,2026-04-26 19:52:00,27.78,13.89,42.56,320.0,9.0,29.89,0.0,10.0,,M,False,False,False,61.0,,,,,,,,,,,,,,,
2026-04-26,2026,4,26,7,LA,,5452,ATL,DCA,1653.0,1836.0,,,,,103.0,,,547.0,0,0,,,,,,DEP_FROM_ATL,DCA,1013.0,2026-04-26 16:53:00,2026-04-26 20:53:00,2026-04-26 22:36:00,2026-04-26 19:52:00,27.78,13.89,42.56,320.0,9.0,29.89,0.0,10.0,,M,False,False,False,61.0,,,,,,,,,,,,,,,
2026-04-26,2026,4,26,7,VS,,3132,ATL,DCA,1653.0,1836.0,,,,,103.0,,,547.0,0,0,,,,,,DEP_FROM_ATL,DCA,1013.0,2026-04-26 16:53:00,2026-04-26 20:53:00,2026-04-26 22:36:00,2026-04-26 19:52:00,27.78,13.89,42.56,320.0,9.0,29.89,0.0,10.0,,M,False,False,False,61.0,,,,,,,,,,,,,,,
2026-04-26,2026,4,26,7,DL,,950,ATL,DCA,1653.0,1836.0,,,,,103.0,,,547.0,0,0,,,,,,DEP_FROM_ATL,DCA,1013.0,2026-04-26 16:53:00,2026-04-26 20:53:00,2026-04-26 22:36:00,2026-04-26 19:52:00,27.78,13.89,42.56,320.0,9.0,29.89,0.0,10.0,,M,False,False,False,61.0,,,,,,,,,,,,,,,
2026-04-26,2026,4,26,7,DL,,832,ATL,DCA,1753.0,1934.0,,,,,101.0,,,547.0,0,0,,,,,,DEP_FROM_ATL,DCA,1073.0,2026-04-26 17:53:00,2026-04-26 21:53:00,2026-04-26 23:34:00,,,,,,,,,,,,,,,,,,,,,,,,,,,,,,
2026-04-26,2026,4,26,7,DL,,325,ATL,DCA,1853.0,2033.0,,,,,100.0,,,547.0,0,0,,,,,,DEP_FROM_ATL,DCA,1133.0,2026-04-26 18:53:00,2026-04-26 22:53:00,2026-04-27 00:33:00,,,,,,,,,,,,,,,,,,,,,,,,,,,,,,
2026-04-26,2026,4,26,7,DL,,727,ATL,DCA,1953.0,2137.0,,,,,104.0,,,547.0,0,0,,,,,,DEP_FROM_ATL,DCA,1193.0,2026-04-26 19:53:00,2026-04-26 23:53:00,2026-04-27 01:37:00,,,,,,,,,,,,,,,,,,,,,,,,,,,,,,
2026-04-26,2026,4,26,7,DL,,378,ATL,DCA,2053.0,2234.0,,,,14.0,101.0,,,547.0,0,0,,,,,,DEP_FROM_ATL,DCA,1253.0,2026-04-26 20:53:00,2026-04-27 00:53:00,2026-04-27 02:34:00,,,,,,,,,,,,,,,,,,,,,,,,,,,,,,
2026-04-26,2026,4,26,7,WN,,233,ATL,DCA,2105.0,2250.0,,,,40.0,105.0,,,547.0,0,0,,,,,,DEP_FROM_ATL,DCA,1265.0,2026-04-26 21:05:00,2026-04-27 01:05:00,2026-04-27 02:50:00,,,,,,,,,,,,,,,,,,,,,,,,,,,,,,
2026-04-26,2026,4,26,7,AA,,4350,ATL,DCA,2102.0,2304.0,,,,,122.0,,,547.0,0,0,,,,,,DEP_FROM_ATL,DCA,1262.0,2026-04-26 21:02:00,2026-04-27 01:02:00,2026-04-27 03:04:00,,,,,,,,,,,,,,,,,,,,,,,,,,,,,,
2026-04-26,2026,4,26,7,DL,,537,ATL,DCA,2159.0,2341.0,,,,,102.0,,,547.0,0,0,,,,,,DEP_FROM_ATL,DCA,1319.0,2026-04-26 21:59:00,2026-04-27 01:59:00,2026-04-27 03:41:00,,,,,,,,,,,,,,,,,,,,,,,,,,,,,,
2026-04-25,2026,4,25,6,WN,,2647,ATL,DEN,620.0,740.0,628.0,721.0,,,80.0,,,1199.0,0,0,,,,,,DEP_FROM_ATL,DEN,380.0,2026-04-25 06:20:00,2026-04-25 10:20:00,2026-04-25 11:40:00,2026-04-25 09:52:00,20.56,14.44,68.01,240.0,4.0,29.82,0.0,10.0,,M,False,False,False,28.0,2026-04-25 11:53:00,-0.56,-3.89,78.15,20.0,12.0,29.94,0.0,10.0,,M,False,False,False,13.0
2026-04-25,2026,4,25,6,LA,,8477,ATL,DEN,805.0,925.0,812.0,904.0,,,80.0,,,1199.0,0,0,,,,,,DEP_FROM_ATL,DEN,485.0,2026-04-25 08:05:00,2026-04-25 12:05:00,2026-04-25 13:25:00,2026-04-25 11:52:00,19.44,13.89,70.27,220.0,3.0,29.85,0.0,10.0,,M,False,False,False,13.0,2026-04-25 13:01:00,-0.56,-3.33,81.46,10.0,8.0,29.96,0.0,10.0,,M,False,False,False,24.0
2026-04-25,2026,4,25,6,DL,,346,ATL,DEN,805.0,925.0,812.0,904.0,,,80.0,,,1199.0,0,0,,,,,,DEP_FROM_ATL,DEN,485.0,2026-04-25 08:05:00,2026-04-25 12:05:00,2026-04-25 13:25:00,2026-04-25 11:52:00,19.44,13.89,70.27,220.0,3.0,29.85,0.0,10.0,,M,False,False,False,13.0,2026-04-25 13:01:00,-0.56,-3.33,81.46,10.0,8.0,29.96,0.0,10.0,,M,False,False,False,24.0
2026-04-25,2026,4,25,6,UA,,340,ATL,DEN,900.0,1032.0,915.0,1011.0,,,92.0,,,1199.0,0,0,,,,,,DEP_FROM_ATL,DEN,540.0,2026-04-25 09:00:00,2026-04-25 13:00:00,2026-04-25 14:32:00,2026-04-25 12:52:00,19.44,14.44,72.85,220.0,6.0,29.86,0.0,10.0,,M,False,False,False,8.0,2026-04-25 14:53:00,0.56,-2.78,78.32,40.0,6.0,29.96,0.0,10.0,,M,False,False,False,21.0
2026-04-25,2026,4,25,6,AC,,5419,ATL,DEN,900.0,1032.0,915.0,1011.0,,,92.0,,,1199.0,0,0,,,,,,DEP_FROM_ATL,DEN,540.0,2026-04-25 09:00:00,2026-04-25 13:00:00,2026-04-25 14:32:00,2026-04-25 12:52:00,19.44,14.44,72.85,220.0,6.0,29.86,0.0,10.0,,M,False,False,False,8.0,2026-04-25 14:53:00,0.56,-2.78,78.32,40.0,6.0,29.96,0.0,10.0,,M,False,False,False,21.0
2026-04-25,2026,4,25,6,LA,,8742,ATL,DEN,1044.0,1204.0,1051.0,1147.0,,,80.0,,,1199.0,0,0,,,,,,DEP_FROM_ATL,DEN,644.0,2026-04-25 10:44:00,2026-04-25 14:44:00,2026-04-25 16:04:00,2026-04-25 14:52:00,21.67,15.0,65.84,270.0,11.0,29.85,0.0,10.0,,M,False,False,False,8.0,2026-04-25 15:53:00,1.67,-2.78,72.3,20.0,6.0,29.94,0.0,10.0,,M,False,False,False,11.0
2026-04-25,2026,4,25,6,DL,,995,ATL,DEN,1044.0,1204.0,1051.0,1147.0,,,80.0,,,1199.0,0,0,,,,,,DEP_FROM_ATL,DEN,644.0,2026-04-25 10:44:00,2026-04-25 14:44:00,2026-04-25 16:04:00,2026-04-25 14:52:00,21.67,15.0,65.84,270.0,11.0,29.85,0.0,10.0,,M,False,False,False,8.0,2026-04-25 15:53:00,1.67,-2.78,72.3,20.0,6.0,29.94,0.0,10.0,,M,False,False,False,11.0
2026-04-25,2026,4,25,6,Y4,,2573,ATL,DEN,1035.0,1214.0,1130.0,1229.0,15.0,15.0,99.0,,,1199.0,0,0,,,,,,DEP_FROM_ATL,DEN,635.0,2026-04-25 10:35:00,2026-04-25 14:35:00,2026-04-25 16:14:00,2026-04-25 14:52:00,21.67,15.0,65.84,270.0,11.0,29.85,0.0,10.0,,M,False,False,False,17.0,2026-04-25 15:53:00,1.67,-2.78,72.3,20.0,6.0,29.94,0.0,10.0,,M,False,False,False,21.0
2026-04-25,2026,4,25,6,F9,,3293,ATL,DEN,1035.0,1214.0,1130.0,1229.0,15.0,15.0,99.0,,,1199.0,0,0,,,,,,DEP_FROM_ATL,DEN,635.0,2026-04-25 10:35:00,2026-04-25 14:35:00,2026-04-25 16:14:00,2026-04-25 14:52:00,21.67,15.0,65.84,270.0,11.0,29.85,0.0,10.0,,M,False,False,False,17.0,2026-04-25 15:53:00,1.67,-2.78,72.3,20.0,6.0,29.94,0.0,10.0,,M,False,False,False,21.0
2026-04-25,2026,4,25,6,KE,,3633,ATL,DEN,1215.0,1332.0,1220.0,1320.0,,,77.0,,,1199.0,0,0,,,,,,DEP_FROM_ATL,DEN,735.0,2026-04-25 12:15:00,2026-04-25 16:15:00,2026-04-25 17:32:00,2026-04-25 16:25:00,21.67,15.0,65.84,250.0,10.0,29.87,0.0,10.0,22.0,M,False,False,False,10.0,2026-04-25 17:53:00,5.56,-2.22,57.28,,4.0,29.91,0.0,10.0,,M,False,False,False,21.0
2026-04-25,2026,4,25,6,DL,,706,ATL,DEN,1215.0,1332.0,1220.0,1320.0,,,77.0,,,1199.0,0,0,,,,,,DEP_FROM_ATL,DEN,735.0,2026-04-25 12:15:00,2026-04-25 16:15:00,2026-04-25 17:32:00,2026-04-25 16:25:00,21.67,15.0,65.84,250.0,10.0,29.87,0.0,10.0,22.0,M,False,False,False,10.0,2026-04-25 17:53:00,5.56,-2.22,57.28,,4.0,29.91,0.0,10.0,,M,False,False,False,21.0
2026-04-25,2026,4,25,6,KE,,5319,ATL,DEN,1400.0,1517.0,1410.0,1506.0,,,77.0,,,1199.0,0,0,,,,,,DEP_FROM_ATL,DEN,840.0,2026-04-25 14:00:00,2026-04-25 18:00:00,2026-04-25 19:17:00,2026-04-25 17:52:00,20.0,15.56,75.59,270.0,6.0,29.87,0.001,9.0,,-RA,True,False,False,8.0,2026-04-25 18:53:00,7.78,-2.22,49.16,100.0,7.0,29.88,0.0,10.0,,M,False,False,False,24.0
2026-04-25,2026,4,25,6,DL,,1675,ATL,DEN,1400.0,1517.0,1410.0,1506.0,,,77.0,,,1199.0,0,0,,,,,,DEP_FROM_ATL,DEN,840.0,2026-04-25 14:00:00,2026-04-25 18:00:00,2026-04-25 19:17:00,2026-04-25 17:52:00,20.0,15.56,75.59,270.0,6.0,29.87,0.001,9.0,,-RA,True,False,False,8.0,2026-04-25 18:53:00,7.78,-2.22,49.16,100.0,7.0,29.88,0.0,10.0,,M,False,False,False,24.0
2026-04-25,2026,4,25,6,AM,,3489,ATL,DEN,1400.0,1517.0,1410.0,1506.0,,,77.0,,,1199.0,0,0,,,,,,DEP_FROM_ATL,DEN,840.0,2026-04-25 14:00:00,2026-04-25 18:00:00,2026-04-25 19:17:00,2026-04-25 17:52:00,20.0,15.56,75.59,270.0,6.0,29.87,0.001,9.0,,-RA,True,False,False,8.0,2026-04-25 18:53:00,7.78,-2.22,49.16,100.0,7.0,29.88,0.0,10.0,,M,False,False,False,24.0
2026-04-25,2026,4,25,6,AF,,3702,ATL,DEN,1608.0,1725.0,1639.0,1735.0,10.0,10.0,77.0,,,1199.0,0,0,,,,,,DEP_FROM_ATL,DEN,968.0,2026-04-25 16:08:00,2026-04-25 20:08:00,2026-04-25 21:25:00,2026-04-25 19:52:00,22.78,16.11,66.08,220.0,4.0,29.83,0.0,10.0,,M,False,False,False,16.0,2026-04-25 21:53:00,12.22,-1.67,38.03,70.0,11.0,29.83,0.0,10.0,16.0,M,False,False,False,28.0
2026-04-25,2026,4,25,6,VS,,5065,ATL,DEN,1608.0,1725.0,1639.0,1735.0,10.0,10.0,77.0,,,1199.0,0,0,,,,,,DEP_FROM_ATL,DEN,968.0,2026-04-25 16:08:00,2026-04-25 20:08:00,2026-04-25 21:25:00,2026-04-25 19:52:00,22.78,16.11,66.08,220.0,4.0,29.83,0.0,10.0,,M,False,False,False,16.0,2026-04-25 21:53:00,12.22,-1.67,38.03,70.0,11.0,29.83,0.0,10.0,16.0,M,False,False,False,28.0
2026-04-25,2026,4,25,6,AM,,3099,ATL,DEN,1608.0,1725.0,1639.0,1735.0,10.0,10.0,77.0,,,1199.0,0,0,,,,,,DEP_FROM_ATL,DEN,968.0,2026-04-25 16:08:00,2026-04-25 20:08:00,2026-04-25 21:25:00,2026-04-25 19:52:00,22.78,16.11,66.08,220.0,4.0,29.83,0.0,10.0,,M,False,False,False,16.0,2026-04-25 21:53:00,12.22,-1.67,38.03,70.0,11.0,29.83,0.0,10.0,16.0,M,False,False,False,28.0
2026-04-25,2026,4,25,6,DL,,519,ATL,DEN,1608.0,1725.0,1639.0,1735.0,10.0,10.0,77.0,,,1199.0,0,0,,,,,,DEP_FROM_ATL,DEN,968.0,2026-04-25 16:08:00,2026-04-25 20:08:00,2026-04-25 21:25:00,2026-04-25 19:52:00,22.78,16.11,66.08,220.0,4.0,29.83,0.0,10.0,,M,False,False,False,16.0,2026-04-25 21:53:00,12.22,-1.67,38.03,70.0,11.0,29.83,0.0,10.0,16.0,M,False,False,False,28.0
2026-04-25,2026,4,25,6,KL,,5214,ATL,DEN,1608.0,1725.0,1639.0,1735.0,10.0,10.0,77.0,,,1199.0,0,0,,,,,,DEP_FROM_ATL,DEN,968.0,2026-04-25 16:08:00,2026-04-25 20:08:00,2026-04-25 21:25:00,2026-04-25 19:52:00,22.78,16.11,66.08,220.0,4.0,29.83,0.0,10.0,,M,False,False,False,16.0,2026-04-25 21:53:00,12.22,-1.67,38.03,70.0,11.0,29.83,0.0,10.0,16.0,M,False,False,False,28.0
2026-04-25,2026,4,25,6,AC,,4009,ATL,DEN,1635.0,1810.0,1642.0,1736.0,,,95.0,,,1199.0,0,0,,,,,,DEP_FROM_ATL,DEN,995.0,2026-04-25 16:35:00,2026-04-25 20:35:00,2026-04-25 22:10:00,2026-04-25 20:42:00,22.78,15.56,63.78,230.0,5.0,29.81,0.0,10.0,,M,False,False,False,7.0,2026-04-25 21:53:00,12.22,-1.67,38.03,70.0,11.0,29.83,0.0,10.0,16.0,M,False,False,False,17.0
2026-04-25,2026,4,25,6,UA,,235,ATL,DEN,1635.0,1810.0,1642.0,1736.0,,,95.0,,,1199.0,0,0,,,,,,DEP_FROM_ATL,DEN,995.0,2026-04-25 16:35:00,2026-04-25 20:35:00,2026-04-25 22:10:00,2026-04-25 20:42:00,22.78,15.56,63.78,230.0,5.0,29.81,0.0,10.0,,M,False,False,False,7.0,2026-04-25 21:53:00,12.22,-1.67,38.03,70.0,11.0,29.83,0.0,10.0,16.0,M,False,False,False,17.0
2026-04-25,2026,4,25,6,WN,,1249,ATL,DEN,1735.0,1855.0,1817.0,1911.0,16.0,16.0,80.0,,,1199.0,0,0,,,,,,DEP_FROM_ATL,DEN,1055.0,2026-04-25 17:35:00,2026-04-25 21:35:00,2026-04-25 22:55:00,2026-04-25 21:52:00,23.33,16.11,63.9,260.0,4.0,29.81,0.0,10.0,,M,False,False,False,17.0,2026-04-25 22:53:00,11.11,-1.67,40.93,60.0,10.0,29.83,0.0,10.0,,M,False,False,False,2.0
2026-04-25,2026,4,25,6,DL,,746,ATL,DEN,1859.0,2019.0,1907.0,2003.0,,,80.0,,,1199.0,0,0,,,,,,DEP_FROM_ATL,DEN,1139.0,2026-04-25 18:59:00,2026-04-25 22:59:00,2026-04-26 00:19:00,2026-04-25 22:52:00,23.33,16.11,63.9,250.0,4.0,29.8,0.0,10.0,,M,False,False,False,7.0,2026-04-25 23:53:00,10.56,-1.67,42.47,60.0,13.0,29.84,0.0,10.0,,M,False,False,False,26.0
2026-04-25,2026,4,25,6,LA,,7040,ATL,DEN,1859.0,2019.0,1907.0,2003.0,,,80.0,,,1199.0,0,0,,,,,,DEP_FROM_ATL,DEN,1139.0,2026-04-25 18:59:00,2026-04-25 22:59:00,2026-04-26 00:19:00,2026-04-25 22:52:00,23.33,16.11,63.9,250.0,4.0,29.8,0.0,10.0,,M,False,False,False,7.0,2026-04-25 23:53:00,10.56,-1.67,42.47,60.0,13.0,29.84,0.0,10.0,,M,False,False,False,26.0
2026-04-25,2026,4,25,6,KL,,5215,ATL,DEN,1859.0,2019.0,1907.0,2003.0,,,80.0,,,1199.0,0,0,,,,,,DEP_FROM_ATL,DEN,1139.0,2026-04-25 18:59:00,2026-04-25 22:59:00,2026-04-26 00:19:00,2026-04-25 22:52:00,23.33,16.11,63.9,250.0,4.0,29.8,0.0,10.0,,M,False,False,False,7.0,2026-04-25 23:53:00,10.56,-1.67,42.47,60.0,13.0,29.84,0.0,10.0,,M,False,False,False,26.0
2026-04-25,2026,4,25,6,AM,,4058,ATL,DEN,1859.0,2019.0,1907.0,2003.0,,,80.0,,,1199.0,0,0,,,,,,DEP_FROM_ATL,DEN,1139.0,2026-04-25 18:59:00,2026-04-25 22:59:00,2026-04-26 00:19:00,2026-04-25 22:52:00,23.33,16.11,63.9,250.0,4.0,29.8,0.0,10.0,,M,False,False,False,7.0,2026-04-25 23:53:00,10.56,-1.67,42.47,60.0,13.0,29.84,0.0,10.0,,M,False,False,False,26.0
2026-04-25,2026,4,25,6,VS,,5061,ATL,DEN,1859.0,2019.0,1907.0,2003.0,,,80.0,,,1199.0,0,0,,,,,,DEP_FROM_ATL,DEN,1139.0,2026-04-25 18:59:00,2026-04-25 22:59:00,2026-04-26 00:19:00,2026-04-25 22:52:00,23.33,16.11,63.9,250.0,4.0,29.8,0.0,10.0,,M,False,False,False,7.0,2026-04-25 23:53:00,10.56,-1.67,42.47,60.0,13.0,29.84,0.0,10.0,,M,False,False,False,26.0
2026-04-25,2026,4,25,6,KE,,3632,ATL,DEN,1859.0,2019.0,1907.0,2003.0,,,80.0,,,1199.0,0,0,,,,,,DEP_FROM_ATL,DEN,1139.0,2026-04-25 18:59:00,2026-04-25 22:59:00,2026-04-26 00:19:00,2026-04-25 22:52:00,23.33,16.11,63.9,250.0,4.0,29.8,0.0,10.0,,M,False,False,False,7.0,2026-04-25 23:53:00,10.56,-1.67,42.47,60.0,13.0,29.84,0.0,10.0,,M,False,False,False,26.0
2026-04-25,2026,4,25,6,AF,,2405,ATL,DEN,1859.0,2019.0,1907.0,2003.0,,,80.0,,,1199.0,0,0,,,,,,DEP_FROM_ATL,DEN,1139.0,2026-04-25 18:59:00,2026-04-25 22:59:00,2026-04-26 00:19:00,2026-04-25 22:52:00,23.33,16.11,63.9,250.0,4.0,29.8,0.0,10.0,,M,False,False,False,7.0,2026-04-25 23:53:00,10.56,-1.67,42.47,60.0,13.0,29.84,0.0,10.0,,M,False,False,False,26.0
2026-04-25,2026,4,25,6,F9,,3599,ATL,DEN,2051.0,2229.0,2100.0,2159.0,,,98.0,,,1199.0,0,0,,,,,,DEP_FROM_ATL,DEN,1251.0,2026-04-25 20:51:00,2026-04-26 00:51:00,2026-04-26 02:29:00,2026-04-26 00:52:00,21.67,16.11,70.7,210.0,6.0,29.83,0.0,10.0,,M,False,False,False,1.0,2026-04-26 02:53:00,3.33,-0.56,75.64,80.0,13.0,29.91,0.0,10.0,,M,False,False,False,24.0
2026-04-25,2026,4,25,6,DL,,956,ATL,DEN,2308.0,36.0,2356.0,56.0,20.0,20.0,88.0,,,1199.0,0,0,,,,,,DEP_FROM_ATL,DEN,1388.0,2026-04-25 23:08:00,2026-04-26 03:08:00,2026-04-26 04:36:00,2026-04-26 03:19:00,19.44,17.22,87.0,250.0,5.0,29.83,0.25,10.0,,M,True,False,False,11.0,2026-04-26 04:53:00,2.22,-0.56,81.84,110.0,12.0,29.91,0.0,10.0,,M,False,False,False,17.0
2026-04-25,2026,4,25,6,SK,,3715,ATL,DEN,2308.0,36.0,2356.0,56.0,20.0,20.0,88.0,,,1199.0,0,0,,,,,,DEP_FROM_ATL,DEN,1388.0,2026-04-25 23:08:00,2026-04-26 03:08:00,2026-04-26 04:36:00,2026-04-26 03:19:00,19.44,17.22,87.0,250.0,5.0,29.83,0.25,10.0,,M,True,False,False,11.0,2026-04-26 04:53:00,2.22,-0.56,81.84,110.0,12.0,29.91,0.0,10.0,,M,False,False,False,17.0
2026-04-25,2026,4,25,6,LA,,8479,ATL,DEN,2308.0,36.0,2356.0,56.0,20.0,20.0,88.0,,,1199.0,0,0,,,,,,DEP_FROM_ATL,DEN,1388.0,2026-04-25 23:08:00,2026-04-26 03:08:00,2026-04-26 04:36:00,2026-04-26 03:19:00,19.44,17.22,87.0,250.0,5.0,29.83,0.25,10.0,,M,True,False,False,11.0,2026-04-26 04:53:00,2.22,-0.56,81.84,110.0,12.0,29.91,0.0,10.0,,M,False,False,False,17.0
2026-04-25,2026,4,25,6,KL,,5216,ATL,DEN,2308.0,36.0,2356.0,56.0,20.0,20.0,88.0,,,1199.0,0,0,,,,,,DEP_FROM_ATL,DEN,1388.0,2026-04-25 23:08:00,2026-04-26 03:08:00,2026-04-26 04:36:00,2026-04-26 03:19:00,19.44,17.22,87.0,250.0,5.0,29.83,0.25,10.0,,M,True,False,False,11.0,2026-04-26 04:53:00,2.22,-0.56,81.84,110.0,12.0,29.91,0.0,10.0,,M,False,False,False,17.0
2026-04-25,2026,4,25,6,KE,,3634,ATL,DEN,2308.0,36.0,2356.0,56.0,20.0,20.0,88.0,,,1199.0,0,0,,,,,,DEP_FROM_ATL,DEN,1388.0,2026-04-25 23:08:00,2026-04-26 03:08:00,2026-04-26 04:36:00,2026-04-26 03:19:00,19.44,17.22,87.0,250.0,5.0,29.83,0.25,10.0,,M,True,False,False,11.0,2026-04-26 04:53:00,2.22,-0.56,81.84,110.0,12.0,29.91,0.0,10.0,,M,False,False,False,17.0
2026-04-25,2026,4,25,6,AM,,3510,ATL,DEN,2308.0,36.0,2356.0,56.0,20.0,20.0,88.0,,,1199.0,0,0,,,,,,DEP_FROM_ATL,DEN,1388.0,2026-04-25 23:08:00,2026-04-26 03:08:00,2026-04-26 04:36:00,2026-04-26 03:19:00,19.44,17.22,87.0,250.0,5.0,29.83,0.25,10.0,,M,True,False,False,11.0,2026-04-26 04:53:00,2.22,-0.56,81.84,110.0,12.0,29.91,0.0,10.0,,M,False,False,False,17.0
2026-04-25,2026,4,25,6,AF,,2701,ATL,DEN,2308.0,36.0,2356.0,56.0,20.0,20.0,88.0,,,1199.0,0,0,,,,,,DEP_FROM_ATL,DEN,1388.0,2026-04-25 23:08:00,2026-04-26 03:08:00,2026-04-26 04:36:00,2026-04-26 03:19:00,19.44,17.22,87.0,250.0,5.0,29.83,0.25,10.0,,M,True,False,False,11.0,2026-04-26 04:53:00,2.22,-0.56,81.84,110.0,12.0,29.91,0.0,10.0,,M,False,False,False,17.0
2026-04-25,2026,4,25,6,VS,,5063,ATL,DEN,2308.0,36.0,2356.0,56.0,20.0,20.0,88.0,,,1199.0,0,0,,,,,,DEP_FROM_ATL,DEN,1388.0,2026-04-25 23:08:00,2026-04-26 03:08:00,2026-04-26 04:36:00,2026-04-26 03:19:00,19.44,17.22,87.0,250.0,5.0,29.83,0.25,10.0,,M,True,False,False,11.0,2026-04-26 04:53:00,2.22,-0.56,81.84,110.0,12.0,29.91,0.0,10.0,,M,False,False,False,17.0
2026-04-26,2026,4,26,7,WN,,2647,ATL,DEN,730.0,850.0,813.0,908.0,18.0,18.0,80.0,,,1199.0,0,0,,,,,,DEP_FROM_ATL,DEN,450.0,2026-04-26 07:30:00,2026-04-26 11:30:00,2026-04-26 12:50:00,2026-04-26 11:52:00,17.22,16.11,93.19,360.0,6.0,29.89,0.0,0.25,,FG,False,True,False,22.0,2026-04-26 12:53:00,2.22,0.0,85.22,70.0,9.0,29.81,0.0,10.0,,M,False,False,False,3.0
2026-04-26,2026,4,26,7,DL,,346,ATL,DEN,805.0,925.0,818.0,904.0,,,80.0,,,1199.0,0,0,,,,,,DEP_FROM_ATL,DEN,485.0,2026-04-26 08:05:00,2026-04-26 12:05:00,2026-04-26 13:25:00,2026-04-26 12:17:00,17.78,16.67,93.22,20.0,4.0,29.89,0.0,0.25,,BR,False,True,False,12.0,2026-04-26 13:53:00,2.22,0.0,85.22,70.0,7.0,29.81,0.0,10.0,,M,False,False,False,28.0
2026-04-26,2026,4,26,7,LA,,8477,ATL,DEN,805.0,925.0,818.0,904.0,,,80.0,,,1199.0,0,0,,,,,,DEP_FROM_ATL,DEN,485.0,2026-04-26 08:05:00,2026-04-26 12:05:00,2026-04-26 13:25:00,2026-04-26 12:17:00,17.78,16.67,93.22,20.0,4.0,29.89,0.0,0.25,,BR,False,True,False,12.0,2026-04-26 13:53:00,2.22,0.0,85.22,70.0,7.0,29.81,0.0,10.0,,M,False,False,False,28.0
2026-04-26,2026,4,26,7,UA,,340,ATL,DEN,900.0,1032.0,910.0,1007.0,,,92.0,,,1199.0,0,0,,,,,,DEP_FROM_ATL,DEN,540.0,2026-04-26 09:00:00,2026-04-26 13:00:00,2026-04-26 14:32:00,2026-04-26 12:52:00,19.44,17.22,87.0,50.0,4.0,29.9,0.0,10.0,,M,False,False,False,8.0,2026-04-26 14:22:00,3.33,0.56,81.99,80.0,7.0,29.79,0.0,10.0,,M,False,False,False,10.0
2026-04-26,2026,4,26,7,AC,,5419,ATL,DEN,900.0,1032.0,910.0,1007.0,,,92.0,,,1199.0,0,0,,,,,,DEP_FROM_ATL,DEN,540.0,2026-04-26 09:00:00,2026-04-26 13:00:00,2026-04-26 14:32:00,2026-04-26 12:52:00,19.44,17.22,87.0,50.0,4.0,29.9,0.0,10.0,,M,False,False,False,8.0,2026-04-26 14:22:00,3.33,0.56,81.99,80.0,7.0,29.79,0.0,10.0,,M,False,False,False,10.0
2026-04-26,2026,4,26,7,LA,,8742,ATL,DEN,1044.0,1204.0,1112.0,1204.0,,,80.0,,,1199.0,0,0,,,,,,DEP_FROM_ATL,DEN,644.0,2026-04-26 10:44:00,2026-04-26 14:44:00,2026-04-26 16:04:00,2026-04-26 14:52:00,22.22,17.22,73.34,,6.0,29.93,0.0,10.0,,M,False,False,False,8.0,2026-04-26 15:53:00,6.11,1.11,70.29,40.0,5.0,29.75,0.0,10.0,,M,False,False,False,11.0
2026-04-26,2026,4,26,7,DL,,995,ATL,DEN,1044.0,1204.0,1112.0,1204.0,,,80.0,,,1199.0,0,0,,,,,,DEP_FROM_ATL,DEN,644.0,2026-04-26 10:44:00,2026-04-26 14:44:00,2026-04-26 16:04:00,2026-04-26 14:52:00,22.22,17.22,73.34,,6.0,29.93,0.0,10.0,,M,False,False,False,8.0,2026-04-26 15:53:00,6.11,1.11,70.29,40.0,5.0,29.75,0.0,10.0,,M,False,False,False,11.0
2026-04-26,2026,4,26,7,WN,,4096,ATL,DEN,1045.0,1205.0,1140.0,1229.0,24.0,24.0,80.0,,,1199.0,0,0,,,,,,DEP_FROM_ATL,DEN,645.0,2026-04-26 10:45:00,2026-04-26 14:45:00,2026-04-26 16:05:00,2026-04-26 14:52:00,22.22,17.22,73.34,,6.0,29.93,0.0,10.0,,M,False,False,False,7.0,2026-04-26 15:53:00,6.11,1.11,70.29,40.0,5.0,29.75,0.0,10.0,,M,False,False,False,12.0
2026-04-26,2026,4,26,7,Y4,,2573,ATL,DEN,1030.0,1209.0,1050.0,1140.0,,,99.0,,,1199.0,0,0,,,,,,DEP_FROM_ATL,DEN,630.0,2026-04-26 10:30:00,2026-04-26 14:30:00,2026-04-26 16:09:00,2026-04-26 14:32:00,21.67,17.22,75.87,340.0,6.0,29.92,0.0,10.0,,M,False,False,False,2.0,2026-04-26 15:53:00,6.11,1.11,70.29,40.0,5.0,29.75,0.0,10.0,,M,False,False,False,16.0
2026-04-26,2026,4,26,7,F9,,3293,ATL,DEN,1030.0,1209.0,1050.0,1140.0,,,99.0,,,1199.0,0,0,,,,,,DEP_FROM_ATL,DEN,630.0,2026-04-26 10:30:00,2026-04-26 14:30:00,2026-04-26 16:09:00,2026-04-26 14:32:00,21.67,17.22,75.87,340.0,6.0,29.92,0.0,10.0,,M,False,False,False,2.0,2026-04-26 15:53:00,6.11,1.11,70.29,40.0,5.0,29.75,0.0,10.0,,M,False,False,False,16.0
2026-04-26,2026,4,26,7,DL,,706,ATL,DEN,1215.0,1332.0,1227.0,1318.0,,,77.0,,,1199.0,0,0,,,,,,DEP_FROM_ATL,DEN,735.0,2026-04-26 12:15:00,2026-04-26 16:15:00,2026-04-26 17:32:00,2026-04-26 15:52:00,24.44,17.22,64.15,280.0,6.0,29.93,0.0,10.0,,M,False,False,False,23.0,2026-04-26 17:53:00,10.0,1.67,56.15,350.0,8.0,29.69,0.0,10.0,18.0,M,False,False,False,21.0
2026-04-26,2026,4,26,7,KE,,3633,ATL,DEN,1215.0,1332.0,1227.0,1318.0,,,77.0,,,1199.0,0,0,,,,,,DEP_FROM_ATL,DEN,735.0,2026-04-26 12:15:00,2026-04-26 16:15:00,2026-04-26 17:32:00,2026-04-26 15:52:00,24.44,17.22,64.15,280.0,6.0,29.93,0.0,10.0,,M,False,False,False,23.0,2026-04-26 17:53:00,10.0,1.67,56.15,350.0,8.0,29.69,0.0,10.0,18.0,M,False,False,False,21.0
2026-04-26,2026,4,26,7,AM,,3489,ATL,DEN,1400.0,1517.0,1407.0,,,7.0,77.0,,,1199.0,0,0,,,,,,DEP_FROM_ATL,DEN,840.0,2026-04-26 14:00:00,2026-04-26 18:00:00,2026-04-26 19:17:00,2026-04-26 17:52:00,26.67,15.0,48.8,280.0,8.0,29.92,0.0,10.0,,M,False,False,False,8.0,2026-04-26 19:29:00,9.44,2.78,63.09,330.0,13.0,29.67,0.001,9.0,30.0,-RA,True,False,True,12.0
2026-04-26,2026,4,26,7,KE,,5319,ATL,DEN,1400.0,1517.0,1407.0,,,7.0,77.0,,,1199.0,0,0,,,,,,DEP_FROM_ATL,DEN,840.0,2026-04-26 14:00:00,2026-04-26 18:00:00,2026-04-26 19:17:00,2026-04-26 17:52:00,26.67,15.0,48.8,280.0,8.0,29.92,0.0,10.0,,M,False,False,False,8.0,2026-04-26 19:29:00,9.44,2.78,63.09,330.0,13.0,29.67,0.001,9.0,30.0,-RA,True,False,True,12.0
2026-04-26,2026,4,26,7,DL,N380DN,1675,ATL,DEN,1400.0,1517.0,,,,,77.0,,,1199.0,0,0,,,,,,DEP_FROM_ATL,DEN,840.0,2026-04-26 14:00:00,2026-04-26 18:00:00,2026-04-26 19:17:00,2026-04-26 17:52:00,26.67,15.0,48.8,280.0,8.0,29.92,0.0,10.0,,M,False,False,False,8.0,2026-04-26 19:29:00,9.44,2.78,63.09,330.0,13.0,29.67,0.001,9.0,30.0,-RA,True,False,True,12.0
2026-04-26,2026,4,26,7,DL,N381DZ,519,ATL,DEN,1536.0,1655.0,,,,,79.0,,,1199.0,0,0,,,,,,DEP_FROM_ATL,DEN,936.0,2026-04-26 15:36:00,2026-04-26 19:36:00,2026-04-26 20:55:00,2026-04-26 19:52:00,27.78,13.89,42.56,320.0,9.0,29.89,0.0,10.0,,M,False,False,False,16.0,2026-04-26 20:05:00,7.78,3.33,73.46,340.0,18.0,29.67,0.0,10.0,,M,False,False,False,50.0
2026-04-26,2026,4,26,7,UA,,235,ATL,DEN,1635.0,1810.0,,,,,95.0,,,1199.0,0,0,,,,,,DEP_FROM_ATL,DEN,995.0,2026-04-26 16:35:00,2026-04-26 20:35:00,2026-04-26 22:10:00,2026-04-26 19:52:00,27.78,13.89,42.56,320.0,9.0,29.89,0.0,10.0,,M,False,False,False,43.0,,,,,,,,,,,,,,,
2026-04-26,2026,4,26,7,WN,,1249,ATL,DEN,1755.0,1920.0,,,,,85.0,,,1199.0,0,0,,,,,,DEP_FROM_ATL,DEN,1075.0,2026-04-26 17:55:00,2026-04-26 21:55:00,2026-04-26 23:20:00,,,,,,,,,,,,,,,,,,,,,,,,,,,,,,
2026-04-26,2026,4,26,7,DL,,746,ATL,DEN,1859.0,2019.0,,,,,80.0,,,1199.0,0,0,,,,,,DEP_FROM_ATL,DEN,1139.0,2026-04-26 18:59:00,2026-04-26 22:59:00,2026-04-27 00:19:00,,,,,,,,,,,,,,,,,,,,,,,,,,,,,,
2026-04-26,2026,4,26,7,DL,,493,ATL,DEN,2044.0,2206.0,,,,,82.0,,,1199.0,0,0,,,,,,DEP_FROM_ATL,DEN,1244.0,2026-04-26 20:44:00,2026-04-27 00:44:00,2026-04-27 02:06:00,,,,,,,,,,,,,,,,,,,,,,,,,,,,,,
2026-04-26,2026,4,26,7,F9,,3599,ATL,DEN,2051.0,2229.0,,,,,98.0,,,1199.0,0,0,,,,,,DEP_FROM_ATL,DEN,1251.0,2026-04-26 20:51:00,2026-04-27 00:51:00,2026-04-27 02:29:00,,,,,,,,,,,,,,,,,,,,,,,,,,,,,,
2026-04-25,2026,4,25,6,AA,,2770,ATL,DFW,604.0,740.0,612.0,707.0,,,96.0,,,731.0,0,0,,,,,,DEP_FROM_ATL,DFW,364.0,2026-04-25 06:04:00,2026-04-25 10:04:00,2026-04-25 11:40:00,2026-04-25 09:52:00,20.56,14.44,68.01,240.0,4.0,29.82,0.0,10.0,,M,False,False,False,12.0,2026-04-25 11:53:00,21.67,20.0,90.26,140.0,7.0,29.71,0.0,6.0,,BR,False,False,False,13.0
2026-04-25,2026,4,25,6,AS,,6427,ATL,DFW,604.0,740.0,612.0,707.0,,,96.0,,,731.0,0,0,,,,,,DEP_FROM_ATL,DFW,364.0,2026-04-25 06:04:00,2026-04-25 10:04:00,2026-04-25 11:40:00,2026-04-25 09:52:00,20.56,14.44,68.01,240.0,4.0,29.82,0.0,10.0,,M,False,False,False,12.0,2026-04-25 11:53:00,21.67,20.0,90.26,140.0,7.0,29.71,0.0,6.0,,BR,False,False,False,13.0
2026-04-25,2026,4,25,6,KE,,7148,ATL,DFW,725.0,850.0,748.0,852.0,2.0,2.0,85.0,,,731.0,0,0,,,,,,DEP_FROM_ATL,DFW,445.0,2026-04-25 07:25:00,2026-04-25 11:25:00,2026-04-25 12:50:00,2026-04-25 11:52:00,19.44,13.89,70.27,220.0,3.0,29.85,0.0,10.0,,M,False,False,False,27.0,2026-04-25 12:53:00,22.78,21.11,90.34,150.0,8.0,29.73,0.0,3.0,,BR,False,False,False,3.0
2026-04-25,2026,4,25,6,DL,,839,ATL,DFW,725.0,850.0,748.0,852.0,2.0,2.0,85.0,,,731.0,0,0,,,,,,DEP_FROM_ATL,DFW,445.0,2026-04-25 07:25:00,2026-04-25 11:25:00,2026-04-25 12:50:00,2026-04-25 11:52:00,19.44,13.89,70.27,220.0,3.0,29.85,0.0,10.0,,M,False,False,False,27.0,2026-04-25 12:53:00,22.78,21.11,90.34,150.0,8.0,29.73,0.0,3.0,,BR,False,False,False,3.0
2026-04-25,2026,4,25,6,AA,,1567,ATL,DFW,821.0,955.0,825.0,916.0,,,94.0,,,731.0,0,0,,,,,,DEP_FROM_ATL,DFW,501.0,2026-04-25 08:21:00,2026-04-25 12:21:00,2026-04-25 13:55:00,2026-04-25 11:52:00,19.44,13.89,70.27,220.0,3.0,29.85,0.0,10.0,,M,False,False,False,29.0,2026-04-25 13:53:00,24.44,21.67,84.55,170.0,9.0,29.74,0.0,6.0,,HZ,False,False,False,2.0
2026-04-25,2026,4,25,6,JL,,7281,ATL,DFW,821.0,955.0,825.0,916.0,,,94.0,,,731.0,0,0,,,,,,DEP_FROM_ATL,DFW,501.0,2026-04-25 08:21:00,2026-04-25 12:21:00,2026-04-25 13:55:00,2026-04-25 11:52:00,19.44,13.89,70.27,220.0,3.0,29.85,0.0,10.0,,M,False,False,False,29.0,2026-04-25 13:53:00,24.44,21.67,84.55,170.0,9.0,29.74,0.0,6.0,,HZ,False,False,False,2.0
2026-04-25,2026,4,25,6,AS,,6133,ATL,DFW,821.0,955.0,825.0,916.0,,,94.0,,,731.0,0,0,,,,,,DEP_FROM_ATL,DFW,501.0,2026-04-25 08:21:00,2026-04-25 12:21:00,2026-04-25 13:55:00,2026-04-25 11:52:00,19.44,13.89,70.27,220.0,3.0,29.85,0.0,10.0,,M,False,False,False,29.0,2026-04-25 13:53:00,24.44,21.67,84.55,170.0,9.0,29.74,0.0,6.0,,HZ,False,False,False,2.0
2026-04-25,2026,4,25,6,WS,,8080,ATL,DFW,905.0,1029.0,913.0,1009.0,,,84.0,,,731.0,0,0,,,,,,DEP_FROM_ATL,DFW,545.0,2026-04-25 09:05:00,2026-04-25 13:05:00,2026-04-25 14:29:00,2026-04-25 12:52:00,19.44,14.44,72.85,220.0,6.0,29.86,0.0,10.0,,M,False,False,False,13.0,2026-04-25 14:22:00,25.0,21.11,79.06,180.0,13.0,29.74,0.0,7.0,,M,False,False,False,7.0
2026-04-25,2026,4,25,6,LA,,6589,ATL,DFW,905.0,1029.0,913.0,1009.0,,,84.0,,,731.0,0,0,,,,,,DEP_FROM_ATL,DFW,545.0,2026-04-25 09:05:00,2026-04-25 13:05:00,2026-04-25 14:29:00,2026-04-25 12:52:00,19.44,14.44,72.85,220.0,6.0,29.86,0.0,10.0,,M,False,False,False,13.0,2026-04-25 14:22:00,25.0,21.11,79.06,180.0,13.0,29.74,0.0,7.0,,M,False,False,False,7.0
2026-04-25,2026,4,25,6,KE,,3706,ATL,DFW,905.0,1029.0,913.0,1009.0,,,84.0,,,731.0,0,0,,,,,,DEP_FROM_ATL,DFW,545.0,2026-04-25 09:05:00,2026-04-25 13:05:00,2026-04-25 14:29:00,2026-04-25 12:52:00,19.44,14.44,72.85,220.0,6.0,29.86,0.0,10.0,,M,False,False,False,13.0,2026-04-25 14:22:00,25.0,21.11,79.06,180.0,13.0,29.74,0.0,7.0,,M,False,False,False,7.0
2026-04-25,2026,4,25,6,DL,,961,ATL,DFW,905.0,1029.0,913.0,1009.0,,,84.0,,,731.0,0,0,,,,,,DEP_FROM_ATL,DFW,545.0,2026-04-25 09:05:00,2026-04-25 13:05:00,2026-04-25 14:29:00,2026-04-25 12:52:00,19.44,14.44,72.85,220.0,6.0,29.86,0.0,10.0,,M,False,False,False,13.0,2026-04-25 14:22:00,25.0,21.11,79.06,180.0,13.0,29.74,0.0,7.0,,M,False,False,False,7.0
2026-04-25,2026,4,25,6,AA,,1816,ATL,DFW,1100.0,1230.0,1104.0,1157.0,,,90.0,,,731.0,0,0,,,,,,DEP_FROM_ATL,DFW,660.0,2026-04-25 11:00:00,2026-04-25 15:00:00,2026-04-25 16:30:00,2026-04-25 14:52:00,21.67,15.0,65.84,270.0,11.0,29.85,0.0,10.0,,M,False,False,False,8.0,2026-04-25 16:27:00,26.67,21.11,71.64,200.0,15.0,29.74,0.0,9.0,,M,False,False,False,3.0
2026-04-25,2026,4,25,6,AS,,4126,ATL,DFW,1100.0,1230.0,1104.0,1157.0,,,90.0,,,731.0,0,0,,,,,,DEP_FROM_ATL,DFW,660.0,2026-04-25 11:00:00,2026-04-25 15:00:00,2026-04-25 16:30:00,2026-04-25 14:52:00,21.67,15.0,65.84,270.0,11.0,29.85,0.0,10.0,,M,False,False,False,8.0,2026-04-25 16:27:00,26.67,21.11,71.64,200.0,15.0,29.74,0.0,9.0,,M,False,False,False,3.0
2026-04-25,2026,4,25,6,DL,,414,ATL,DFW,1108.0,1231.0,1113.0,1201.0,,,83.0,,,731.0,0,0,,,,,,DEP_FROM_ATL,DFW,668.0,2026-04-25 11:08:00,2026-04-25 15:08:00,2026-04-25 16:31:00,2026-04-25 14:52:00,21.67,15.0,65.84,270.0,11.0,29.85,0.0,10.0,,M,False,False,False,16.0,2026-04-25 16:27:00,26.67,21.11,71.64,200.0,15.0,29.74,0.0,9.0,,M,False,False,False,4.0
2026-04-25,2026,4,25,6,AM,,4490,ATL,DFW,1108.0,1231.0,1113.0,1201.0,,,83.0,,,731.0,0,0,,,,,,DEP_FROM_ATL,DFW,668.0,2026-04-25 11:08:00,2026-04-25 15:08:00,2026-04-25 16:31:00,2026-04-25 14:52:00,21.67,15.0,65.84,270.0,11.0,29.85,0.0,10.0,,M,False,False,False,16.0,2026-04-25 16:27:00,26.67,21.11,71.64,200.0,15.0,29.74,0.0,9.0,,M,False,False,False,4.0
2026-04-25,2026,4,25,6,LA,,6149,ATL,DFW,1108.0,1231.0,1113.0,1201.0,,,83.0,,,731.0,0,0,,,,,,DEP_FROM_ATL,DFW,668.0,2026-04-25 11:08:00,2026-04-25 15:08:00,2026-04-25 16:31:00,2026-04-25 14:52:00,21.67,15.0,65.84,270.0,11.0,29.85,0.0,10.0,,M,False,False,False,16.0,2026-04-25 16:27:00,26.67,21.11,71.64,200.0,15.0,29.74,0.0,9.0,,M,False,False,False,4.0
2026-04-25,2026,4,25,6,WS,,6482,ATL,DFW,1108.0,1231.0,1113.0,1201.0,,,83.0,,,731.0,0,0,,,,,,DEP_FROM_ATL,DFW,668.0,2026-04-25 11:08:00,2026-04-25 15:08:00,2026-04-25 16:31:00,2026-04-25 14:52:00,21.67,15.0,65.84,270.0,11.0,29.85,0.0,10.0,,M,False,False,False,16.0,2026-04-25 16:27:00,26.67,21.11,71.64,200.0,15.0,29.74,0.0,9.0,,M,False,False,False,4.0
2026-04-25,2026,4,25,6,KE,,5320,ATL,DFW,1108.0,1231.0,1113.0,1201.0,,,83.0,,,731.0,0,0,,,,,,DEP_FROM_ATL,DFW,668.0,2026-04-25 11:08:00,2026-04-25 15:08:00,2026-04-25 16:31:00,2026-04-25 14:52:00,21.67,15.0,65.84,270.0,11.0,29.85,0.0,10.0,,M,False,False,False,16.0,2026-04-25 16:27:00,26.67,21.11,71.64,200.0,15.0,29.74,0.0,9.0,,M,False,False,False,4.0
2026-04-25,2026,4,25,6,AS,,6572,ATL,DFW,1222.0,1353.0,1232.0,1328.0,,,91.0,,,731.0,0,0,,,,,,DEP_FROM_ATL,DFW,742.0,2026-04-25 12:22:00,2026-04-25 16:22:00,2026-04-25 17:53:00,2026-04-25 16:25:00,21.67,15.0,65.84,250.0,10.0,29.87,0.0,10.0,22.0,M,False,False,False,3.0,2026-04-25 17:53:00,28.89,21.11,62.94,190.0,14.0,29.72,0.0,10.0,22.0,M,False,False,False,0.0
2026-04-25,2026,4,25,6,GF,,6582,ATL,DFW,1222.0,1353.0,1232.0,1328.0,,,91.0,,,731.0,0,0,,,,,,DEP_FROM_ATL,DFW,742.0,2026-04-25 12:22:00,2026-04-25 16:22:00,2026-04-25 17:53:00,2026-04-25 16:25:00,21.67,15.0,65.84,250.0,10.0,29.87,0.0,10.0,22.0,M,False,False,False,3.0,2026-04-25 17:53:00,28.89,21.11,62.94,190.0,14.0,29.72,0.0,10.0,22.0,M,False,False,False,0.0
2026-04-25,2026,4,25,6,AA,,1791,ATL,DFW,1222.0,1353.0,1232.0,1328.0,,,91.0,,,731.0,0,0,,,,,,DEP_FROM_ATL,DFW,742.0,2026-04-25 12:22:00,2026-04-25 16:22:00,2026-04-25 17:53:00,2026-04-25 16:25:00,21.67,15.0,65.84,250.0,10.0,29.87,0.0,10.0,22.0,M,False,False,False,3.0,2026-04-25 17:53:00,28.89,21.11,62.94,190.0,14.0,29.72,0.0,10.0,22.0,M,False,False,False,0.0
2026-04-25,2026,4,25,6,AS,,6882,ATL,DFW,1338.0,1510.0,1341.0,1438.0,,,92.0,,,731.0,0,0,,,,,,DEP_FROM_ATL,DFW,818.0,2026-04-25 13:38:00,2026-04-25 17:38:00,2026-04-25 19:10:00,2026-04-25 17:52:00,20.0,15.56,75.59,270.0,6.0,29.87,0.001,9.0,,-RA,True,False,False,14.0,2026-04-25 18:53:00,29.44,21.67,63.06,170.0,12.0,29.69,0.0,10.0,20.0,M,False,False,False,17.0
2026-04-25,2026,4,25,6,AA,,1793,ATL,DFW,1338.0,1510.0,1341.0,1438.0,,,92.0,,,731.0,0,0,,,,,,DEP_FROM_ATL,DFW,818.0,2026-04-25 13:38:00,2026-04-25 17:38:00,2026-04-25 19:10:00,2026-04-25 17:52:00,20.0,15.56,75.59,270.0,6.0,29.87,0.001,9.0,,-RA,True,False,False,14.0,2026-04-25 18:53:00,29.44,21.67,63.06,170.0,12.0,29.69,0.0,10.0,20.0,M,False,False,False,17.0
2026-04-25,2026,4,25,6,GF,,6694,ATL,DFW,1338.0,1510.0,1341.0,1438.0,,,92.0,,,731.0,0,0,,,,,,DEP_FROM_ATL,DFW,818.0,2026-04-25 13:38:00,2026-04-25 17:38:00,2026-04-25 19:10:00,2026-04-25 17:52:00,20.0,15.56,75.59,270.0,6.0,29.87,0.001,9.0,,-RA,True,False,False,14.0,2026-04-25 18:53:00,29.44,21.67,63.06,170.0,12.0,29.69,0.0,10.0,20.0,M,False,False,False,17.0
2026-04-25,2026,4,25,6,AY,,4069,ATL,DFW,1338.0,1510.0,1341.0,1438.0,,,92.0,,,731.0,0,0,,,,,,DEP_FROM_ATL,DFW,818.0,2026-04-25 13:38:00,2026-04-25 17:38:00,2026-04-25 19:10:00,2026-04-25 17:52:00,20.0,15.56,75.59,270.0,6.0,29.87,0.001,9.0,,-RA,True,False,False,14.0,2026-04-25 18:53:00,29.44,21.67,63.06,170.0,12.0,29.69,0.0,10.0,20.0,M,False,False,False,17.0
2026-04-25,2026,4,25,6,LA,,6180,ATL,DFW,1347.0,1514.0,1358.0,1456.0,,,87.0,,,731.0,0,0,,,,,,DEP_FROM_ATL,DFW,827.0,2026-04-25 13:47:00,2026-04-25 17:47:00,2026-04-25 19:14:00,2026-04-25 17:52:00,20.0,15.56,75.59,270.0,6.0,29.87,0.001,9.0,,-RA,True,False,False,5.0,2026-04-25 18:53:00,29.44,21.67,63.06,170.0,12.0,29.69,0.0,10.0,20.0,M,False,False,False,21.0
2026-04-25,2026,4,25,6,DL,,921,ATL,DFW,1347.0,1514.0,1358.0,1456.0,,,87.0,,,731.0,0,0,,,,,,DEP_FROM_ATL,DFW,827.0,2026-04-25 13:47:00,2026-04-25 17:47:00,2026-04-25 19:14:00,2026-04-25 17:52:00,20.0,15.56,75.59,270.0,6.0,29.87,0.001,9.0,,-RA,True,False,False,5.0,2026-04-25 18:53:00,29.44,21.67,63.06,170.0,12.0,29.69,0.0,10.0,20.0,M,False,False,False,21.0
2026-04-25,2026,4,25,6,KE,,6881,ATL,DFW,1347.0,1514.0,1358.0,1456.0,,,87.0,,,731.0,0,0,,,,,,DEP_FROM_ATL,DFW,827.0,2026-04-25 13:47:00,2026-04-25 17:47:00,2026-04-25 19:14:00,2026-04-25 17:52:00,20.0,15.56,75.59,270.0,6.0,29.87,0.001,9.0,,-RA,True,False,False,5.0,2026-04-25 18:53:00,29.44,21.67,63.06,170.0,12.0,29.69,0.0,10.0,20.0,M,False,False,False,21.0
2026-04-25,2026,4,25,6,VS,,5071,ATL,DFW,1547.0,1714.0,1552.0,1648.0,,,87.0,,,731.0,0,0,,,,,,DEP_FROM_ATL,DFW,947.0,2026-04-25 15:47:00,2026-04-25 19:47:00,2026-04-25 21:14:00,2026-04-25 19:52:00,22.78,16.11,66.08,220.0,4.0,29.83,0.0,10.0,,M,False,False,False,5.0,2026-04-25 20:53:00,30.56,21.67,59.17,160.0,16.0,29.66,0.0,10.0,25.0,M,False,False,False,21.0
2026-04-25,2026,4,25,6,KL,,5108,ATL,DFW,1547.0,1714.0,1552.0,1648.0,,,87.0,,,731.0,0,0,,,,,,DEP_FROM_ATL,DFW,947.0,2026-04-25 15:47:00,2026-04-25 19:47:00,2026-04-25 21:14:00,2026-04-25 19:52:00,22.78,16.11,66.08,220.0,4.0,29.83,0.0,10.0,,M,False,False,False,5.0,2026-04-25 20:53:00,30.56,21.67,59.17,160.0,16.0,29.66,0.0,10.0,25.0,M,False,False,False,21.0
2026-04-25,2026,4,25,6,KE,,3151,ATL,DFW,1547.0,1714.0,1552.0,1648.0,,,87.0,,,731.0,0,0,,,,,,DEP_FROM_ATL,DFW,947.0,2026-04-25 15:47:00,2026-04-25 19:47:00,2026-04-25 21:14:00,2026-04-25 19:52:00,22.78,16.11,66.08,220.0,4.0,29.83,0.0,10.0,,M,False,False,False,5.0,2026-04-25 20:53:00,30.56,21.67,59.17,160.0,16.0,29.66,0.0,10.0,25.0,M,False,False,False,21.0
2026-04-25,2026,4,25,6,DL,,374,ATL,DFW,1547.0,1714.0,1552.0,1648.0,,,87.0,,,731.0,0,0,,,,,,DEP_FROM_ATL,DFW,947.0,2026-04-25 15:47:00,2026-04-25 19:47:00,2026-04-25 21:14:00,2026-04-25 19:52:00,22.78,16.11,66.08,220.0,4.0,29.83,0.0,10.0,,M,False,False,False,5.0,2026-04-25 20:53:00,30.56,21.67,59.17,160.0,16.0,29.66,0.0,10.0,25.0,M,False,False,False,21.0
2026-04-25,2026,4,25,6,WS,,6502,ATL,DFW,1547.0,1714.0,1552.0,1648.0,,,87.0,,,731.0,0,0,,,,,,DEP_FROM_ATL,DFW,947.0,2026-04-25 15:47:00,2026-04-25 19:47:00,2026-04-25 21:14:00,2026-04-25 19:52:00,22.78,16.11,66.08,220.0,4.0,29.83,0.0,10.0,,M,False,False,False,5.0,2026-04-25 20:53:00,30.56,21.67,59.17,160.0,16.0,29.66,0.0,10.0,25.0,M,False,False,False,21.0
2026-04-25,2026,4,25,6,AF,,2373,ATL,DFW,1547.0,1714.0,1552.0,1648.0,,,87.0,,,731.0,0,0,,,,,,DEP_FROM_ATL,DFW,947.0,2026-04-25 15:47:00,2026-04-25 19:47:00,2026-04-25 21:14:00,2026-04-25 19:52:00,22.78,16.11,66.08,220.0,4.0,29.83,0.0,10.0,,M,False,False,False,5.0,2026-04-25 20:53:00,30.56,21.67,59.17,160.0,16.0,29.66,0.0,10.0,25.0,M,False,False,False,21.0
2026-04-25,2026,4,25,6,QR,,7653,ATL,DFW,1636.0,1807.0,1717.0,1817.0,10.0,10.0,91.0,,,731.0,0,0,,,,,,DEP_FROM_ATL,DFW,996.0,2026-04-25 16:36:00,2026-04-25 20:36:00,2026-04-25 22:07:00,2026-04-25 20:42:00,22.78,15.56,63.78,230.0,5.0,29.81,0.0,10.0,,M,False,False,False,6.0,2026-04-25 21:53:00,30.0,20.56,57.06,180.0,18.0,29.65,0.0,10.0,25.0,M,False,False,False,14.0
2026-04-25,2026,4,25,6,QF,,4375,ATL,DFW,1636.0,1807.0,1717.0,1817.0,10.0,10.0,91.0,,,731.0,0,0,,,,,,DEP_FROM_ATL,DFW,996.0,2026-04-25 16:36:00,2026-04-25 20:36:00,2026-04-25 22:07:00,2026-04-25 20:42:00,22.78,15.56,63.78,230.0,5.0,29.81,0.0,10.0,,M,False,False,False,6.0,2026-04-25 21:53:00,30.0,20.56,57.06,180.0,18.0,29.65,0.0,10.0,25.0,M,False,False,False,14.0
2026-04-25,2026,4,25,6,AA,,1810,ATL,DFW,1636.0,1807.0,1717.0,1817.0,10.0,10.0,91.0,,,731.0,0,0,,,,,,DEP_FROM_ATL,DFW,996.0,2026-04-25 16:36:00,2026-04-25 20:36:00,2026-04-25 22:07:00,2026-04-25 20:42:00,22.78,15.56,63.78,230.0,5.0,29.81,0.0,10.0,,M,False,False,False,6.0,2026-04-25 21:53:00,30.0,20.56,57.06,180.0,18.0,29.65,0.0,10.0,25.0,M,False,False,False,14.0
2026-04-25,2026,4,25,6,AS,,6286,ATL,DFW,1636.0,1807.0,1717.0,1817.0,10.0,10.0,91.0,,,731.0,0,0,,,,,,DEP_FROM_ATL,DFW,996.0,2026-04-25 16:36:00,2026-04-25 20:36:00,2026-04-25 22:07:00,2026-04-25 20:42:00,22.78,15.56,63.78,230.0,5.0,29.81,0.0,10.0,,M,False,False,False,6.0,2026-04-25 21:53:00,30.0,20.56,57.06,180.0,18.0,29.65,0.0,10.0,25.0,M,False,False,False,14.0
2026-04-25,2026,4,25,6,G3,,6213,ATL,DFW,1636.0,1807.0,1717.0,1817.0,10.0,10.0,91.0,,,731.0,0,0,,,,,,DEP_FROM_ATL,DFW,996.0,2026-04-25 16:36:00,2026-04-25 20:36:00,2026-04-25 22:07:00,2026-04-25 20:42:00,22.78,15.56,63.78,230.0,5.0,29.81,0.0,10.0,,M,False,False,False,6.0,2026-04-25 21:53:00,30.0,20.56,57.06,180.0,18.0,29.65,0.0,10.0,25.0,M,False,False,False,14.0
2026-04-25,2026,4,25,6,Y4,,2107,ATL,DFW,1736.0,1925.0,1810.0,1907.0,,,109.0,,,731.0,0,0,,,,,,DEP_FROM_ATL,DFW,1056.0,2026-04-25 17:36:00,2026-04-25 21:36:00,2026-04-25 23:25:00,2026-04-25 21:52:00,23.33,16.11,63.9,260.0,4.0,29.81,0.0,10.0,,M,False,False,False,16.0,2026-04-25 23:53:00,28.33,19.44,58.64,170.0,12.0,29.64,0.0,10.0,,M,False,False,False,28.0
2026-04-25,2026,4,25,6,F9,,1269,ATL,DFW,1736.0,1925.0,1810.0,1907.0,,,109.0,,,731.0,0,0,,,,,,DEP_FROM_ATL,DFW,1056.0,2026-04-25 17:36:00,2026-04-25 21:36:00,2026-04-25 23:25:00,2026-04-25 21:52:00,23.33,16.11,63.9,260.0,4.0,29.81,0.0,10.0,,M,False,False,False,16.0,2026-04-25 23:53:00,28.33,19.44,58.64,170.0,12.0,29.64,0.0,10.0,,M,False,False,False,28.0
2026-04-25,2026,4,25,6,QF,,4312,ATL,DFW,1840.0,2015.0,1848.0,1948.0,,,95.0,,,731.0,0,0,,,,,,DEP_FROM_ATL,DFW,1120.0,2026-04-25 18:40:00,2026-04-25 22:40:00,2026-04-26 00:15:00,2026-04-25 22:52:00,23.33,16.11,63.9,250.0,4.0,29.8,0.0,10.0,,M,False,False,False,12.0,2026-04-25 23:53:00,28.33,19.44,58.64,170.0,12.0,29.64,0.0,10.0,,M,False,False,False,22.0
2026-04-25,2026,4,25,6,CX,,7635,ATL,DFW,1840.0,2015.0,1848.0,1948.0,,,95.0,,,731.0,0,0,,,,,,DEP_FROM_ATL,DFW,1120.0,2026-04-25 18:40:00,2026-04-25 22:40:00,2026-04-26 00:15:00,2026-04-25 22:52:00,23.33,16.11,63.9,250.0,4.0,29.8,0.0,10.0,,M,False,False,False,12.0,2026-04-25 23:53:00,28.33,19.44,58.64,170.0,12.0,29.64,0.0,10.0,,M,False,False,False,22.0
2026-04-25,2026,4,25,6,G3,,6267,ATL,DFW,1840.0,2015.0,1848.0,1948.0,,,95.0,,,731.0,0,0,,,,,,DEP_FROM_ATL,DFW,1120.0,2026-04-25 18:40:00,2026-04-25 22:40:00,2026-04-26 00:15:00,2026-04-25 22:52:00,23.33,16.11,63.9,250.0,4.0,29.8,0.0,10.0,,M,False,False,False,12.0,2026-04-25 23:53:00,28.33,19.44,58.64,170.0,12.0,29.64,0.0,10.0,,M,False,False,False,22.0
2026-04-25,2026,4,25,6,AA,,1811,ATL,DFW,1840.0,2015.0,1848.0,1948.0,,,95.0,,,731.0,0,0,,,,,,DEP_FROM_ATL,DFW,1120.0,2026-04-25 18:40:00,2026-04-25 22:40:00,2026-04-26 00:15:00,2026-04-25 22:52:00,23.33,16.11,63.9,250.0,4.0,29.8,0.0,10.0,,M,False,False,False,12.0,2026-04-25 23:53:00,28.33,19.44,58.64,170.0,12.0,29.64,0.0,10.0,,M,False,False,False,22.0
2026-04-25,2026,4,25,6,GF,,4329,ATL,DFW,1840.0,2015.0,1848.0,1948.0,,,95.0,,,731.0,0,0,,,,,,DEP_FROM_ATL,DFW,1120.0,2026-04-25 18:40:00,2026-04-25 22:40:00,2026-04-26 00:15:00,2026-04-25 22:52:00,23.33,16.11,63.9,250.0,4.0,29.8,0.0,10.0,,M,False,False,False,12.0,2026-04-25 23:53:00,28.33,19.44,58.64,170.0,12.0,29.64,0.0,10.0,,M,False,False,False,22.0
2026-04-25,2026,4,25,6,FJ,,5024,ATL,DFW,1840.0,2015.0,1848.0,1948.0,,,95.0,,,731.0,0,0,,,,,,DEP_FROM_ATL,DFW,1120.0,2026-04-25 18:40:00,2026-04-25 22:40:00,2026-04-26 00:15:00,2026-04-25 22:52:00,23.33,16.11,63.9,250.0,4.0,29.8,0.0,10.0,,M,False,False,False,12.0,2026-04-25 23:53:00,28.33,19.44,58.64,170.0,12.0,29.64,0.0,10.0,,M,False,False,False,22.0
2026-04-25,2026,4,25,6,AS,,4606,ATL,DFW,1840.0,2015.0,1848.0,1948.0,,,95.0,,,731.0,0,0,,,,,,DEP_FROM_ATL,DFW,1120.0,2026-04-25 18:40:00,2026-04-25 22:40:00,2026-04-26 00:15:00,2026-04-25 22:52:00,23.33,16.11,63.9,250.0,4.0,29.8,0.0,10.0,,M,False,False,False,12.0,2026-04-25 23:53:00,28.33,19.44,58.64,170.0,12.0,29.64,0.0,10.0,,M,False,False,False,22.0
2026-04-25,2026,4,25,6,VS,,5073,ATL,DFW,1945.0,2112.0,2025.0,2124.0,12.0,12.0,87.0,,,731.0,0,0,,,,,,DEP_FROM_ATL,DFW,1185.0,2026-04-25 19:45:00,2026-04-25 23:45:00,2026-04-26 01:12:00,2026-04-25 23:52:00,22.78,15.0,61.54,230.0,5.0,29.82,0.0,10.0,,M,False,False,False,7.0,2026-04-26 01:00:00,27.78,20.0,62.69,150.0,9.0,29.64,0.0,10.0,,TS,False,False,False,12.0
2026-04-25,2026,4,25,6,WS,,6999,ATL,DFW,1945.0,2112.0,2025.0,2124.0,12.0,12.0,87.0,,,731.0,0,0,,,,,,DEP_FROM_ATL,DFW,1185.0,2026-04-25 19:45:00,2026-04-25 23:45:00,2026-04-26 01:12:00,2026-04-25 23:52:00,22.78,15.0,61.54,230.0,5.0,29.82,0.0,10.0,,M,False,False,False,7.0,2026-04-26 01:00:00,27.78,20.0,62.69,150.0,9.0,29.64,0.0,10.0,,TS,False,False,False,12.0
2026-04-25,2026,4,25,6,LA,,6552,ATL,DFW,1945.0,2112.0,2025.0,2124.0,12.0,12.0,87.0,,,731.0,0,0,,,,,,DEP_FROM_ATL,DFW,1185.0,2026-04-25 19:45:00,2026-04-25 23:45:00,2026-04-26 01:12:00,2026-04-25 23:52:00,22.78,15.0,61.54,230.0,5.0,29.82,0.0,10.0,,M,False,False,False,7.0,2026-04-26 01:00:00,27.78,20.0,62.69,150.0,9.0,29.64,0.0,10.0,,TS,False,False,False,12.0
2026-04-25,2026,4,25,6,KL,,5217,ATL,DFW,1945.0,2112.0,2025.0,2124.0,12.0,12.0,87.0,,,731.0,0,0,,,,,,DEP_FROM_ATL,DFW,1185.0,2026-04-25 19:45:00,2026-04-25 23:45:00,2026-04-26 01:12:00,2026-04-25 23:52:00,22.78,15.0,61.54,230.0,5.0,29.82,0.0,10.0,,M,False,False,False,7.0,2026-04-26 01:00:00,27.78,20.0,62.69,150.0,9.0,29.64,0.0,10.0,,TS,False,False,False,12.0
2026-04-25,2026,4,25,6,AF,,2114,ATL,DFW,1945.0,2112.0,2025.0,2124.0,12.0,12.0,87.0,,,731.0,0,0,,,,,,DEP_FROM_ATL,DFW,1185.0,2026-04-25 19:45:00,2026-04-25 23:45:00,2026-04-26 01:12:00,2026-04-25 23:52:00,22.78,15.0,61.54,230.0,5.0,29.82,0.0,10.0,,M,False,False,False,7.0,2026-04-26 01:00:00,27.78,20.0,62.69,150.0,9.0,29.64,0.0,10.0,,TS,False,False,False,12.0
2026-04-25,2026,4,25,6,AF,,5976,ATL,DFW,1945.0,2112.0,2025.0,2124.0,12.0,12.0,87.0,,,731.0,0,0,,,,,,DEP_FROM_ATL,DFW,1185.0,2026-04-25 19:45:00,2026-04-25 23:45:00,2026-04-26 01:12:00,2026-04-25 23:52:00,22.78,15.0,61.54,230.0,5.0,29.82,0.0,10.0,,M,False,False,False,7.0,2026-04-26 01:00:00,27.78,20.0,62.69,150.0,9.0,29.64,0.0,10.0,,TS,False,False,False,12.0
2026-04-25,2026,4,25,6,KE,,7171,ATL,DFW,1945.0,2112.0,2025.0,2124.0,12.0,12.0,87.0,,,731.0,0,0,,,,,,DEP_FROM_ATL,DFW,1185.0,2026-04-25 19:45:00,2026-04-25 23:45:00,2026-04-26 01:12:00,2026-04-25 23:52:00,22.78,15.0,61.54,230.0,5.0,29.82,0.0,10.0,,M,False,False,False,7.0,2026-04-26 01:00:00,27.78,20.0,62.69,150.0,9.0,29.64,0.0,10.0,,TS,False,False,False,12.0
2026-04-25,2026,4,25,6,DL,,31,ATL,DFW,1945.0,2112.0,2025.0,2124.0,12.0,12.0,87.0,,,731.0,0,0,,,,,,DEP_FROM_ATL,DFW,1185.0,2026-04-25 19:45:00,2026-04-25 23:45:00,2026-04-26 01:12:00,2026-04-25 23:52:00,22.78,15.0,61.54,230.0,5.0,29.82,0.0,10.0,,M,False,False,False,7.0,2026-04-26 01:00:00,27.78,20.0,62.69,150.0,9.0,29.64,0.0,10.0,,TS,False,False,False,12.0
2026-04-25,2026,4,25,6,F9,,3097,ATL,DFW,2115.0,2305.0,2140.0,2240.0,,,110.0,,,731.0,0,0,,,,,,DEP_FROM_ATL,DFW,1275.0,2026-04-25 21:15:00,2026-04-26 01:15:00,2026-04-26 03:05:00,2026-04-26 00:52:00,21.67,16.11,70.7,210.0,6.0,29.83,0.0,10.0,,M,False,False,False,23.0,2026-04-26 02:53:00,27.22,20.0,64.76,120.0,9.0,29.68,0.0,10.0,,TS,False,False,False,12.0
2026-04-25,2026,4,25,6,Y4,,2517,ATL,DFW,2115.0,2305.0,2140.0,2240.0,,,110.0,,,731.0,0,0,,,,,,DEP_FROM_ATL,DFW,1275.0,2026-04-25 21:15:00,2026-04-26 01:15:00,2026-04-26 03:05:00,2026-04-26 00:52:00,21.67,16.11,70.7,210.0,6.0,29.83,0.0,10.0,,M,False,False,False,23.0,2026-04-26 02:53:00,27.22,20.0,64.76,120.0,9.0,29.68,0.0,10.0,,TS,False,False,False,12.0
2026-04-25,2026,4,25,6,KL,,5219,ATL,DFW,2305.0,32.0,2315.0,35.0,3.0,3.0,87.0,,,731.0,0,0,,,,,,DEP_FROM_ATL,DFW,1385.0,2026-04-25 23:05:00,2026-04-26 03:05:00,2026-04-26 04:32:00,2026-04-26 02:52:00,20.56,16.67,78.41,210.0,9.0,29.83,0.001,10.0,,-RA,True,False,False,13.0,2026-04-26 04:53:00,25.0,20.56,76.41,170.0,16.0,29.7,0.51,7.0,,TSRA,True,False,False,21.0
2026-04-25,2026,4,25,6,LA,,6313,ATL,DFW,2305.0,32.0,2315.0,35.0,3.0,3.0,87.0,,,731.0,0,0,,,,,,DEP_FROM_ATL,DFW,1385.0,2026-04-25 23:05:00,2026-04-26 03:05:00,2026-04-26 04:32:00,2026-04-26 02:52:00,20.56,16.67,78.41,210.0,9.0,29.83,0.001,10.0,,-RA,True,False,False,13.0,2026-04-26 04:53:00,25.0,20.56,76.41,170.0,16.0,29.7,0.51,7.0,,TSRA,True,False,False,21.0
2026-04-25,2026,4,25,6,SK,,3716,ATL,DFW,2305.0,32.0,2315.0,35.0,3.0,3.0,87.0,,,731.0,0,0,,,,,,DEP_FROM_ATL,DFW,1385.0,2026-04-25 23:05:00,2026-04-26 03:05:00,2026-04-26 04:32:00,2026-04-26 02:52:00,20.56,16.67,78.41,210.0,9.0,29.83,0.001,10.0,,-RA,True,False,False,13.0,2026-04-26 04:53:00,25.0,20.56,76.41,170.0,16.0,29.7,0.51,7.0,,TSRA,True,False,False,21.0
2026-04-25,2026,4,25,6,AF,,2621,ATL,DFW,2305.0,32.0,2315.0,35.0,3.0,3.0,87.0,,,731.0,0,0,,,,,,DEP_FROM_ATL,DFW,1385.0,2026-04-25 23:05:00,2026-04-26 03:05:00,2026-04-26 04:32:00,2026-04-26 02:52:00,20.56,16.67,78.41,210.0,9.0,29.83,0.001,10.0,,-RA,True,False,False,13.0,2026-04-26 04:53:00,25.0,20.56,76.41,170.0,16.0,29.7,0.51,7.0,,TSRA,True,False,False,21.0
2026-04-25,2026,4,25,6,WS,,6499,ATL,DFW,2305.0,32.0,2315.0,35.0,3.0,3.0,87.0,,,731.0,0,0,,,,,,DEP_FROM_ATL,DFW,1385.0,2026-04-25 23:05:00,2026-04-26 03:05:00,2026-04-26 04:32:00,2026-04-26 02:52:00,20.56,16.67,78.41,210.0,9.0,29.83,0.001,10.0,,-RA,True,False,False,13.0,2026-04-26 04:53:00,25.0,20.56,76.41,170.0,16.0,29.7,0.51,7.0,,TSRA,True,False,False,21.0
2026-04-25,2026,4,25,6,DL,,818,ATL,DFW,2305.0,32.0,2315.0,35.0,3.0,3.0,87.0,,,731.0,0,0,,,,,,DEP_FROM_ATL,DFW,1385.0,2026-04-25 23:05:00,2026-04-26 03:05:00,2026-04-26 04:32:00,2026-04-26 02:52:00,20.56,16.67,78.41,210.0,9.0,29.83,0.001,10.0,,-RA,True,False,False,13.0,2026-04-26 04:53:00,25.0,20.56,76.41,170.0,16.0,29.7,0.51,7.0,,TSRA,True,False,False,21.0
2026-04-25,2026,4,25,6,KE,,7067,ATL,DFW,2305.0,32.0,2315.0,35.0,3.0,3.0,87.0,,,731.0,0,0,,,,,,DEP_FROM_ATL,DFW,1385.0,2026-04-25 23:05:00,2026-04-26 03:05:00,2026-04-26 04:32:00,2026-04-26 02:52:00,20.56,16.67,78.41,210.0,9.0,29.83,0.001,10.0,,-RA,True,False,False,13.0,2026-04-26 04:53:00,25.0,20.56,76.41,170.0,16.0,29.7,0.51,7.0,,TSRA,True,False,False,21.0
2026-04-25,2026,4,25,6,VS,,4951,ATL,DFW,2305.0,32.0,2315.0,35.0,3.0,3.0,87.0,,,731.0,0,0,,,,,,DEP_FROM_ATL,DFW,1385.0,2026-04-25 23:05:00,2026-04-26 03:05:00,2026-04-26 04:32:00,2026-04-26 02:52:00,20.56,16.67,78.41,210.0,9.0,29.83,0.001,10.0,,-RA,True,False,False,13.0,2026-04-26 04:53:00,25.0,20.56,76.41,170.0,16.0,29.7,0.51,7.0,,TSRA,True,False,False,21.0
2026-04-26,2026,4,26,7,AA,,2770,ATL,DFW,604.0,740.0,611.0,727.0,,,96.0,,,731.0,0,0,,,,,,DEP_FROM_ATL,DFW,364.0,2026-04-26 06:04:00,2026-04-26 10:04:00,2026-04-26 11:40:00,2026-04-26 09:52:00,17.22,15.56,89.94,310.0,5.0,29.86,0.001,0.25,,-DZ BR,True,True,False,12.0,2026-04-26 11:53:00,22.22,20.56,90.3,150.0,10.0,29.72,0.0,5.0,,BR,False,False,False,13.0
2026-04-26,2026,4,26,7,AS,,6427,ATL,DFW,604.0,740.0,611.0,727.0,,,96.0,,,731.0,0,0,,,,,,DEP_FROM_ATL,DFW,364.0,2026-04-26 06:04:00,2026-04-26 10:04:00,2026-04-26 11:40:00,2026-04-26 09:52:00,17.22,15.56,89.94,310.0,5.0,29.86,0.001,0.25,,-DZ BR,True,True,False,12.0,2026-04-26 11:53:00,22.22,20.56,90.3,150.0,10.0,29.72,0.0,5.0,,BR,False,False,False,13.0
2026-04-26,2026,4,26,7,Y4,,2505,ATL,DFW,600.0,745.0,636.0,743.0,,,105.0,,,731.0,0,0,,,,,,DEP_FROM_ATL,DFW,360.0,2026-04-26 06:00:00,2026-04-26 10:00:00,2026-04-26 11:45:00,2026-04-26 09:52:00,17.22,15.56,89.94,310.0,5.0,29.86,0.001,0.25,,-DZ BR,True,True,False,8.0,2026-04-26 11:53:00,22.22,20.56,90.3,150.0,10.0,29.72,0.0,5.0,,BR,False,False,False,8.0
2026-04-26,2026,4,26,7,F9,,3021,ATL,DFW,600.0,745.0,636.0,743.0,,,105.0,,,731.0,0,0,,,,,,DEP_FROM_ATL,DFW,360.0,2026-04-26 06:00:00,2026-04-26 10:00:00,2026-04-26 11:45:00,2026-04-26 09:52:00,17.22,15.56,89.94,310.0,5.0,29.86,0.001,0.25,,-DZ BR,True,True,False,8.0,2026-04-26 11:53:00,22.22,20.56,90.3,150.0,10.0,29.72,0.0,5.0,,BR,False,False,False,8.0
2026-04-26,2026,4,26,7,KE,,7148,ATL,DFW,725.0,850.0,743.0,846.0,,,85.0,,,731.0,0,0,,,,,,DEP_FROM_ATL,DFW,445.0,2026-04-26 07:25:00,2026-04-26 11:25:00,2026-04-26 12:50:00,2026-04-26 11:52:00,17.22,16.11,93.19,360.0,6.0,29.89,0.0,0.25,,FG,False,True,False,27.0,2026-04-26 12:53:00,22.78,20.56,87.31,130.0,10.0,29.76,0.0,3.0,,BR,False,False,False,3.0
2026-04-26,2026,4,26,7,LA,,8951,ATL,DFW,725.0,850.0,743.0,846.0,,,85.0,,,731.0,0,0,,,,,,DEP_FROM_ATL,DFW,445.0,2026-04-26 07:25:00,2026-04-26 11:25:00,2026-04-26 12:50:00,2026-04-26 11:52:00,17.22,16.11,93.19,360.0,6.0,29.89,0.0,0.25,,FG,False,True,False,27.0,2026-04-26 12:53:00,22.78,20.56,87.31,130.0,10.0,29.76,0.0,3.0,,BR,False,False,False,3.0
2026-04-26,2026,4,26,7,DL,,839,ATL,DFW,725.0,850.0,743.0,846.0,,,85.0,,,731.0,0,0,,,,,,DEP_FROM_ATL,DFW,445.0,2026-04-26 07:25:00,2026-04-26 11:25:00,2026-04-26 12:50:00,2026-04-26 11:52:00,17.22,16.11,93.19,360.0,6.0,29.89,0.0,0.25,,FG,False,True,False,27.0,2026-04-26 12:53:00,22.78,20.56,87.31,130.0,10.0,29.76,0.0,3.0,,BR,False,False,False,3.0
2026-04-26,2026,4,26,7,AA,,1567,ATL,DFW,821.0,955.0,853.0,946.0,,,94.0,,,731.0,0,0,,,,,,DEP_FROM_ATL,DFW,501.0,2026-04-26 08:21:00,2026-04-26 12:21:00,2026-04-26 13:55:00,2026-04-26 12:17:00,17.78,16.67,93.22,20.0,4.0,29.89,0.0,0.25,,BR,False,True,False,4.0,2026-04-26 13:53:00,23.33,20.56,84.43,150.0,12.0,29.79,0.0,5.0,,HZ,False,False,False,2.0
2026-04-26,2026,4,26,7,JL,,7281,ATL,DFW,821.0,955.0,853.0,946.0,,,94.0,,,731.0,0,0,,,,,,DEP_FROM_ATL,DFW,501.0,2026-04-26 08:21:00,2026-04-26 12:21:00,2026-04-26 13:55:00,2026-04-26 12:17:00,17.78,16.67,93.22,20.0,4.0,29.89,0.0,0.25,,BR,False,True,False,4.0,2026-04-26 13:53:00,23.33,20.56,84.43,150.0,12.0,29.79,0.0,5.0,,HZ,False,False,False,2.0
2026-04-26,2026,4,26,7,AS,,6133,ATL,DFW,821.0,955.0,853.0,946.0,,,94.0,,,731.0,0,0,,,,,,DEP_FROM_ATL,DFW,501.0,2026-04-26 08:21:00,2026-04-26 12:21:00,2026-04-26 13:55:00,2026-04-26 12:17:00,17.78,16.67,93.22,20.0,4.0,29.89,0.0,0.25,,BR,False,True,False,4.0,2026-04-26 13:53:00,23.33,20.56,84.43,150.0,12.0,29.79,0.0,5.0,,HZ,False,False,False,2.0
2026-04-26,2026,4,26,7,DL,,961,ATL,DFW,905.0,1029.0,917.0,1013.0,,,84.0,,,731.0,0,0,,,,,,DEP_FROM_ATL,DFW,545.0,2026-04-26 09:05:00,2026-04-26 13:05:00,2026-04-26 14:29:00,2026-04-26 12:52:00,19.44,17.22,87.0,50.0,4.0,29.9,0.0,10.0,,M,False,False,False,13.0,2026-04-26 14:53:00,23.89,21.11,84.49,150.0,9.0,29.78,0.0,6.0,,HZ,False,False,False,24.0
2026-04-26,2026,4,26,7,LA,,6589,ATL,DFW,905.0,1029.0,917.0,1013.0,,,84.0,,,731.0,0,0,,,,,,DEP_FROM_ATL,DFW,545.0,2026-04-26 09:05:00,2026-04-26 13:05:00,2026-04-26 14:29:00,2026-04-26 12:52:00,19.44,17.22,87.0,50.0,4.0,29.9,0.0,10.0,,M,False,False,False,13.0,2026-04-26 14:53:00,23.89,21.11,84.49,150.0,9.0,29.78,0.0,6.0,,HZ,False,False,False,24.0
2026-04-26,2026,4,26,7,KE,,3706,ATL,DFW,905.0,1029.0,917.0,1013.0,,,84.0,,,731.0,0,0,,,,,,DEP_FROM_ATL,DFW,545.0,2026-04-26 09:05:00,2026-04-26 13:05:00,2026-04-26 14:29:00,2026-04-26 12:52:00,19.44,17.22,87.0,50.0,4.0,29.9,0.0,10.0,,M,False,False,False,13.0,2026-04-26 14:53:00,23.89,21.11,84.49,150.0,9.0,29.78,0.0,6.0,,HZ,False,False,False,24.0
2026-04-26,2026,4,26,7,WS,,8080,ATL,DFW,905.0,1029.0,917.0,1013.0,,,84.0,,,731.0,0,0,,,,,,DEP_FROM_ATL,DFW,545.0,2026-04-26 09:05:00,2026-04-26 13:05:00,2026-04-26 14:29:00,2026-04-26 12:52:00,19.44,17.22,87.0,50.0,4.0,29.9,0.0,10.0,,M,False,False,False,13.0,2026-04-26 14:53:00,23.89,21.11,84.49,150.0,9.0,29.78,0.0,6.0,,HZ,False,False,False,24.0
2026-04-26,2026,4,26,7,NK,,1493,ATL,DFW,1013.0,1142.0,1037.0,1132.0,,,89.0,,,731.0,0,0,,,,,,DEP_FROM_ATL,DFW,613.0,2026-04-26 10:13:00,2026-04-26 14:13:00,2026-04-26 15:42:00,2026-04-26 14:32:00,21.67,17.22,75.87,340.0,6.0,29.92,0.0,10.0,,M,False,False,False,19.0,2026-04-26 15:53:00,25.0,20.0,73.83,160.0,14.0,29.77,0.0,8.0,,M,False,False,False,11.0
2026-04-26,2026,4,26,7,AA,,1816,ATL,DFW,1100.0,1230.0,1122.0,1219.0,,,90.0,,,731.0,0,0,,,,,,DEP_FROM_ATL,DFW,660.0,2026-04-26 11:00:00,2026-04-26 15:00:00,2026-04-26 16:30:00,2026-04-26 14:52:00,22.22,17.22,73.34,,6.0,29.93,0.0,10.0,,M,False,False,False,8.0,2026-04-26 16:34:00,25.0,20.56,76.41,170.0,14.0,29.78,0.0,7.0,,M,False,False,False,4.0
2026-04-26,2026,4,26,7,AS,,4126,ATL,DFW,1100.0,1230.0,1122.0,1219.0,,,90.0,,,731.0,0,0,,,,,,DEP_FROM_ATL,DFW,660.0,2026-04-26 11:00:00,2026-04-26 15:00:00,2026-04-26 16:30:00,2026-04-26 14:52:00,22.22,17.22,73.34,,6.0,29.93,0.0,10.0,,M,False,False,False,8.0,2026-04-26 16:34:00,25.0,20.56,76.41,170.0,14.0,29.78,0.0,7.0,,M,False,False,False,4.0
2026-04-26,2026,4,26,7,KE,,5320,ATL,DFW,1108.0,1231.0,1114.0,1212.0,,,83.0,,,731.0,0,0,,,,,,DEP_FROM_ATL,DFW,668.0,2026-04-26 11:08:00,2026-04-26 15:08:00,2026-04-26 16:31:00,2026-04-26 15:14:00,22.22,17.22,73.34,290.0,5.0,29.93,0.0,10.0,,M,False,False,False,6.0,2026-04-26 16:34:00,25.0,20.56,76.41,170.0,14.0,29.78,0.0,7.0,,M,False,False,False,3.0
2026-04-26,2026,4,26,7,DL,,414,ATL,DFW,1108.0,1231.0,1114.0,1212.0,,,83.0,,,731.0,0,0,,,,,,DEP_FROM_ATL,DFW,668.0,2026-04-26 11:08:00,2026-04-26 15:08:00,2026-04-26 16:31:00,2026-04-26 15:14:00,22.22,17.22,73.34,290.0,5.0,29.93,0.0,10.0,,M,False,False,False,6.0,2026-04-26 16:34:00,25.0,20.56,76.41,170.0,14.0,29.78,0.0,7.0,,M,False,False,False,3.0
2026-04-26,2026,4,26,7,LA,,6149,ATL,DFW,1108.0,1231.0,1114.0,1212.0,,,83.0,,,731.0,0,0,,,,,,DEP_FROM_ATL,DFW,668.0,2026-04-26 11:08:00,2026-04-26 15:08:00,2026-04-26 16:31:00,2026-04-26 15:14:00,22.22,17.22,73.34,290.0,5.0,29.93,0.0,10.0,,M,False,False,False,6.0,2026-04-26 16:34:00,25.0,20.56,76.41,170.0,14.0,29.78,0.0,7.0,,M,False,False,False,3.0
2026-04-26,2026,4,26,7,WS,,6482,ATL,DFW,1108.0,1231.0,1114.0,1212.0,,,83.0,,,731.0,0,0,,,,,,DEP_FROM_ATL,DFW,668.0,2026-04-26 11:08:00,2026-04-26 15:08:00,2026-04-26 16:31:00,2026-04-26 15:14:00,22.22,17.22,73.34,290.0,5.0,29.93,0.0,10.0,,M,False,False,False,6.0,2026-04-26 16:34:00,25.0,20.56,76.41,170.0,14.0,29.78,0.0,7.0,,M,False,False,False,3.0
2026-04-26,2026,4,26,7,AM,,4490,ATL,DFW,1108.0,1231.0,1114.0,1212.0,,,83.0,,,731.0,0,0,,,,,,DEP_FROM_ATL,DFW,668.0,2026-04-26 11:08:00,2026-04-26 15:08:00,2026-04-26 16:31:00,2026-04-26 15:14:00,22.22,17.22,73.34,290.0,5.0,29.93,0.0,10.0,,M,False,False,False,6.0,2026-04-26 16:34:00,25.0,20.56,76.41,170.0,14.0,29.78,0.0,7.0,,M,False,False,False,3.0
2026-04-26,2026,4,26,7,GF,,6582,ATL,DFW,1222.0,1353.0,1256.0,1358.0,5.0,5.0,91.0,,,731.0,0,0,,,,,,DEP_FROM_ATL,DFW,742.0,2026-04-26 12:22:00,2026-04-26 16:22:00,2026-04-26 17:53:00,2026-04-26 15:52:00,24.44,17.22,64.15,280.0,6.0,29.93,0.0,10.0,,M,False,False,False,30.0,2026-04-26 17:53:00,25.56,20.56,73.93,180.0,12.0,29.77,0.0,6.0,23.0,HZ,False,False,False,0.0
2026-04-26,2026,4,26,7,AS,,6572,ATL,DFW,1222.0,1353.0,1256.0,1358.0,5.0,5.0,91.0,,,731.0,0,0,,,,,,DEP_FROM_ATL,DFW,742.0,2026-04-26 12:22:00,2026-04-26 16:22:00,2026-04-26 17:53:00,2026-04-26 15:52:00,24.44,17.22,64.15,280.0,6.0,29.93,0.0,10.0,,M,False,False,False,30.0,2026-04-26 17:53:00,25.56,20.56,73.93,180.0,12.0,29.77,0.0,6.0,23.0,HZ,False,False,False,0.0
2026-04-26,2026,4,26,7,AA,,1791,ATL,DFW,1222.0,1353.0,1256.0,1358.0,5.0,5.0,91.0,,,731.0,0,0,,,,,,DEP_FROM_ATL,DFW,742.0,2026-04-26 12:22:00,2026-04-26 16:22:00,2026-04-26 17:53:00,2026-04-26 15:52:00,24.44,17.22,64.15,280.0,6.0,29.93,0.0,10.0,,M,False,False,False,30.0,2026-04-26 17:53:00,25.56,20.56,73.93,180.0,12.0,29.77,0.0,6.0,23.0,HZ,False,False,False,0.0
2026-04-26,2026,4,26,7,AS,,6882,ATL,DFW,1338.0,1510.0,1349.0,,,11.0,92.0,,,731.0,0,0,,,,,,DEP_FROM_ATL,DFW,818.0,2026-04-26 13:38:00,2026-04-26 17:38:00,2026-04-26 19:10:00,2026-04-26 17:52:00,26.67,15.0,48.8,280.0,8.0,29.92,0.0,10.0,,M,False,False,False,14.0,2026-04-26 18:53:00,27.22,21.11,69.34,180.0,17.0,29.74,0.0,7.0,28.0,M,False,False,False,17.0
2026-04-26,2026,4,26,7,AY,,4069,ATL,DFW,1338.0,1510.0,1349.0,,,11.0,92.0,,,731.0,0,0,,,,,,DEP_FROM_ATL,DFW,818.0,2026-04-26 13:38:00,2026-04-26 17:38:00,2026-04-26 19:10:00,2026-04-26 17:52:00,26.67,15.0,48.8,280.0,8.0,29.92,0.0,10.0,,M,False,False,False,14.0,2026-04-26 18:53:00,27.22,21.11,69.34,180.0,17.0,29.74,0.0,7.0,28.0,M,False,False,False,17.0
2026-04-26,2026,4,26,7,GF,,6694,ATL,DFW,1338.0,1510.0,1349.0,,,11.0,92.0,,,731.0,0,0,,,,,,DEP_FROM_ATL,DFW,818.0,2026-04-26 13:38:00,2026-04-26 17:38:00,2026-04-26 19:10:00,2026-04-26 17:52:00,26.67,15.0,48.8,280.0,8.0,29.92,0.0,10.0,,M,False,False,False,14.0,2026-04-26 18:53:00,27.22,21.11,69.34,180.0,17.0,29.74,0.0,7.0,28.0,M,False,False,False,17.0
2026-04-26,2026,4,26,7,AA,,1793,ATL,DFW,1338.0,1510.0,1349.0,1440.0,,,92.0,,,731.0,0,0,,,,,,DEP_FROM_ATL,DFW,818.0,2026-04-26 13:38:00,2026-04-26 17:38:00,2026-04-26 19:10:00,2026-04-26 17:52:00,26.67,15.0,48.8,280.0,8.0,29.92,0.0,10.0,,M,False,False,False,14.0,2026-04-26 18:53:00,27.22,21.11,69.34,180.0,17.0,29.74,0.0,7.0,28.0,M,False,False,False,17.0
2026-04-26,2026,4,26,7,KE,,6881,ATL,DFW,1347.0,1514.0,1358.0,,,12.0,87.0,,,731.0,0,0,,,,,,DEP_FROM_ATL,DFW,827.0,2026-04-26 13:47:00,2026-04-26 17:47:00,2026-04-26 19:14:00,2026-04-26 17:52:00,26.67,15.0,48.8,280.0,8.0,29.92,0.0,10.0,,M,False,False,False,5.0,2026-04-26 18:53:00,27.22,21.11,69.34,180.0,17.0,29.74,0.0,7.0,28.0,M,False,False,False,21.0
2026-04-26,2026,4,26,7,LA,,7174,ATL,DFW,1347.0,1514.0,1358.0,,,12.0,87.0,,,731.0,0,0,,,,,,DEP_FROM_ATL,DFW,827.0,2026-04-26 13:47:00,2026-04-26 17:47:00,2026-04-26 19:14:00,2026-04-26 17:52:00,26.67,15.0,48.8,280.0,8.0,29.92,0.0,10.0,,M,False,False,False,5.0,2026-04-26 18:53:00,27.22,21.11,69.34,180.0,17.0,29.74,0.0,7.0,28.0,M,False,False,False,21.0
2026-04-26,2026,4,26,7,DL,N361DN,921,ATL,DFW,1347.0,1514.0,1358.0,,,,87.0,,,731.0,0,0,,,,,,DEP_FROM_ATL,DFW,827.0,2026-04-26 13:47:00,2026-04-26 17:47:00,2026-04-26 19:14:00,2026-04-26 17:52:00,26.67,15.0,48.8,280.0,8.0,29.92,0.0,10.0,,M,False,False,False,5.0,2026-04-26 18:53:00,27.22,21.11,69.34,180.0,17.0,29.74,0.0,7.0,28.0,M,False,False,False,21.0
2026-04-26,2026,4,26,7,DL,,374,ATL,DFW,1525.0,1651.0,,,,,86.0,,,731.0,0,0,,,,,,DEP_FROM_ATL,DFW,925.0,2026-04-26 15:25:00,2026-04-26 19:25:00,2026-04-26 20:51:00,2026-04-26 19:52:00,27.78,13.89,42.56,320.0,9.0,29.89,0.0,10.0,,M,False,False,False,27.0,2026-04-26 19:53:00,27.78,21.11,67.13,170.0,14.0,29.72,0.0,7.0,,M,False,False,False,58.0
2026-04-26,2026,4,26,7,AA,,1810,ATL,DFW,1636.0,1815.0,,,,,99.0,,,731.0,0,0,,,,,,DEP_FROM_ATL,DFW,996.0,2026-04-26 16:36:00,2026-04-26 20:36:00,2026-04-26 22:15:00,2026-04-26 19:52:00,27.78,13.89,42.56,320.0,9.0,29.89,0.0,10.0,,M,False,False,False,44.0,,,,,,,,,,,,,,,
2026-04-26,2026,4,26,7,DL,,436,ATL,DFW,1736.0,1904.0,,,,,88.0,,,731.0,0,0,,,,,,DEP_FROM_ATL,DFW,1056.0,2026-04-26 17:36:00,2026-04-26 21:36:00,2026-04-26 23:04:00,,,,,,,,,,,,,,,,,,,,,,,,,,,,,,
2026-04-26,2026,4,26,7,F9,,1269,ATL,DFW,1737.0,1926.0,,,,,109.0,,,731.0,0,0,,,,,,DEP_FROM_ATL,DFW,1057.0,2026-04-26 17:37:00,2026-04-26 21:37:00,2026-04-26 23:26:00,,,,,,,,,,,,,,,,,,,,,,,,,,,,,,
2026-04-26,2026,4,26,7,AA,,1811,ATL,DFW,1840.0,2015.0,,,,,95.0,,,731.0,0,0,,,,,,DEP_FROM_ATL,DFW,1120.0,2026-04-26 18:40:00,2026-04-26 22:40:00,2026-04-27 00:15:00,,,,,,,,,,,,,,,,,,,,,,,,,,,,,,
2026-04-26,2026,4,26,7,AA,,1812,ATL,DFW,2022.0,2146.0,,,,,84.0,,,731.0,0,0,,,,,,DEP_FROM_ATL,DFW,1222.0,2026-04-26 20:22:00,2026-04-27 00:22:00,2026-04-27 01:46:00,,,,,,,,,,,,,,,,,,,,,,,,,,,,,,
2026-04-26,2026,4,26,7,DL,,31,ATL,DFW,2041.0,2208.0,,,,,87.0,,,731.0,0,0,,,,,,DEP_FROM_ATL,DFW,1241.0,2026-04-26 20:41:00,2026-04-27 00:41:00,2026-04-27 02:08:00,,,,,,,,,,,,,,,,,,,,,,,,,,,,,,
2026-04-25,2026,4,25,6,UA,,299,ATL,EWR,600.0,817.0,614.0,753.0,,,137.0,,,746.0,0,0,,,,,,DEP_FROM_ATL,EWR,360.0,2026-04-25 06:00:00,2026-04-25 10:00:00,2026-04-25 12:17:00,2026-04-25 09:52:00,20.56,14.44,68.01,240.0,4.0,29.82,0.0,10.0,,M,False,False,False,8.0,2026-04-25 11:51:00,10.0,0.0,49.79,100.0,12.0,30.02,0.0,10.0,18.0,M,False,False,False,26.0
2026-04-25,2026,4,25,6,AC,,3043,ATL,EWR,600.0,817.0,614.0,753.0,,,137.0,,,746.0,0,0,,,,,,DEP_FROM_ATL,EWR,360.0,2026-04-25 06:00:00,2026-04-25 10:00:00,2026-04-25 12:17:00,2026-04-25 09:52:00,20.56,14.44,68.01,240.0,4.0,29.82,0.0,10.0,,M,False,False,False,8.0,2026-04-25 11:51:00,10.0,0.0,49.79,100.0,12.0,30.02,0.0,10.0,18.0,M,False,False,False,26.0
2026-04-25,2026,4,25,6,AC,,3049,ATL,EWR,710.0,928.0,718.0,900.0,,,138.0,,,746.0,0,0,,,,,,DEP_FROM_ATL,EWR,430.0,2026-04-25 07:10:00,2026-04-25 11:10:00,2026-04-25 13:28:00,2026-04-25 10:52:00,18.89,13.89,72.74,0.0,0.0,29.82,0.0,10.0,,M,False,False,False,18.0,2026-04-25 13:51:00,9.44,2.22,60.64,120.0,7.0,30.05,0.001,10.0,17.0,-RA,True,False,False,23.0
2026-04-25,2026,4,25,6,UA,,2053,ATL,EWR,710.0,928.0,718.0,900.0,,,138.0,,,746.0,0,0,,,,,,DEP_FROM_ATL,EWR,430.0,2026-04-25 07:10:00,2026-04-25 11:10:00,2026-04-25 13:28:00,2026-04-25 10:52:00,18.89,13.89,72.74,0.0,0.0,29.82,0.0,10.0,,M,False,False,False,18.0,2026-04-25 13:51:00,9.44,2.22,60.64,120.0,7.0,30.05,0.001,10.0,17.0,-RA,True,False,False,23.0
2026-04-25,2026,4,25,6,LA,,6378,ATL,EWR,846.0,1055.0,857.0,1036.0,,,129.0,,,746.0,0,0,,,,,,DEP_FROM_ATL,EWR,526.0,2026-04-25 08:46:00,2026-04-25 12:46:00,2026-04-25 14:55:00,2026-04-25 12:52:00,19.44,14.44,72.85,220.0,6.0,29.86,0.0,10.0,,M,False,False,False,6.0,2026-04-25 14:51:00,8.33,3.33,70.74,110.0,11.0,30.05,0.51,6.0,18.0,-RA,True,False,False,4.0
2026-04-25,2026,4,25,6,VS,,4500,ATL,EWR,846.0,1055.0,857.0,1036.0,,,129.0,,,746.0,0,0,,,,,,DEP_FROM_ATL,EWR,526.0,2026-04-25 08:46:00,2026-04-25 12:46:00,2026-04-25 14:55:00,2026-04-25 12:52:00,19.44,14.44,72.85,220.0,6.0,29.86,0.0,10.0,,M,False,False,False,6.0,2026-04-25 14:51:00,8.33,3.33,70.74,110.0,11.0,30.05,0.51,6.0,18.0,-RA,True,False,False,4.0
2026-04-25,2026,4,25,6,WS,,8477,ATL,EWR,846.0,1055.0,857.0,1036.0,,,129.0,,,746.0,0,0,,,,,,DEP_FROM_ATL,EWR,526.0,2026-04-25 08:46:00,2026-04-25 12:46:00,2026-04-25 14:55:00,2026-04-25 12:52:00,19.44,14.44,72.85,220.0,6.0,29.86,0.0,10.0,,M,False,False,False,6.0,2026-04-25 14:51:00,8.33,3.33,70.74,110.0,11.0,30.05,0.51,6.0,18.0,-RA,True,False,False,4.0
2026-04-25,2026,4,25,6,DL,,2397,ATL,EWR,846.0,1055.0,857.0,1036.0,,,129.0,,,746.0,0,0,,,,,,DEP_FROM_ATL,EWR,526.0,2026-04-25 08:46:00,2026-04-25 12:46:00,2026-04-25 14:55:00,2026-04-25 12:52:00,19.44,14.44,72.85,220.0,6.0,29.86,0.0,10.0,,M,False,False,False,6.0,2026-04-25 14:51:00,8.33,3.33,70.74,110.0,11.0,30.05,0.51,6.0,18.0,-RA,True,False,False,4.0
2026-04-25,2026,4,25,6,VS,,2123,ATL,EWR,1010.0,1222.0,1030.0,1206.0,,,132.0,,,746.0,0,0,,,,,,DEP_FROM_ATL,EWR,610.0,2026-04-25 10:10:00,2026-04-25 14:10:00,2026-04-25 16:22:00,2026-04-25 13:52:00,20.56,15.0,70.49,210.0,7.0,29.85,0.0,10.0,,M,False,False,False,18.0,2026-04-25 16:43:00,7.22,5.0,85.77,100.0,8.0,30.07,3.05,5.0,16.0,-RA BR,True,False,False,21.0
2026-04-25,2026,4,25,6,LA,,6307,ATL,EWR,1010.0,1222.0,1030.0,1206.0,,,132.0,,,746.0,0,0,,,,,,DEP_FROM_ATL,EWR,610.0,2026-04-25 10:10:00,2026-04-25 14:10:00,2026-04-25 16:22:00,2026-04-25 13:52:00,20.56,15.0,70.49,210.0,7.0,29.85,0.0,10.0,,M,False,False,False,18.0,2026-04-25 16:43:00,7.22,5.0,85.77,100.0,8.0,30.07,3.05,5.0,16.0,-RA BR,True,False,False,21.0
2026-04-25,2026,4,25,6,DL,,2401,ATL,EWR,1010.0,1222.0,1030.0,1206.0,,,132.0,,,746.0,0,0,,,,,,DEP_FROM_ATL,EWR,610.0,2026-04-25 10:10:00,2026-04-25 14:10:00,2026-04-25 16:22:00,2026-04-25 13:52:00,20.56,15.0,70.49,210.0,7.0,29.85,0.0,10.0,,M,False,False,False,18.0,2026-04-25 16:43:00,7.22,5.0,85.77,100.0,8.0,30.07,3.05,5.0,16.0,-RA BR,True,False,False,21.0
2026-04-25,2026,4,25,6,AC,,3048,ATL,EWR,1100.0,1320.0,1114.0,1253.0,,,140.0,,,746.0,0,0,,,,,,DEP_FROM_ATL,EWR,660.0,2026-04-25 11:00:00,2026-04-25 15:00:00,2026-04-25 17:20:00,2026-04-25 14:52:00,21.67,15.0,65.84,270.0,11.0,29.85,0.0,10.0,,M,False,False,False,8.0,2026-04-25 17:34:00,6.67,3.33,79.27,100.0,9.0,30.05,0.76,4.0,21.0,-RA,True,False,False,14.0
2026-04-25,2026,4,25,6,UA,,554,ATL,EWR,1100.0,1320.0,1114.0,1253.0,,,140.0,,,746.0,0,0,,,,,,DEP_FROM_ATL,EWR,660.0,2026-04-25 11:00:00,2026-04-25 15:00:00,2026-04-25 17:20:00,2026-04-25 14:52:00,21.67,15.0,65.84,270.0,11.0,29.85,0.0,10.0,,M,False,False,False,8.0,2026-04-25 17:34:00,6.67,3.33,79.27,100.0,9.0,30.05,0.76,4.0,21.0,-RA,True,False,False,14.0
2026-04-25,2026,4,25,6,KE,,3153,ATL,EWR,1215.0,1424.0,1229.0,1410.0,,,129.0,,,746.0,0,0,,,,,,DEP_FROM_ATL,EWR,735.0,2026-04-25 12:15:00,2026-04-25 16:15:00,2026-04-25 18:24:00,2026-04-25 16:25:00,21.67,15.0,65.84,250.0,10.0,29.87,0.0,10.0,22.0,M,False,False,False,10.0,2026-04-25 18:51:00,6.11,3.33,82.36,100.0,7.0,30.07,1.27,7.0,15.0,-RA,True,False,False,27.0
2026-04-25,2026,4,25,6,LA,,6167,ATL,EWR,1215.0,1424.0,1229.0,1410.0,,,129.0,,,746.0,0,0,,,,,,DEP_FROM_ATL,EWR,735.0,2026-04-25 12:15:00,2026-04-25 16:15:00,2026-04-25 18:24:00,2026-04-25 16:25:00,21.67,15.0,65.84,250.0,10.0,29.87,0.0,10.0,22.0,M,False,False,False,10.0,2026-04-25 18:51:00,6.11,3.33,82.36,100.0,7.0,30.07,1.27,7.0,15.0,-RA,True,False,False,27.0
2026-04-25,2026,4,25,6,VS,,4446,ATL,EWR,1215.0,1424.0,1229.0,1410.0,,,129.0,,,746.0,0,0,,,,,,DEP_FROM_ATL,EWR,735.0,2026-04-25 12:15:00,2026-04-25 16:15:00,2026-04-25 18:24:00,2026-04-25 16:25:00,21.67,15.0,65.84,250.0,10.0,29.87,0.0,10.0,22.0,M,False,False,False,10.0,2026-04-25 18:51:00,6.11,3.33,82.36,100.0,7.0,30.07,1.27,7.0,15.0,-RA,True,False,False,27.0
2026-04-25,2026,4,25,6,DL,,2322,ATL,EWR,1215.0,1424.0,1229.0,1410.0,,,129.0,,,746.0,0,0,,,,,,DEP_FROM_ATL,EWR,735.0,2026-04-25 12:15:00,2026-04-25 16:15:00,2026-04-25 18:24:00,2026-04-25 16:25:00,21.67,15.0,65.84,250.0,10.0,29.87,0.0,10.0,22.0,M,False,False,False,10.0,2026-04-25 18:51:00,6.11,3.33,82.36,100.0,7.0,30.07,1.27,7.0,15.0,-RA,True,False,False,27.0
2026-04-25,2026,4,25,6,UA,,3408,ATL,EWR,1232.0,1459.0,1248.0,1430.0,,,147.0,,,746.0,0,0,,,,,,DEP_FROM_ATL,EWR,752.0,2026-04-25 12:32:00,2026-04-25 16:32:00,2026-04-25 18:59:00,2026-04-25 16:25:00,21.67,15.0,65.84,250.0,10.0,29.87,0.0,10.0,22.0,M,False,False,False,7.0,2026-04-25 18:51:00,6.11,3.33,82.36,100.0,7.0,30.07,1.27,7.0,15.0,-RA,True,False,False,8.0
2026-04-25,2026,4,25,6,AC,,3045,ATL,EWR,1232.0,1459.0,1248.0,1430.0,,,147.0,,,746.0,0,0,,,,,,DEP_FROM_ATL,EWR,752.0,2026-04-25 12:32:00,2026-04-25 16:32:00,2026-04-25 18:59:00,2026-04-25 16:25:00,21.67,15.0,65.84,250.0,10.0,29.87,0.0,10.0,22.0,M,False,False,False,7.0,2026-04-25 18:51:00,6.11,3.33,82.36,100.0,7.0,30.07,1.27,7.0,15.0,-RA,True,False,False,8.0
2026-04-25,2026,4,25,6,OS,,7774,ATL,EWR,1232.0,1459.0,1248.0,1430.0,,,147.0,,,746.0,0,0,,,,,,DEP_FROM_ATL,EWR,752.0,2026-04-25 12:32:00,2026-04-25 16:32:00,2026-04-25 18:59:00,2026-04-25 16:25:00,21.67,15.0,65.84,250.0,10.0,29.87,0.0,10.0,22.0,M,False,False,False,7.0,2026-04-25 18:51:00,6.11,3.33,82.36,100.0,7.0,30.07,1.27,7.0,15.0,-RA,True,False,False,8.0
2026-04-25,2026,4,25,6,TP,,8521,ATL,EWR,1232.0,1459.0,1248.0,1430.0,,,147.0,,,746.0,0,0,,,,,,DEP_FROM_ATL,EWR,752.0,2026-04-25 12:32:00,2026-04-25 16:32:00,2026-04-25 18:59:00,2026-04-25 16:25:00,21.67,15.0,65.84,250.0,10.0,29.87,0.0,10.0,22.0,M,False,False,False,7.0,2026-04-25 18:51:00,6.11,3.33,82.36,100.0,7.0,30.07,1.27,7.0,15.0,-RA,True,False,False,8.0
2026-04-25,2026,4,25,6,LY,,4023,ATL,EWR,1526.0,1738.0,1548.0,1733.0,,,132.0,,,746.0,0,0,,,,,,DEP_FROM_ATL,EWR,926.0,2026-04-25 15:26:00,2026-04-25 19:26:00,2026-04-25 21:38:00,2026-04-25 19:52:00,22.78,16.11,66.08,220.0,4.0,29.83,0.0,10.0,,M,False,False,False,26.0,2026-04-25 21:51:00,6.11,4.44,89.05,100.0,9.0,30.01,2.79,3.0,19.0,-RA BR,True,False,False,13.0
2026-04-25,2026,4,25,6,KL,,6976,ATL,EWR,1526.0,1738.0,1548.0,1733.0,,,132.0,,,746.0,0,0,,,,,,DEP_FROM_ATL,EWR,926.0,2026-04-25 15:26:00,2026-04-25 19:26:00,2026-04-25 21:38:00,2026-04-25 19:52:00,22.78,16.11,66.08,220.0,4.0,29.83,0.0,10.0,,M,False,False,False,26.0,2026-04-25 21:51:00,6.11,4.44,89.05,100.0,9.0,30.01,2.79,3.0,19.0,-RA BR,True,False,False,13.0
2026-04-25,2026,4,25,6,AM,,3113,ATL,EWR,1526.0,1738.0,1548.0,1733.0,,,132.0,,,746.0,0,0,,,,,,DEP_FROM_ATL,EWR,926.0,2026-04-25 15:26:00,2026-04-25 19:26:00,2026-04-25 21:38:00,2026-04-25 19:52:00,22.78,16.11,66.08,220.0,4.0,29.83,0.0,10.0,,M,False,False,False,26.0,2026-04-25 21:51:00,6.11,4.44,89.05,100.0,9.0,30.01,2.79,3.0,19.0,-RA BR,True,False,False,13.0
2026-04-25,2026,4,25,6,DL,,2340,ATL,EWR,1526.0,1738.0,1548.0,1733.0,,,132.0,,,746.0,0,0,,,,,,DEP_FROM_ATL,EWR,926.0,2026-04-25 15:26:00,2026-04-25 19:26:00,2026-04-25 21:38:00,2026-04-25 19:52:00,22.78,16.11,66.08,220.0,4.0,29.83,0.0,10.0,,M,False,False,False,26.0,2026-04-25 21:51:00,6.11,4.44,89.05,100.0,9.0,30.01,2.79,3.0,19.0,-RA BR,True,False,False,13.0
2026-04-25,2026,4,25,6,VS,,4470,ATL,EWR,1526.0,1738.0,1548.0,1733.0,,,132.0,,,746.0,0,0,,,,,,DEP_FROM_ATL,EWR,926.0,2026-04-25 15:26:00,2026-04-25 19:26:00,2026-04-25 21:38:00,2026-04-25 19:52:00,22.78,16.11,66.08,220.0,4.0,29.83,0.0,10.0,,M,False,False,False,26.0,2026-04-25 21:51:00,6.11,4.44,89.05,100.0,9.0,30.01,2.79,3.0,19.0,-RA BR,True,False,False,13.0
2026-04-25,2026,4,25,6,KE,,5324,ATL,EWR,1526.0,1738.0,1548.0,1733.0,,,132.0,,,746.0,0,0,,,,,,DEP_FROM_ATL,EWR,926.0,2026-04-25 15:26:00,2026-04-25 19:26:00,2026-04-25 21:38:00,2026-04-25 19:52:00,22.78,16.11,66.08,220.0,4.0,29.83,0.0,10.0,,M,False,False,False,26.0,2026-04-25 21:51:00,6.11,4.44,89.05,100.0,9.0,30.01,2.79,3.0,19.0,-RA BR,True,False,False,13.0
2026-04-25,2026,4,25,6,AC,,3047,ATL,EWR,1636.0,1859.0,1654.0,1834.0,,,143.0,,,746.0,0,0,,,,,,DEP_FROM_ATL,EWR,996.0,2026-04-25 16:36:00,2026-04-25 20:36:00,2026-04-25 22:59:00,2026-04-25 20:42:00,22.78,15.56,63.78,230.0,5.0,29.81,0.0,10.0,,M,False,False,False,6.0,2026-04-25 22:51:00,6.11,4.44,89.05,100.0,12.0,30.01,3.56,3.0,17.0,-RA BR,True,False,False,8.0
2026-04-25,2026,4,25,6,UA,,3421,ATL,EWR,1636.0,1859.0,1654.0,1834.0,,,143.0,,,746.0,0,0,,,,,,DEP_FROM_ATL,EWR,996.0,2026-04-25 16:36:00,2026-04-25 20:36:00,2026-04-25 22:59:00,2026-04-25 20:42:00,22.78,15.56,63.78,230.0,5.0,29.81,0.0,10.0,,M,False,False,False,6.0,2026-04-25 22:51:00,6.11,4.44,89.05,100.0,12.0,30.01,3.56,3.0,17.0,-RA BR,True,False,False,8.0
2026-04-25,2026,4,25,6,DL,,2498,ATL,EWR,1850.0,2059.0,1901.0,2040.0,,,129.0,,,746.0,0,0,,,,,,DEP_FROM_ATL,EWR,1130.0,2026-04-25 18:50:00,2026-04-25 22:50:00,2026-04-26 00:59:00,2026-04-25 22:52:00,23.33,16.11,63.9,250.0,4.0,29.8,0.0,10.0,,M,False,False,False,2.0,2026-04-26 00:51:00,5.56,4.44,92.55,50.0,5.0,30.06,5.08,3.0,,RA BR,True,False,False,8.0
2026-04-25,2026,4,25,6,VS,,4448,ATL,EWR,1850.0,2059.0,1901.0,2040.0,,,129.0,,,746.0,0,0,,,,,,DEP_FROM_ATL,EWR,1130.0,2026-04-25 18:50:00,2026-04-25 22:50:00,2026-04-26 00:59:00,2026-04-25 22:52:00,23.33,16.11,63.9,250.0,4.0,29.8,0.0,10.0,,M,False,False,False,2.0,2026-04-26 00:51:00,5.56,4.44,92.55,50.0,5.0,30.06,5.08,3.0,,RA BR,True,False,False,8.0
2026-04-25,2026,4,25,6,KL,,5223,ATL,EWR,1850.0,2059.0,1901.0,2040.0,,,129.0,,,746.0,0,0,,,,,,DEP_FROM_ATL,EWR,1130.0,2026-04-25 18:50:00,2026-04-25 22:50:00,2026-04-26 00:59:00,2026-04-25 22:52:00,23.33,16.11,63.9,250.0,4.0,29.8,0.0,10.0,,M,False,False,False,2.0,2026-04-26 00:51:00,5.56,4.44,92.55,50.0,5.0,30.06,5.08,3.0,,RA BR,True,False,False,8.0
2026-04-25,2026,4,25,6,KE,,3533,ATL,EWR,1850.0,2059.0,1901.0,2040.0,,,129.0,,,746.0,0,0,,,,,,DEP_FROM_ATL,EWR,1130.0,2026-04-25 18:50:00,2026-04-25 22:50:00,2026-04-26 00:59:00,2026-04-25 22:52:00,23.33,16.11,63.9,250.0,4.0,29.8,0.0,10.0,,M,False,False,False,2.0,2026-04-26 00:51:00,5.56,4.44,92.55,50.0,5.0,30.06,5.08,3.0,,RA BR,True,False,False,8.0
2026-04-25,2026,4,25,6,LY,,4143,ATL,EWR,1850.0,2059.0,1901.0,2040.0,,,129.0,,,746.0,0,0,,,,,,DEP_FROM_ATL,EWR,1130.0,2026-04-25 18:50:00,2026-04-25 22:50:00,2026-04-26 00:59:00,2026-04-25 22:52:00,23.33,16.11,63.9,250.0,4.0,29.8,0.0,10.0,,M,False,False,False,2.0,2026-04-26 00:51:00,5.56,4.44,92.55,50.0,5.0,30.06,5.08,3.0,,RA BR,True,False,False,8.0
2026-04-25,2026,4,25,6,AM,,3670,ATL,EWR,1850.0,2059.0,1901.0,2040.0,,,129.0,,,746.0,0,0,,,,,,DEP_FROM_ATL,EWR,1130.0,2026-04-25 18:50:00,2026-04-25 22:50:00,2026-04-26 00:59:00,2026-04-25 22:52:00,23.33,16.11,63.9,250.0,4.0,29.8,0.0,10.0,,M,False,False,False,2.0,2026-04-26 00:51:00,5.56,4.44,92.55,50.0,5.0,30.06,5.08,3.0,,RA BR,True,False,False,8.0
2026-04-25,2026,4,25,6,LA,,6472,ATL,EWR,1850.0,2059.0,1901.0,2040.0,,,129.0,,,746.0,0,0,,,,,,DEP_FROM_ATL,EWR,1130.0,2026-04-25 18:50:00,2026-04-25 22:50:00,2026-04-26 00:59:00,2026-04-25 22:52:00,23.33,16.11,63.9,250.0,4.0,29.8,0.0,10.0,,M,False,False,False,2.0,2026-04-26 00:51:00,5.56,4.44,92.55,50.0,5.0,30.06,5.08,3.0,,RA BR,True,False,False,8.0
2026-04-25,2026,4,25,6,WS,,5464,ATL,EWR,1850.0,2059.0,1901.0,2040.0,,,129.0,,,746.0,0,0,,,,,,DEP_FROM_ATL,EWR,1130.0,2026-04-25 18:50:00,2026-04-25 22:50:00,2026-04-26 00:59:00,2026-04-25 22:52:00,23.33,16.11,63.9,250.0,4.0,29.8,0.0,10.0,,M,False,False,False,2.0,2026-04-26 00:51:00,5.56,4.44,92.55,50.0,5.0,30.06,5.08,3.0,,RA BR,True,False,False,8.0
2026-04-25,2026,4,25,6,AF,,2255,ATL,EWR,1850.0,2059.0,1901.0,2040.0,,,129.0,,,746.0,0,0,,,,,,DEP_FROM_ATL,EWR,1130.0,2026-04-25 18:50:00,2026-04-25 22:50:00,2026-04-26 00:59:00,2026-04-25 22:52:00,23.33,16.11,63.9,250.0,4.0,29.8,0.0,10.0,,M,False,False,False,2.0,2026-04-26 00:51:00,5.56,4.44,92.55,50.0,5.0,30.06,5.08,3.0,,RA BR,True,False,False,8.0
2026-04-25,2026,4,25,6,UA,,1152,ATL,EWR,2035.0,2256.0,2131.0,2307.0,11.0,11.0,141.0,,,746.0,0,0,,,,,,DEP_FROM_ATL,EWR,1235.0,2026-04-25 20:35:00,2026-04-26 00:35:00,2026-04-26 02:56:00,2026-04-26 00:52:00,21.67,16.11,70.7,210.0,6.0,29.83,0.0,10.0,,M,False,False,False,17.0,2026-04-26 02:51:00,5.56,5.0,96.21,20.0,7.0,30.07,1.78,4.0,,-RA BR,True,False,False,5.0
2026-04-25,2026,4,25,6,AC,,3046,ATL,EWR,2035.0,2256.0,2131.0,2307.0,11.0,11.0,141.0,,,746.0,0,0,,,,,,DEP_FROM_ATL,EWR,1235.0,2026-04-25 20:35:00,2026-04-26 00:35:00,2026-04-26 02:56:00,2026-04-26 00:52:00,21.67,16.11,70.7,210.0,6.0,29.83,0.0,10.0,,M,False,False,False,17.0,2026-04-26 02:51:00,5.56,5.0,96.21,20.0,7.0,30.07,1.78,4.0,,-RA BR,True,False,False,5.0
2026-04-25,2026,4,25,6,LA,,8965,ATL,EWR,2134.0,2343.0,2141.0,2319.0,,,129.0,,,746.0,0,0,,,,,,DEP_FROM_ATL,EWR,1294.0,2026-04-25 21:34:00,2026-04-26 01:34:00,2026-04-26 03:43:00,2026-04-26 01:52:00,20.56,16.11,75.69,230.0,4.0,29.85,0.0,10.0,,M,False,False,False,18.0,2026-04-26 03:51:00,5.56,5.0,96.21,30.0,9.0,30.06,2.79,2.5,,RA BR,True,True,False,8.0
2026-04-25,2026,4,25,6,DL,,2527,ATL,EWR,2134.0,2343.0,2141.0,2319.0,,,129.0,,,746.0,0,0,,,,,,DEP_FROM_ATL,EWR,1294.0,2026-04-25 21:34:00,2026-04-26 01:34:00,2026-04-26 03:43:00,2026-04-26 01:52:00,20.56,16.11,75.69,230.0,4.0,29.85,0.0,10.0,,M,False,False,False,18.0,2026-04-26 03:51:00,5.56,5.0,96.21,30.0,9.0,30.06,2.79,2.5,,RA BR,True,True,False,8.0
2026-04-25,2026,4,25,6,VS,,4452,ATL,EWR,2134.0,2343.0,2141.0,2319.0,,,129.0,,,746.0,0,0,,,,,,DEP_FROM_ATL,EWR,1294.0,2026-04-25 21:34:00,2026-04-26 01:34:00,2026-04-26 03:43:00,2026-04-26 01:52:00,20.56,16.11,75.69,230.0,4.0,29.85,0.0,10.0,,M,False,False,False,18.0,2026-04-26 03:51:00,5.56,5.0,96.21,30.0,9.0,30.06,2.79,2.5,,RA BR,True,True,False,8.0
2026-04-25,2026,4,25,6,KL,,5224,ATL,EWR,2134.0,2343.0,2141.0,2319.0,,,129.0,,,746.0,0,0,,,,,,DEP_FROM_ATL,EWR,1294.0,2026-04-25 21:34:00,2026-04-26 01:34:00,2026-04-26 03:43:00,2026-04-26 01:52:00,20.56,16.11,75.69,230.0,4.0,29.85,0.0,10.0,,M,False,False,False,18.0,2026-04-26 03:51:00,5.56,5.0,96.21,30.0,9.0,30.06,2.79,2.5,,RA BR,True,True,False,8.0
2026-04-25,2026,4,25,6,AF,,8642,ATL,EWR,2134.0,2343.0,2141.0,2319.0,,,129.0,,,746.0,0,0,,,,,,DEP_FROM_ATL,EWR,1294.0,2026-04-25 21:34:00,2026-04-26 01:34:00,2026-04-26 03:43:00,2026-04-26 01:52:00,20.56,16.11,75.69,230.0,4.0,29.85,0.0,10.0,,M,False,False,False,18.0,2026-04-26 03:51:00,5.56,5.0,96.21,30.0,9.0,30.06,2.79,2.5,,RA BR,True,True,False,8.0
2026-04-25,2026,4,25,6,AM,,3527,ATL,EWR,2134.0,2343.0,2141.0,2319.0,,,129.0,,,746.0,0,0,,,,,,DEP_FROM_ATL,EWR,1294.0,2026-04-25 21:34:00,2026-04-26 01:34:00,2026-04-26 03:43:00,2026-04-26 01:52:00,20.56,16.11,75.69,230.0,4.0,29.85,0.0,10.0,,M,False,False,False,18.0,2026-04-26 03:51:00,5.56,5.0,96.21,30.0,9.0,30.06,2.79,2.5,,RA BR,True,True,False,8.0
2026-04-25,2026,4,25,6,KE,,3973,ATL,EWR,2134.0,2343.0,2141.0,2319.0,,,129.0,,,746.0,0,0,,,,,,DEP_FROM_ATL,EWR,1294.0,2026-04-25 21:34:00,2026-04-26 01:34:00,2026-04-26 03:43:00,2026-04-26 01:52:00,20.56,16.11,75.69,230.0,4.0,29.85,0.0,10.0,,M,False,False,False,18.0,2026-04-26 03:51:00,5.56,5.0,96.21,30.0,9.0,30.06,2.79,2.5,,RA BR,True,True,False,8.0
2026-04-25,2026,4,25,6,KL,,5225,ATL,EWR,2240.0,51.0,2258.0,34.0,,,131.0,,,746.0,0,0,,,,,,DEP_FROM_ATL,EWR,1360.0,2026-04-25 22:40:00,2026-04-26 02:40:00,2026-04-26 04:51:00,2026-04-26 02:48:00,21.0,17.0,77.93,190.0,9.0,29.83,0.001,10.0,,-RA,True,False,False,8.0,2026-04-26 04:51:00,6.11,5.0,92.58,50.0,7.0,30.06,2.54,5.0,,-RA BR,True,False,False,0.0
2026-04-25,2026,4,25,6,LA,,8967,ATL,EWR,2240.0,51.0,2258.0,34.0,,,131.0,,,746.0,0,0,,,,,,DEP_FROM_ATL,EWR,1360.0,2026-04-25 22:40:00,2026-04-26 02:40:00,2026-04-26 04:51:00,2026-04-26 02:48:00,21.0,17.0,77.93,190.0,9.0,29.83,0.001,10.0,,-RA,True,False,False,8.0,2026-04-26 04:51:00,6.11,5.0,92.58,50.0,7.0,30.06,2.54,5.0,,-RA BR,True,False,False,0.0
2026-04-25,2026,4,25,6,VS,,4478,ATL,EWR,2240.0,51.0,2258.0,34.0,,,131.0,,,746.0,0,0,,,,,,DEP_FROM_ATL,EWR,1360.0,2026-04-25 22:40:00,2026-04-26 02:40:00,2026-04-26 04:51:00,2026-04-26 02:48:00,21.0,17.0,77.93,190.0,9.0,29.83,0.001,10.0,,-RA,True,False,False,8.0,2026-04-26 04:51:00,6.11,5.0,92.58,50.0,7.0,30.06,2.54,5.0,,-RA BR,True,False,False,0.0
2026-04-25,2026,4,25,6,AM,,3614,ATL,EWR,2240.0,51.0,2258.0,34.0,,,131.0,,,746.0,0,0,,,,,,DEP_FROM_ATL,EWR,1360.0,2026-04-25 22:40:00,2026-04-26 02:40:00,2026-04-26 04:51:00,2026-04-26 02:48:00,21.0,17.0,77.93,190.0,9.0,29.83,0.001,10.0,,-RA,True,False,False,8.0,2026-04-26 04:51:00,6.11,5.0,92.58,50.0,7.0,30.06,2.54,5.0,,-RA BR,True,False,False,0.0
2026-04-25,2026,4,25,6,DL,,2552,ATL,EWR,2240.0,51.0,2258.0,34.0,,,131.0,,,746.0,0,0,,,,,,DEP_FROM_ATL,EWR,1360.0,2026-04-25 22:40:00,2026-04-26 02:40:00,2026-04-26 04:51:00,2026-04-26 02:48:00,21.0,17.0,77.93,190.0,9.0,29.83,0.001,10.0,,-RA,True,False,False,8.0,2026-04-26 04:51:00,6.11,5.0,92.58,50.0,7.0,30.06,2.54,5.0,,-RA BR,True,False,False,0.0
2026-04-25,2026,4,25,6,F9,,4602,ATL,EWR,2240.0,116.0,2246.0,24.0,,,156.0,,,746.0,0,0,,,,,,DEP_FROM_ATL,EWR,1360.0,2026-04-25 22:40:00,2026-04-26 02:40:00,2026-04-26 05:16:00,2026-04-26 02:48:00,21.0,17.0,77.93,190.0,9.0,29.83,0.001,10.0,,-RA,True,False,False,8.0,2026-04-26 05:18:00,6.11,5.0,92.58,50.0,6.0,30.05,0.25,5.0,,-RA BR,True,False,False,2.0
2026-04-26,2026,4,26,7,AC,,3043,ATL,EWR,600.0,817.0,639.0,817.0,,,137.0,,,746.0,0,0,,,,,,DEP_FROM_ATL,EWR,360.0,2026-04-26 06:00:00,2026-04-26 10:00:00,2026-04-26 12:17:00,2026-04-26 09:52:00,17.22,15.56,89.94,310.0,5.0,29.86,0.001,0.25,,-DZ BR,True,True,False,8.0,2026-04-26 11:51:00,6.67,5.0,89.1,20.0,11.0,30.09,0.0,10.0,,M,False,False,False,26.0
2026-04-26,2026,4,26,7,UA,,299,ATL,EWR,600.0,817.0,639.0,817.0,,,137.0,,,746.0,0,0,,,,,,DEP_FROM_ATL,EWR,360.0,2026-04-26 06:00:00,2026-04-26 10:00:00,2026-04-26 12:17:00,2026-04-26 09:52:00,17.22,15.56,89.94,310.0,5.0,29.86,0.001,0.25,,-DZ BR,True,True,False,8.0,2026-04-26 11:51:00,6.67,5.0,89.1,20.0,11.0,30.09,0.0,10.0,,M,False,False,False,26.0
2026-04-26,2026,4,26,7,DL,,2325,ATL,EWR,720.0,929.0,748.0,931.0,2.0,2.0,129.0,,,746.0,0,0,,,,,,DEP_FROM_ATL,EWR,440.0,2026-04-26 07:20:00,2026-04-26 11:20:00,2026-04-26 13:29:00,2026-04-26 10:52:00,17.22,16.11,93.19,320.0,3.0,29.87,0.001,0.25,,-DZ BR,True,True,False,28.0,2026-04-26 13:47:00,8.0,3.0,70.67,30.0,13.0,30.11,0.0,10.0,19.0,M,False,False,False,18.0
2026-04-26,2026,4,26,7,VS,,4454,ATL,EWR,720.0,929.0,748.0,931.0,2.0,2.0,129.0,,,746.0,0,0,,,,,,DEP_FROM_ATL,EWR,440.0,2026-04-26 07:20:00,2026-04-26 11:20:00,2026-04-26 13:29:00,2026-04-26 10:52:00,17.22,16.11,93.19,320.0,3.0,29.87,0.001,0.25,,-DZ BR,True,True,False,28.0,2026-04-26 13:47:00,8.0,3.0,70.67,30.0,13.0,30.11,0.0,10.0,19.0,M,False,False,False,18.0
2026-04-26,2026,4,26,7,LY,,4524,ATL,EWR,720.0,929.0,748.0,931.0,2.0,2.0,129.0,,,746.0,0,0,,,,,,DEP_FROM_ATL,EWR,440.0,2026-04-26 07:20:00,2026-04-26 11:20:00,2026-04-26 13:29:00,2026-04-26 10:52:00,17.22,16.11,93.19,320.0,3.0,29.87,0.001,0.25,,-DZ BR,True,True,False,28.0,2026-04-26 13:47:00,8.0,3.0,70.67,30.0,13.0,30.11,0.0,10.0,19.0,M,False,False,False,18.0
2026-04-26,2026,4,26,7,AC,,3049,ATL,EWR,712.0,930.0,730.0,912.0,,,138.0,,,746.0,0,0,,,,,,DEP_FROM_ATL,EWR,432.0,2026-04-26 07:12:00,2026-04-26 11:12:00,2026-04-26 13:30:00,2026-04-26 10:52:00,17.22,16.11,93.19,320.0,3.0,29.87,0.001,0.25,,-DZ BR,True,True,False,20.0,2026-04-26 13:47:00,8.0,3.0,70.67,30.0,13.0,30.11,0.0,10.0,19.0,M,False,False,False,17.0
2026-04-26,2026,4,26,7,UA,,2053,ATL,EWR,712.0,930.0,730.0,912.0,,,138.0,,,746.0,0,0,,,,,,DEP_FROM_ATL,EWR,432.0,2026-04-26 07:12:00,2026-04-26 11:12:00,2026-04-26 13:30:00,2026-04-26 10:52:00,17.22,16.11,93.19,320.0,3.0,29.87,0.001,0.25,,-DZ BR,True,True,False,20.0,2026-04-26 13:47:00,8.0,3.0,70.67,30.0,13.0,30.11,0.0,10.0,19.0,M,False,False,False,17.0
2026-04-26,2026,4,26,7,VS,,4500,ATL,EWR,846.0,1055.0,857.0,,,12.0,129.0,,,746.0,0,0,,,,,,DEP_FROM_ATL,EWR,526.0,2026-04-26 08:46:00,2026-04-26 12:46:00,2026-04-26 14:55:00,2026-04-26 12:52:00,19.44,17.22,87.0,50.0,4.0,29.9,0.0,10.0,,M,False,False,False,6.0,2026-04-26 14:51:00,9.44,2.22,60.64,30.0,11.0,30.12,0.0,10.0,,M,False,False,False,4.0
2026-04-26,2026,4,26,7,LA,,6378,ATL,EWR,846.0,1055.0,857.0,,,12.0,129.0,,,746.0,0,0,,,,,,DEP_FROM_ATL,EWR,526.0,2026-04-26 08:46:00,2026-04-26 12:46:00,2026-04-26 14:55:00,2026-04-26 12:52:00,19.44,17.22,87.0,50.0,4.0,29.9,0.0,10.0,,M,False,False,False,6.0,2026-04-26 14:51:00,9.44,2.22,60.64,30.0,11.0,30.12,0.0,10.0,,M,False,False,False,4.0
2026-04-26,2026,4,26,7,WS,,8477,ATL,EWR,846.0,1055.0,857.0,,,12.0,129.0,,,746.0,0,0,,,,,,DEP_FROM_ATL,EWR,526.0,2026-04-26 08:46:00,2026-04-26 12:46:00,2026-04-26 14:55:00,2026-04-26 12:52:00,19.44,17.22,87.0,50.0,4.0,29.9,0.0,10.0,,M,False,False,False,6.0,2026-04-26 14:51:00,9.44,2.22,60.64,30.0,11.0,30.12,0.0,10.0,,M,False,False,False,4.0
2026-04-26,2026,4,26,7,LY,,4143,ATL,EWR,846.0,1055.0,857.0,,,12.0,129.0,,,746.0,0,0,,,,,,DEP_FROM_ATL,EWR,526.0,2026-04-26 08:46:00,2026-04-26 12:46:00,2026-04-26 14:55:00,2026-04-26 12:52:00,19.44,17.22,87.0,50.0,4.0,29.9,0.0,10.0,,M,False,False,False,6.0,2026-04-26 14:51:00,9.44,2.22,60.64,30.0,11.0,30.12,0.0,10.0,,M,False,False,False,4.0
2026-04-26,2026,4,26,7,DL,,2397,ATL,EWR,846.0,1055.0,857.0,,,12.0,129.0,,,746.0,0,0,,,,,,DEP_FROM_ATL,EWR,526.0,2026-04-26 08:46:00,2026-04-26 12:46:00,2026-04-26 14:55:00,2026-04-26 12:52:00,19.44,17.22,87.0,50.0,4.0,29.9,0.0,10.0,,M,False,False,False,6.0,2026-04-26 14:51:00,9.44,2.22,60.64,30.0,11.0,30.12,0.0,10.0,,M,False,False,False,4.0
2026-04-26,2026,4,26,7,DL,,2401,ATL,EWR,1010.0,1222.0,1025.0,,,15.0,132.0,,,746.0,0,0,,,,,,DEP_FROM_ATL,EWR,610.0,2026-04-26 10:10:00,2026-04-26 14:10:00,2026-04-26 16:22:00,2026-04-26 13:52:00,20.0,17.22,84.05,300.0,4.0,29.91,0.0,9.0,,M,False,False,False,18.0,2026-04-26 16:51:00,12.78,3.89,54.7,70.0,9.0,30.12,0.0,10.0,15.0,M,False,False,False,29.0
2026-04-26,2026,4,26,7,VS,,2123,ATL,EWR,1010.0,1222.0,1025.0,,,15.0,132.0,,,746.0,0,0,,,,,,DEP_FROM_ATL,EWR,610.0,2026-04-26 10:10:00,2026-04-26 14:10:00,2026-04-26 16:22:00,2026-04-26 13:52:00,20.0,17.22,84.05,300.0,4.0,29.91,0.0,9.0,,M,False,False,False,18.0,2026-04-26 16:51:00,12.78,3.89,54.7,70.0,9.0,30.12,0.0,10.0,15.0,M,False,False,False,29.0
2026-04-26,2026,4,26,7,LA,,6307,ATL,EWR,1010.0,1222.0,1025.0,,,15.0,132.0,,,746.0,0,0,,,,,,DEP_FROM_ATL,EWR,610.0,2026-04-26 10:10:00,2026-04-26 14:10:00,2026-04-26 16:22:00,2026-04-26 13:52:00,20.0,17.22,84.05,300.0,4.0,29.91,0.0,9.0,,M,False,False,False,18.0,2026-04-26 16:51:00,12.78,3.89,54.7,70.0,9.0,30.12,0.0,10.0,15.0,M,False,False,False,29.0
2026-04-26,2026,4,26,7,AC,,3048,ATL,EWR,1131.0,1351.0,1207.0,,4.0,36.0,140.0,,,746.0,0,0,,,,,,DEP_FROM_ATL,EWR,691.0,2026-04-26 11:31:00,2026-04-26 15:31:00,2026-04-26 17:51:00,2026-04-26 15:14:00,22.22,17.22,73.34,290.0,5.0,29.93,0.0,10.0,,M,False,False,False,17.0,2026-04-26 17:51:00,14.44,4.44,51.03,70.0,8.0,30.12,0.0,10.0,,M,False,False,False,0.0
2026-04-26,2026,4,26,7,UA,,554,ATL,EWR,1131.0,1351.0,1207.0,,4.0,36.0,140.0,,,746.0,0,0,,,,,,DEP_FROM_ATL,EWR,691.0,2026-04-26 11:31:00,2026-04-26 15:31:00,2026-04-26 17:51:00,2026-04-26 15:14:00,22.22,17.22,73.34,290.0,5.0,29.93,0.0,10.0,,M,False,False,False,17.0,2026-04-26 17:51:00,14.44,4.44,51.03,70.0,8.0,30.12,0.0,10.0,,M,False,False,False,0.0
2026-04-26,2026,4,26,7,VS,,4446,ATL,EWR,1215.0,1424.0,1238.0,,,23.0,129.0,,,746.0,0,0,,,,,,DEP_FROM_ATL,EWR,735.0,2026-04-26 12:15:00,2026-04-26 16:15:00,2026-04-26 18:24:00,2026-04-26 15:52:00,24.44,17.22,64.15,280.0,6.0,29.93,0.0,10.0,,M,False,False,False,23.0,2026-04-26 18:51:00,14.44,4.44,51.03,50.0,9.0,30.11,0.0,10.0,,M,False,False,False,27.0
2026-04-26,2026,4,26,7,LY,,4523,ATL,EWR,1215.0,1424.0,1238.0,,,23.0,129.0,,,746.0,0,0,,,,,,DEP_FROM_ATL,EWR,735.0,2026-04-26 12:15:00,2026-04-26 16:15:00,2026-04-26 18:24:00,2026-04-26 15:52:00,24.44,17.22,64.15,280.0,6.0,29.93,0.0,10.0,,M,False,False,False,23.0,2026-04-26 18:51:00,14.44,4.44,51.03,50.0,9.0,30.11,0.0,10.0,,M,False,False,False,27.0
2026-04-26,2026,4,26,7,KE,,3153,ATL,EWR,1215.0,1424.0,1238.0,,,23.0,129.0,,,746.0,0,0,,,,,,DEP_FROM_ATL,EWR,735.0,2026-04-26 12:15:00,2026-04-26 16:15:00,2026-04-26 18:24:00,2026-04-26 15:52:00,24.44,17.22,64.15,280.0,6.0,29.93,0.0,10.0,,M,False,False,False,23.0,2026-04-26 18:51:00,14.44,4.44,51.03,50.0,9.0,30.11,0.0,10.0,,M,False,False,False,27.0
2026-04-26,2026,4,26,7,LA,,6167,ATL,EWR,1215.0,1424.0,1238.0,,,23.0,129.0,,,746.0,0,0,,,,,,DEP_FROM_ATL,EWR,735.0,2026-04-26 12:15:00,2026-04-26 16:15:00,2026-04-26 18:24:00,2026-04-26 15:52:00,24.44,17.22,64.15,280.0,6.0,29.93,0.0,10.0,,M,False,False,False,23.0,2026-04-26 18:51:00,14.44,4.44,51.03,50.0,9.0,30.11,0.0,10.0,,M,False,False,False,27.0
2026-04-26,2026,4,26,7,DL,,2322,ATL,EWR,1215.0,1424.0,1238.0,,,23.0,129.0,,,746.0,0,0,,,,,,DEP_FROM_ATL,EWR,735.0,2026-04-26 12:15:00,2026-04-26 16:15:00,2026-04-26 18:24:00,2026-04-26 15:52:00,24.44,17.22,64.15,280.0,6.0,29.93,0.0,10.0,,M,False,False,False,23.0,2026-04-26 18:51:00,14.44,4.44,51.03,50.0,9.0,30.11,0.0,10.0,,M,False,False,False,27.0
2026-04-26,2026,4,26,7,UA,,556,ATL,EWR,1235.0,1459.0,1303.0,,,28.0,144.0,,,746.0,0,0,,,,,,DEP_FROM_ATL,EWR,755.0,2026-04-26 12:35:00,2026-04-26 16:35:00,2026-04-26 18:59:00,2026-04-26 16:52:00,26.11,16.67,56.09,310.0,7.0,29.93,0.0,10.0,,M,False,False,False,17.0,2026-04-26 18:51:00,14.44,4.44,51.03,50.0,9.0,30.11,0.0,10.0,,M,False,False,False,8.0
2026-04-26,2026,4,26,7,AC,,3045,ATL,EWR,1235.0,1459.0,1303.0,,,28.0,144.0,,,746.0,0,0,,,,,,DEP_FROM_ATL,EWR,755.0,2026-04-26 12:35:00,2026-04-26 16:35:00,2026-04-26 18:59:00,2026-04-26 16:52:00,26.11,16.67,56.09,310.0,7.0,29.93,0.0,10.0,,M,False,False,False,17.0,2026-04-26 18:51:00,14.44,4.44,51.03,50.0,9.0,30.11,0.0,10.0,,M,False,False,False,8.0
2026-04-26,2026,4,26,7,OS,,7774,ATL,EWR,1235.0,1459.0,1303.0,,,28.0,144.0,,,746.0,0,0,,,,,,DEP_FROM_ATL,EWR,755.0,2026-04-26 12:35:00,2026-04-26 16:35:00,2026-04-26 18:59:00,2026-04-26 16:52:00,26.11,16.67,56.09,310.0,7.0,29.93,0.0,10.0,,M,False,False,False,17.0,2026-04-26 18:51:00,14.44,4.44,51.03,50.0,9.0,30.11,0.0,10.0,,M,False,False,False,8.0
2026-04-26,2026,4,26,7,TP,,8521,ATL,EWR,1235.0,1459.0,1303.0,,,28.0,144.0,,,746.0,0,0,,,,,,DEP_FROM_ATL,EWR,755.0,2026-04-26 12:35:00,2026-04-26 16:35:00,2026-04-26 18:59:00,2026-04-26 16:52:00,26.11,16.67,56.09,310.0,7.0,29.93,0.0,10.0,,M,False,False,False,17.0,2026-04-26 18:51:00,14.44,4.44,51.03,50.0,9.0,30.11,0.0,10.0,,M,False,False,False,8.0
2026-04-26,2026,4,26,7,DL,,2312,ATL,EWR,1315.0,1524.0,1324.0,,,9.0,129.0,,,746.0,0,0,,,,,,DEP_FROM_ATL,EWR,795.0,2026-04-26 13:15:00,2026-04-26 17:15:00,2026-04-26 19:24:00,2026-04-26 16:52:00,26.11,16.67,56.09,310.0,7.0,29.93,0.0,10.0,,M,False,False,False,23.0,2026-04-26 19:51:00,14.44,3.89,49.08,70.0,8.0,30.11,0.0,10.0,14.0,M,False,False,False,27.0
2026-04-26,2026,4,26,7,LY,,4145,ATL,EWR,1315.0,1524.0,1324.0,,,9.0,129.0,,,746.0,0,0,,,,,,DEP_FROM_ATL,EWR,795.0,2026-04-26 13:15:00,2026-04-26 17:15:00,2026-04-26 19:24:00,2026-04-26 16:52:00,26.11,16.67,56.09,310.0,7.0,29.93,0.0,10.0,,M,False,False,False,23.0,2026-04-26 19:51:00,14.44,3.89,49.08,70.0,8.0,30.11,0.0,10.0,14.0,M,False,False,False,27.0
2026-04-26,2026,4,26,7,VS,,4496,ATL,EWR,1315.0,1524.0,1324.0,,,9.0,129.0,,,746.0,0,0,,,,,,DEP_FROM_ATL,EWR,795.0,2026-04-26 13:15:00,2026-04-26 17:15:00,2026-04-26 19:24:00,2026-04-26 16:52:00,26.11,16.67,56.09,310.0,7.0,29.93,0.0,10.0,,M,False,False,False,23.0,2026-04-26 19:51:00,14.44,3.89,49.08,70.0,8.0,30.11,0.0,10.0,14.0,M,False,False,False,27.0
2026-04-26,2026,4,26,7,KE,,5324,ATL,EWR,1315.0,1524.0,1324.0,,,9.0,129.0,,,746.0,0,0,,,,,,DEP_FROM_ATL,EWR,795.0,2026-04-26 13:15:00,2026-04-26 17:15:00,2026-04-26 19:24:00,2026-04-26 16:52:00,26.11,16.67,56.09,310.0,7.0,29.93,0.0,10.0,,M,False,False,False,23.0,2026-04-26 19:51:00,14.44,3.89,49.08,70.0,8.0,30.11,0.0,10.0,14.0,M,False,False,False,27.0
2026-04-26,2026,4,26,7,NK,N633NK,2408,ATL,EWR,1517.0,1734.0,,,,21.0,137.0,,,746.0,0,0,,,,,,DEP_FROM_ATL,EWR,917.0,2026-04-26 15:17:00,2026-04-26 19:17:00,2026-04-26 21:34:00,2026-04-26 18:52:00,26.67,13.89,45.42,300.0,8.0,29.91,0.0,10.0,14.0,M,False,False,False,25.0,,,,,,,,,,,,,,,
2026-04-26,2026,4,26,7,DL,N898DN,2340,ATL,EWR,1526.0,1738.0,,,,4.0,132.0,,,746.0,0,0,,,,,,DEP_FROM_ATL,EWR,926.0,2026-04-26 15:26:00,2026-04-26 19:26:00,2026-04-26 21:38:00,2026-04-26 19:52:00,27.78,13.89,42.56,320.0,9.0,29.89,0.0,10.0,,M,False,False,False,26.0,,,,,,,,,,,,,,,
2026-04-26,2026,4,26,7,UA,,555,ATL,EWR,1650.0,1910.0,,,,19.0,140.0,,,746.0,0,0,,,,,,DEP_FROM_ATL,EWR,1010.0,2026-04-26 16:50:00,2026-04-26 20:50:00,2026-04-26 23:10:00,2026-04-26 19:52:00,27.78,13.89,42.56,320.0,9.0,29.89,0.0,10.0,,M,False,False,False,58.0,,,,,,,,,,,,,,,
2026-04-26,2026,4,26,7,DL,,2498,ATL,EWR,1850.0,2059.0,,,,,129.0,,,746.0,0,0,,,,,,DEP_FROM_ATL,EWR,1130.0,2026-04-26 18:50:00,2026-04-26 22:50:00,2026-04-27 00:59:00,,,,,,,,,,,,,,,,,,,,,,,,,,,,,,
2026-04-26,2026,4,26,7,F9,,1158,ATL,EWR,1847.0,2129.0,,,,16.0,162.0,,,746.0,0,0,,,,,,DEP_FROM_ATL,EWR,1127.0,2026-04-26 18:47:00,2026-04-26 22:47:00,2026-04-27 01:29:00,,,,,,,,,,,,,,,,,,,,,,,,,,,,,,
2026-04-26,2026,4,26,7,UA,,1152,ATL,EWR,2035.0,2256.0,,,,,141.0,,,746.0,0,0,,,,,,DEP_FROM_ATL,EWR,1235.0,2026-04-26 20:35:00,2026-04-27 00:35:00,2026-04-27 02:56:00,,,,,,,,,,,,,,,,,,,,,,,,,,,,,,
2026-04-26,2026,4,26,7,DL,,2527,ATL,EWR,2134.0,2343.0,,,,17.0,129.0,,,746.0,0,0,,,,,,DEP_FROM_ATL,EWR,1294.0,2026-04-26 21:34:00,2026-04-27 01:34:00,2026-04-27 03:43:00,,,,,,,,,,,,,,,,,,,,,,,,,,,,,,
2026-04-25,2026,4,25,6,NK,,252,ATL,FLL,510.0,700.0,518.0,639.0,,,110.0,,,581.0,0,0,,,,,,DEP_FROM_ATL,FLL,310.0,2026-04-25 05:10:00,2026-04-25 09:10:00,2026-04-25 11:00:00,2026-04-25 08:52:00,20.56,12.22,58.83,230.0,8.0,29.83,0.0,10.0,,M,False,False,False,18.0,2026-04-25 10:53:00,22.22,18.33,78.66,0.0,0.0,29.87,0.0,10.0,,M,False,False,False,7.0
2026-04-25,2026,4,25,6,B6,,1797,ATL,FLL,700.0,845.0,710.0,833.0,,,105.0,,,581.0,0,0,,,,,,DEP_FROM_ATL,FLL,420.0,2026-04-25 07:00:00,2026-04-25 11:00:00,2026-04-25 12:45:00,2026-04-25 10:52:00,18.89,13.89,72.74,0.0,0.0,29.82,0.0,10.0,,M,False,False,False,8.0,2026-04-25 12:53:00,25.0,18.33,66.55,160.0,5.0,29.89,0.0,10.0,,M,False,False,False,8.0
2026-04-25,2026,4,25,6,AD,,7695,ATL,FLL,700.0,845.0,710.0,833.0,,,105.0,,,581.0,0,0,,,,,,DEP_FROM_ATL,FLL,420.0,2026-04-25 07:00:00,2026-04-25 11:00:00,2026-04-25 12:45:00,2026-04-25 10:52:00,18.89,13.89,72.74,0.0,0.0,29.82,0.0,10.0,,M,False,False,False,8.0,2026-04-25 12:53:00,25.0,18.33,66.55,160.0,5.0,29.89,0.0,10.0,,M,False,False,False,8.0
2026-04-25,2026,4,25,6,DL,,1334,ATL,FLL,725.0,913.0,746.0,911.0,,,108.0,,,581.0,0,0,,,,,,DEP_FROM_ATL,FLL,445.0,2026-04-25 07:25:00,2026-04-25 11:25:00,2026-04-25 13:13:00,2026-04-25 11:52:00,19.44,13.89,70.27,220.0,3.0,29.85,0.0,10.0,,M,False,False,False,27.0,2026-04-25 12:53:00,25.0,18.33,66.55,160.0,5.0,29.89,0.0,10.0,,M,False,False,False,20.0
2026-04-25,2026,4,25,6,DL,,2343,ATL,FLL,826.0,1017.0,843.0,1007.0,,,111.0,,,581.0,0,0,,,,,,DEP_FROM_ATL,FLL,506.0,2026-04-25 08:26:00,2026-04-25 12:26:00,2026-04-25 14:17:00,2026-04-25 12:52:00,19.44,14.44,72.85,220.0,6.0,29.86,0.0,10.0,,M,False,False,False,26.0,2026-04-25 13:53:00,26.11,18.33,62.31,120.0,7.0,29.89,0.0,10.0,,M,False,False,False,24.0
2026-04-25,2026,4,25,6,LA,,5738,ATL,FLL,826.0,1017.0,843.0,1007.0,,,111.0,,,581.0,0,0,,,,,,DEP_FROM_ATL,FLL,506.0,2026-04-25 08:26:00,2026-04-25 12:26:00,2026-04-25 14:17:00,2026-04-25 12:52:00,19.44,14.44,72.85,220.0,6.0,29.86,0.0,10.0,,M,False,False,False,26.0,2026-04-25 13:53:00,26.11,18.33,62.31,120.0,7.0,29.89,0.0,10.0,,M,False,False,False,24.0
2026-04-25,2026,4,25,6,WS,,7043,ATL,FLL,826.0,1017.0,843.0,1007.0,,,111.0,,,581.0,0,0,,,,,,DEP_FROM_ATL,FLL,506.0,2026-04-25 08:26:00,2026-04-25 12:26:00,2026-04-25 14:17:00,2026-04-25 12:52:00,19.44,14.44,72.85,220.0,6.0,29.86,0.0,10.0,,M,False,False,False,26.0,2026-04-25 13:53:00,26.11,18.33,62.31,120.0,7.0,29.89,0.0,10.0,,M,False,False,False,24.0
2026-04-25,2026,4,25,6,NK,,2406,ATL,FLL,912.0,1105.0,935.0,1057.0,,,113.0,,,581.0,0,0,,,,,,DEP_FROM_ATL,FLL,552.0,2026-04-25 09:12:00,2026-04-25 13:12:00,2026-04-25 15:05:00,2026-04-25 12:52:00,19.44,14.44,72.85,220.0,6.0,29.86,0.0,10.0,,M,False,False,False,20.0,2026-04-25 14:53:00,27.22,18.89,60.44,110.0,8.0,29.9,0.0,10.0,,M,False,False,False,12.0
2026-04-25,2026,4,25,6,NK,,2406,ATL,FLL,912.0,1105.0,935.0,1057.0,,,113.0,,,581.0,0,0,,,,,,DEP_FROM_ATL,FLL,552.0,2026-04-25 09:12:00,2026-04-25 13:12:00,2026-04-25 15:05:00,2026-04-25 12:52:00,19.44,14.44,72.85,220.0,6.0,29.86,0.0,10.0,,M,False,False,False,20.0,2026-04-25 14:53:00,27.22,18.89,60.44,110.0,8.0,29.9,0.0,10.0,,M,False,False,False,12.0
2026-04-25,2026,4,25,6,WS,,6615,ATL,FLL,930.0,1120.0,943.0,1107.0,,,110.0,,,581.0,0,0,,,,,,DEP_FROM_ATL,FLL,570.0,2026-04-25 09:30:00,2026-04-25 13:30:00,2026-04-25 15:20:00,2026-04-25 13:52:00,20.56,15.0,70.49,210.0,7.0,29.85,0.0,10.0,,M,False,False,False,22.0,2026-04-25 14:53:00,27.22,18.89,60.44,110.0,8.0,29.9,0.0,10.0,,M,False,False,False,27.0
2026-04-25,2026,4,25,6,LA,,8490,ATL,FLL,930.0,1120.0,943.0,1107.0,,,110.0,,,581.0,0,0,,,,,,DEP_FROM_ATL,FLL,570.0,2026-04-25 09:30:00,2026-04-25 13:30:00,2026-04-25 15:20:00,2026-04-25 13:52:00,20.56,15.0,70.49,210.0,7.0,29.85,0.0,10.0,,M,False,False,False,22.0,2026-04-25 14:53:00,27.22,18.89,60.44,110.0,8.0,29.9,0.0,10.0,,M,False,False,False,27.0
2026-04-25,2026,4,25,6,DL,,1709,ATL,FLL,930.0,1120.0,943.0,1107.0,,,110.0,,,581.0,0,0,,,,,,DEP_FROM_ATL,FLL,570.0,2026-04-25 09:30:00,2026-04-25 13:30:00,2026-04-25 15:20:00,2026-04-25 13:52:00,20.56,15.0,70.49,210.0,7.0,29.85,0.0,10.0,,M,False,False,False,22.0,2026-04-25 14:53:00,27.22,18.89,60.44,110.0,8.0,29.9,0.0,10.0,,M,False,False,False,27.0
2026-04-25,2026,4,25,6,NK,,386,ATL,FLL,1054.0,1247.0,1107.0,1233.0,,,113.0,,,581.0,0,0,,,,,,DEP_FROM_ATL,FLL,654.0,2026-04-25 10:54:00,2026-04-25 14:54:00,2026-04-25 16:47:00,2026-04-25 14:52:00,21.67,15.0,65.84,270.0,11.0,29.85,0.0,10.0,,M,False,False,False,2.0,2026-04-25 16:53:00,27.78,17.78,54.57,140.0,9.0,29.89,0.0,10.0,,M,False,False,False,6.0
2026-04-25,2026,4,25,6,WS,,7196,ATL,FLL,1108.0,1257.0,1217.0,1340.0,43.0,43.0,109.0,,,581.0,0,0,,,,,,DEP_FROM_ATL,FLL,668.0,2026-04-25 11:08:00,2026-04-25 15:08:00,2026-04-25 16:57:00,2026-04-25 14:52:00,21.67,15.0,65.84,270.0,11.0,29.85,0.0,10.0,,M,False,False,False,16.0,2026-04-25 16:53:00,27.78,17.78,54.57,140.0,9.0,29.89,0.0,10.0,,M,False,False,False,4.0
2026-04-25,2026,4,25,6,LA,,6240,ATL,FLL,1108.0,1257.0,1217.0,1340.0,43.0,43.0,109.0,,,581.0,0,0,,,,,,DEP_FROM_ATL,FLL,668.0,2026-04-25 11:08:00,2026-04-25 15:08:00,2026-04-25 16:57:00,2026-04-25 14:52:00,21.67,15.0,65.84,270.0,11.0,29.85,0.0,10.0,,M,False,False,False,16.0,2026-04-25 16:53:00,27.78,17.78,54.57,140.0,9.0,29.89,0.0,10.0,,M,False,False,False,4.0
2026-04-25,2026,4,25,6,KE,,5326,ATL,FLL,1108.0,1257.0,1217.0,1340.0,43.0,43.0,109.0,,,581.0,0,0,,,,,,DEP_FROM_ATL,FLL,668.0,2026-04-25 11:08:00,2026-04-25 15:08:00,2026-04-25 16:57:00,2026-04-25 14:52:00,21.67,15.0,65.84,270.0,11.0,29.85,0.0,10.0,,M,False,False,False,16.0,2026-04-25 16:53:00,27.78,17.78,54.57,140.0,9.0,29.89,0.0,10.0,,M,False,False,False,4.0
2026-04-25,2026,4,25,6,DL,,1512,ATL,FLL,1108.0,1257.0,1217.0,1340.0,43.0,43.0,109.0,,,581.0,0,0,,,,,,DEP_FROM_ATL,FLL,668.0,2026-04-25 11:08:00,2026-04-25 15:08:00,2026-04-25 16:57:00,2026-04-25 14:52:00,21.67,15.0,65.84,270.0,11.0,29.85,0.0,10.0,,M,False,False,False,16.0,2026-04-25 16:53:00,27.78,17.78,54.57,140.0,9.0,29.89,0.0,10.0,,M,False,False,False,4.0
2026-04-25,2026,4,25,6,F9,,4874,ATL,FLL,1110.0,1313.0,1125.0,1252.0,,,123.0,,,581.0,0,0,,,,,,DEP_FROM_ATL,FLL,670.0,2026-04-25 11:10:00,2026-04-25 15:10:00,2026-04-25 17:13:00,2026-04-25 14:52:00,21.67,15.0,65.84,270.0,11.0,29.85,0.0,10.0,,M,False,False,False,18.0,2026-04-25 16:53:00,27.78,17.78,54.57,140.0,9.0,29.89,0.0,10.0,,M,False,False,False,20.0
2026-04-25,2026,4,25,6,DL,,1341,ATL,FLL,1220.0,1407.0,1232.0,1355.0,,,107.0,,,581.0,0,0,,,,,,DEP_FROM_ATL,FLL,740.0,2026-04-25 12:20:00,2026-04-25 16:20:00,2026-04-25 18:07:00,2026-04-25 16:25:00,21.67,15.0,65.84,250.0,10.0,29.87,0.0,10.0,22.0,M,False,False,False,5.0,2026-04-25 17:53:00,27.22,18.33,58.37,130.0,11.0,29.89,0.0,10.0,,M,False,False,False,14.0
2026-04-25,2026,4,25,6,WS,,7564,ATL,FLL,1220.0,1407.0,1232.0,1355.0,,,107.0,,,581.0,0,0,,,,,,DEP_FROM_ATL,FLL,740.0,2026-04-25 12:20:00,2026-04-25 16:20:00,2026-04-25 18:07:00,2026-04-25 16:25:00,21.67,15.0,65.84,250.0,10.0,29.87,0.0,10.0,22.0,M,False,False,False,5.0,2026-04-25 17:53:00,27.22,18.33,58.37,130.0,11.0,29.89,0.0,10.0,,M,False,False,False,14.0
2026-04-25,2026,4,25,6,KE,,3154,ATL,FLL,1220.0,1407.0,1232.0,1355.0,,,107.0,,,581.0,0,0,,,,,,DEP_FROM_ATL,FLL,740.0,2026-04-25 12:20:00,2026-04-25 16:20:00,2026-04-25 18:07:00,2026-04-25 16:25:00,21.67,15.0,65.84,250.0,10.0,29.87,0.0,10.0,22.0,M,False,False,False,5.0,2026-04-25 17:53:00,27.22,18.33,58.37,130.0,11.0,29.89,0.0,10.0,,M,False,False,False,14.0
2026-04-25,2026,4,25,6,AD,,7791,ATL,FLL,1305.0,1454.0,1327.0,1447.0,,,109.0,,,581.0,0,0,,,,,,DEP_FROM_ATL,FLL,785.0,2026-04-25 13:05:00,2026-04-25 17:05:00,2026-04-25 18:54:00,2026-04-25 17:12:00,20.0,16.11,78.33,280.0,10.0,29.88,0.001,9.0,,-RA,True,False,False,7.0,2026-04-25 18:53:00,27.78,18.33,56.51,100.0,11.0,29.88,0.0,10.0,17.0,M,False,False,False,1.0
2026-04-25,2026,4,25,6,B6,,2097,ATL,FLL,1305.0,1454.0,1327.0,1447.0,,,109.0,,,581.0,0,0,,,,,,DEP_FROM_ATL,FLL,785.0,2026-04-25 13:05:00,2026-04-25 17:05:00,2026-04-25 18:54:00,2026-04-25 17:12:00,20.0,16.11,78.33,280.0,10.0,29.88,0.001,9.0,,-RA,True,False,False,7.0,2026-04-25 18:53:00,27.78,18.33,56.51,100.0,11.0,29.88,0.0,10.0,17.0,M,False,False,False,1.0
2026-04-25,2026,4,25,6,KE,,6893,ATL,FLL,1325.0,1512.0,1344.0,1506.0,,,107.0,,,581.0,0,0,,,,,,DEP_FROM_ATL,FLL,805.0,2026-04-25 13:25:00,2026-04-25 17:25:00,2026-04-25 19:12:00,2026-04-25 17:12:00,20.0,16.11,78.33,280.0,10.0,29.88,0.001,9.0,,-RA,True,False,False,13.0,2026-04-25 18:53:00,27.78,18.33,56.51,100.0,11.0,29.88,0.0,10.0,17.0,M,False,False,False,19.0
2026-04-25,2026,4,25,6,DL,,1413,ATL,FLL,1325.0,1512.0,1344.0,1506.0,,,107.0,,,581.0,0,0,,,,,,DEP_FROM_ATL,FLL,805.0,2026-04-25 13:25:00,2026-04-25 17:25:00,2026-04-25 19:12:00,2026-04-25 17:12:00,20.0,16.11,78.33,280.0,10.0,29.88,0.001,9.0,,-RA,True,False,False,13.0,2026-04-25 18:53:00,27.78,18.33,56.51,100.0,11.0,29.88,0.0,10.0,17.0,M,False,False,False,19.0
2026-04-25,2026,4,25,6,WS,,5526,ATL,FLL,1429.0,1616.0,1436.0,1602.0,,,107.0,,,581.0,0,0,,,,,,DEP_FROM_ATL,FLL,869.0,2026-04-25 14:29:00,2026-04-25 18:29:00,2026-04-25 20:16:00,2026-04-25 18:52:00,20.56,16.67,78.41,,4.0,29.85,0.25,10.0,,M,True,False,False,23.0,2026-04-25 19:53:00,27.22,18.33,58.37,130.0,9.0,29.86,0.0,10.0,,M,False,False,False,23.0
2026-04-25,2026,4,25,6,KL,,5039,ATL,FLL,1429.0,1616.0,1436.0,1602.0,,,107.0,,,581.0,0,0,,,,,,DEP_FROM_ATL,FLL,869.0,2026-04-25 14:29:00,2026-04-25 18:29:00,2026-04-25 20:16:00,2026-04-25 18:52:00,20.56,16.67,78.41,,4.0,29.85,0.25,10.0,,M,True,False,False,23.0,2026-04-25 19:53:00,27.22,18.33,58.37,130.0,9.0,29.86,0.0,10.0,,M,False,False,False,23.0
2026-04-25,2026,4,25,6,VS,,5087,ATL,FLL,1429.0,1616.0,1436.0,1602.0,,,107.0,,,581.0,0,0,,,,,,DEP_FROM_ATL,FLL,869.0,2026-04-25 14:29:00,2026-04-25 18:29:00,2026-04-25 20:16:00,2026-04-25 18:52:00,20.56,16.67,78.41,,4.0,29.85,0.25,10.0,,M,True,False,False,23.0,2026-04-25 19:53:00,27.22,18.33,58.37,130.0,9.0,29.86,0.0,10.0,,M,False,False,False,23.0
2026-04-25,2026,4,25,6,DL,,1292,ATL,FLL,1429.0,1616.0,1436.0,1602.0,,,107.0,,,581.0,0,0,,,,,,DEP_FROM_ATL,FLL,869.0,2026-04-25 14:29:00,2026-04-25 18:29:00,2026-04-25 20:16:00,2026-04-25 18:52:00,20.56,16.67,78.41,,4.0,29.85,0.25,10.0,,M,True,False,False,23.0,2026-04-25 19:53:00,27.22,18.33,58.37,130.0,9.0,29.86,0.0,10.0,,M,False,False,False,23.0
2026-04-25,2026,4,25,6,AM,,3206,ATL,FLL,1429.0,1616.0,1436.0,1602.0,,,107.0,,,581.0,0,0,,,,,,DEP_FROM_ATL,FLL,869.0,2026-04-25 14:29:00,2026-04-25 18:29:00,2026-04-25 20:16:00,2026-04-25 18:52:00,20.56,16.67,78.41,,4.0,29.85,0.25,10.0,,M,True,False,False,23.0,2026-04-25 19:53:00,27.22,18.33,58.37,130.0,9.0,29.86,0.0,10.0,,M,False,False,False,23.0
2026-04-25,2026,4,25,6,KE,,7086,ATL,FLL,1429.0,1616.0,1436.0,1602.0,,,107.0,,,581.0,0,0,,,,,,DEP_FROM_ATL,FLL,869.0,2026-04-25 14:29:00,2026-04-25 18:29:00,2026-04-25 20:16:00,2026-04-25 18:52:00,20.56,16.67,78.41,,4.0,29.85,0.25,10.0,,M,True,False,False,23.0,2026-04-25 19:53:00,27.22,18.33,58.37,130.0,9.0,29.86,0.0,10.0,,M,False,False,False,23.0
2026-04-25,2026,4,25,6,DL,,2345,ATL,FLL,1530.0,1719.0,1544.0,1705.0,,,109.0,,,581.0,0,0,,,,,,DEP_FROM_ATL,FLL,930.0,2026-04-25 15:30:00,2026-04-25 19:30:00,2026-04-25 21:19:00,2026-04-25 19:52:00,22.78,16.11,66.08,220.0,4.0,29.83,0.0,10.0,,M,False,False,False,22.0,2026-04-25 20:53:00,27.22,18.33,58.37,100.0,11.0,29.86,0.0,10.0,,M,False,False,False,26.0
2026-04-25,2026,4,25,6,KL,,5040,ATL,FLL,1530.0,1719.0,1544.0,1705.0,,,109.0,,,581.0,0,0,,,,,,DEP_FROM_ATL,FLL,930.0,2026-04-25 15:30:00,2026-04-25 19:30:00,2026-04-25 21:19:00,2026-04-25 19:52:00,22.78,16.11,66.08,220.0,4.0,29.83,0.0,10.0,,M,False,False,False,22.0,2026-04-25 20:53:00,27.22,18.33,58.37,100.0,11.0,29.86,0.0,10.0,,M,False,False,False,26.0
2026-04-25,2026,4,25,6,VS,,5081,ATL,FLL,1530.0,1719.0,1544.0,1705.0,,,109.0,,,581.0,0,0,,,,,,DEP_FROM_ATL,FLL,930.0,2026-04-25 15:30:00,2026-04-25 19:30:00,2026-04-25 21:19:00,2026-04-25 19:52:00,22.78,16.11,66.08,220.0,4.0,29.83,0.0,10.0,,M,False,False,False,22.0,2026-04-25 20:53:00,27.22,18.33,58.37,100.0,11.0,29.86,0.0,10.0,,M,False,False,False,26.0
2026-04-25,2026,4,25,6,AF,,8800,ATL,FLL,1530.0,1719.0,1544.0,1705.0,,,109.0,,,581.0,0,0,,,,,,DEP_FROM_ATL,FLL,930.0,2026-04-25 15:30:00,2026-04-25 19:30:00,2026-04-25 21:19:00,2026-04-25 19:52:00,22.78,16.11,66.08,220.0,4.0,29.83,0.0,10.0,,M,False,False,False,22.0,2026-04-25 20:53:00,27.22,18.33,58.37,100.0,11.0,29.86,0.0,10.0,,M,False,False,False,26.0
2026-04-25,2026,4,25,6,AM,,3126,ATL,FLL,1530.0,1719.0,1544.0,1705.0,,,109.0,,,581.0,0,0,,,,,,DEP_FROM_ATL,FLL,930.0,2026-04-25 15:30:00,2026-04-25 19:30:00,2026-04-25 21:19:00,2026-04-25 19:52:00,22.78,16.11,66.08,220.0,4.0,29.83,0.0,10.0,,M,False,False,False,22.0,2026-04-25 20:53:00,27.22,18.33,58.37,100.0,11.0,29.86,0.0,10.0,,M,False,False,False,26.0
2026-04-25,2026,4,25,6,LA,,6476,ATL,FLL,1639.0,1828.0,1644.0,1808.0,,,109.0,,,581.0,0,0,,,,,,DEP_FROM_ATL,FLL,999.0,2026-04-25 16:39:00,2026-04-25 20:39:00,2026-04-25 22:28:00,2026-04-25 20:42:00,22.78,15.56,63.78,230.0,5.0,29.81,0.0,10.0,,M,False,False,False,3.0,2026-04-25 22:53:00,25.56,18.89,66.67,110.0,9.0,29.84,0.0,10.0,,M,False,False,False,25.0
2026-04-25,2026,4,25,6,DL,,1295,ATL,FLL,1639.0,1828.0,1644.0,1808.0,,,109.0,,,581.0,0,0,,,,,,DEP_FROM_ATL,FLL,999.0,2026-04-25 16:39:00,2026-04-25 20:39:00,2026-04-25 22:28:00,2026-04-25 20:42:00,22.78,15.56,63.78,230.0,5.0,29.81,0.0,10.0,,M,False,False,False,3.0,2026-04-25 22:53:00,25.56,18.89,66.67,110.0,9.0,29.84,0.0,10.0,,M,False,False,False,25.0
2026-04-25,2026,4,25,6,VS,,5083,ATL,FLL,1639.0,1828.0,1644.0,1808.0,,,109.0,,,581.0,0,0,,,,,,DEP_FROM_ATL,FLL,999.0,2026-04-25 16:39:00,2026-04-25 20:39:00,2026-04-25 22:28:00,2026-04-25 20:42:00,22.78,15.56,63.78,230.0,5.0,29.81,0.0,10.0,,M,False,False,False,3.0,2026-04-25 22:53:00,25.56,18.89,66.67,110.0,9.0,29.84,0.0,10.0,,M,False,False,False,25.0
2026-04-25,2026,4,25,6,KL,,5038,ATL,FLL,1639.0,1828.0,1644.0,1808.0,,,109.0,,,581.0,0,0,,,,,,DEP_FROM_ATL,FLL,999.0,2026-04-25 16:39:00,2026-04-25 20:39:00,2026-04-25 22:28:00,2026-04-25 20:42:00,22.78,15.56,63.78,230.0,5.0,29.81,0.0,10.0,,M,False,False,False,3.0,2026-04-25 22:53:00,25.56,18.89,66.67,110.0,9.0,29.84,0.0,10.0,,M,False,False,False,25.0
2026-04-25,2026,4,25,6,AF,,2603,ATL,FLL,1639.0,1828.0,1644.0,1808.0,,,109.0,,,581.0,0,0,,,,,,DEP_FROM_ATL,FLL,999.0,2026-04-25 16:39:00,2026-04-25 20:39:00,2026-04-25 22:28:00,2026-04-25 20:42:00,22.78,15.56,63.78,230.0,5.0,29.81,0.0,10.0,,M,False,False,False,3.0,2026-04-25 22:53:00,25.56,18.89,66.67,110.0,9.0,29.84,0.0,10.0,,M,False,False,False,25.0
2026-04-25,2026,4,25,6,WS,,6413,ATL,FLL,1639.0,1828.0,1644.0,1808.0,,,109.0,,,581.0,0,0,,,,,,DEP_FROM_ATL,FLL,999.0,2026-04-25 16:39:00,2026-04-25 20:39:00,2026-04-25 22:28:00,2026-04-25 20:42:00,22.78,15.56,63.78,230.0,5.0,29.81,0.0,10.0,,M,False,False,False,3.0,2026-04-25 22:53:00,25.56,18.89,66.67,110.0,9.0,29.84,0.0,10.0,,M,False,False,False,25.0
2026-04-25,2026,4,25,6,AM,,3120,ATL,FLL,1639.0,1828.0,1644.0,1808.0,,,109.0,,,581.0,0,0,,,,,,DEP_FROM_ATL,FLL,999.0,2026-04-25 16:39:00,2026-04-25 20:39:00,2026-04-25 22:28:00,2026-04-25 20:42:00,22.78,15.56,63.78,230.0,5.0,29.81,0.0,10.0,,M,False,False,False,3.0,2026-04-25 22:53:00,25.56,18.89,66.67,110.0,9.0,29.84,0.0,10.0,,M,False,False,False,25.0
2026-04-25,2026,4,25,6,NK,,272,ATL,FLL,1650.0,1840.0,1656.0,1821.0,,,110.0,,,581.0,0,0,,,,,,DEP_FROM_ATL,FLL,1010.0,2026-04-25 16:50:00,2026-04-25 20:50:00,2026-04-25 22:40:00,2026-04-25 20:52:00,23.33,16.11,63.9,,4.0,29.81,0.0,10.0,,M,False,False,False,2.0,2026-04-25 22:53:00,25.56,18.89,66.67,110.0,9.0,29.84,0.0,10.0,,M,False,False,False,13.0
2026-04-25,2026,4,25,6,AM,,3621,ATL,FLL,1745.0,1934.0,1755.0,1920.0,,,109.0,,,581.0,0,0,,,,,,DEP_FROM_ATL,FLL,1065.0,2026-04-25 17:45:00,2026-04-25 21:45:00,2026-04-25 23:34:00,2026-04-25 21:52:00,23.33,16.11,63.9,260.0,4.0,29.81,0.0,10.0,,M,False,False,False,7.0,2026-04-25 23:53:00,25.0,19.44,71.33,120.0,13.0,29.86,0.0,10.0,,M,False,False,False,19.0
2026-04-25,2026,4,25,6,VS,,5085,ATL,FLL,1745.0,1934.0,1755.0,1920.0,,,109.0,,,581.0,0,0,,,,,,DEP_FROM_ATL,FLL,1065.0,2026-04-25 17:45:00,2026-04-25 21:45:00,2026-04-25 23:34:00,2026-04-25 21:52:00,23.33,16.11,63.9,260.0,4.0,29.81,0.0,10.0,,M,False,False,False,7.0,2026-04-25 23:53:00,25.0,19.44,71.33,120.0,13.0,29.86,0.0,10.0,,M,False,False,False,19.0
2026-04-25,2026,4,25,6,DL,,1670,ATL,FLL,1745.0,1934.0,1755.0,1920.0,,,109.0,,,581.0,0,0,,,,,,DEP_FROM_ATL,FLL,1065.0,2026-04-25 17:45:00,2026-04-25 21:45:00,2026-04-25 23:34:00,2026-04-25 21:52:00,23.33,16.11,63.9,260.0,4.0,29.81,0.0,10.0,,M,False,False,False,7.0,2026-04-25 23:53:00,25.0,19.44,71.33,120.0,13.0,29.86,0.0,10.0,,M,False,False,False,19.0
2026-04-25,2026,4,25,6,B6,,1697,ATL,FLL,1830.0,2027.0,1835.0,2003.0,,,117.0,,,581.0,0,0,,,,,,DEP_FROM_ATL,FLL,1110.0,2026-04-25 18:30:00,2026-04-25 22:30:00,2026-04-26 00:27:00,2026-04-25 22:52:00,23.33,16.11,63.9,250.0,4.0,29.8,0.0,10.0,,M,False,False,False,22.0,2026-04-26 00:53:00,25.0,18.33,66.55,130.0,9.0,29.87,0.0,10.0,,M,False,False,False,26.0
2026-04-25,2026,4,25,6,AD,,7789,ATL,FLL,1830.0,2027.0,1835.0,2003.0,,,117.0,,,581.0,0,0,,,,,,DEP_FROM_ATL,FLL,1110.0,2026-04-25 18:30:00,2026-04-25 22:30:00,2026-04-26 00:27:00,2026-04-25 22:52:00,23.33,16.11,63.9,250.0,4.0,29.8,0.0,10.0,,M,False,False,False,22.0,2026-04-26 00:53:00,25.0,18.33,66.55,130.0,9.0,29.87,0.0,10.0,,M,False,False,False,26.0
2026-04-25,2026,4,25,6,VS,,5089,ATL,FLL,1930.0,2121.0,1935.0,2058.0,,,111.0,,,581.0,0,0,,,,,,DEP_FROM_ATL,FLL,1170.0,2026-04-25 19:30:00,2026-04-25 23:30:00,2026-04-26 01:21:00,2026-04-25 23:52:00,22.78,15.0,61.54,230.0,5.0,29.82,0.0,10.0,,M,False,False,False,22.0,2026-04-26 00:53:00,25.0,18.33,66.55,130.0,9.0,29.87,0.0,10.0,,M,False,False,False,28.0
2026-04-25,2026,4,25,6,AM,,3044,ATL,FLL,1930.0,2121.0,1935.0,2058.0,,,111.0,,,581.0,0,0,,,,,,DEP_FROM_ATL,FLL,1170.0,2026-04-25 19:30:00,2026-04-25 23:30:00,2026-04-26 01:21:00,2026-04-25 23:52:00,22.78,15.0,61.54,230.0,5.0,29.82,0.0,10.0,,M,False,False,False,22.0,2026-04-26 00:53:00,25.0,18.33,66.55,130.0,9.0,29.87,0.0,10.0,,M,False,False,False,28.0
2026-04-25,2026,4,25,6,AF,,2658,ATL,FLL,1930.0,2121.0,1935.0,2058.0,,,111.0,,,581.0,0,0,,,,,,DEP_FROM_ATL,FLL,1170.0,2026-04-25 19:30:00,2026-04-25 23:30:00,2026-04-26 01:21:00,2026-04-25 23:52:00,22.78,15.0,61.54,230.0,5.0,29.82,0.0,10.0,,M,False,False,False,22.0,2026-04-26 00:53:00,25.0,18.33,66.55,130.0,9.0,29.87,0.0,10.0,,M,False,False,False,28.0
2026-04-25,2026,4,25,6,KL,,7269,ATL,FLL,1930.0,2121.0,1935.0,2058.0,,,111.0,,,581.0,0,0,,,,,,DEP_FROM_ATL,FLL,1170.0,2026-04-25 19:30:00,2026-04-25 23:30:00,2026-04-26 01:21:00,2026-04-25 23:52:00,22.78,15.0,61.54,230.0,5.0,29.82,0.0,10.0,,M,False,False,False,22.0,2026-04-26 00:53:00,25.0,18.33,66.55,130.0,9.0,29.87,0.0,10.0,,M,False,False,False,28.0
2026-04-25,2026,4,25,6,DL,,1489,ATL,FLL,1930.0,2121.0,1935.0,2058.0,,,111.0,,,581.0,0,0,,,,,,DEP_FROM_ATL,FLL,1170.0,2026-04-25 19:30:00,2026-04-25 23:30:00,2026-04-26 01:21:00,2026-04-25 23:52:00,22.78,15.0,61.54,230.0,5.0,29.82,0.0,10.0,,M,False,False,False,22.0,2026-04-26 00:53:00,25.0,18.33,66.55,130.0,9.0,29.87,0.0,10.0,,M,False,False,False,28.0
2026-04-25,2026,4,25,6,KE,,7156,ATL,FLL,1930.0,2121.0,1935.0,2058.0,,,111.0,,,581.0,0,0,,,,,,DEP_FROM_ATL,FLL,1170.0,2026-04-25 19:30:00,2026-04-25 23:30:00,2026-04-26 01:21:00,2026-04-25 23:52:00,22.78,15.0,61.54,230.0,5.0,29.82,0.0,10.0,,M,False,False,False,22.0,2026-04-26 00:53:00,25.0,18.33,66.55,130.0,9.0,29.87,0.0,10.0,,M,False,False,False,28.0
2026-04-25,2026,4,25,6,AM,,3532,ATL,FLL,2249.0,40.0,2324.0,44.0,4.0,4.0,111.0,,,581.0,0,0,,,,,,DEP_FROM_ATL,FLL,1369.0,2026-04-25 22:49:00,2026-04-26 02:49:00,2026-04-26 04:40:00,2026-04-26 02:48:00,21.0,17.0,77.93,190.0,9.0,29.83,0.001,10.0,,-RA,True,False,False,1.0,2026-04-26 04:53:00,24.44,18.89,71.23,140.0,4.0,29.89,0.0,10.0,,M,False,False,False,13.0
2026-04-25,2026,4,25,6,KL,,5037,ATL,FLL,2249.0,40.0,2324.0,44.0,4.0,4.0,111.0,,,581.0,0,0,,,,,,DEP_FROM_ATL,FLL,1369.0,2026-04-25 22:49:00,2026-04-26 02:49:00,2026-04-26 04:40:00,2026-04-26 02:48:00,21.0,17.0,77.93,190.0,9.0,29.83,0.001,10.0,,-RA,True,False,False,1.0,2026-04-26 04:53:00,24.44,18.89,71.23,140.0,4.0,29.89,0.0,10.0,,M,False,False,False,13.0
2026-04-25,2026,4,25,6,KE,,7069,ATL,FLL,2249.0,40.0,2324.0,44.0,4.0,4.0,111.0,,,581.0,0,0,,,,,,DEP_FROM_ATL,FLL,1369.0,2026-04-25 22:49:00,2026-04-26 02:49:00,2026-04-26 04:40:00,2026-04-26 02:48:00,21.0,17.0,77.93,190.0,9.0,29.83,0.001,10.0,,-RA,True,False,False,1.0,2026-04-26 04:53:00,24.44,18.89,71.23,140.0,4.0,29.89,0.0,10.0,,M,False,False,False,13.0
2026-04-25,2026,4,25,6,SK,,3234,ATL,FLL,2249.0,40.0,2324.0,44.0,4.0,4.0,111.0,,,581.0,0,0,,,,,,DEP_FROM_ATL,FLL,1369.0,2026-04-25 22:49:00,2026-04-26 02:49:00,2026-04-26 04:40:00,2026-04-26 02:48:00,21.0,17.0,77.93,190.0,9.0,29.83,0.001,10.0,,-RA,True,False,False,1.0,2026-04-26 04:53:00,24.44,18.89,71.23,140.0,4.0,29.89,0.0,10.0,,M,False,False,False,13.0
2026-04-25,2026,4,25,6,LA,,6475,ATL,FLL,2249.0,40.0,2324.0,44.0,4.0,4.0,111.0,,,581.0,0,0,,,,,,DEP_FROM_ATL,FLL,1369.0,2026-04-25 22:49:00,2026-04-26 02:49:00,2026-04-26 04:40:00,2026-04-26 02:48:00,21.0,17.0,77.93,190.0,9.0,29.83,0.001,10.0,,-RA,True,False,False,1.0,2026-04-26 04:53:00,24.44,18.89,71.23,140.0,4.0,29.89,0.0,10.0,,M,False,False,False,13.0
2026-04-25,2026,4,25,6,AF,,3713,ATL,FLL,2249.0,40.0,2324.0,44.0,4.0,4.0,111.0,,,581.0,0,0,,,,,,DEP_FROM_ATL,FLL,1369.0,2026-04-25 22:49:00,2026-04-26 02:49:00,2026-04-26 04:40:00,2026-04-26 02:48:00,21.0,17.0,77.93,190.0,9.0,29.83,0.001,10.0,,-RA,True,False,False,1.0,2026-04-26 04:53:00,24.44,18.89,71.23,140.0,4.0,29.89,0.0,10.0,,M,False,False,False,13.0
2026-04-25,2026,4,25,6,VS,,5069,ATL,FLL,2249.0,40.0,2324.0,44.0,4.0,4.0,111.0,,,581.0,0,0,,,,,,DEP_FROM_ATL,FLL,1369.0,2026-04-25 22:49:00,2026-04-26 02:49:00,2026-04-26 04:40:00,2026-04-26 02:48:00,21.0,17.0,77.93,190.0,9.0,29.83,0.001,10.0,,-RA,True,False,False,1.0,2026-04-26 04:53:00,24.44,18.89,71.23,140.0,4.0,29.89,0.0,10.0,,M,False,False,False,13.0
2026-04-25,2026,4,25,6,DL,,1229,ATL,FLL,2249.0,40.0,2324.0,44.0,4.0,4.0,111.0,,,581.0,0,0,,,,,,DEP_FROM_ATL,FLL,1369.0,2026-04-25 22:49:00,2026-04-26 02:49:00,2026-04-26 04:40:00,2026-04-26 02:48:00,21.0,17.0,77.93,190.0,9.0,29.83,0.001,10.0,,-RA,True,False,False,1.0,2026-04-26 04:53:00,24.44,18.89,71.23,140.0,4.0,29.89,0.0,10.0,,M,False,False,False,13.0
2026-04-25,2026,4,25,6,WS,,6527,ATL,FLL,2249.0,40.0,2324.0,44.0,4.0,4.0,111.0,,,581.0,0,0,,,,,,DEP_FROM_ATL,FLL,1369.0,2026-04-25 22:49:00,2026-04-26 02:49:00,2026-04-26 04:40:00,2026-04-26 02:48:00,21.0,17.0,77.93,190.0,9.0,29.83,0.001,10.0,,-RA,True,False,False,1.0,2026-04-26 04:53:00,24.44,18.89,71.23,140.0,4.0,29.89,0.0,10.0,,M,False,False,False,13.0
2026-04-25,2026,4,25,6,F9,,2174,ATL,FLL,2243.0,44.0,2334.0,57.0,13.0,13.0,121.0,,,581.0,0,0,,,,,,DEP_FROM_ATL,FLL,1363.0,2026-04-25 22:43:00,2026-04-26 02:43:00,2026-04-26 04:44:00,2026-04-26 02:48:00,21.0,17.0,77.93,190.0,9.0,29.83,0.001,10.0,,-RA,True,False,False,5.0,2026-04-26 04:53:00,24.44,18.89,71.23,140.0,4.0,29.89,0.0,10.0,,M,False,False,False,9.0
2026-04-26,2026,4,26,7,NK,,252,ATL,FLL,510.0,700.0,515.0,633.0,,,110.0,,,581.0,0,0,,,,,,DEP_FROM_ATL,FLL,310.0,2026-04-26 05:10:00,2026-04-26 09:10:00,2026-04-26 11:00:00,2026-04-26 09:02:00,17.22,15.56,89.94,340.0,6.0,29.86,0.0,0.25,,-DZ BR,False,True,False,8.0,2026-04-26 10:53:00,23.89,19.44,76.23,0.0,0.0,29.88,0.0,10.0,,M,False,False,False,7.0
2026-04-26,2026,4,26,7,AD,,7695,ATL,FLL,700.0,845.0,724.0,844.0,,,105.0,,,581.0,0,0,,,,,,DEP_FROM_ATL,FLL,420.0,2026-04-26 07:00:00,2026-04-26 11:00:00,2026-04-26 12:45:00,2026-04-26 10:52:00,17.22,16.11,93.19,320.0,3.0,29.87,0.001,0.25,,-DZ BR,True,True,False,8.0,2026-04-26 12:53:00,26.11,20.56,71.54,150.0,5.0,29.9,0.0,10.0,,M,False,False,False,8.0
2026-04-26,2026,4,26,7,B6,,1797,ATL,FLL,700.0,845.0,724.0,844.0,,,105.0,,,581.0,0,0,,,,,,DEP_FROM_ATL,FLL,420.0,2026-04-26 07:00:00,2026-04-26 11:00:00,2026-04-26 12:45:00,2026-04-26 10:52:00,17.22,16.11,93.19,320.0,3.0,29.87,0.001,0.25,,-DZ BR,True,True,False,8.0,2026-04-26 12:53:00,26.11,20.56,71.54,150.0,5.0,29.9,0.0,10.0,,M,False,False,False,8.0
2026-04-26,2026,4,26,7,F9,,2172,ATL,FLL,700.0,859.0,708.0,828.0,,,119.0,,,581.0,0,0,,,,,,DEP_FROM_ATL,FLL,420.0,2026-04-26 07:00:00,2026-04-26 11:00:00,2026-04-26 12:59:00,2026-04-26 10:52:00,17.22,16.11,93.19,320.0,3.0,29.87,0.001,0.25,,-DZ BR,True,True,False,8.0,2026-04-26 12:53:00,26.11,20.56,71.54,150.0,5.0,29.9,0.0,10.0,,M,False,False,False,6.0
2026-04-26,2026,4,26,7,DL,,1334,ATL,FLL,725.0,913.0,823.0,941.0,28.0,28.0,108.0,,,581.0,0,0,,,,,,DEP_FROM_ATL,FLL,445.0,2026-04-26 07:25:00,2026-04-26 11:25:00,2026-04-26 13:13:00,2026-04-26 11:52:00,17.22,16.11,93.19,360.0,6.0,29.89,0.0,0.25,,FG,False,True,False,27.0,2026-04-26 12:53:00,26.11,20.56,71.54,150.0,5.0,29.9,0.0,10.0,,M,False,False,False,20.0
2026-04-26,2026,4,26,7,LA,,6213,ATL,FLL,725.0,913.0,823.0,941.0,28.0,28.0,108.0,,,581.0,0,0,,,,,,DEP_FROM_ATL,FLL,445.0,2026-04-26 07:25:00,2026-04-26 11:25:00,2026-04-26 13:13:00,2026-04-26 11:52:00,17.22,16.11,93.19,360.0,6.0,29.89,0.0,0.25,,FG,False,True,False,27.0,2026-04-26 12:53:00,26.11,20.56,71.54,150.0,5.0,29.9,0.0,10.0,,M,False,False,False,20.0
2026-04-26,2026,4,26,7,LA,,6179,ATL,FLL,825.0,1016.0,851.0,,,27.0,111.0,,,581.0,0,0,,,,,,DEP_FROM_ATL,FLL,505.0,2026-04-26 08:25:00,2026-04-26 12:25:00,2026-04-26 14:16:00,2026-04-26 12:26:00,18.33,16.67,90.02,30.0,5.0,29.89,0.0,1.0,,BR,False,True,False,1.0,2026-04-26 13:53:00,26.67,20.0,66.9,190.0,7.0,29.91,0.0,10.0,,M,False,False,False,23.0
2026-04-26,2026,4,26,7,WS,,7043,ATL,FLL,825.0,1016.0,851.0,,,27.0,111.0,,,581.0,0,0,,,,,,DEP_FROM_ATL,FLL,505.0,2026-04-26 08:25:00,2026-04-26 12:25:00,2026-04-26 14:16:00,2026-04-26 12:26:00,18.33,16.67,90.02,30.0,5.0,29.89,0.0,1.0,,BR,False,True,False,1.0,2026-04-26 13:53:00,26.67,20.0,66.9,190.0,7.0,29.91,0.0,10.0,,M,False,False,False,23.0
2026-04-26,2026,4,26,7,DL,,2343,ATL,FLL,825.0,1016.0,851.0,,,27.0,111.0,,,581.0,0,0,,,,,,DEP_FROM_ATL,FLL,505.0,2026-04-26 08:25:00,2026-04-26 12:25:00,2026-04-26 14:16:00,2026-04-26 12:26:00,18.33,16.67,90.02,30.0,5.0,29.89,0.0,1.0,,BR,False,True,False,1.0,2026-04-26 13:53:00,26.67,20.0,66.9,190.0,7.0,29.91,0.0,10.0,,M,False,False,False,23.0
2026-04-26,2026,4,26,7,DL,,1709,ATL,FLL,943.0,1131.0,1011.0,,3.0,28.0,108.0,,,581.0,0,0,,,,,,DEP_FROM_ATL,FLL,583.0,2026-04-26 09:43:00,2026-04-26 13:43:00,2026-04-26 15:31:00,2026-04-26 13:39:00,20.56,17.22,81.22,300.0,5.0,29.91,0.0,10.0,,M,False,False,False,4.0,2026-04-26 15:53:00,28.89,21.11,62.94,130.0,10.0,29.9,0.0,10.0,,M,False,False,False,22.0
2026-04-26,2026,4,26,7,LA,,8490,ATL,FLL,943.0,1131.0,1011.0,,3.0,28.0,108.0,,,581.0,0,0,,,,,,DEP_FROM_ATL,FLL,583.0,2026-04-26 09:43:00,2026-04-26 13:43:00,2026-04-26 15:31:00,2026-04-26 13:39:00,20.56,17.22,81.22,300.0,5.0,29.91,0.0,10.0,,M,False,False,False,4.0,2026-04-26 15:53:00,28.89,21.11,62.94,130.0,10.0,29.9,0.0,10.0,,M,False,False,False,22.0
2026-04-26,2026,4,26,7,WS,,6615,ATL,FLL,943.0,1131.0,1011.0,,3.0,28.0,108.0,,,581.0,0,0,,,,,,DEP_FROM_ATL,FLL,583.0,2026-04-26 09:43:00,2026-04-26 13:43:00,2026-04-26 15:31:00,2026-04-26 13:39:00,20.56,17.22,81.22,300.0,5.0,29.91,0.0,10.0,,M,False,False,False,4.0,2026-04-26 15:53:00,28.89,21.11,62.94,130.0,10.0,29.9,0.0,10.0,,M,False,False,False,22.0
2026-04-26,2026,4,26,7,F9,,1124,ATL,FLL,1000.0,1203.0,,,,171.0,123.0,,,581.0,0,0,,,,,,DEP_FROM_ATL,FLL,600.0,2026-04-26 10:00:00,2026-04-26 14:00:00,2026-04-26 16:03:00,2026-04-26 13:52:00,20.0,17.22,84.05,300.0,4.0,29.91,0.0,9.0,,M,False,False,False,8.0,2026-04-26 15:53:00,28.89,21.11,62.94,130.0,10.0,29.9,0.0,10.0,,M,False,False,False,10.0
2026-04-26,2026,4,26,7,NK,,386,ATL,FLL,1054.0,1247.0,1111.0,,,18.0,113.0,,,581.0,0,0,,,,,,DEP_FROM_ATL,FLL,654.0,2026-04-26 10:54:00,2026-04-26 14:54:00,2026-04-26 16:47:00,2026-04-26 14:52:00,22.22,17.22,73.34,,6.0,29.93,0.0,10.0,,M,False,False,False,2.0,2026-04-26 16:53:00,28.33,20.56,62.81,120.0,11.0,29.89,0.0,10.0,,M,False,False,False,6.0
2026-04-26,2026,4,26,7,DL,,1512,ATL,FLL,1108.0,1257.0,1113.0,,,5.0,109.0,,,581.0,0,0,,,,,,DEP_FROM_ATL,FLL,668.0,2026-04-26 11:08:00,2026-04-26 15:08:00,2026-04-26 16:57:00,2026-04-26 15:14:00,22.22,17.22,73.34,290.0,5.0,29.93,0.0,10.0,,M,False,False,False,6.0,2026-04-26 16:53:00,28.33,20.56,62.81,120.0,11.0,29.89,0.0,10.0,,M,False,False,False,4.0
2026-04-26,2026,4,26,7,WS,,7196,ATL,FLL,1108.0,1257.0,1113.0,,,5.0,109.0,,,581.0,0,0,,,,,,DEP_FROM_ATL,FLL,668.0,2026-04-26 11:08:00,2026-04-26 15:08:00,2026-04-26 16:57:00,2026-04-26 15:14:00,22.22,17.22,73.34,290.0,5.0,29.93,0.0,10.0,,M,False,False,False,6.0,2026-04-26 16:53:00,28.33,20.56,62.81,120.0,11.0,29.89,0.0,10.0,,M,False,False,False,4.0
2026-04-26,2026,4,26,7,KE,,5421,ATL,FLL,1108.0,1257.0,1113.0,,,5.0,109.0,,,581.0,0,0,,,,,,DEP_FROM_ATL,FLL,668.0,2026-04-26 11:08:00,2026-04-26 15:08:00,2026-04-26 16:57:00,2026-04-26 15:14:00,22.22,17.22,73.34,290.0,5.0,29.93,0.0,10.0,,M,False,False,False,6.0,2026-04-26 16:53:00,28.33,20.56,62.81,120.0,11.0,29.89,0.0,10.0,,M,False,False,False,4.0
2026-04-26,2026,4,26,7,DL,,1341,ATL,FLL,1220.0,1407.0,1231.0,,,12.0,107.0,,,581.0,0,0,,,,,,DEP_FROM_ATL,FLL,740.0,2026-04-26 12:20:00,2026-04-26 16:20:00,2026-04-26 18:07:00,2026-04-26 15:52:00,24.44,17.22,64.15,280.0,6.0,29.93,0.0,10.0,,M,False,False,False,28.0,2026-04-26 17:53:00,29.44,20.56,58.91,140.0,13.0,29.87,0.0,10.0,17.0,M,False,False,False,14.0
2026-04-26,2026,4,26,7,KE,,3154,ATL,FLL,1220.0,1407.0,1231.0,,,12.0,107.0,,,581.0,0,0,,,,,,DEP_FROM_ATL,FLL,740.0,2026-04-26 12:20:00,2026-04-26 16:20:00,2026-04-26 18:07:00,2026-04-26 15:52:00,24.44,17.22,64.15,280.0,6.0,29.93,0.0,10.0,,M,False,False,False,28.0,2026-04-26 17:53:00,29.44,20.56,58.91,140.0,13.0,29.87,0.0,10.0,17.0,M,False,False,False,14.0
2026-04-26,2026,4,26,7,F9,,4874,ATL,FLL,1240.0,1441.0,1254.0,,,15.0,121.0,,,581.0,0,0,,,,,,DEP_FROM_ATL,FLL,760.0,2026-04-26 12:40:00,2026-04-26 16:40:00,2026-04-26 18:41:00,2026-04-26 16:52:00,26.11,16.67,56.09,310.0,7.0,29.93,0.0,10.0,,M,False,False,False,12.0,2026-04-26 18:53:00,29.44,20.0,56.92,150.0,14.0,29.85,0.0,10.0,,M,False,False,False,12.0
2026-04-26,2026,4,26,7,B6,,2097,ATL,FLL,1305.0,1454.0,1348.0,,20.0,44.0,109.0,,,581.0,0,0,,,,,,DEP_FROM_ATL,FLL,785.0,2026-04-26 13:05:00,2026-04-26 17:05:00,2026-04-26 18:54:00,2026-04-26 16:52:00,26.11,16.67,56.09,310.0,7.0,29.93,0.0,10.0,,M,False,False,False,13.0,2026-04-26 18:53:00,29.44,20.0,56.92,150.0,14.0,29.85,0.0,10.0,,M,False,False,False,1.0
2026-04-26,2026,4,26,7,AD,,7791,ATL,FLL,1305.0,1454.0,1348.0,,20.0,44.0,109.0,,,581.0,0,0,,,,,,DEP_FROM_ATL,FLL,785.0,2026-04-26 13:05:00,2026-04-26 17:05:00,2026-04-26 18:54:00,2026-04-26 16:52:00,26.11,16.67,56.09,310.0,7.0,29.93,0.0,10.0,,M,False,False,False,13.0,2026-04-26 18:53:00,29.44,20.0,56.92,150.0,14.0,29.85,0.0,10.0,,M,False,False,False,1.0
2026-04-26,2026,4,26,7,KE,,6893,ATL,FLL,1325.0,1512.0,1341.0,,,17.0,107.0,,,581.0,0,0,,,,,,DEP_FROM_ATL,FLL,805.0,2026-04-26 13:25:00,2026-04-26 17:25:00,2026-04-26 19:12:00,2026-04-26 17:52:00,26.67,15.0,48.8,280.0,8.0,29.92,0.0,10.0,,M,False,False,False,27.0,2026-04-26 18:53:00,29.44,20.0,56.92,150.0,14.0,29.85,0.0,10.0,,M,False,False,False,19.0
2026-04-26,2026,4,26,7,DL,,1413,ATL,FLL,1325.0,1512.0,1341.0,,,17.0,107.0,,,581.0,0,0,,,,,,DEP_FROM_ATL,FLL,805.0,2026-04-26 13:25:00,2026-04-26 17:25:00,2026-04-26 19:12:00,2026-04-26 17:52:00,26.67,15.0,48.8,280.0,8.0,29.92,0.0,10.0,,M,False,False,False,27.0,2026-04-26 18:53:00,29.44,20.0,56.92,150.0,14.0,29.85,0.0,10.0,,M,False,False,False,19.0
2026-04-26,2026,4,26,7,DL,N326DN,1292,ATL,FLL,1429.0,1616.0,1502.0,,10.0,33.0,107.0,,,581.0,0,0,,,,,,DEP_FROM_ATL,FLL,869.0,2026-04-26 14:29:00,2026-04-26 18:29:00,2026-04-26 20:16:00,2026-04-26 18:52:00,26.67,13.89,45.42,300.0,8.0,29.91,0.0,10.0,14.0,M,False,False,False,23.0,2026-04-26 19:53:00,30.0,20.0,55.13,130.0,15.0,29.83,0.0,10.0,,M,False,False,False,23.0
2026-04-26,2026,4,26,7,VS,,5091,ATL,FLL,1429.0,1616.0,1502.0,,10.0,33.0,107.0,,,581.0,0,0,,,,,,DEP_FROM_ATL,FLL,869.0,2026-04-26 14:29:00,2026-04-26 18:29:00,2026-04-26 20:16:00,2026-04-26 18:52:00,26.67,13.89,45.42,300.0,8.0,29.91,0.0,10.0,14.0,M,False,False,False,23.0,2026-04-26 19:53:00,30.0,20.0,55.13,130.0,15.0,29.83,0.0,10.0,,M,False,False,False,23.0
2026-04-26,2026,4,26,7,WS,,5431,ATL,FLL,1429.0,1616.0,1502.0,,10.0,33.0,107.0,,,581.0,0,0,,,,,,DEP_FROM_ATL,FLL,869.0,2026-04-26 14:29:00,2026-04-26 18:29:00,2026-04-26 20:16:00,2026-04-26 18:52:00,26.67,13.89,45.42,300.0,8.0,29.91,0.0,10.0,14.0,M,False,False,False,23.0,2026-04-26 19:53:00,30.0,20.0,55.13,130.0,15.0,29.83,0.0,10.0,,M,False,False,False,23.0
2026-04-26,2026,4,26,7,KE,,5326,ATL,FLL,1429.0,1616.0,1502.0,,10.0,33.0,107.0,,,581.0,0,0,,,,,,DEP_FROM_ATL,FLL,869.0,2026-04-26 14:29:00,2026-04-26 18:29:00,2026-04-26 20:16:00,2026-04-26 18:52:00,26.67,13.89,45.42,300.0,8.0,29.91,0.0,10.0,14.0,M,False,False,False,23.0,2026-04-26 19:53:00,30.0,20.0,55.13,130.0,15.0,29.83,0.0,10.0,,M,False,False,False,23.0
2026-04-26,2026,4,26,7,AM,,3206,ATL,FLL,1429.0,1616.0,1502.0,,10.0,33.0,107.0,,,581.0,0,0,,,,,,DEP_FROM_ATL,FLL,869.0,2026-04-26 14:29:00,2026-04-26 18:29:00,2026-04-26 20:16:00,2026-04-26 18:52:00,26.67,13.89,45.42,300.0,8.0,29.91,0.0,10.0,14.0,M,False,False,False,23.0,2026-04-26 19:53:00,30.0,20.0,55.13,130.0,15.0,29.83,0.0,10.0,,M,False,False,False,23.0
2026-04-26,2026,4,26,7,KL,,5039,ATL,FLL,1429.0,1616.0,1502.0,,10.0,33.0,107.0,,,581.0,0,0,,,,,,DEP_FROM_ATL,FLL,869.0,2026-04-26 14:29:00,2026-04-26 18:29:00,2026-04-26 20:16:00,2026-04-26 18:52:00,26.67,13.89,45.42,300.0,8.0,29.91,0.0,10.0,14.0,M,False,False,False,23.0,2026-04-26 19:53:00,30.0,20.0,55.13,130.0,15.0,29.83,0.0,10.0,,M,False,False,False,23.0
2026-04-26,2026,4,26,7,AM,,3126,ATL,FLL,1529.0,1712.0,,,,,103.0,,,581.0,0,0,,,,,,DEP_FROM_ATL,FLL,929.0,2026-04-26 15:29:00,2026-04-26 19:29:00,2026-04-26 21:12:00,2026-04-26 19:52:00,27.78,13.89,42.56,320.0,9.0,29.89,0.0,10.0,,M,False,False,False,23.0,2026-04-26 19:53:00,30.0,20.0,55.13,130.0,15.0,29.83,0.0,10.0,,M,False,False,False,79.0
2026-04-26,2026,4,26,7,VS,,5081,ATL,FLL,1529.0,1712.0,,,,,103.0,,,581.0,0,0,,,,,,DEP_FROM_ATL,FLL,929.0,2026-04-26 15:29:00,2026-04-26 19:29:00,2026-04-26 21:12:00,2026-04-26 19:52:00,27.78,13.89,42.56,320.0,9.0,29.89,0.0,10.0,,M,False,False,False,23.0,2026-04-26 19:53:00,30.0,20.0,55.13,130.0,15.0,29.83,0.0,10.0,,M,False,False,False,79.0
2026-04-26,2026,4,26,7,AF,,8800,ATL,FLL,1529.0,1712.0,,,,,103.0,,,581.0,0,0,,,,,,DEP_FROM_ATL,FLL,929.0,2026-04-26 15:29:00,2026-04-26 19:29:00,2026-04-26 21:12:00,2026-04-26 19:52:00,27.78,13.89,42.56,320.0,9.0,29.89,0.0,10.0,,M,False,False,False,23.0,2026-04-26 19:53:00,30.0,20.0,55.13,130.0,15.0,29.83,0.0,10.0,,M,False,False,False,79.0
2026-04-26,2026,4,26,7,DL,N544US,2345,ATL,FLL,1529.0,1712.0,,,,13.0,103.0,,,581.0,0,0,,,,,,DEP_FROM_ATL,FLL,929.0,2026-04-26 15:29:00,2026-04-26 19:29:00,2026-04-26 21:12:00,2026-04-26 19:52:00,27.78,13.89,42.56,320.0,9.0,29.89,0.0,10.0,,M,False,False,False,23.0,2026-04-26 19:53:00,30.0,20.0,55.13,130.0,15.0,29.83,0.0,10.0,,M,False,False,False,79.0
2026-04-26,2026,4,26,7,KL,,5040,ATL,FLL,1529.0,1712.0,,,,,103.0,,,581.0,0,0,,,,,,DEP_FROM_ATL,FLL,929.0,2026-04-26 15:29:00,2026-04-26 19:29:00,2026-04-26 21:12:00,2026-04-26 19:52:00,27.78,13.89,42.56,320.0,9.0,29.89,0.0,10.0,,M,False,False,False,23.0,2026-04-26 19:53:00,30.0,20.0,55.13,130.0,15.0,29.83,0.0,10.0,,M,False,False,False,79.0
2026-04-26,2026,4,26,7,DL,,1295,ATL,FLL,1639.0,1828.0,,,,,109.0,,,581.0,0,0,,,,,,DEP_FROM_ATL,FLL,999.0,2026-04-26 16:39:00,2026-04-26 20:39:00,2026-04-26 22:28:00,2026-04-26 19:52:00,27.78,13.89,42.56,320.0,9.0,29.89,0.0,10.0,,M,False,False,False,47.0,,,,,,,,,,,,,,,
2026-04-26,2026,4,26,7,NK,,1496,ATL,FLL,1641.0,1831.0,,,,95.0,110.0,,,581.0,0,0,,,,,,DEP_FROM_ATL,FLL,1001.0,2026-04-26 16:41:00,2026-04-26 20:41:00,2026-04-26 22:31:00,2026-04-26 19:52:00,27.78,13.89,42.56,320.0,9.0,29.89,0.0,10.0,,M,False,False,False,49.0,,,,,,,,,,,,,,,
2026-04-26,2026,4,26,7,DL,,1670,ATL,FLL,1745.0,1934.0,,,,15.0,109.0,,,581.0,0,0,,,,,,DEP_FROM_ATL,FLL,1065.0,2026-04-26 17:45:00,2026-04-26 21:45:00,2026-04-26 23:34:00,,,,,,,,,,,,,,,,,,,,,,,,,,,,,,
2026-04-26,2026,4,26,7,B6,,1697,ATL,FLL,1830.0,2027.0,,,,,117.0,,,581.0,0,0,,,,,,DEP_FROM_ATL,FLL,1110.0,2026-04-26 18:30:00,2026-04-26 22:30:00,2026-04-27 00:27:00,,,,,,,,,,,,,,,,,,,,,,,,,,,,,,
2026-04-26,2026,4,26,7,NK,,272,ATL,FLL,1909.0,2103.0,,,,,114.0,,,581.0,0,0,,,,,,DEP_FROM_ATL,FLL,1149.0,2026-04-26 19:09:00,2026-04-26 23:09:00,2026-04-27 01:03:00,,,,,,,,,,,,,,,,,,,,,,,,,,,,,,
2026-04-26,2026,4,26,7,DL,,1489,ATL,FLL,1930.0,2121.0,,,,,111.0,,,581.0,0,0,,,,,,DEP_FROM_ATL,FLL,1170.0,2026-04-26 19:30:00,2026-04-26 23:30:00,2026-04-27 01:21:00,,,,,,,,,,,,,,,,,,,,,,,,,,,,,,
2026-04-26,2026,4,26,7,DL,,1107,ATL,FLL,2115.0,2306.0,,,,,111.0,,,581.0,0,0,,,,,,DEP_FROM_ATL,FLL,1275.0,2026-04-26 21:15:00,2026-04-27 01:15:00,2026-04-27 03:06:00,,,,,,,,,,,,,,,,,,,,,,,,,,,,,,
2026-04-26,2026,4,26,7,NK,,2406,ATL,FLL,2201.0,2349.0,,,,,108.0,,,581.0,0,0,,,,,,DEP_FROM_ATL,FLL,1321.0,2026-04-26 22:01:00,2026-04-27 02:01:00,2026-04-27 03:49:00,,,,,,,,,,,,,,,,,,,,,,,,,,,,,,
2026-04-25,2026,4,25,6,WN,,1748,ATL,LAS,710.0,840.0,719.0,832.0,,,90.0,,,1747.0,0,0,,,,,,DEP_FROM_ATL,LAS,430.0,2026-04-25 07:10:00,2026-04-25 11:10:00,2026-04-25 12:40:00,2026-04-25 10:52:00,18.89,13.89,72.74,0.0,0.0,29.82,0.0,10.0,,M,False,False,False,18.0,2026-04-25 12:56:00,17.22,-0.56,29.89,150.0,4.0,29.7,0.0,10.0,16.0,M,False,False,False,16.0
2026-04-25,2026,4,25,6,DL,,1327,ATL,LAS,730.0,852.0,740.0,845.0,,,82.0,,,1747.0,0,0,,,,,,DEP_FROM_ATL,LAS,450.0,2026-04-25 07:30:00,2026-04-25 11:30:00,2026-04-25 12:52:00,2026-04-25 11:52:00,19.44,13.89,70.27,220.0,3.0,29.85,0.0,10.0,,M,False,False,False,22.0,2026-04-25 12:56:00,17.22,-0.56,29.89,150.0,4.0,29.7,0.0,10.0,16.0,M,False,False,False,4.0
2026-04-25,2026,4,25,6,DL,,945,ATL,LAS,915.0,1040.0,929.0,1034.0,,,85.0,,,1747.0,0,0,,,,,,DEP_FROM_ATL,LAS,555.0,2026-04-25 09:15:00,2026-04-25 13:15:00,2026-04-25 14:40:00,2026-04-25 12:52:00,19.44,14.44,72.85,220.0,6.0,29.86,0.0,10.0,,M,False,False,False,23.0,2026-04-25 14:56:00,18.89,-0.56,26.92,170.0,6.0,29.73,0.0,10.0,,M,False,False,False,16.0
2026-04-25,2026,4,25,6,AM,,3267,ATL,LAS,915.0,1040.0,929.0,1034.0,,,85.0,,,1747.0,0,0,,,,,,DEP_FROM_ATL,LAS,555.0,2026-04-25 09:15:00,2026-04-25 13:15:00,2026-04-25 14:40:00,2026-04-25 12:52:00,19.44,14.44,72.85,220.0,6.0,29.86,0.0,10.0,,M,False,False,False,23.0,2026-04-25 14:56:00,18.89,-0.56,26.92,170.0,6.0,29.73,0.0,10.0,,M,False,False,False,16.0
2026-04-25,2026,4,25,6,LA,,6109,ATL,LAS,915.0,1040.0,929.0,1034.0,,,85.0,,,1747.0,0,0,,,,,,DEP_FROM_ATL,LAS,555.0,2026-04-25 09:15:00,2026-04-25 13:15:00,2026-04-25 14:40:00,2026-04-25 12:52:00,19.44,14.44,72.85,220.0,6.0,29.86,0.0,10.0,,M,False,False,False,23.0,2026-04-25 14:56:00,18.89,-0.56,26.92,170.0,6.0,29.73,0.0,10.0,,M,False,False,False,16.0
2026-04-25,2026,4,25,6,DL,,945,ATL,LAS,915.0,1040.0,929.0,1034.0,,,85.0,,,1747.0,0,0,,,,,,DEP_FROM_ATL,LAS,555.0,2026-04-25 09:15:00,2026-04-25 13:15:00,2026-04-25 14:40:00,2026-04-25 12:52:00,19.44,14.44,72.85,220.0,6.0,29.86,0.0,10.0,,M,False,False,False,23.0,2026-04-25 14:56:00,18.89,-0.56,26.92,170.0,6.0,29.73,0.0,10.0,,M,False,False,False,16.0
2026-04-25,2026,4,25,6,LA,,7934,ATL,LAS,1055.0,1218.0,1105.0,1219.0,1.0,1.0,83.0,,,1747.0,0,0,,,,,,DEP_FROM_ATL,LAS,655.0,2026-04-25 10:55:00,2026-04-25 14:55:00,2026-04-25 16:18:00,2026-04-25 14:52:00,21.67,15.0,65.84,270.0,11.0,29.85,0.0,10.0,,M,False,False,False,3.0,2026-04-25 15:56:00,20.56,-0.56,24.28,180.0,8.0,29.72,0.0,10.0,17.0,M,False,False,False,22.0
2026-04-25,2026,4,25,6,DL,,824,ATL,LAS,1055.0,1218.0,1105.0,1219.0,1.0,1.0,83.0,,,1747.0,0,0,,,,,,DEP_FROM_ATL,LAS,655.0,2026-04-25 10:55:00,2026-04-25 14:55:00,2026-04-25 16:18:00,2026-04-25 14:52:00,21.67,15.0,65.84,270.0,11.0,29.85,0.0,10.0,,M,False,False,False,3.0,2026-04-25 15:56:00,20.56,-0.56,24.28,180.0,8.0,29.72,0.0,10.0,17.0,M,False,False,False,22.0
2026-04-25,2026,4,25,6,Y4,,2830,ATL,LAS,1135.0,1322.0,1320.0,,68.0,67.0,107.0,,,1747.0,0,0,,,,,,DEP_FROM_ATL,LAS,695.0,2026-04-25 11:35:00,2026-04-25 15:35:00,2026-04-25 17:22:00,2026-04-25 15:52:00,21.11,15.0,68.12,250.0,7.0,29.86,0.0,10.0,,M,False,False,False,17.0,2026-04-25 16:56:00,21.11,-1.67,21.63,290.0,7.0,29.73,0.0,10.0,,M,False,False,False,26.0
2026-04-25,2026,4,25,6,F9,,4891,ATL,LAS,1135.0,1322.0,1320.0,,68.0,67.0,107.0,,,1747.0,0,0,,,,,,DEP_FROM_ATL,LAS,695.0,2026-04-25 11:35:00,2026-04-25 15:35:00,2026-04-25 17:22:00,2026-04-25 15:52:00,21.11,15.0,68.12,250.0,7.0,29.86,0.0,10.0,,M,False,False,False,17.0,2026-04-25 16:56:00,21.11,-1.67,21.63,290.0,7.0,29.73,0.0,10.0,,M,False,False,False,26.0
2026-04-25,2026,4,25,6,LA,,7048,ATL,LAS,1219.0,1341.0,1229.0,1338.0,,,82.0,,,1747.0,0,0,,,,,,DEP_FROM_ATL,LAS,739.0,2026-04-25 12:19:00,2026-04-25 16:19:00,2026-04-25 17:41:00,2026-04-25 16:25:00,21.67,15.0,65.84,250.0,10.0,29.87,0.0,10.0,22.0,M,False,False,False,6.0,2026-04-25 17:56:00,23.33,-1.11,19.68,170.0,10.0,29.72,0.0,10.0,18.0,M,False,False,False,15.0
2026-04-25,2026,4,25,6,KE,,5342,ATL,LAS,1219.0,1341.0,1229.0,1338.0,,,82.0,,,1747.0,0,0,,,,,,DEP_FROM_ATL,LAS,739.0,2026-04-25 12:19:00,2026-04-25 16:19:00,2026-04-25 17:41:00,2026-04-25 16:25:00,21.67,15.0,65.84,250.0,10.0,29.87,0.0,10.0,22.0,M,False,False,False,6.0,2026-04-25 17:56:00,23.33,-1.11,19.68,170.0,10.0,29.72,0.0,10.0,18.0,M,False,False,False,15.0
2026-04-25,2026,4,25,6,DL,,549,ATL,LAS,1219.0,1341.0,1229.0,1338.0,,,82.0,,,1747.0,0,0,,,,,,DEP_FROM_ATL,LAS,739.0,2026-04-25 12:19:00,2026-04-25 16:19:00,2026-04-25 17:41:00,2026-04-25 16:25:00,21.67,15.0,65.84,250.0,10.0,29.87,0.0,10.0,22.0,M,False,False,False,6.0,2026-04-25 17:56:00,23.33,-1.11,19.68,170.0,10.0,29.72,0.0,10.0,18.0,M,False,False,False,15.0
2026-04-25,2026,4,25,6,AM,,3196,ATL,LAS,1401.0,1524.0,1409.0,1501.0,,,83.0,,,1747.0,0,0,,,,,,DEP_FROM_ATL,LAS,841.0,2026-04-25 14:01:00,2026-04-25 18:01:00,2026-04-25 19:24:00,2026-04-25 17:52:00,20.0,15.56,75.59,270.0,6.0,29.87,0.001,9.0,,-RA,True,False,False,9.0,2026-04-25 18:56:00,23.89,-1.11,19.03,180.0,11.0,29.71,0.0,10.0,25.0,M,False,False,False,28.0
2026-04-25,2026,4,25,6,KE,,6737,ATL,LAS,1401.0,1524.0,1409.0,1501.0,,,83.0,,,1747.0,0,0,,,,,,DEP_FROM_ATL,LAS,841.0,2026-04-25 14:01:00,2026-04-25 18:01:00,2026-04-25 19:24:00,2026-04-25 17:52:00,20.0,15.56,75.59,270.0,6.0,29.87,0.001,9.0,,-RA,True,False,False,9.0,2026-04-25 18:56:00,23.89,-1.11,19.03,180.0,11.0,29.71,0.0,10.0,25.0,M,False,False,False,28.0
2026-04-25,2026,4,25,6,DL,,748,ATL,LAS,1401.0,1524.0,1409.0,1501.0,,,83.0,,,1747.0,0,0,,,,,,DEP_FROM_ATL,LAS,841.0,2026-04-25 14:01:00,2026-04-25 18:01:00,2026-04-25 19:24:00,2026-04-25 17:52:00,20.0,15.56,75.59,270.0,6.0,29.87,0.001,9.0,,-RA,True,False,False,9.0,2026-04-25 18:56:00,23.89,-1.11,19.03,180.0,11.0,29.71,0.0,10.0,25.0,M,False,False,False,28.0
2026-04-25,2026,4,25,6,AF,,6858,ATL,LAS,1659.0,1827.0,1724.0,1833.0,6.0,6.0,88.0,,,1747.0,0,0,,,,,,DEP_FROM_ATL,LAS,1019.0,2026-04-25 16:59:00,2026-04-25 20:59:00,2026-04-25 22:27:00,2026-04-25 20:52:00,23.33,16.11,63.9,,4.0,29.81,0.0,10.0,,M,False,False,False,7.0,2026-04-25 22:56:00,23.89,-1.11,19.03,210.0,18.0,29.65,0.0,10.0,29.0,M,False,False,False,29.0
2026-04-25,2026,4,25,6,AM,,3279,ATL,LAS,1659.0,1827.0,1724.0,1833.0,6.0,6.0,88.0,,,1747.0,0,0,,,,,,DEP_FROM_ATL,LAS,1019.0,2026-04-25 16:59:00,2026-04-25 20:59:00,2026-04-25 22:27:00,2026-04-25 20:52:00,23.33,16.11,63.9,,4.0,29.81,0.0,10.0,,M,False,False,False,7.0,2026-04-25 22:56:00,23.89,-1.11,19.03,210.0,18.0,29.65,0.0,10.0,29.0,M,False,False,False,29.0
2026-04-25,2026,4,25,6,LA,,6507,ATL,LAS,1659.0,1827.0,1724.0,1833.0,6.0,6.0,88.0,,,1747.0,0,0,,,,,,DEP_FROM_ATL,LAS,1019.0,2026-04-25 16:59:00,2026-04-25 20:59:00,2026-04-25 22:27:00,2026-04-25 20:52:00,23.33,16.11,63.9,,4.0,29.81,0.0,10.0,,M,False,False,False,7.0,2026-04-25 22:56:00,23.89,-1.11,19.03,210.0,18.0,29.65,0.0,10.0,29.0,M,False,False,False,29.0
2026-04-25,2026,4,25,6,VS,,5129,ATL,LAS,1659.0,1827.0,1724.0,1833.0,6.0,6.0,88.0,,,1747.0,0,0,,,,,,DEP_FROM_ATL,LAS,1019.0,2026-04-25 16:59:00,2026-04-25 20:59:00,2026-04-25 22:27:00,2026-04-25 20:52:00,23.33,16.11,63.9,,4.0,29.81,0.0,10.0,,M,False,False,False,7.0,2026-04-25 22:56:00,23.89,-1.11,19.03,210.0,18.0,29.65,0.0,10.0,29.0,M,False,False,False,29.0
2026-04-25,2026,4,25,6,DL,,711,ATL,LAS,1659.0,1827.0,1724.0,1833.0,6.0,6.0,88.0,,,1747.0,0,0,,,,,,DEP_FROM_ATL,LAS,1019.0,2026-04-25 16:59:00,2026-04-25 20:59:00,2026-04-25 22:27:00,2026-04-25 20:52:00,23.33,16.11,63.9,,4.0,29.81,0.0,10.0,,M,False,False,False,7.0,2026-04-25 22:56:00,23.89,-1.11,19.03,210.0,18.0,29.65,0.0,10.0,29.0,M,False,False,False,29.0
2026-04-25,2026,4,25,6,WN,,569,ATL,LAS,1720.0,1850.0,1800.0,1911.0,21.0,21.0,90.0,,,1747.0,0,0,,,,,,DEP_FROM_ATL,LAS,1040.0,2026-04-25 17:20:00,2026-04-25 21:20:00,2026-04-25 22:50:00,2026-04-25 20:52:00,23.33,16.11,63.9,,4.0,29.81,0.0,10.0,,M,False,False,False,28.0,2026-04-25 22:56:00,23.89,-1.11,19.03,210.0,18.0,29.65,0.0,10.0,29.0,M,False,False,False,6.0
2026-04-25,2026,4,25,6,AM,,3587,ATL,LAS,1835.0,1957.0,1842.0,2000.0,3.0,3.0,82.0,,,1747.0,0,0,,,,,,DEP_FROM_ATL,LAS,1115.0,2026-04-25 18:35:00,2026-04-25 22:35:00,2026-04-25 23:57:00,2026-04-25 22:52:00,23.33,16.11,63.9,250.0,4.0,29.8,0.0,10.0,,M,False,False,False,17.0,2026-04-25 23:56:00,23.33,-2.78,17.4,210.0,15.0,29.65,0.0,10.0,28.0,M,False,False,False,1.0
2026-04-25,2026,4,25,6,VS,,5131,ATL,LAS,1835.0,1957.0,1842.0,2000.0,3.0,3.0,82.0,,,1747.0,0,0,,,,,,DEP_FROM_ATL,LAS,1115.0,2026-04-25 18:35:00,2026-04-25 22:35:00,2026-04-25 23:57:00,2026-04-25 22:52:00,23.33,16.11,63.9,250.0,4.0,29.8,0.0,10.0,,M,False,False,False,17.0,2026-04-25 23:56:00,23.33,-2.78,17.4,210.0,15.0,29.65,0.0,10.0,28.0,M,False,False,False,1.0
2026-04-25,2026,4,25,6,DL,,919,ATL,LAS,1835.0,1957.0,1842.0,2000.0,3.0,3.0,82.0,,,1747.0,0,0,,,,,,DEP_FROM_ATL,LAS,1115.0,2026-04-25 18:35:00,2026-04-25 22:35:00,2026-04-25 23:57:00,2026-04-25 22:52:00,23.33,16.11,63.9,250.0,4.0,29.8,0.0,10.0,,M,False,False,False,17.0,2026-04-25 23:56:00,23.33,-2.78,17.4,210.0,15.0,29.65,0.0,10.0,28.0,M,False,False,False,1.0
2026-04-25,2026,4,25,6,KE,,3623,ATL,LAS,1835.0,1957.0,1842.0,2000.0,3.0,3.0,82.0,,,1747.0,0,0,,,,,,DEP_FROM_ATL,LAS,1115.0,2026-04-25 18:35:00,2026-04-25 22:35:00,2026-04-25 23:57:00,2026-04-25 22:52:00,23.33,16.11,63.9,250.0,4.0,29.8,0.0,10.0,,M,False,False,False,17.0,2026-04-25 23:56:00,23.33,-2.78,17.4,210.0,15.0,29.65,0.0,10.0,28.0,M,False,False,False,1.0
2026-04-25,2026,4,25,6,KL,,5150,ATL,LAS,1835.0,1957.0,1842.0,2000.0,3.0,3.0,82.0,,,1747.0,0,0,,,,,,DEP_FROM_ATL,LAS,1115.0,2026-04-25 18:35:00,2026-04-25 22:35:00,2026-04-25 23:57:00,2026-04-25 22:52:00,23.33,16.11,63.9,250.0,4.0,29.8,0.0,10.0,,M,False,False,False,17.0,2026-04-25 23:56:00,23.33,-2.78,17.4,210.0,15.0,29.65,0.0,10.0,28.0,M,False,False,False,1.0
2026-04-25,2026,4,25,6,LA,,8991,ATL,LAS,1835.0,1957.0,1842.0,2000.0,3.0,3.0,82.0,,,1747.0,0,0,,,,,,DEP_FROM_ATL,LAS,1115.0,2026-04-25 18:35:00,2026-04-25 22:35:00,2026-04-25 23:57:00,2026-04-25 22:52:00,23.33,16.11,63.9,250.0,4.0,29.8,0.0,10.0,,M,False,False,False,17.0,2026-04-25 23:56:00,23.33,-2.78,17.4,210.0,15.0,29.65,0.0,10.0,28.0,M,False,False,False,1.0
2026-04-25,2026,4,25,6,F9,,1115,ATL,LAS,1901.0,2049.0,1922.0,2039.0,,,108.0,,,1747.0,0,0,,,,,,DEP_FROM_ATL,LAS,1141.0,2026-04-25 19:01:00,2026-04-25 23:01:00,2026-04-26 00:49:00,2026-04-25 22:52:00,23.33,16.11,63.9,250.0,4.0,29.8,0.0,10.0,,M,False,False,False,9.0,2026-04-26 00:56:00,22.22,-2.22,19.4,240.0,14.0,29.65,0.0,10.0,22.0,M,False,False,False,7.0
2026-04-25,2026,4,25,6,AF,,5715,ATL,LAS,1940.0,2107.0,2008.0,2120.0,13.0,13.0,87.0,,,1747.0,0,0,,,,,,DEP_FROM_ATL,LAS,1180.0,2026-04-25 19:40:00,2026-04-25 23:40:00,2026-04-26 01:07:00,2026-04-25 23:52:00,22.78,15.0,61.54,230.0,5.0,29.82,0.0,10.0,,M,False,False,False,12.0,2026-04-26 00:56:00,22.22,-2.22,19.4,240.0,14.0,29.65,0.0,10.0,22.0,M,False,False,False,11.0
2026-04-25,2026,4,25,6,KE,,3622,ATL,LAS,1940.0,2107.0,2008.0,2120.0,13.0,13.0,87.0,,,1747.0,0,0,,,,,,DEP_FROM_ATL,LAS,1180.0,2026-04-25 19:40:00,2026-04-25 23:40:00,2026-04-26 01:07:00,2026-04-25 23:52:00,22.78,15.0,61.54,230.0,5.0,29.82,0.0,10.0,,M,False,False,False,12.0,2026-04-26 00:56:00,22.22,-2.22,19.4,240.0,14.0,29.65,0.0,10.0,22.0,M,False,False,False,11.0
2026-04-25,2026,4,25,6,AM,,3584,ATL,LAS,1940.0,2107.0,2008.0,2120.0,13.0,13.0,87.0,,,1747.0,0,0,,,,,,DEP_FROM_ATL,LAS,1180.0,2026-04-25 19:40:00,2026-04-25 23:40:00,2026-04-26 01:07:00,2026-04-25 23:52:00,22.78,15.0,61.54,230.0,5.0,29.82,0.0,10.0,,M,False,False,False,12.0,2026-04-26 00:56:00,22.22,-2.22,19.4,240.0,14.0,29.65,0.0,10.0,22.0,M,False,False,False,11.0
2026-04-25,2026,4,25,6,DL,,825,ATL,LAS,1940.0,2107.0,2008.0,2120.0,13.0,13.0,87.0,,,1747.0,0,0,,,,,,DEP_FROM_ATL,LAS,1180.0,2026-04-25 19:40:00,2026-04-25 23:40:00,2026-04-26 01:07:00,2026-04-25 23:52:00,22.78,15.0,61.54,230.0,5.0,29.82,0.0,10.0,,M,False,False,False,12.0,2026-04-26 00:56:00,22.22,-2.22,19.4,240.0,14.0,29.65,0.0,10.0,22.0,M,False,False,False,11.0
2026-04-25,2026,4,25,6,VS,,5133,ATL,LAS,1940.0,2107.0,2008.0,2120.0,13.0,13.0,87.0,,,1747.0,0,0,,,,,,DEP_FROM_ATL,LAS,1180.0,2026-04-25 19:40:00,2026-04-25 23:40:00,2026-04-26 01:07:00,2026-04-25 23:52:00,22.78,15.0,61.54,230.0,5.0,29.82,0.0,10.0,,M,False,False,False,12.0,2026-04-26 00:56:00,22.22,-2.22,19.4,240.0,14.0,29.65,0.0,10.0,22.0,M,False,False,False,11.0
2026-04-25,2026,4,25,6,DL,,793,ATL,LAS,2155.0,2315.0,2229.0,2340.0,25.0,25.0,80.0,,,1747.0,0,0,,,,,,DEP_FROM_ATL,LAS,1315.0,2026-04-25 21:55:00,2026-04-26 01:55:00,2026-04-26 03:15:00,2026-04-26 01:52:00,20.56,16.11,75.69,230.0,4.0,29.85,0.0,10.0,,M,False,False,False,3.0,2026-04-26 02:56:00,19.44,1.11,29.34,270.0,17.0,29.64,0.0,10.0,25.0,M,False,False,False,19.0
2026-04-25,2026,4,25,6,AF,,2749,ATL,LAS,2155.0,2315.0,2229.0,2340.0,25.0,25.0,80.0,,,1747.0,0,0,,,,,,DEP_FROM_ATL,LAS,1315.0,2026-04-25 21:55:00,2026-04-26 01:55:00,2026-04-26 03:15:00,2026-04-26 01:52:00,20.56,16.11,75.69,230.0,4.0,29.85,0.0,10.0,,M,False,False,False,3.0,2026-04-26 02:56:00,19.44,1.11,29.34,270.0,17.0,29.64,0.0,10.0,25.0,M,False,False,False,19.0
2026-04-25,2026,4,25,6,AM,,3576,ATL,LAS,2155.0,2315.0,2229.0,2340.0,25.0,25.0,80.0,,,1747.0,0,0,,,,,,DEP_FROM_ATL,LAS,1315.0,2026-04-25 21:55:00,2026-04-26 01:55:00,2026-04-26 03:15:00,2026-04-26 01:52:00,20.56,16.11,75.69,230.0,4.0,29.85,0.0,10.0,,M,False,False,False,3.0,2026-04-26 02:56:00,19.44,1.11,29.34,270.0,17.0,29.64,0.0,10.0,25.0,M,False,False,False,19.0
2026-04-25,2026,4,25,6,KE,,7190,ATL,LAS,2155.0,2315.0,2229.0,2340.0,25.0,25.0,80.0,,,1747.0,0,0,,,,,,DEP_FROM_ATL,LAS,1315.0,2026-04-25 21:55:00,2026-04-26 01:55:00,2026-04-26 03:15:00,2026-04-26 01:52:00,20.56,16.11,75.69,230.0,4.0,29.85,0.0,10.0,,M,False,False,False,3.0,2026-04-26 02:56:00,19.44,1.11,29.34,270.0,17.0,29.64,0.0,10.0,25.0,M,False,False,False,19.0
2026-04-25,2026,4,25,6,KL,,5235,ATL,LAS,2155.0,2315.0,2229.0,2340.0,25.0,25.0,80.0,,,1747.0,0,0,,,,,,DEP_FROM_ATL,LAS,1315.0,2026-04-25 21:55:00,2026-04-26 01:55:00,2026-04-26 03:15:00,2026-04-26 01:52:00,20.56,16.11,75.69,230.0,4.0,29.85,0.0,10.0,,M,False,False,False,3.0,2026-04-26 02:56:00,19.44,1.11,29.34,270.0,17.0,29.64,0.0,10.0,25.0,M,False,False,False,19.0
2026-04-25,2026,4,25,6,LA,,6174,ATL,LAS,2155.0,2315.0,2229.0,2340.0,25.0,25.0,80.0,,,1747.0,0,0,,,,,,DEP_FROM_ATL,LAS,1315.0,2026-04-25 21:55:00,2026-04-26 01:55:00,2026-04-26 03:15:00,2026-04-26 01:52:00,20.56,16.11,75.69,230.0,4.0,29.85,0.0,10.0,,M,False,False,False,3.0,2026-04-26 02:56:00,19.44,1.11,29.34,270.0,17.0,29.64,0.0,10.0,25.0,M,False,False,False,19.0
2026-04-25,2026,4,25,6,SK,,3727,ATL,LAS,2155.0,2315.0,2229.0,2340.0,25.0,25.0,80.0,,,1747.0,0,0,,,,,,DEP_FROM_ATL,LAS,1315.0,2026-04-25 21:55:00,2026-04-26 01:55:00,2026-04-26 03:15:00,2026-04-26 01:52:00,20.56,16.11,75.69,230.0,4.0,29.85,0.0,10.0,,M,False,False,False,3.0,2026-04-26 02:56:00,19.44,1.11,29.34,270.0,17.0,29.64,0.0,10.0,25.0,M,False,False,False,19.0
2026-04-25,2026,4,25,6,VS,,5029,ATL,LAS,2155.0,2315.0,2229.0,2340.0,25.0,25.0,80.0,,,1747.0,0,0,,,,,,DEP_FROM_ATL,LAS,1315.0,2026-04-25 21:55:00,2026-04-26 01:55:00,2026-04-26 03:15:00,2026-04-26 01:52:00,20.56,16.11,75.69,230.0,4.0,29.85,0.0,10.0,,M,False,False,False,3.0,2026-04-26 02:56:00,19.44,1.11,29.34,270.0,17.0,29.64,0.0,10.0,25.0,M,False,False,False,19.0
2026-04-26,2026,4,26,7,WN,,1748,ATL,LAS,600.0,730.0,625.0,742.0,12.0,12.0,90.0,,,1747.0,0,0,,,,,,DEP_FROM_ATL,LAS,360.0,2026-04-26 06:00:00,2026-04-26 10:00:00,2026-04-26 11:30:00,2026-04-26 09:52:00,17.22,15.56,89.94,310.0,5.0,29.86,0.001,0.25,,-DZ BR,True,True,False,8.0,2026-04-26 11:56:00,12.22,2.22,50.41,220.0,16.0,29.66,0.0,10.0,28.0,M,False,False,False,26.0
2026-04-26,2026,4,26,7,DL,,1327,ATL,LAS,730.0,852.0,810.0,924.0,32.0,32.0,82.0,,,1747.0,0,0,,,,,,DEP_FROM_ATL,LAS,450.0,2026-04-26 07:30:00,2026-04-26 11:30:00,2026-04-26 12:52:00,2026-04-26 11:52:00,17.22,16.11,93.19,360.0,6.0,29.89,0.0,0.25,,FG,False,True,False,22.0,2026-04-26 12:56:00,12.22,1.67,48.45,220.0,14.0,29.68,0.0,10.0,23.0,M,False,False,False,4.0
2026-04-26,2026,4,26,7,LA,,8956,ATL,LAS,730.0,852.0,810.0,924.0,32.0,32.0,82.0,,,1747.0,0,0,,,,,,DEP_FROM_ATL,LAS,450.0,2026-04-26 07:30:00,2026-04-26 11:30:00,2026-04-26 12:52:00,2026-04-26 11:52:00,17.22,16.11,93.19,360.0,6.0,29.89,0.0,0.25,,FG,False,True,False,22.0,2026-04-26 12:56:00,12.22,1.67,48.45,220.0,14.0,29.68,0.0,10.0,23.0,M,False,False,False,4.0
2026-04-26,2026,4,26,7,LA,,6109,ATL,LAS,915.0,1040.0,926.0,,,12.0,85.0,,,1747.0,0,0,,,,,,DEP_FROM_ATL,LAS,555.0,2026-04-26 09:15:00,2026-04-26 13:15:00,2026-04-26 14:40:00,2026-04-26 12:52:00,19.44,17.22,87.0,50.0,4.0,29.9,0.0,10.0,,M,False,False,False,23.0,2026-04-26 14:56:00,13.89,1.67,43.45,230.0,14.0,29.71,0.0,10.0,21.0,M,False,False,False,16.0
2026-04-26,2026,4,26,7,AM,,3267,ATL,LAS,915.0,1040.0,926.0,,,12.0,85.0,,,1747.0,0,0,,,,,,DEP_FROM_ATL,LAS,555.0,2026-04-26 09:15:00,2026-04-26 13:15:00,2026-04-26 14:40:00,2026-04-26 12:52:00,19.44,17.22,87.0,50.0,4.0,29.9,0.0,10.0,,M,False,False,False,23.0,2026-04-26 14:56:00,13.89,1.67,43.45,230.0,14.0,29.71,0.0,10.0,21.0,M,False,False,False,16.0
2026-04-26,2026,4,26,7,DL,,945,ATL,LAS,915.0,1040.0,926.0,,,12.0,85.0,,,1747.0,0,0,,,,,,DEP_FROM_ATL,LAS,555.0,2026-04-26 09:15:00,2026-04-26 13:15:00,2026-04-26 14:40:00,2026-04-26 12:52:00,19.44,17.22,87.0,50.0,4.0,29.9,0.0,10.0,,M,False,False,False,23.0,2026-04-26 14:56:00,13.89,1.67,43.45,230.0,14.0,29.71,0.0,10.0,21.0,M,False,False,False,16.0
2026-04-26,2026,4,26,7,NK,,1511,ATL,LAS,937.0,1048.0,958.0,,13.0,22.0,71.0,,,1747.0,0,0,,,,,,DEP_FROM_ATL,LAS,577.0,2026-04-26 09:37:00,2026-04-26 13:37:00,2026-04-26 14:48:00,2026-04-26 13:39:00,20.56,17.22,81.22,300.0,5.0,29.91,0.0,10.0,,M,False,False,False,2.0,2026-04-26 14:56:00,13.89,1.67,43.45,230.0,14.0,29.71,0.0,10.0,21.0,M,False,False,False,8.0
2026-04-26,2026,4,26,7,LA,,7934,ATL,LAS,1055.0,1218.0,1123.0,,,29.0,83.0,,,1747.0,0,0,,,,,,DEP_FROM_ATL,LAS,655.0,2026-04-26 10:55:00,2026-04-26 14:55:00,2026-04-26 16:18:00,2026-04-26 14:52:00,22.22,17.22,73.34,,6.0,29.93,0.0,10.0,,M,False,False,False,3.0,2026-04-26 15:56:00,15.0,1.67,40.44,230.0,17.0,29.72,0.0,10.0,22.0,M,False,False,False,22.0
2026-04-26,2026,4,26,7,DL,,824,ATL,LAS,1055.0,1218.0,1123.0,,,29.0,83.0,,,1747.0,0,0,,,,,,DEP_FROM_ATL,LAS,655.0,2026-04-26 10:55:00,2026-04-26 14:55:00,2026-04-26 16:18:00,2026-04-26 14:52:00,22.22,17.22,73.34,,6.0,29.93,0.0,10.0,,M,False,False,False,3.0,2026-04-26 15:56:00,15.0,1.67,40.44,230.0,17.0,29.72,0.0,10.0,22.0,M,False,False,False,22.0
2026-04-26,2026,4,26,7,LA,,7048,ATL,LAS,1219.0,1341.0,1225.0,,,7.0,82.0,,,1747.0,0,0,,,,,,DEP_FROM_ATL,LAS,739.0,2026-04-26 12:19:00,2026-04-26 16:19:00,2026-04-26 17:41:00,2026-04-26 15:52:00,24.44,17.22,64.15,280.0,6.0,29.93,0.0,10.0,,M,False,False,False,27.0,2026-04-26 17:56:00,17.22,1.11,33.73,210.0,13.0,29.76,0.0,10.0,25.0,M,False,False,False,15.0
2026-04-26,2026,4,26,7,KE,,5342,ATL,LAS,1219.0,1341.0,1225.0,,,7.0,82.0,,,1747.0,0,0,,,,,,DEP_FROM_ATL,LAS,739.0,2026-04-26 12:19:00,2026-04-26 16:19:00,2026-04-26 17:41:00,2026-04-26 15:52:00,24.44,17.22,64.15,280.0,6.0,29.93,0.0,10.0,,M,False,False,False,27.0,2026-04-26 17:56:00,17.22,1.11,33.73,210.0,13.0,29.76,0.0,10.0,25.0,M,False,False,False,15.0
2026-04-26,2026,4,26,7,DL,N699DL,549,ATL,LAS,1219.0,1341.0,1225.0,,,7.0,82.0,,,1747.0,0,0,,,,,,DEP_FROM_ATL,LAS,739.0,2026-04-26 12:19:00,2026-04-26 16:19:00,2026-04-26 17:41:00,2026-04-26 15:52:00,24.44,17.22,64.15,280.0,6.0,29.93,0.0,10.0,,M,False,False,False,27.0,2026-04-26 17:56:00,17.22,1.11,33.73,210.0,13.0,29.76,0.0,10.0,25.0,M,False,False,False,15.0
2026-04-26,2026,4,26,7,F9,N610FR,4891,ATL,LAS,1200.0,1343.0,1245.0,,,45.0,103.0,,,1747.0,0,0,,,,,,DEP_FROM_ATL,LAS,720.0,2026-04-26 12:00:00,2026-04-26 16:00:00,2026-04-26 17:43:00,2026-04-26 15:52:00,24.44,17.22,64.15,280.0,6.0,29.93,0.0,10.0,,M,False,False,False,8.0,2026-04-26 17:56:00,17.22,1.11,33.73,210.0,13.0,29.76,0.0,10.0,25.0,M,False,False,False,13.0
2026-04-26,2026,4,26,7,Y4,,2830,ATL,LAS,1200.0,1343.0,1245.0,,,45.0,103.0,,,1747.0,0,0,,,,,,DEP_FROM_ATL,LAS,720.0,2026-04-26 12:00:00,2026-04-26 16:00:00,2026-04-26 17:43:00,2026-04-26 15:52:00,24.44,17.22,64.15,280.0,6.0,29.93,0.0,10.0,,M,False,False,False,8.0,2026-04-26 17:56:00,17.22,1.11,33.73,210.0,13.0,29.76,0.0,10.0,25.0,M,False,False,False,13.0
2026-04-26,2026,4,26,7,DL,N658DL,748,ATL,LAS,1405.0,1529.0,1416.0,,,12.0,84.0,,,1747.0,0,0,,,,,,DEP_FROM_ATL,LAS,845.0,2026-04-26 14:05:00,2026-04-26 18:05:00,2026-04-26 19:29:00,2026-04-26 17:52:00,26.67,15.0,48.8,280.0,8.0,29.92,0.0,10.0,,M,False,False,False,13.0,2026-04-26 19:56:00,18.33,0.56,30.21,300.0,8.0,29.77,0.0,10.0,20.0,M,False,False,False,27.0
2026-04-26,2026,4,26,7,AM,,3196,ATL,LAS,1405.0,1529.0,1416.0,,,12.0,84.0,,,1747.0,0,0,,,,,,DEP_FROM_ATL,LAS,845.0,2026-04-26 14:05:00,2026-04-26 18:05:00,2026-04-26 19:29:00,2026-04-26 17:52:00,26.67,15.0,48.8,280.0,8.0,29.92,0.0,10.0,,M,False,False,False,13.0,2026-04-26 19:56:00,18.33,0.56,30.21,300.0,8.0,29.77,0.0,10.0,20.0,M,False,False,False,27.0
2026-04-26,2026,4,26,7,KE,,3623,ATL,LAS,1405.0,1529.0,1416.0,,,12.0,84.0,,,1747.0,0,0,,,,,,DEP_FROM_ATL,LAS,845.0,2026-04-26 14:05:00,2026-04-26 18:05:00,2026-04-26 19:29:00,2026-04-26 17:52:00,26.67,15.0,48.8,280.0,8.0,29.92,0.0,10.0,,M,False,False,False,13.0,2026-04-26 19:56:00,18.33,0.56,30.21,300.0,8.0,29.77,0.0,10.0,20.0,M,False,False,False,27.0
2026-04-26,2026,4,26,7,DL,,711,ATL,LAS,1659.0,1827.0,,,,,88.0,,,1747.0,0,0,,,,,,DEP_FROM_ATL,LAS,1019.0,2026-04-26 16:59:00,2026-04-26 20:59:00,2026-04-26 22:27:00,2026-04-26 19:52:00,27.78,13.89,42.56,320.0,9.0,29.89,0.0,10.0,,M,False,False,False,67.0,,,,,,,,,,,,,,,
2026-04-26,2026,4,26,7,DL,,919,ATL,LAS,1835.0,1957.0,,,,,82.0,,,1747.0,0,0,,,,,,DEP_FROM_ATL,LAS,1115.0,2026-04-26 18:35:00,2026-04-26 22:35:00,2026-04-26 23:57:00,,,,,,,,,,,,,,,,,,,,,,,,,,,,,,
2026-04-26,2026,4,26,7,WN,,3023,ATL,LAS,1915.0,2045.0,,,,13.0,90.0,,,1747.0,0,0,,,,,,DEP_FROM_ATL,LAS,1155.0,2026-04-26 19:15:00,2026-04-26 23:15:00,2026-04-27 00:45:00,,,,,,,,,,,,,,,,,,,,,,,,,,,,,,
2026-04-26,2026,4,26,7,DL,,825,ATL,LAS,1940.0,2107.0,,,,15.0,87.0,,,1747.0,0,0,,,,,,DEP_FROM_ATL,LAS,1180.0,2026-04-26 19:40:00,2026-04-26 23:40:00,2026-04-27 01:07:00,,,,,,,,,,,,,,,,,,,,,,,,,,,,,,
2026-04-26,2026,4,26,7,DL,,659,ATL,LAS,2059.0,2225.0,,,,,86.0,,,1747.0,0,0,,,,,,DEP_FROM_ATL,LAS,1259.0,2026-04-26 20:59:00,2026-04-27 00:59:00,2026-04-27 02:25:00,,,,,,,,,,,,,,,,,,,,,,,,,,,,,,
2026-04-26,2026,4,26,7,F9,,3923,ATL,LAS,2050.0,2228.0,,,,16.0,98.0,,,1747.0,0,0,,,,,,DEP_FROM_ATL,LAS,1250.0,2026-04-26 20:50:00,2026-04-27 00:50:00,2026-04-27 02:28:00,,,,,,,,,,,,,,,,,,,,,,,,,,,,,,
2026-04-26,2026,4,26,7,DL,,793,ATL,LAS,2155.0,2315.0,,,,,80.0,,,1747.0,0,0,,,,,,DEP_FROM_ATL,LAS,1315.0,2026-04-26 21:55:00,2026-04-27 01:55:00,2026-04-27 03:15:00,,,,,,,,,,,,,,,,,,,,,,,,,,,,,,
2026-04-25,2026,4,25,6,DL,,996,ATL,LAX,730.0,925.0,743.0,928.0,3.0,3.0,115.0,,,1947.0,0,0,,,,,,DEP_FROM_ATL,LAX,450.0,2026-04-25 07:30:00,2026-04-25 11:30:00,2026-04-25 13:25:00,2026-04-25 11:52:00,19.44,13.89,70.27,220.0,3.0,29.85,0.0,10.0,,M,False,False,False,22.0,2026-04-25 13:53:00,15.0,10.56,74.75,190.0,6.0,29.9,0.0,10.0,,M,False,False,False,28.0
2026-04-25,2026,4,25,6,LA,,7938,ATL,LAX,730.0,925.0,743.0,928.0,3.0,3.0,115.0,,,1947.0,0,0,,,,,,DEP_FROM_ATL,LAX,450.0,2026-04-25 07:30:00,2026-04-25 11:30:00,2026-04-25 13:25:00,2026-04-25 11:52:00,19.44,13.89,70.27,220.0,3.0,29.85,0.0,10.0,,M,False,False,False,22.0,2026-04-25 13:53:00,15.0,10.56,74.75,190.0,6.0,29.9,0.0,10.0,,M,False,False,False,28.0
2026-04-25,2026,4,25,6,KE,,7083,ATL,LAX,730.0,925.0,743.0,928.0,3.0,3.0,115.0,,,1947.0,0,0,,,,,,DEP_FROM_ATL,LAX,450.0,2026-04-25 07:30:00,2026-04-25 11:30:00,2026-04-25 13:25:00,2026-04-25 11:52:00,19.44,13.89,70.27,220.0,3.0,29.85,0.0,10.0,,M,False,False,False,22.0,2026-04-25 13:53:00,15.0,10.56,74.75,190.0,6.0,29.9,0.0,10.0,,M,False,False,False,28.0
2026-04-25,2026,4,25,6,MU,,8672,ATL,LAX,855.0,1045.0,910.0,1030.0,,,110.0,,,1947.0,0,0,,,,,,DEP_FROM_ATL,LAX,535.0,2026-04-25 08:55:00,2026-04-25 12:55:00,2026-04-25 14:45:00,2026-04-25 12:52:00,19.44,14.44,72.85,220.0,6.0,29.86,0.0,10.0,,M,False,False,False,3.0,2026-04-25 14:53:00,15.56,10.0,69.5,240.0,9.0,29.92,0.0,10.0,,M,False,False,False,8.0
2026-04-25,2026,4,25,6,WS,,7537,ATL,LAX,855.0,1045.0,910.0,1030.0,,,110.0,,,1947.0,0,0,,,,,,DEP_FROM_ATL,LAX,535.0,2026-04-25 08:55:00,2026-04-25 12:55:00,2026-04-25 14:45:00,2026-04-25 12:52:00,19.44,14.44,72.85,220.0,6.0,29.86,0.0,10.0,,M,False,False,False,3.0,2026-04-25 14:53:00,15.56,10.0,69.5,240.0,9.0,29.92,0.0,10.0,,M,False,False,False,8.0
2026-04-25,2026,4,25,6,LA,,6461,ATL,LAX,855.0,1045.0,910.0,1030.0,,,110.0,,,1947.0,0,0,,,,,,DEP_FROM_ATL,LAX,535.0,2026-04-25 08:55:00,2026-04-25 12:55:00,2026-04-25 14:45:00,2026-04-25 12:52:00,19.44,14.44,72.85,220.0,6.0,29.86,0.0,10.0,,M,False,False,False,3.0,2026-04-25 14:53:00,15.56,10.0,69.5,240.0,9.0,29.92,0.0,10.0,,M,False,False,False,8.0
2026-04-25,2026,4,25,6,KE,,7252,ATL,LAX,855.0,1045.0,910.0,1030.0,,,110.0,,,1947.0,0,0,,,,,,DEP_FROM_ATL,LAX,535.0,2026-04-25 08:55:00,2026-04-25 12:55:00,2026-04-25 14:45:00,2026-04-25 12:52:00,19.44,14.44,72.85,220.0,6.0,29.86,0.0,10.0,,M,False,False,False,3.0,2026-04-25 14:53:00,15.56,10.0,69.5,240.0,9.0,29.92,0.0,10.0,,M,False,False,False,8.0
2026-04-25,2026,4,25,6,AM,,4628,ATL,LAX,855.0,1045.0,910.0,1030.0,,,110.0,,,1947.0,0,0,,,,,,DEP_FROM_ATL,LAX,535.0,2026-04-25 08:55:00,2026-04-25 12:55:00,2026-04-25 14:45:00,2026-04-25 12:52:00,19.44,14.44,72.85,220.0,6.0,29.86,0.0,10.0,,M,False,False,False,3.0,2026-04-25 14:53:00,15.56,10.0,69.5,240.0,9.0,29.92,0.0,10.0,,M,False,False,False,8.0
2026-04-25,2026,4,25,6,DL,,898,ATL,LAX,855.0,1045.0,910.0,1030.0,,,110.0,,,1947.0,0,0,,,,,,DEP_FROM_ATL,LAX,535.0,2026-04-25 08:55:00,2026-04-25 12:55:00,2026-04-25 14:45:00,2026-04-25 12:52:00,19.44,14.44,72.85,220.0,6.0,29.86,0.0,10.0,,M,False,False,False,3.0,2026-04-25 14:53:00,15.56,10.0,69.5,240.0,9.0,29.92,0.0,10.0,,M,False,False,False,8.0
2026-04-25,2026,4,25,6,DL,,895,ATL,LAX,1010.0,1204.0,1029.0,1212.0,8.0,8.0,114.0,,,1947.0,0,0,,,,,,DEP_FROM_ATL,LAX,610.0,2026-04-25 10:10:00,2026-04-25 14:10:00,2026-04-25 16:04:00,2026-04-25 13:52:00,20.56,15.0,70.49,210.0,7.0,29.85,0.0,10.0,,M,False,False,False,18.0,2026-04-25 15:53:00,16.67,10.0,64.75,240.0,8.0,29.92,0.0,10.0,,M,False,False,False,11.0
2026-04-25,2026,4,25,6,LA,,6425,ATL,LAX,1010.0,1204.0,1029.0,1212.0,8.0,8.0,114.0,,,1947.0,0,0,,,,,,DEP_FROM_ATL,LAX,610.0,2026-04-25 10:10:00,2026-04-25 14:10:00,2026-04-25 16:04:00,2026-04-25 13:52:00,20.56,15.0,70.49,210.0,7.0,29.85,0.0,10.0,,M,False,False,False,18.0,2026-04-25 15:53:00,16.67,10.0,64.75,240.0,8.0,29.92,0.0,10.0,,M,False,False,False,11.0
2026-04-25,2026,4,25,6,WS,,7034,ATL,LAX,1010.0,1204.0,1029.0,1212.0,8.0,8.0,114.0,,,1947.0,0,0,,,,,,DEP_FROM_ATL,LAX,610.0,2026-04-25 10:10:00,2026-04-25 14:10:00,2026-04-25 16:04:00,2026-04-25 13:52:00,20.56,15.0,70.49,210.0,7.0,29.85,0.0,10.0,,M,False,False,False,18.0,2026-04-25 15:53:00,16.67,10.0,64.75,240.0,8.0,29.92,0.0,10.0,,M,False,False,False,11.0
2026-04-25,2026,4,25,6,Y4,,2761,ATL,LAX,1050.0,1256.0,1323.0,,112.0,111.0,126.0,,,1947.0,0,0,,,,,,DEP_FROM_ATL,LAX,650.0,2026-04-25 10:50:00,2026-04-25 14:50:00,2026-04-25 16:56:00,2026-04-25 14:52:00,21.67,15.0,65.84,270.0,11.0,29.85,0.0,10.0,,M,False,False,False,2.0,2026-04-25 16:53:00,16.67,9.44,62.38,,5.0,29.92,0.0,10.0,,M,False,False,False,3.0
2026-04-25,2026,4,25,6,F9,,4315,ATL,LAX,1050.0,1256.0,1323.0,,112.0,111.0,126.0,,,1947.0,0,0,,,,,,DEP_FROM_ATL,LAX,650.0,2026-04-25 10:50:00,2026-04-25 14:50:00,2026-04-25 16:56:00,2026-04-25 14:52:00,21.67,15.0,65.84,270.0,11.0,29.85,0.0,10.0,,M,False,False,False,2.0,2026-04-25 16:53:00,16.67,9.44,62.38,,5.0,29.92,0.0,10.0,,M,False,False,False,3.0
2026-04-25,2026,4,25,6,DL,,501,ATL,LAX,1135.0,1330.0,1153.0,1329.0,,,115.0,,,1947.0,0,0,,,,,,DEP_FROM_ATL,LAX,695.0,2026-04-25 11:35:00,2026-04-25 15:35:00,2026-04-25 17:30:00,2026-04-25 15:52:00,21.11,15.0,68.12,250.0,7.0,29.86,0.0,10.0,,M,False,False,False,17.0,2026-04-25 17:50:00,18.0,10.0,59.52,,3.0,29.92,0.0,10.0,,M,False,False,False,20.0
2026-04-25,2026,4,25,6,AM,,4713,ATL,LAX,1135.0,1330.0,1153.0,1329.0,,,115.0,,,1947.0,0,0,,,,,,DEP_FROM_ATL,LAX,695.0,2026-04-25 11:35:00,2026-04-25 15:35:00,2026-04-25 17:30:00,2026-04-25 15:52:00,21.11,15.0,68.12,250.0,7.0,29.86,0.0,10.0,,M,False,False,False,17.0,2026-04-25 17:50:00,18.0,10.0,59.52,,3.0,29.92,0.0,10.0,,M,False,False,False,20.0
2026-04-25,2026,4,25,6,LA,,8966,ATL,LAX,1135.0,1330.0,1153.0,1329.0,,,115.0,,,1947.0,0,0,,,,,,DEP_FROM_ATL,LAX,695.0,2026-04-25 11:35:00,2026-04-25 15:35:00,2026-04-25 17:30:00,2026-04-25 15:52:00,21.11,15.0,68.12,250.0,7.0,29.86,0.0,10.0,,M,False,False,False,17.0,2026-04-25 17:50:00,18.0,10.0,59.52,,3.0,29.92,0.0,10.0,,M,False,False,False,20.0
2026-04-25,2026,4,25,6,WS,,6624,ATL,LAX,1135.0,1330.0,1153.0,1329.0,,,115.0,,,1947.0,0,0,,,,,,DEP_FROM_ATL,LAX,695.0,2026-04-25 11:35:00,2026-04-25 15:35:00,2026-04-25 17:30:00,2026-04-25 15:52:00,21.11,15.0,68.12,250.0,7.0,29.86,0.0,10.0,,M,False,False,False,17.0,2026-04-25 17:50:00,18.0,10.0,59.52,,3.0,29.92,0.0,10.0,,M,False,False,False,20.0
2026-04-25,2026,4,25,6,VS,,5147,ATL,LAX,1444.0,1638.0,1449.0,1631.0,,,114.0,,,1947.0,0,0,,,,,,DEP_FROM_ATL,LAX,884.0,2026-04-25 14:44:00,2026-04-25 18:44:00,2026-04-25 20:38:00,2026-04-25 18:52:00,20.56,16.67,78.41,,4.0,29.85,0.25,10.0,,M,True,False,False,8.0,2026-04-25 20:53:00,17.22,9.44,60.22,220.0,12.0,29.89,0.0,10.0,19.0,M,False,False,False,15.0
2026-04-25,2026,4,25,6,WS,,6993,ATL,LAX,1444.0,1638.0,1449.0,1631.0,,,114.0,,,1947.0,0,0,,,,,,DEP_FROM_ATL,LAX,884.0,2026-04-25 14:44:00,2026-04-25 18:44:00,2026-04-25 20:38:00,2026-04-25 18:52:00,20.56,16.67,78.41,,4.0,29.85,0.25,10.0,,M,True,False,False,8.0,2026-04-25 20:53:00,17.22,9.44,60.22,220.0,12.0,29.89,0.0,10.0,19.0,M,False,False,False,15.0
2026-04-25,2026,4,25,6,AF,,5859,ATL,LAX,1444.0,1638.0,1449.0,1631.0,,,114.0,,,1947.0,0,0,,,,,,DEP_FROM_ATL,LAX,884.0,2026-04-25 14:44:00,2026-04-25 18:44:00,2026-04-25 20:38:00,2026-04-25 18:52:00,20.56,16.67,78.41,,4.0,29.85,0.25,10.0,,M,True,False,False,8.0,2026-04-25 20:53:00,17.22,9.44,60.22,220.0,12.0,29.89,0.0,10.0,19.0,M,False,False,False,15.0
2026-04-25,2026,4,25,6,AM,,4626,ATL,LAX,1444.0,1638.0,1449.0,1631.0,,,114.0,,,1947.0,0,0,,,,,,DEP_FROM_ATL,LAX,884.0,2026-04-25 14:44:00,2026-04-25 18:44:00,2026-04-25 20:38:00,2026-04-25 18:52:00,20.56,16.67,78.41,,4.0,29.85,0.25,10.0,,M,True,False,False,8.0,2026-04-25 20:53:00,17.22,9.44,60.22,220.0,12.0,29.89,0.0,10.0,19.0,M,False,False,False,15.0
2026-04-25,2026,4,25,6,DL,,753,ATL,LAX,1444.0,1638.0,1449.0,1631.0,,,114.0,,,1947.0,0,0,,,,,,DEP_FROM_ATL,LAX,884.0,2026-04-25 14:44:00,2026-04-25 18:44:00,2026-04-25 20:38:00,2026-04-25 18:52:00,20.56,16.67,78.41,,4.0,29.85,0.25,10.0,,M,True,False,False,8.0,2026-04-25 20:53:00,17.22,9.44,60.22,220.0,12.0,29.89,0.0,10.0,19.0,M,False,False,False,15.0
2026-04-25,2026,4,25,6,AF,,2973,ATL,LAX,1544.0,1740.0,1625.0,1808.0,28.0,28.0,116.0,,,1947.0,0,0,,,,,,DEP_FROM_ATL,LAX,944.0,2026-04-25 15:44:00,2026-04-25 19:44:00,2026-04-25 21:40:00,2026-04-25 19:52:00,22.78,16.11,66.08,220.0,4.0,29.83,0.0,10.0,,M,False,False,False,8.0,2026-04-25 21:53:00,16.67,9.44,62.38,220.0,12.0,29.89,0.0,10.0,18.0,M,False,False,False,13.0
2026-04-25,2026,4,25,6,AM,,4629,ATL,LAX,1544.0,1740.0,1625.0,1808.0,28.0,28.0,116.0,,,1947.0,0,0,,,,,,DEP_FROM_ATL,LAX,944.0,2026-04-25 15:44:00,2026-04-25 19:44:00,2026-04-25 21:40:00,2026-04-25 19:52:00,22.78,16.11,66.08,220.0,4.0,29.83,0.0,10.0,,M,False,False,False,8.0,2026-04-25 21:53:00,16.67,9.44,62.38,220.0,12.0,29.89,0.0,10.0,18.0,M,False,False,False,13.0
2026-04-25,2026,4,25,6,LA,,6256,ATL,LAX,1544.0,1740.0,1625.0,1808.0,28.0,28.0,116.0,,,1947.0,0,0,,,,,,DEP_FROM_ATL,LAX,944.0,2026-04-25 15:44:00,2026-04-25 19:44:00,2026-04-25 21:40:00,2026-04-25 19:52:00,22.78,16.11,66.08,220.0,4.0,29.83,0.0,10.0,,M,False,False,False,8.0,2026-04-25 21:53:00,16.67,9.44,62.38,220.0,12.0,29.89,0.0,10.0,18.0,M,False,False,False,13.0
2026-04-25,2026,4,25,6,DL,,1219,ATL,LAX,1544.0,1740.0,1625.0,1808.0,28.0,28.0,116.0,,,1947.0,0,0,,,,,,DEP_FROM_ATL,LAX,944.0,2026-04-25 15:44:00,2026-04-25 19:44:00,2026-04-25 21:40:00,2026-04-25 19:52:00,22.78,16.11,66.08,220.0,4.0,29.83,0.0,10.0,,M,False,False,False,8.0,2026-04-25 21:53:00,16.67,9.44,62.38,220.0,12.0,29.89,0.0,10.0,18.0,M,False,False,False,13.0
2026-04-25,2026,4,25,6,VS,,5139,ATL,LAX,1544.0,1740.0,1625.0,1808.0,28.0,28.0,116.0,,,1947.0,0,0,,,,,,DEP_FROM_ATL,LAX,944.0,2026-04-25 15:44:00,2026-04-25 19:44:00,2026-04-25 21:40:00,2026-04-25 19:52:00,22.78,16.11,66.08,220.0,4.0,29.83,0.0,10.0,,M,False,False,False,8.0,2026-04-25 21:53:00,16.67,9.44,62.38,220.0,12.0,29.89,0.0,10.0,18.0,M,False,False,False,13.0
2026-04-25,2026,4,25,6,LA,,6339,ATL,LAX,1745.0,1939.0,1754.0,1936.0,,,114.0,,,1947.0,0,0,,,,,,DEP_FROM_ATL,LAX,1065.0,2026-04-25 17:45:00,2026-04-25 21:45:00,2026-04-25 23:39:00,2026-04-25 21:52:00,23.33,16.11,63.9,260.0,4.0,29.81,0.0,10.0,,M,False,False,False,7.0,2026-04-25 23:53:00,16.11,10.0,67.08,260.0,14.0,29.88,0.001,10.0,,M,True,False,False,14.0
2026-04-25,2026,4,25,6,AM,,4828,ATL,LAX,1745.0,1939.0,1754.0,1936.0,,,114.0,,,1947.0,0,0,,,,,,DEP_FROM_ATL,LAX,1065.0,2026-04-25 17:45:00,2026-04-25 21:45:00,2026-04-25 23:39:00,2026-04-25 21:52:00,23.33,16.11,63.9,260.0,4.0,29.81,0.0,10.0,,M,False,False,False,7.0,2026-04-25 23:53:00,16.11,10.0,67.08,260.0,14.0,29.88,0.001,10.0,,M,True,False,False,14.0
2026-04-25,2026,4,25,6,VS,,5141,ATL,LAX,1745.0,1939.0,1754.0,1936.0,,,114.0,,,1947.0,0,0,,,,,,DEP_FROM_ATL,LAX,1065.0,2026-04-25 17:45:00,2026-04-25 21:45:00,2026-04-25 23:39:00,2026-04-25 21:52:00,23.33,16.11,63.9,260.0,4.0,29.81,0.0,10.0,,M,False,False,False,7.0,2026-04-25 23:53:00,16.11,10.0,67.08,260.0,14.0,29.88,0.001,10.0,,M,True,False,False,14.0
2026-04-25,2026,4,25,6,DL,,301,ATL,LAX,1745.0,1939.0,1754.0,1936.0,,,114.0,,,1947.0,0,0,,,,,,DEP_FROM_ATL,LAX,1065.0,2026-04-25 17:45:00,2026-04-25 21:45:00,2026-04-25 23:39:00,2026-04-25 21:52:00,23.33,16.11,63.9,260.0,4.0,29.81,0.0,10.0,,M,False,False,False,7.0,2026-04-25 23:53:00,16.11,10.0,67.08,260.0,14.0,29.88,0.001,10.0,,M,True,False,False,14.0
2026-04-25,2026,4,25,6,WS,,5493,ATL,LAX,1745.0,1939.0,1754.0,1936.0,,,114.0,,,1947.0,0,0,,,,,,DEP_FROM_ATL,LAX,1065.0,2026-04-25 17:45:00,2026-04-25 21:45:00,2026-04-25 23:39:00,2026-04-25 21:52:00,23.33,16.11,63.9,260.0,4.0,29.81,0.0,10.0,,M,False,False,False,7.0,2026-04-25 23:53:00,16.11,10.0,67.08,260.0,14.0,29.88,0.001,10.0,,M,True,False,False,14.0
2026-04-25,2026,4,25,6,TN,,1219,ATL,LAX,1742.0,1940.0,1910.0,,60.0,59.0,118.0,,,1947.0,0,0,,,,,,DEP_FROM_ATL,LAX,1062.0,2026-04-25 17:42:00,2026-04-25 21:42:00,2026-04-25 23:40:00,2026-04-25 21:52:00,23.33,16.11,63.9,260.0,4.0,29.81,0.0,10.0,,M,False,False,False,10.0,2026-04-25 23:53:00,16.11,10.0,67.08,260.0,14.0,29.88,0.001,10.0,,M,True,False,False,13.0
2026-04-25,2026,4,25,6,FJ,,5060,ATL,LAX,1742.0,1940.0,1910.0,,60.0,59.0,118.0,,,1947.0,0,0,,,,,,DEP_FROM_ATL,LAX,1062.0,2026-04-25 17:42:00,2026-04-25 21:42:00,2026-04-25 23:40:00,2026-04-25 21:52:00,23.33,16.11,63.9,260.0,4.0,29.81,0.0,10.0,,M,False,False,False,10.0,2026-04-25 23:53:00,16.11,10.0,67.08,260.0,14.0,29.88,0.001,10.0,,M,True,False,False,13.0
2026-04-25,2026,4,25,6,PR,,3906,ATL,LAX,1742.0,1940.0,1910.0,,60.0,59.0,118.0,,,1947.0,0,0,,,,,,DEP_FROM_ATL,LAX,1062.0,2026-04-25 17:42:00,2026-04-25 21:42:00,2026-04-25 23:40:00,2026-04-25 21:52:00,23.33,16.11,63.9,260.0,4.0,29.81,0.0,10.0,,M,False,False,False,10.0,2026-04-25 23:53:00,16.11,10.0,67.08,260.0,14.0,29.88,0.001,10.0,,M,True,False,False,13.0
2026-04-25,2026,4,25,6,CZ,,1690,ATL,LAX,1742.0,1940.0,1910.0,,60.0,59.0,118.0,,,1947.0,0,0,,,,,,DEP_FROM_ATL,LAX,1062.0,2026-04-25 17:42:00,2026-04-25 21:42:00,2026-04-25 23:40:00,2026-04-25 21:52:00,23.33,16.11,63.9,260.0,4.0,29.81,0.0,10.0,,M,False,False,False,10.0,2026-04-25 23:53:00,16.11,10.0,67.08,260.0,14.0,29.88,0.001,10.0,,M,True,False,False,13.0
2026-04-25,2026,4,25,6,AS,,6144,ATL,LAX,1742.0,1940.0,1910.0,,60.0,59.0,118.0,,,1947.0,0,0,,,,,,DEP_FROM_ATL,LAX,1062.0,2026-04-25 17:42:00,2026-04-25 21:42:00,2026-04-25 23:40:00,2026-04-25 21:52:00,23.33,16.11,63.9,260.0,4.0,29.81,0.0,10.0,,M,False,False,False,10.0,2026-04-25 23:53:00,16.11,10.0,67.08,260.0,14.0,29.88,0.001,10.0,,M,True,False,False,13.0
2026-04-25,2026,4,25,6,AA,,1256,ATL,LAX,1742.0,1940.0,1910.0,,60.0,59.0,118.0,,,1947.0,0,0,,,,,,DEP_FROM_ATL,LAX,1062.0,2026-04-25 17:42:00,2026-04-25 21:42:00,2026-04-25 23:40:00,2026-04-25 21:52:00,23.33,16.11,63.9,260.0,4.0,29.81,0.0,10.0,,M,False,False,False,10.0,2026-04-25 23:53:00,16.11,10.0,67.08,260.0,14.0,29.88,0.001,10.0,,M,True,False,False,13.0
2026-04-25,2026,4,25,6,QF,,4483,ATL,LAX,1742.0,1940.0,1910.0,,60.0,59.0,118.0,,,1947.0,0,0,,,,,,DEP_FROM_ATL,LAX,1062.0,2026-04-25 17:42:00,2026-04-25 21:42:00,2026-04-25 23:40:00,2026-04-25 21:52:00,23.33,16.11,63.9,260.0,4.0,29.81,0.0,10.0,,M,False,False,False,10.0,2026-04-25 23:53:00,16.11,10.0,67.08,260.0,14.0,29.88,0.001,10.0,,M,True,False,False,13.0
2026-04-25,2026,4,25,6,DL,,500,ATL,LAX,1850.0,2030.0,1914.0,2049.0,19.0,19.0,100.0,,,1947.0,0,0,,,,,,DEP_FROM_ATL,LAX,1130.0,2026-04-25 18:50:00,2026-04-25 22:50:00,2026-04-26 00:30:00,2026-04-25 22:52:00,23.33,16.11,63.9,250.0,4.0,29.8,0.0,10.0,,M,False,False,False,2.0,2026-04-26 00:53:00,15.56,10.0,69.5,250.0,11.0,29.88,0.0,10.0,,M,False,False,False,23.0
2026-04-25,2026,4,25,6,AM,,4831,ATL,LAX,1850.0,2030.0,1914.0,2049.0,19.0,19.0,100.0,,,1947.0,0,0,,,,,,DEP_FROM_ATL,LAX,1130.0,2026-04-25 18:50:00,2026-04-25 22:50:00,2026-04-26 00:30:00,2026-04-25 22:52:00,23.33,16.11,63.9,250.0,4.0,29.8,0.0,10.0,,M,False,False,False,2.0,2026-04-26 00:53:00,15.56,10.0,69.5,250.0,11.0,29.88,0.0,10.0,,M,False,False,False,23.0
2026-04-25,2026,4,25,6,AF,,8655,ATL,LAX,1850.0,2030.0,1914.0,2049.0,19.0,19.0,100.0,,,1947.0,0,0,,,,,,DEP_FROM_ATL,LAX,1130.0,2026-04-25 18:50:00,2026-04-25 22:50:00,2026-04-26 00:30:00,2026-04-25 22:52:00,23.33,16.11,63.9,250.0,4.0,29.8,0.0,10.0,,M,False,False,False,2.0,2026-04-26 00:53:00,15.56,10.0,69.5,250.0,11.0,29.88,0.0,10.0,,M,False,False,False,23.0
2026-04-25,2026,4,25,6,VS,,5143,ATL,LAX,1850.0,2030.0,1914.0,2049.0,19.0,19.0,100.0,,,1947.0,0,0,,,,,,DEP_FROM_ATL,LAX,1130.0,2026-04-25 18:50:00,2026-04-25 22:50:00,2026-04-26 00:30:00,2026-04-25 22:52:00,23.33,16.11,63.9,250.0,4.0,29.8,0.0,10.0,,M,False,False,False,2.0,2026-04-26 00:53:00,15.56,10.0,69.5,250.0,11.0,29.88,0.0,10.0,,M,False,False,False,23.0
2026-04-25,2026,4,25,6,KE,,7388,ATL,LAX,1850.0,2030.0,1914.0,2049.0,19.0,19.0,100.0,,,1947.0,0,0,,,,,,DEP_FROM_ATL,LAX,1130.0,2026-04-25 18:50:00,2026-04-25 22:50:00,2026-04-26 00:30:00,2026-04-25 22:52:00,23.33,16.11,63.9,250.0,4.0,29.8,0.0,10.0,,M,False,False,False,2.0,2026-04-26 00:53:00,15.56,10.0,69.5,250.0,11.0,29.88,0.0,10.0,,M,False,False,False,23.0
2026-04-25,2026,4,25,6,LA,,6405,ATL,LAX,1850.0,2030.0,1914.0,2049.0,19.0,19.0,100.0,,,1947.0,0,0,,,,,,DEP_FROM_ATL,LAX,1130.0,2026-04-25 18:50:00,2026-04-25 22:50:00,2026-04-26 00:30:00,2026-04-25 22:52:00,23.33,16.11,63.9,250.0,4.0,29.8,0.0,10.0,,M,False,False,False,2.0,2026-04-26 00:53:00,15.56,10.0,69.5,250.0,11.0,29.88,0.0,10.0,,M,False,False,False,23.0
2026-04-25,2026,4,25,6,F9,,3215,ATL,LAX,1932.0,2145.0,1943.0,2120.0,,,133.0,,,1947.0,0,0,,,,,,DEP_FROM_ATL,LAX,1172.0,2026-04-25 19:32:00,2026-04-25 23:32:00,2026-04-26 01:45:00,2026-04-25 23:52:00,22.78,15.0,61.54,230.0,5.0,29.82,0.0,10.0,,M,False,False,False,20.0,2026-04-26 01:53:00,15.56,10.0,69.5,250.0,9.0,29.88,0.0,10.0,,M,False,False,False,8.0
2026-04-25,2026,4,25,6,Y4,,2547,ATL,LAX,1932.0,2145.0,1943.0,2120.0,,,133.0,,,1947.0,0,0,,,,,,DEP_FROM_ATL,LAX,1172.0,2026-04-25 19:32:00,2026-04-25 23:32:00,2026-04-26 01:45:00,2026-04-25 23:52:00,22.78,15.0,61.54,230.0,5.0,29.82,0.0,10.0,,M,False,False,False,20.0,2026-04-26 01:53:00,15.56,10.0,69.5,250.0,9.0,29.88,0.0,10.0,,M,False,False,False,8.0
2026-04-25,2026,4,25,6,AM,,4623,ATL,LAX,1959.0,2201.0,2027.0,2208.0,7.0,7.0,122.0,,,1947.0,0,0,,,,,,DEP_FROM_ATL,LAX,1199.0,2026-04-25 19:59:00,2026-04-25 23:59:00,2026-04-26 02:01:00,2026-04-25 23:52:00,22.78,15.0,61.54,230.0,5.0,29.82,0.0,10.0,,M,False,False,False,7.0,2026-04-26 01:53:00,15.56,10.0,69.5,250.0,9.0,29.88,0.0,10.0,,M,False,False,False,8.0
2026-04-25,2026,4,25,6,VS,,4383,ATL,LAX,1959.0,2201.0,2027.0,2208.0,7.0,7.0,122.0,,,1947.0,0,0,,,,,,DEP_FROM_ATL,LAX,1199.0,2026-04-25 19:59:00,2026-04-25 23:59:00,2026-04-26 02:01:00,2026-04-25 23:52:00,22.78,15.0,61.54,230.0,5.0,29.82,0.0,10.0,,M,False,False,False,7.0,2026-04-26 01:53:00,15.56,10.0,69.5,250.0,9.0,29.88,0.0,10.0,,M,False,False,False,8.0
2026-04-25,2026,4,25,6,KE,,7085,ATL,LAX,1959.0,2201.0,2027.0,2208.0,7.0,7.0,122.0,,,1947.0,0,0,,,,,,DEP_FROM_ATL,LAX,1199.0,2026-04-25 19:59:00,2026-04-25 23:59:00,2026-04-26 02:01:00,2026-04-25 23:52:00,22.78,15.0,61.54,230.0,5.0,29.82,0.0,10.0,,M,False,False,False,7.0,2026-04-26 01:53:00,15.56,10.0,69.5,250.0,9.0,29.88,0.0,10.0,,M,False,False,False,8.0
2026-04-25,2026,4,25,6,DL,,763,ATL,LAX,1959.0,2201.0,2027.0,2208.0,7.0,7.0,122.0,,,1947.0,0,0,,,,,,DEP_FROM_ATL,LAX,1199.0,2026-04-25 19:59:00,2026-04-25 23:59:00,2026-04-26 02:01:00,2026-04-25 23:52:00,22.78,15.0,61.54,230.0,5.0,29.82,0.0,10.0,,M,False,False,False,7.0,2026-04-26 01:53:00,15.56,10.0,69.5,250.0,9.0,29.88,0.0,10.0,,M,False,False,False,8.0
2026-04-25,2026,4,25,6,DL,,8770,ATL,LAX,2158.0,2351.0,2214.0,5.0,14.0,14.0,113.0,,,1947.0,0,0,,,,,,DEP_FROM_ATL,LAX,1318.0,2026-04-25 21:58:00,2026-04-26 01:58:00,2026-04-26 03:51:00,2026-04-26 01:52:00,20.56,16.11,75.69,230.0,4.0,29.85,0.0,10.0,,M,False,False,False,6.0,2026-04-26 03:53:00,15.0,10.0,72.02,270.0,11.0,29.9,0.0,10.0,,M,False,False,False,2.0
2026-04-25,2026,4,25,6,DL,,9957,ATL,LAX,2230.0,20.0,2326.0,52.0,32.0,32.0,110.0,,,1947.0,0,0,,,,,,DEP_FROM_ATL,LAX,1350.0,2026-04-25 22:30:00,2026-04-26 02:30:00,2026-04-26 04:20:00,2026-04-26 02:25:00,21.11,16.11,73.15,240.0,3.0,29.86,0.0,10.0,,TS,False,False,False,5.0,2026-04-26 03:53:00,15.0,10.0,72.02,270.0,11.0,29.9,0.0,10.0,,M,False,False,False,27.0
2026-04-25,2026,4,25,6,VS,,5145,ATL,LAX,2259.0,55.0,2325.0,117.0,22.0,22.0,116.0,,,1947.0,0,0,,,,,,DEP_FROM_ATL,LAX,1379.0,2026-04-25 22:59:00,2026-04-26 02:59:00,2026-04-26 04:55:00,2026-04-26 02:52:00,20.56,16.67,78.41,210.0,9.0,29.83,0.001,10.0,,-RA,True,False,False,7.0,2026-04-26 04:53:00,15.0,10.0,72.02,270.0,12.0,29.91,0.0,10.0,,M,False,False,False,2.0
2026-04-25,2026,4,25,6,LA,,8952,ATL,LAX,2259.0,55.0,2325.0,117.0,22.0,22.0,116.0,,,1947.0,0,0,,,,,,DEP_FROM_ATL,LAX,1379.0,2026-04-25 22:59:00,2026-04-26 02:59:00,2026-04-26 04:55:00,2026-04-26 02:52:00,20.56,16.67,78.41,210.0,9.0,29.83,0.001,10.0,,-RA,True,False,False,7.0,2026-04-26 04:53:00,15.0,10.0,72.02,270.0,12.0,29.91,0.0,10.0,,M,False,False,False,2.0
2026-04-25,2026,4,25,6,AM,,3055,ATL,LAX,2259.0,55.0,2325.0,117.0,22.0,22.0,116.0,,,1947.0,0,0,,,,,,DEP_FROM_ATL,LAX,1379.0,2026-04-25 22:59:00,2026-04-26 02:59:00,2026-04-26 04:55:00,2026-04-26 02:52:00,20.56,16.67,78.41,210.0,9.0,29.83,0.001,10.0,,-RA,True,False,False,7.0,2026-04-26 04:53:00,15.0,10.0,72.02,270.0,12.0,29.91,0.0,10.0,,M,False,False,False,2.0
2026-04-25,2026,4,25,6,WS,,5413,ATL,LAX,2259.0,55.0,2325.0,117.0,22.0,22.0,116.0,,,1947.0,0,0,,,,,,DEP_FROM_ATL,LAX,1379.0,2026-04-25 22:59:00,2026-04-26 02:59:00,2026-04-26 04:55:00,2026-04-26 02:52:00,20.56,16.67,78.41,210.0,9.0,29.83,0.001,10.0,,-RA,True,False,False,7.0,2026-04-26 04:53:00,15.0,10.0,72.02,270.0,12.0,29.91,0.0,10.0,,M,False,False,False,2.0
2026-04-25,2026,4,25,6,DL,,2823,ATL,LAX,2259.0,55.0,2325.0,117.0,22.0,22.0,116.0,,,1947.0,0,0,,,,,,DEP_FROM_ATL,LAX,1379.0,2026-04-25 22:59:00,2026-04-26 02:59:00,2026-04-26 04:55:00,2026-04-26 02:52:00,20.56,16.67,78.41,210.0,9.0,29.83,0.001,10.0,,-RA,True,False,False,7.0,2026-04-26 04:53:00,15.0,10.0,72.02,270.0,12.0,29.91,0.0,10.0,,M,False,False,False,2.0
2026-04-25,2026,4,25,6,AF,,2140,ATL,LAX,2259.0,55.0,2325.0,117.0,22.0,22.0,116.0,,,1947.0,0,0,,,,,,DEP_FROM_ATL,LAX,1379.0,2026-04-25 22:59:00,2026-04-26 02:59:00,2026-04-26 04:55:00,2026-04-26 02:52:00,20.56,16.67,78.41,210.0,9.0,29.83,0.001,10.0,,-RA,True,False,False,7.0,2026-04-26 04:53:00,15.0,10.0,72.02,270.0,12.0,29.91,0.0,10.0,,M,False,False,False,2.0
2026-04-26,2026,4,26,7,KE,,7083,ATL,LAX,735.0,925.0,804.0,942.0,17.0,17.0,110.0,,,1947.0,0,0,,,,,,DEP_FROM_ATL,LAX,455.0,2026-04-26 07:35:00,2026-04-26 11:35:00,2026-04-26 13:25:00,2026-04-26 11:52:00,17.22,16.11,93.19,360.0,6.0,29.89,0.0,0.25,,FG,False,True,False,17.0,2026-04-26 13:53:00,13.89,9.44,74.55,280.0,13.0,29.91,0.0,10.0,,M,False,False,False,28.0
2026-04-26,2026,4,26,7,LA,,7938,ATL,LAX,735.0,925.0,804.0,942.0,17.0,17.0,110.0,,,1947.0,0,0,,,,,,DEP_FROM_ATL,LAX,455.0,2026-04-26 07:35:00,2026-04-26 11:35:00,2026-04-26 13:25:00,2026-04-26 11:52:00,17.22,16.11,93.19,360.0,6.0,29.89,0.0,0.25,,FG,False,True,False,17.0,2026-04-26 13:53:00,13.89,9.44,74.55,280.0,13.0,29.91,0.0,10.0,,M,False,False,False,28.0
2026-04-26,2026,4,26,7,DL,,996,ATL,LAX,735.0,925.0,804.0,942.0,17.0,17.0,110.0,,,1947.0,0,0,,,,,,DEP_FROM_ATL,LAX,455.0,2026-04-26 07:35:00,2026-04-26 11:35:00,2026-04-26 13:25:00,2026-04-26 11:52:00,17.22,16.11,93.19,360.0,6.0,29.89,0.0,0.25,,FG,False,True,False,17.0,2026-04-26 13:53:00,13.89,9.44,74.55,280.0,13.0,29.91,0.0,10.0,,M,False,False,False,28.0
2026-04-26,2026,4,26,7,MU,,8672,ATL,LAX,855.0,1045.0,923.0,1056.0,11.0,11.0,110.0,,,1947.0,0,0,,,,,,DEP_FROM_ATL,LAX,535.0,2026-04-26 08:55:00,2026-04-26 12:55:00,2026-04-26 14:45:00,2026-04-26 12:52:00,19.44,17.22,87.0,50.0,4.0,29.9,0.0,10.0,,M,False,False,False,3.0,2026-04-26 14:53:00,13.89,8.89,71.81,280.0,6.0,29.92,0.0,10.0,,M,False,False,False,8.0
2026-04-26,2026,4,26,7,WS,,7537,ATL,LAX,855.0,1045.0,923.0,1056.0,11.0,11.0,110.0,,,1947.0,0,0,,,,,,DEP_FROM_ATL,LAX,535.0,2026-04-26 08:55:00,2026-04-26 12:55:00,2026-04-26 14:45:00,2026-04-26 12:52:00,19.44,17.22,87.0,50.0,4.0,29.9,0.0,10.0,,M,False,False,False,3.0,2026-04-26 14:53:00,13.89,8.89,71.81,280.0,6.0,29.92,0.0,10.0,,M,False,False,False,8.0
2026-04-26,2026,4,26,7,DL,,898,ATL,LAX,855.0,1045.0,923.0,1056.0,11.0,11.0,110.0,,,1947.0,0,0,,,,,,DEP_FROM_ATL,LAX,535.0,2026-04-26 08:55:00,2026-04-26 12:55:00,2026-04-26 14:45:00,2026-04-26 12:52:00,19.44,17.22,87.0,50.0,4.0,29.9,0.0,10.0,,M,False,False,False,3.0,2026-04-26 14:53:00,13.89,8.89,71.81,280.0,6.0,29.92,0.0,10.0,,M,False,False,False,8.0
2026-04-26,2026,4,26,7,KE,,7252,ATL,LAX,855.0,1045.0,923.0,1056.0,11.0,11.0,110.0,,,1947.0,0,0,,,,,,DEP_FROM_ATL,LAX,535.0,2026-04-26 08:55:00,2026-04-26 12:55:00,2026-04-26 14:45:00,2026-04-26 12:52:00,19.44,17.22,87.0,50.0,4.0,29.9,0.0,10.0,,M,False,False,False,3.0,2026-04-26 14:53:00,13.89,8.89,71.81,280.0,6.0,29.92,0.0,10.0,,M,False,False,False,8.0
2026-04-26,2026,4,26,7,AM,,4628,ATL,LAX,855.0,1045.0,923.0,1056.0,11.0,11.0,110.0,,,1947.0,0,0,,,,,,DEP_FROM_ATL,LAX,535.0,2026-04-26 08:55:00,2026-04-26 12:55:00,2026-04-26 14:45:00,2026-04-26 12:52:00,19.44,17.22,87.0,50.0,4.0,29.9,0.0,10.0,,M,False,False,False,3.0,2026-04-26 14:53:00,13.89,8.89,71.81,280.0,6.0,29.92,0.0,10.0,,M,False,False,False,8.0
2026-04-26,2026,4,26,7,LA,,6461,ATL,LAX,855.0,1045.0,923.0,1056.0,11.0,11.0,110.0,,,1947.0,0,0,,,,,,DEP_FROM_ATL,LAX,535.0,2026-04-26 08:55:00,2026-04-26 12:55:00,2026-04-26 14:45:00,2026-04-26 12:52:00,19.44,17.22,87.0,50.0,4.0,29.9,0.0,10.0,,M,False,False,False,3.0,2026-04-26 14:53:00,13.89,8.89,71.81,280.0,6.0,29.92,0.0,10.0,,M,False,False,False,8.0
2026-04-26,2026,4,26,7,LA,,6425,ATL,LAX,1010.0,1204.0,1039.0,1209.0,5.0,5.0,114.0,,,1947.0,0,0,,,,,,DEP_FROM_ATL,LAX,610.0,2026-04-26 10:10:00,2026-04-26 14:10:00,2026-04-26 16:04:00,2026-04-26 13:52:00,20.0,17.22,84.05,300.0,4.0,29.91,0.0,9.0,,M,False,False,False,18.0,2026-04-26 15:53:00,15.56,8.33,62.12,270.0,8.0,29.94,0.0,10.0,,M,False,False,False,11.0
2026-04-26,2026,4,26,7,DL,,895,ATL,LAX,1010.0,1204.0,1039.0,1209.0,5.0,5.0,114.0,,,1947.0,0,0,,,,,,DEP_FROM_ATL,LAX,610.0,2026-04-26 10:10:00,2026-04-26 14:10:00,2026-04-26 16:04:00,2026-04-26 13:52:00,20.0,17.22,84.05,300.0,4.0,29.91,0.0,9.0,,M,False,False,False,18.0,2026-04-26 15:53:00,15.56,8.33,62.12,270.0,8.0,29.94,0.0,10.0,,M,False,False,False,11.0
2026-04-26,2026,4,26,7,WS,,7034,ATL,LAX,1010.0,1204.0,1039.0,1209.0,5.0,5.0,114.0,,,1947.0,0,0,,,,,,DEP_FROM_ATL,LAX,610.0,2026-04-26 10:10:00,2026-04-26 14:10:00,2026-04-26 16:04:00,2026-04-26 13:52:00,20.0,17.22,84.05,300.0,4.0,29.91,0.0,9.0,,M,False,False,False,18.0,2026-04-26 15:53:00,15.56,8.33,62.12,270.0,8.0,29.94,0.0,10.0,,M,False,False,False,11.0
2026-04-26,2026,4,26,7,F9,,4315,ATL,LAX,1030.0,1236.0,1103.0,1245.0,9.0,9.0,126.0,,,1947.0,0,0,,,,,,DEP_FROM_ATL,LAX,630.0,2026-04-26 10:30:00,2026-04-26 14:30:00,2026-04-26 16:36:00,2026-04-26 14:32:00,21.67,17.22,75.87,340.0,6.0,29.92,0.0,10.0,,M,False,False,False,2.0,2026-04-26 16:53:00,16.11,10.0,67.08,260.0,13.0,29.94,0.0,10.0,,M,False,False,False,17.0
2026-04-26,2026,4,26,7,Y4,,2761,ATL,LAX,1030.0,1236.0,1103.0,1245.0,9.0,9.0,126.0,,,1947.0,0,0,,,,,,DEP_FROM_ATL,LAX,630.0,2026-04-26 10:30:00,2026-04-26 14:30:00,2026-04-26 16:36:00,2026-04-26 14:32:00,21.67,17.22,75.87,340.0,6.0,29.92,0.0,10.0,,M,False,False,False,2.0,2026-04-26 16:53:00,16.11,10.0,67.08,260.0,13.0,29.94,0.0,10.0,,M,False,False,False,17.0
2026-04-26,2026,4,26,7,DL,N396DN,501,ATL,LAX,1135.0,1330.0,1153.0,,,,115.0,,,1947.0,0,0,,,,,,DEP_FROM_ATL,LAX,695.0,2026-04-26 11:35:00,2026-04-26 15:35:00,2026-04-26 17:30:00,2026-04-26 15:52:00,24.44,17.22,64.15,280.0,6.0,29.93,0.0,10.0,,M,False,False,False,17.0,2026-04-26 17:53:00,17.22,8.33,55.87,270.0,12.0,29.95,0.0,10.0,,M,False,False,False,23.0
2026-04-26,2026,4,26,7,AM,,4713,ATL,LAX,1135.0,1330.0,1153.0,,,18.0,115.0,,,1947.0,0,0,,,,,,DEP_FROM_ATL,LAX,695.0,2026-04-26 11:35:00,2026-04-26 15:35:00,2026-04-26 17:30:00,2026-04-26 15:52:00,24.44,17.22,64.15,280.0,6.0,29.93,0.0,10.0,,M,False,False,False,17.0,2026-04-26 17:53:00,17.22,8.33,55.87,270.0,12.0,29.95,0.0,10.0,,M,False,False,False,23.0
2026-04-26,2026,4,26,7,WS,,6624,ATL,LAX,1135.0,1330.0,1153.0,,,18.0,115.0,,,1947.0,0,0,,,,,,DEP_FROM_ATL,LAX,695.0,2026-04-26 11:35:00,2026-04-26 15:35:00,2026-04-26 17:30:00,2026-04-26 15:52:00,24.44,17.22,64.15,280.0,6.0,29.93,0.0,10.0,,M,False,False,False,17.0,2026-04-26 17:53:00,17.22,8.33,55.87,270.0,12.0,29.95,0.0,10.0,,M,False,False,False,23.0
2026-04-26,2026,4,26,7,LA,,8966,ATL,LAX,1135.0,1330.0,1153.0,,,18.0,115.0,,,1947.0,0,0,,,,,,DEP_FROM_ATL,LAX,695.0,2026-04-26 11:35:00,2026-04-26 15:35:00,2026-04-26 17:30:00,2026-04-26 15:52:00,24.44,17.22,64.15,280.0,6.0,29.93,0.0,10.0,,M,False,False,False,17.0,2026-04-26 17:53:00,17.22,8.33,55.87,270.0,12.0,29.95,0.0,10.0,,M,False,False,False,23.0
2026-04-26,2026,4,26,7,AF,,5859,ATL,LAX,1444.0,1638.0,1451.0,,,7.0,114.0,,,1947.0,0,0,,,,,,DEP_FROM_ATL,LAX,884.0,2026-04-26 14:44:00,2026-04-26 18:44:00,2026-04-26 20:38:00,2026-04-26 18:52:00,26.67,13.89,45.42,300.0,8.0,29.91,0.0,10.0,14.0,M,False,False,False,8.0,2026-04-26 19:53:00,17.78,8.89,56.01,240.0,19.0,29.96,0.0,10.0,26.0,M,False,False,False,45.0
2026-04-26,2026,4,26,7,AM,,4626,ATL,LAX,1444.0,1638.0,1451.0,,,7.0,114.0,,,1947.0,0,0,,,,,,DEP_FROM_ATL,LAX,884.0,2026-04-26 14:44:00,2026-04-26 18:44:00,2026-04-26 20:38:00,2026-04-26 18:52:00,26.67,13.89,45.42,300.0,8.0,29.91,0.0,10.0,14.0,M,False,False,False,8.0,2026-04-26 19:53:00,17.78,8.89,56.01,240.0,19.0,29.96,0.0,10.0,26.0,M,False,False,False,45.0
2026-04-26,2026,4,26,7,DL,N371DN,753,ATL,LAX,1444.0,1638.0,,,,,114.0,,,1947.0,0,0,,,,,,DEP_FROM_ATL,LAX,884.0,2026-04-26 14:44:00,2026-04-26 18:44:00,2026-04-26 20:38:00,2026-04-26 18:52:00,26.67,13.89,45.42,300.0,8.0,29.91,0.0,10.0,14.0,M,False,False,False,8.0,2026-04-26 19:53:00,17.78,8.89,56.01,240.0,19.0,29.96,0.0,10.0,26.0,M,False,False,False,45.0
2026-04-26,2026,4,26,7,WS,,5523,ATL,LAX,1444.0,1638.0,1451.0,,,7.0,114.0,,,1947.0,0,0,,,,,,DEP_FROM_ATL,LAX,884.0,2026-04-26 14:44:00,2026-04-26 18:44:00,2026-04-26 20:38:00,2026-04-26 18:52:00,26.67,13.89,45.42,300.0,8.0,29.91,0.0,10.0,14.0,M,False,False,False,8.0,2026-04-26 19:53:00,17.78,8.89,56.01,240.0,19.0,29.96,0.0,10.0,26.0,M,False,False,False,45.0
2026-04-26,2026,4,26,7,VS,,5147,ATL,LAX,1444.0,1638.0,1451.0,,,7.0,114.0,,,1947.0,0,0,,,,,,DEP_FROM_ATL,LAX,884.0,2026-04-26 14:44:00,2026-04-26 18:44:00,2026-04-26 20:38:00,2026-04-26 18:52:00,26.67,13.89,45.42,300.0,8.0,29.91,0.0,10.0,14.0,M,False,False,False,8.0,2026-04-26 19:53:00,17.78,8.89,56.01,240.0,19.0,29.96,0.0,10.0,26.0,M,False,False,False,45.0
2026-04-26,2026,4,26,7,DL,N509DT,1219,ATL,LAX,1544.0,1740.0,,,,,116.0,,,1947.0,0,0,,,,,,DEP_FROM_ATL,LAX,944.0,2026-04-26 15:44:00,2026-04-26 19:44:00,2026-04-26 21:40:00,2026-04-26 19:52:00,27.78,13.89,42.56,320.0,9.0,29.89,0.0,10.0,,M,False,False,False,8.0,,,,,,,,,,,,,,,
2026-04-26,2026,4,26,7,AA,,1256,ATL,LAX,1640.0,1838.0,,,,,118.0,,,1947.0,0,0,,,,,,DEP_FROM_ATL,LAX,1000.0,2026-04-26 16:40:00,2026-04-26 20:40:00,2026-04-26 22:38:00,2026-04-26 19:52:00,27.78,13.89,42.56,320.0,9.0,29.89,0.0,10.0,,M,False,False,False,48.0,,,,,,,,,,,,,,,
2026-04-26,2026,4,26,7,DL,,301,ATL,LAX,1745.0,1940.0,,,,,115.0,,,1947.0,0,0,,,,,,DEP_FROM_ATL,LAX,1065.0,2026-04-26 17:45:00,2026-04-26 21:45:00,2026-04-26 23:40:00,,,,,,,,,,,,,,,,,,,,,,,,,,,,,,
2026-04-26,2026,4,26,7,DL,,500,ATL,LAX,1850.0,2030.0,,,,,100.0,,,1947.0,0,0,,,,,,DEP_FROM_ATL,LAX,1130.0,2026-04-26 18:50:00,2026-04-26 22:50:00,2026-04-27 00:30:00,,,,,,,,,,,,,,,,,,,,,,,,,,,,,,
2026-04-26,2026,4,26,7,F9,,3215,ATL,LAX,1932.0,2145.0,,,,16.0,133.0,,,1947.0,0,0,,,,,,DEP_FROM_ATL,LAX,1172.0,2026-04-26 19:32:00,2026-04-26 23:32:00,2026-04-27 01:45:00,,,,,,,,,,,,,,,,,,,,,,,,,,,,,,
2026-04-26,2026,4,26,7,DL,,319,ATL,LAX,1959.0,2200.0,,,,26.0,121.0,,,1947.0,0,0,,,,,,DEP_FROM_ATL,LAX,1199.0,2026-04-26 19:59:00,2026-04-26 23:59:00,2026-04-27 02:00:00,,,,,,,,,,,,,,,,,,,,,,,,,,,,,,
2026-04-26,2026,4,26,7,DL,,763,ATL,LAX,2025.0,2227.0,,,,,122.0,,,1947.0,0,0,,,,,,DEP_FROM_ATL,LAX,1225.0,2026-04-26 20:25:00,2026-04-27 00:25:00,2026-04-27 02:27:00,,,,,,,,,,,,,,,,,,,,,,,,,,,,,,
2026-04-26,2026,4,26,7,DL,,331,ATL,LAX,2158.0,2355.0,,,,26.0,117.0,,,1947.0,0,0,,,,,,DEP_FROM_ATL,LAX,1318.0,2026-04-26 21:58:00,2026-04-27 01:58:00,2026-04-27 03:55:00,,,,,,,,,,,,,,,,,,,,,,,,,,,,,,
2026-04-25,2026,4,25,6,AA,,4570,ATL,LGA,706.0,929.0,717.0,912.0,,,143.0,,,762.0,0,0,,,,,,DEP_FROM_ATL,LGA,426.0,2026-04-25 07:06:00,2026-04-25 11:06:00,2026-04-25 13:29:00,2026-04-25 10:52:00,18.89,13.89,72.74,0.0,0.0,29.82,0.0,10.0,,M,False,False,False,14.0,2026-04-25 13:51:00,9.44,0.56,53.8,130.0,11.0,30.04,0.001,10.0,,M,True,False,False,22.0
2026-04-25,2026,4,25,6,DL,,323,ATL,LGA,730.0,939.0,744.0,939.0,,,129.0,,,762.0,0,0,,,,,,DEP_FROM_ATL,LGA,450.0,2026-04-25 07:30:00,2026-04-25 11:30:00,2026-04-25 13:39:00,2026-04-25 11:52:00,19.44,13.89,70.27,220.0,3.0,29.85,0.0,10.0,,M,False,False,False,22.0,2026-04-25 13:51:00,9.44,0.56,53.8,130.0,11.0,30.04,0.001,10.0,,M,True,False,False,12.0
2026-04-25,2026,4,25,6,WS,,5456,ATL,LGA,730.0,939.0,744.0,939.0,,,129.0,,,762.0,0,0,,,,,,DEP_FROM_ATL,LGA,450.0,2026-04-25 07:30:00,2026-04-25 11:30:00,2026-04-25 13:39:00,2026-04-25 11:52:00,19.44,13.89,70.27,220.0,3.0,29.85,0.0,10.0,,M,False,False,False,22.0,2026-04-25 13:51:00,9.44,0.56,53.8,130.0,11.0,30.04,0.001,10.0,,M,True,False,False,12.0
2026-04-25,2026,4,25,6,WS,,5468,ATL,LGA,930.0,1143.0,1020.0,1206.0,23.0,23.0,133.0,,,762.0,0,0,,,,,,DEP_FROM_ATL,LGA,570.0,2026-04-25 09:30:00,2026-04-25 13:30:00,2026-04-25 15:43:00,2026-04-25 13:52:00,20.56,15.0,70.49,210.0,7.0,29.85,0.0,10.0,,M,False,False,False,22.0,2026-04-25 15:51:00,7.78,3.33,73.46,140.0,11.0,30.07,1.27,8.0,,-RA,True,False,False,8.0
2026-04-25,2026,4,25,6,LA,,6220,ATL,LGA,930.0,1143.0,1020.0,1206.0,23.0,23.0,133.0,,,762.0,0,0,,,,,,DEP_FROM_ATL,LGA,570.0,2026-04-25 09:30:00,2026-04-25 13:30:00,2026-04-25 15:43:00,2026-04-25 13:52:00,20.56,15.0,70.49,210.0,7.0,29.85,0.0,10.0,,M,False,False,False,22.0,2026-04-25 15:51:00,7.78,3.33,73.46,140.0,11.0,30.07,1.27,8.0,,-RA,True,False,False,8.0
2026-04-25,2026,4,25,6,DL,,557,ATL,LGA,930.0,1143.0,1020.0,1206.0,23.0,23.0,133.0,,,762.0,0,0,,,,,,DEP_FROM_ATL,LGA,570.0,2026-04-25 09:30:00,2026-04-25 13:30:00,2026-04-25 15:43:00,2026-04-25 13:52:00,20.56,15.0,70.49,210.0,7.0,29.85,0.0,10.0,,M,False,False,False,22.0,2026-04-25 15:51:00,7.78,3.33,73.46,140.0,11.0,30.07,1.27,8.0,,-RA,True,False,False,8.0
2026-04-25,2026,4,25,6,AA,,4580,ATL,LGA,1051.0,1316.0,1058.0,1247.0,,,145.0,,,762.0,0,0,,,,,,DEP_FROM_ATL,LGA,651.0,2026-04-25 10:51:00,2026-04-25 14:51:00,2026-04-25 17:16:00,2026-04-25 14:52:00,21.67,15.0,65.84,270.0,11.0,29.85,0.0,10.0,,M,False,False,False,1.0,2026-04-25 16:51:00,7.78,3.89,76.39,120.0,13.0,30.07,0.51,6.0,21.0,-RA,True,False,False,25.0
2026-04-25,2026,4,25,6,WS,,5480,ATL,LGA,1130.0,1341.0,1141.0,1326.0,,,131.0,,,762.0,0,0,,,,,,DEP_FROM_ATL,LGA,690.0,2026-04-25 11:30:00,2026-04-25 15:30:00,2026-04-25 17:41:00,2026-04-25 15:52:00,21.11,15.0,68.12,250.0,7.0,29.86,0.0,10.0,,M,False,False,False,22.0,2026-04-25 17:51:00,7.22,4.44,82.5,120.0,10.0,30.05,0.25,6.0,,-RA,True,False,False,10.0
2026-04-25,2026,4,25,6,DL,,467,ATL,LGA,1130.0,1341.0,1141.0,1326.0,,,131.0,,,762.0,0,0,,,,,,DEP_FROM_ATL,LGA,690.0,2026-04-25 11:30:00,2026-04-25 15:30:00,2026-04-25 17:41:00,2026-04-25 15:52:00,21.11,15.0,68.12,250.0,7.0,29.86,0.0,10.0,,M,False,False,False,22.0,2026-04-25 17:51:00,7.22,4.44,82.5,120.0,10.0,30.05,0.25,6.0,,-RA,True,False,False,10.0
2026-04-25,2026,4,25,6,KE,,3544,ATL,LGA,1130.0,1341.0,1141.0,1326.0,,,131.0,,,762.0,0,0,,,,,,DEP_FROM_ATL,LGA,690.0,2026-04-25 11:30:00,2026-04-25 15:30:00,2026-04-25 17:41:00,2026-04-25 15:52:00,21.11,15.0,68.12,250.0,7.0,29.86,0.0,10.0,,M,False,False,False,22.0,2026-04-25 17:51:00,7.22,4.44,82.5,120.0,10.0,30.05,0.25,6.0,,-RA,True,False,False,10.0
2026-04-25,2026,4,25,6,LA,,8953,ATL,LGA,1130.0,1341.0,1141.0,1326.0,,,131.0,,,762.0,0,0,,,,,,DEP_FROM_ATL,LGA,690.0,2026-04-25 11:30:00,2026-04-25 15:30:00,2026-04-25 17:41:00,2026-04-25 15:52:00,21.11,15.0,68.12,250.0,7.0,29.86,0.0,10.0,,M,False,False,False,22.0,2026-04-25 17:51:00,7.22,4.44,82.5,120.0,10.0,30.05,0.25,6.0,,-RA,True,False,False,10.0
2026-04-25,2026,4,25,6,DL,,460,ATL,LGA,1330.0,1542.0,1343.0,1528.0,,,132.0,,,762.0,0,0,,,,,,DEP_FROM_ATL,LGA,810.0,2026-04-25 13:30:00,2026-04-25 17:30:00,2026-04-25 19:42:00,2026-04-25 17:12:00,20.0,16.11,78.33,280.0,10.0,29.88,0.001,9.0,,-RA,True,False,False,18.0,2026-04-25 19:51:00,6.11,4.44,89.05,130.0,8.0,30.05,3.56,5.0,,RA BR,True,False,False,9.0
2026-04-25,2026,4,25,6,KE,,5344,ATL,LGA,1330.0,1542.0,1343.0,1528.0,,,132.0,,,762.0,0,0,,,,,,DEP_FROM_ATL,LGA,810.0,2026-04-25 13:30:00,2026-04-25 17:30:00,2026-04-25 19:42:00,2026-04-25 17:12:00,20.0,16.11,78.33,280.0,10.0,29.88,0.001,9.0,,-RA,True,False,False,18.0,2026-04-25 19:51:00,6.11,4.44,89.05,130.0,8.0,30.05,3.56,5.0,,RA BR,True,False,False,9.0
2026-04-25,2026,4,25,6,AA,,4579,ATL,LGA,1338.0,1604.0,1350.0,1537.0,,,146.0,,,762.0,0,0,,,,,,DEP_FROM_ATL,LGA,818.0,2026-04-25 13:38:00,2026-04-25 17:38:00,2026-04-25 20:04:00,2026-04-25 17:52:00,20.0,15.56,75.59,270.0,6.0,29.87,0.001,9.0,,-RA,True,False,False,14.0,2026-04-25 19:51:00,6.11,4.44,89.05,130.0,8.0,30.05,3.56,5.0,,RA BR,True,False,False,13.0
2026-04-25,2026,4,25,6,WS,,6553,ATL,LGA,1500.0,1711.0,1510.0,1700.0,,,131.0,,,762.0,0,0,,,,,,DEP_FROM_ATL,LGA,900.0,2026-04-25 15:00:00,2026-04-25 19:00:00,2026-04-25 21:11:00,2026-04-25 18:52:00,20.56,16.67,78.41,,4.0,29.85,0.25,10.0,,M,True,False,False,8.0,2026-04-25 20:51:00,6.11,4.44,89.05,100.0,11.0,30.03,4.32,5.0,,RA BR,True,False,False,20.0
2026-04-25,2026,4,25,6,AM,,3134,ATL,LGA,1500.0,1711.0,1510.0,1700.0,,,131.0,,,762.0,0,0,,,,,,DEP_FROM_ATL,LGA,900.0,2026-04-25 15:00:00,2026-04-25 19:00:00,2026-04-25 21:11:00,2026-04-25 18:52:00,20.56,16.67,78.41,,4.0,29.85,0.25,10.0,,M,True,False,False,8.0,2026-04-25 20:51:00,6.11,4.44,89.05,100.0,11.0,30.03,4.32,5.0,,RA BR,True,False,False,20.0
2026-04-25,2026,4,25,6,DL,,433,ATL,LGA,1500.0,1711.0,1510.0,1700.0,,,131.0,,,762.0,0,0,,,,,,DEP_FROM_ATL,LGA,900.0,2026-04-25 15:00:00,2026-04-25 19:00:00,2026-04-25 21:11:00,2026-04-25 18:52:00,20.56,16.67,78.41,,4.0,29.85,0.25,10.0,,M,True,False,False,8.0,2026-04-25 20:51:00,6.11,4.44,89.05,100.0,11.0,30.03,4.32,5.0,,RA BR,True,False,False,20.0
2026-04-25,2026,4,25,6,VS,,2609,ATL,LGA,1500.0,1711.0,1510.0,1700.0,,,131.0,,,762.0,0,0,,,,,,DEP_FROM_ATL,LGA,900.0,2026-04-25 15:00:00,2026-04-25 19:00:00,2026-04-25 21:11:00,2026-04-25 18:52:00,20.56,16.67,78.41,,4.0,29.85,0.25,10.0,,M,True,False,False,8.0,2026-04-25 20:51:00,6.11,4.44,89.05,100.0,11.0,30.03,4.32,5.0,,RA BR,True,False,False,20.0
2026-04-25,2026,4,25,6,KL,,5046,ATL,LGA,1500.0,1711.0,1510.0,1700.0,,,131.0,,,762.0,0,0,,,,,,DEP_FROM_ATL,LGA,900.0,2026-04-25 15:00:00,2026-04-25 19:00:00,2026-04-25 21:11:00,2026-04-25 18:52:00,20.56,16.67,78.41,,4.0,29.85,0.25,10.0,,M,True,False,False,8.0,2026-04-25 20:51:00,6.11,4.44,89.05,100.0,11.0,30.03,4.32,5.0,,RA BR,True,False,False,20.0
2026-04-25,2026,4,25,6,AF,,2126,ATL,LGA,1500.0,1711.0,1510.0,1700.0,,,131.0,,,762.0,0,0,,,,,,DEP_FROM_ATL,LGA,900.0,2026-04-25 15:00:00,2026-04-25 19:00:00,2026-04-25 21:11:00,2026-04-25 18:52:00,20.56,16.67,78.41,,4.0,29.85,0.25,10.0,,M,True,False,False,8.0,2026-04-25 20:51:00,6.11,4.44,89.05,100.0,11.0,30.03,4.32,5.0,,RA BR,True,False,False,20.0
2026-04-25,2026,4,25,6,F9,,3454,ATL,LGA,1532.0,1752.0,1549.0,1738.0,,,140.0,,,762.0,0,0,,,,,,DEP_FROM_ATL,LGA,932.0,2026-04-25 15:32:00,2026-04-25 19:32:00,2026-04-25 21:52:00,2026-04-25 19:52:00,22.78,16.11,66.08,220.0,4.0,29.83,0.0,10.0,,M,False,False,False,20.0,2026-04-25 21:51:00,6.67,4.44,85.71,110.0,12.0,30.01,2.29,5.0,20.0,-RA BR,True,False,False,1.0
2026-04-25,2026,4,25,6,AM,,3518,ATL,LGA,1730.0,1943.0,1735.0,1928.0,,,133.0,,,762.0,0,0,,,,,,DEP_FROM_ATL,LGA,1050.0,2026-04-25 17:30:00,2026-04-25 21:30:00,2026-04-25 23:43:00,2026-04-25 21:52:00,23.33,16.11,63.9,260.0,4.0,29.81,0.0,10.0,,M,False,False,False,22.0,2026-04-25 23:51:00,5.56,3.89,89.01,110.0,13.0,30.01,4.06,3.0,,RA BR,True,False,False,8.0
2026-04-25,2026,4,25,6,LA,,8491,ATL,LGA,1730.0,1943.0,1735.0,1928.0,,,133.0,,,762.0,0,0,,,,,,DEP_FROM_ATL,LGA,1050.0,2026-04-25 17:30:00,2026-04-25 21:30:00,2026-04-25 23:43:00,2026-04-25 21:52:00,23.33,16.11,63.9,260.0,4.0,29.81,0.0,10.0,,M,False,False,False,22.0,2026-04-25 23:51:00,5.56,3.89,89.01,110.0,13.0,30.01,4.06,3.0,,RA BR,True,False,False,8.0
2026-04-25,2026,4,25,6,VS,,2606,ATL,LGA,1730.0,1943.0,1735.0,1928.0,,,133.0,,,762.0,0,0,,,,,,DEP_FROM_ATL,LGA,1050.0,2026-04-25 17:30:00,2026-04-25 21:30:00,2026-04-25 23:43:00,2026-04-25 21:52:00,23.33,16.11,63.9,260.0,4.0,29.81,0.0,10.0,,M,False,False,False,22.0,2026-04-25 23:51:00,5.56,3.89,89.01,110.0,13.0,30.01,4.06,3.0,,RA BR,True,False,False,8.0
2026-04-25,2026,4,25,6,WS,,6640,ATL,LGA,1730.0,1943.0,1735.0,1928.0,,,133.0,,,762.0,0,0,,,,,,DEP_FROM_ATL,LGA,1050.0,2026-04-25 17:30:00,2026-04-25 21:30:00,2026-04-25 23:43:00,2026-04-25 21:52:00,23.33,16.11,63.9,260.0,4.0,29.81,0.0,10.0,,M,False,False,False,22.0,2026-04-25 23:51:00,5.56,3.89,89.01,110.0,13.0,30.01,4.06,3.0,,RA BR,True,False,False,8.0
2026-04-25,2026,4,25,6,DL,,997,ATL,LGA,1730.0,1943.0,1735.0,1928.0,,,133.0,,,762.0,0,0,,,,,,DEP_FROM_ATL,LGA,1050.0,2026-04-25 17:30:00,2026-04-25 21:30:00,2026-04-25 23:43:00,2026-04-25 21:52:00,23.33,16.11,63.9,260.0,4.0,29.81,0.0,10.0,,M,False,False,False,22.0,2026-04-25 23:51:00,5.56,3.89,89.01,110.0,13.0,30.01,4.06,3.0,,RA BR,True,False,False,8.0
2026-04-25,2026,4,25,6,F9,,3458,ATL,LGA,1840.0,2059.0,1921.0,2100.0,1.0,1.0,139.0,,,762.0,0,0,,,,,,DEP_FROM_ATL,LGA,1120.0,2026-04-25 18:40:00,2026-04-25 22:40:00,2026-04-26 00:59:00,2026-04-25 22:52:00,23.33,16.11,63.9,250.0,4.0,29.8,0.0,10.0,,M,False,False,False,12.0,2026-04-26 00:51:00,5.56,4.44,92.55,60.0,6.0,30.06,4.83,6.0,,RA BR,True,False,False,8.0
2026-04-25,2026,4,25,6,KE,,6764,ATL,LGA,1930.0,2144.0,1936.0,2114.0,,,134.0,,,762.0,0,0,,,,,,DEP_FROM_ATL,LGA,1170.0,2026-04-25 19:30:00,2026-04-25 23:30:00,2026-04-26 01:44:00,2026-04-25 23:52:00,22.78,15.0,61.54,230.0,5.0,29.82,0.0,10.0,,M,False,False,False,22.0,2026-04-26 01:41:00,5.56,4.44,92.55,30.0,6.0,30.08,2.79,5.0,,RA BR,True,False,False,3.0
2026-04-25,2026,4,25,6,KL,,5048,ATL,LGA,1930.0,2144.0,1936.0,2114.0,,,134.0,,,762.0,0,0,,,,,,DEP_FROM_ATL,LGA,1170.0,2026-04-25 19:30:00,2026-04-25 23:30:00,2026-04-26 01:44:00,2026-04-25 23:52:00,22.78,15.0,61.54,230.0,5.0,29.82,0.0,10.0,,M,False,False,False,22.0,2026-04-26 01:41:00,5.56,4.44,92.55,30.0,6.0,30.08,2.79,5.0,,RA BR,True,False,False,3.0
2026-04-25,2026,4,25,6,AF,,8527,ATL,LGA,1930.0,2144.0,1936.0,2114.0,,,134.0,,,762.0,0,0,,,,,,DEP_FROM_ATL,LGA,1170.0,2026-04-25 19:30:00,2026-04-25 23:30:00,2026-04-26 01:44:00,2026-04-25 23:52:00,22.78,15.0,61.54,230.0,5.0,29.82,0.0,10.0,,M,False,False,False,22.0,2026-04-26 01:41:00,5.56,4.44,92.55,30.0,6.0,30.08,2.79,5.0,,RA BR,True,False,False,3.0
2026-04-25,2026,4,25,6,DL,,468,ATL,LGA,1930.0,2144.0,1936.0,2114.0,,,134.0,,,762.0,0,0,,,,,,DEP_FROM_ATL,LGA,1170.0,2026-04-25 19:30:00,2026-04-25 23:30:00,2026-04-26 01:44:00,2026-04-25 23:52:00,22.78,15.0,61.54,230.0,5.0,29.82,0.0,10.0,,M,False,False,False,22.0,2026-04-26 01:41:00,5.56,4.44,92.55,30.0,6.0,30.08,2.79,5.0,,RA BR,True,False,False,3.0
2026-04-25,2026,4,25,6,AM,,3597,ATL,LGA,1930.0,2144.0,1936.0,2114.0,,,134.0,,,762.0,0,0,,,,,,DEP_FROM_ATL,LGA,1170.0,2026-04-25 19:30:00,2026-04-25 23:30:00,2026-04-26 01:44:00,2026-04-25 23:52:00,22.78,15.0,61.54,230.0,5.0,29.82,0.0,10.0,,M,False,False,False,22.0,2026-04-26 01:41:00,5.56,4.44,92.55,30.0,6.0,30.08,2.79,5.0,,RA BR,True,False,False,3.0
2026-04-25,2026,4,25,6,VS,,2396,ATL,LGA,1930.0,2144.0,1936.0,2114.0,,,134.0,,,762.0,0,0,,,,,,DEP_FROM_ATL,LGA,1170.0,2026-04-25 19:30:00,2026-04-25 23:30:00,2026-04-26 01:44:00,2026-04-25 23:52:00,22.78,15.0,61.54,230.0,5.0,29.82,0.0,10.0,,M,False,False,False,22.0,2026-04-26 01:41:00,5.56,4.44,92.55,30.0,6.0,30.08,2.79,5.0,,RA BR,True,False,False,3.0
2026-04-25,2026,4,25,6,F9,,3288,ATL,LGA,2052.0,2314.0,2106.0,,,,142.0,,,762.0,0,1,,,,,,DEP_FROM_ATL,LGA,1252.0,2026-04-25 20:52:00,2026-04-26 00:52:00,2026-04-26 03:14:00,2026-04-26 00:52:00,21.67,16.11,70.7,210.0,6.0,29.83,0.0,10.0,,M,False,False,False,0.0,2026-04-26 02:51:00,6.11,5.0,92.58,50.0,13.0,30.07,2.54,5.0,,-RA BR,True,False,False,23.0
2026-04-25,2026,4,25,6,AM,,3240,ATL,LGA,2130.0,2341.0,2149.0,2329.0,,,131.0,,,762.0,0,0,,,,,,DEP_FROM_ATL,LGA,1290.0,2026-04-25 21:30:00,2026-04-26 01:30:00,2026-04-26 03:41:00,2026-04-26 01:52:00,20.56,16.11,75.69,230.0,4.0,29.85,0.0,10.0,,M,False,False,False,22.0,2026-04-26 03:42:00,6.11,5.0,92.58,60.0,12.0,30.07,1.52,5.0,,-RA BR,True,False,False,1.0
2026-04-25,2026,4,25,6,DL,,520,ATL,LGA,2130.0,2341.0,2149.0,2329.0,,,131.0,,,762.0,0,0,,,,,,DEP_FROM_ATL,LGA,1290.0,2026-04-25 21:30:00,2026-04-26 01:30:00,2026-04-26 03:41:00,2026-04-26 01:52:00,20.56,16.11,75.69,230.0,4.0,29.85,0.0,10.0,,M,False,False,False,22.0,2026-04-26 03:42:00,6.11,5.0,92.58,60.0,12.0,30.07,1.52,5.0,,-RA BR,True,False,False,1.0
2026-04-25,2026,4,25,6,KE,,3545,ATL,LGA,2130.0,2341.0,2149.0,2329.0,,,131.0,,,762.0,0,0,,,,,,DEP_FROM_ATL,LGA,1290.0,2026-04-25 21:30:00,2026-04-26 01:30:00,2026-04-26 03:41:00,2026-04-26 01:52:00,20.56,16.11,75.69,230.0,4.0,29.85,0.0,10.0,,M,False,False,False,22.0,2026-04-26 03:42:00,6.11,5.0,92.58,60.0,12.0,30.07,1.52,5.0,,-RA BR,True,False,False,1.0
2026-04-25,2026,4,25,6,LA,,6427,ATL,LGA,2130.0,2341.0,2149.0,2329.0,,,131.0,,,762.0,0,0,,,,,,DEP_FROM_ATL,LGA,1290.0,2026-04-25 21:30:00,2026-04-26 01:30:00,2026-04-26 03:41:00,2026-04-26 01:52:00,20.56,16.11,75.69,230.0,4.0,29.85,0.0,10.0,,M,False,False,False,22.0,2026-04-26 03:42:00,6.11,5.0,92.58,60.0,12.0,30.07,1.52,5.0,,-RA BR,True,False,False,1.0
2026-04-25,2026,4,25,6,VS,,2605,ATL,LGA,2130.0,2341.0,2149.0,2329.0,,,131.0,,,762.0,0,0,,,,,,DEP_FROM_ATL,LGA,1290.0,2026-04-25 21:30:00,2026-04-26 01:30:00,2026-04-26 03:41:00,2026-04-26 01:52:00,20.56,16.11,75.69,230.0,4.0,29.85,0.0,10.0,,M,False,False,False,22.0,2026-04-26 03:42:00,6.11,5.0,92.58,60.0,12.0,30.07,1.52,5.0,,-RA BR,True,False,False,1.0
2026-04-26,2026,4,26,7,LA,,8949,ATL,LGA,730.0,939.0,747.0,929.0,,,129.0,,,762.0,0,0,,,,,,DEP_FROM_ATL,LGA,450.0,2026-04-26 07:30:00,2026-04-26 11:30:00,2026-04-26 13:39:00,2026-04-26 11:52:00,17.22,16.11,93.19,360.0,6.0,29.89,0.0,0.25,,FG,False,True,False,22.0,2026-04-26 13:51:00,8.33,2.78,68.01,40.0,13.0,30.11,0.001,10.0,22.0,M,True,False,False,12.0
2026-04-26,2026,4,26,7,DL,,323,ATL,LGA,730.0,939.0,747.0,929.0,,,129.0,,,762.0,0,0,,,,,,DEP_FROM_ATL,LGA,450.0,2026-04-26 07:30:00,2026-04-26 11:30:00,2026-04-26 13:39:00,2026-04-26 11:52:00,17.22,16.11,93.19,360.0,6.0,29.89,0.0,0.25,,FG,False,True,False,22.0,2026-04-26 13:51:00,8.33,2.78,68.01,40.0,13.0,30.11,0.001,10.0,22.0,M,True,False,False,12.0
2026-04-26,2026,4,26,7,WS,,6612,ATL,LGA,830.0,1042.0,849.0,,,19.0,132.0,,,762.0,0,0,,,,,,DEP_FROM_ATL,LGA,510.0,2026-04-26 08:30:00,2026-04-26 12:30:00,2026-04-26 14:42:00,2026-04-26 12:26:00,18.33,16.67,90.02,30.0,5.0,29.89,0.0,1.0,,BR,False,True,False,4.0,2026-04-26 14:51:00,8.33,2.78,68.01,60.0,14.0,30.12,0.0,10.0,,M,False,False,False,9.0
2026-04-26,2026,4,26,7,LA,,6393,ATL,LGA,830.0,1042.0,849.0,,,19.0,132.0,,,762.0,0,0,,,,,,DEP_FROM_ATL,LGA,510.0,2026-04-26 08:30:00,2026-04-26 12:30:00,2026-04-26 14:42:00,2026-04-26 12:26:00,18.33,16.67,90.02,30.0,5.0,29.89,0.0,1.0,,BR,False,True,False,4.0,2026-04-26 14:51:00,8.33,2.78,68.01,60.0,14.0,30.12,0.0,10.0,,M,False,False,False,9.0
2026-04-26,2026,4,26,7,DL,,513,ATL,LGA,830.0,1042.0,849.0,,,19.0,132.0,,,762.0,0,0,,,,,,DEP_FROM_ATL,LGA,510.0,2026-04-26 08:30:00,2026-04-26 12:30:00,2026-04-26 14:42:00,2026-04-26 12:26:00,18.33,16.67,90.02,30.0,5.0,29.89,0.0,1.0,,BR,False,True,False,4.0,2026-04-26 14:51:00,8.33,2.78,68.01,60.0,14.0,30.12,0.0,10.0,,M,False,False,False,9.0
2026-04-26,2026,4,26,7,AA,,4595,ATL,LGA,905.0,1130.0,926.0,,,22.0,145.0,,,762.0,0,0,,,,,,DEP_FROM_ATL,LGA,545.0,2026-04-26 09:05:00,2026-04-26 13:05:00,2026-04-26 15:30:00,2026-04-26 12:52:00,19.44,17.22,87.0,50.0,4.0,29.9,0.0,10.0,,M,False,False,False,13.0,2026-04-26 15:11:00,8.89,2.78,65.5,50.0,13.0,30.13,0.0,10.0,,M,False,False,False,19.0
2026-04-26,2026,4,26,7,LA,,6220,ATL,LGA,930.0,1143.0,941.0,,,12.0,133.0,,,762.0,0,0,,,,,,DEP_FROM_ATL,LGA,570.0,2026-04-26 09:30:00,2026-04-26 13:30:00,2026-04-26 15:43:00,2026-04-26 13:39:00,20.56,17.22,81.22,300.0,5.0,29.91,0.0,10.0,,M,False,False,False,9.0,2026-04-26 15:51:00,10.56,1.67,54.1,60.0,16.0,30.13,0.0,10.0,,M,False,False,False,8.0
2026-04-26,2026,4,26,7,DL,,557,ATL,LGA,930.0,1143.0,941.0,,,12.0,133.0,,,762.0,0,0,,,,,,DEP_FROM_ATL,LGA,570.0,2026-04-26 09:30:00,2026-04-26 13:30:00,2026-04-26 15:43:00,2026-04-26 13:39:00,20.56,17.22,81.22,300.0,5.0,29.91,0.0,10.0,,M,False,False,False,9.0,2026-04-26 15:51:00,10.56,1.67,54.1,60.0,16.0,30.13,0.0,10.0,,M,False,False,False,8.0
2026-04-26,2026,4,26,7,DL,,371,ATL,LGA,1030.0,1240.0,1115.0,,17.0,45.0,130.0,,,762.0,0,0,,,,,,DEP_FROM_ATL,LGA,630.0,2026-04-26 10:30:00,2026-04-26 14:30:00,2026-04-26 16:40:00,2026-04-26 14:32:00,21.67,17.22,75.87,340.0,6.0,29.92,0.0,10.0,,M,False,False,False,2.0,2026-04-26 16:51:00,11.11,2.78,56.44,50.0,12.0,30.13,0.0,10.0,,M,False,False,False,11.0
2026-04-26,2026,4,26,7,LA,,7952,ATL,LGA,1030.0,1240.0,1115.0,,17.0,45.0,130.0,,,762.0,0,0,,,,,,DEP_FROM_ATL,LGA,630.0,2026-04-26 10:30:00,2026-04-26 14:30:00,2026-04-26 16:40:00,2026-04-26 14:32:00,21.67,17.22,75.87,340.0,6.0,29.92,0.0,10.0,,M,False,False,False,2.0,2026-04-26 16:51:00,11.11,2.78,56.44,50.0,12.0,30.13,0.0,10.0,,M,False,False,False,11.0
2026-04-26,2026,4,26,7,WS,,6515,ATL,LGA,1030.0,1240.0,1115.0,,17.0,45.0,130.0,,,762.0,0,0,,,,,,DEP_FROM_ATL,LGA,630.0,2026-04-26 10:30:00,2026-04-26 14:30:00,2026-04-26 16:40:00,2026-04-26 14:32:00,21.67,17.22,75.87,340.0,6.0,29.92,0.0,10.0,,M,False,False,False,2.0,2026-04-26 16:51:00,11.11,2.78,56.44,50.0,12.0,30.13,0.0,10.0,,M,False,False,False,11.0
2026-04-26,2026,4,26,7,AA,,4580,ATL,LGA,1115.0,1340.0,1152.0,,,37.0,145.0,,,762.0,0,0,,,,,,DEP_FROM_ATL,LGA,675.0,2026-04-26 11:15:00,2026-04-26 15:15:00,2026-04-26 17:40:00,2026-04-26 15:14:00,22.22,17.22,73.34,290.0,5.0,29.93,0.0,10.0,,M,False,False,False,1.0,2026-04-26 17:51:00,12.22,3.33,54.55,60.0,10.0,30.12,0.0,10.0,,M,False,False,False,11.0
2026-04-26,2026,4,26,7,KE,,5344,ATL,LGA,1130.0,1341.0,1142.0,,,12.0,131.0,,,762.0,0,0,,,,,,DEP_FROM_ATL,LGA,690.0,2026-04-26 11:30:00,2026-04-26 15:30:00,2026-04-26 17:41:00,2026-04-26 15:14:00,22.22,17.22,73.34,290.0,5.0,29.93,0.0,10.0,,M,False,False,False,16.0,2026-04-26 17:51:00,12.22,3.33,54.55,60.0,10.0,30.12,0.0,10.0,,M,False,False,False,10.0
2026-04-26,2026,4,26,7,DL,,467,ATL,LGA,1130.0,1341.0,1142.0,,,12.0,131.0,,,762.0,0,0,,,,,,DEP_FROM_ATL,LGA,690.0,2026-04-26 11:30:00,2026-04-26 15:30:00,2026-04-26 17:41:00,2026-04-26 15:14:00,22.22,17.22,73.34,290.0,5.0,29.93,0.0,10.0,,M,False,False,False,16.0,2026-04-26 17:51:00,12.22,3.33,54.55,60.0,10.0,30.12,0.0,10.0,,M,False,False,False,10.0
2026-04-26,2026,4,26,7,DL,,525,ATL,LGA,1230.0,1440.0,1242.0,,,13.0,130.0,,,762.0,0,0,,,,,,DEP_FROM_ATL,LGA,750.0,2026-04-26 12:30:00,2026-04-26 16:30:00,2026-04-26 18:40:00,2026-04-26 16:52:00,26.11,16.67,56.09,310.0,7.0,29.93,0.0,10.0,,M,False,False,False,22.0,2026-04-26 18:51:00,12.78,3.89,54.7,40.0,11.0,30.12,0.0,10.0,,M,False,False,False,11.0
2026-04-26,2026,4,26,7,WS,,6614,ATL,LGA,1230.0,1440.0,1242.0,,,13.0,130.0,,,762.0,0,0,,,,,,DEP_FROM_ATL,LGA,750.0,2026-04-26 12:30:00,2026-04-26 16:30:00,2026-04-26 18:40:00,2026-04-26 16:52:00,26.11,16.67,56.09,310.0,7.0,29.93,0.0,10.0,,M,False,False,False,22.0,2026-04-26 18:51:00,12.78,3.89,54.7,40.0,11.0,30.12,0.0,10.0,,M,False,False,False,11.0
2026-04-26,2026,4,26,7,WS,,6842,ATL,LGA,1330.0,1542.0,1344.0,,,14.0,132.0,,,762.0,0,0,,,,,,DEP_FROM_ATL,LGA,810.0,2026-04-26 13:30:00,2026-04-26 17:30:00,2026-04-26 19:42:00,2026-04-26 17:52:00,26.67,15.0,48.8,280.0,8.0,29.92,0.0,10.0,,M,False,False,False,22.0,2026-04-26 19:51:00,13.89,3.89,50.88,50.0,10.0,30.11,0.0,10.0,,M,False,False,False,9.0
2026-04-26,2026,4,26,7,KE,,3544,ATL,LGA,1330.0,1542.0,1344.0,,,14.0,132.0,,,762.0,0,0,,,,,,DEP_FROM_ATL,LGA,810.0,2026-04-26 13:30:00,2026-04-26 17:30:00,2026-04-26 19:42:00,2026-04-26 17:52:00,26.67,15.0,48.8,280.0,8.0,29.92,0.0,10.0,,M,False,False,False,22.0,2026-04-26 19:51:00,13.89,3.89,50.88,50.0,10.0,30.11,0.0,10.0,,M,False,False,False,9.0
2026-04-26,2026,4,26,7,DL,,460,ATL,LGA,1330.0,1542.0,1344.0,,,14.0,132.0,,,762.0,0,0,,,,,,DEP_FROM_ATL,LGA,810.0,2026-04-26 13:30:00,2026-04-26 17:30:00,2026-04-26 19:42:00,2026-04-26 17:52:00,26.67,15.0,48.8,280.0,8.0,29.92,0.0,10.0,,M,False,False,False,22.0,2026-04-26 19:51:00,13.89,3.89,50.88,50.0,10.0,30.11,0.0,10.0,,M,False,False,False,9.0
2026-04-26,2026,4,26,7,DL,N398DN,524,ATL,LGA,1430.0,1640.0,1443.0,,,14.0,130.0,,,762.0,0,0,,,,,,DEP_FROM_ATL,LGA,870.0,2026-04-26 14:30:00,2026-04-26 18:30:00,2026-04-26 20:40:00,2026-04-26 18:52:00,26.67,13.89,45.42,300.0,8.0,29.91,0.0,10.0,14.0,M,False,False,False,22.0,2026-04-26 19:51:00,13.89,3.89,50.88,50.0,10.0,30.11,0.0,10.0,,M,False,False,False,49.0
2026-04-26,2026,4,26,7,AM,,3132,ATL,LGA,1430.0,1640.0,1443.0,,,14.0,130.0,,,762.0,0,0,,,,,,DEP_FROM_ATL,LGA,870.0,2026-04-26 14:30:00,2026-04-26 18:30:00,2026-04-26 20:40:00,2026-04-26 18:52:00,26.67,13.89,45.42,300.0,8.0,29.91,0.0,10.0,14.0,M,False,False,False,22.0,2026-04-26 19:51:00,13.89,3.89,50.88,50.0,10.0,30.11,0.0,10.0,,M,False,False,False,49.0
2026-04-26,2026,4,26,7,WS,,5450,ATL,LGA,1430.0,1640.0,1443.0,,,14.0,130.0,,,762.0,0,0,,,,,,DEP_FROM_ATL,LGA,870.0,2026-04-26 14:30:00,2026-04-26 18:30:00,2026-04-26 20:40:00,2026-04-26 18:52:00,26.67,13.89,45.42,300.0,8.0,29.91,0.0,10.0,14.0,M,False,False,False,22.0,2026-04-26 19:51:00,13.89,3.89,50.88,50.0,10.0,30.11,0.0,10.0,,M,False,False,False,49.0
2026-04-26,2026,4,26,7,VS,,2131,ATL,LGA,1430.0,1640.0,1443.0,,,14.0,130.0,,,762.0,0,0,,,,,,DEP_FROM_ATL,LGA,870.0,2026-04-26 14:30:00,2026-04-26 18:30:00,2026-04-26 20:40:00,2026-04-26 18:52:00,26.67,13.89,45.42,300.0,8.0,29.91,0.0,10.0,14.0,M,False,False,False,22.0,2026-04-26 19:51:00,13.89,3.89,50.88,50.0,10.0,30.11,0.0,10.0,,M,False,False,False,49.0
2026-04-26,2026,4,26,7,AA,N122HQ,4579,ATL,LGA,1421.0,1647.0,1436.0,,,16.0,146.0,,,762.0,0,0,,,,,,DEP_FROM_ATL,LGA,861.0,2026-04-26 14:21:00,2026-04-26 18:21:00,2026-04-26 20:47:00,2026-04-26 17:52:00,26.67,15.0,48.8,280.0,8.0,29.92,0.0,10.0,,M,False,False,False,29.0,2026-04-26 19:51:00,13.89,3.89,50.88,50.0,10.0,30.11,0.0,10.0,,M,False,False,False,56.0
2026-04-26,2026,4,26,7,DL,N385DZ,433,ATL,LGA,1530.0,1742.0,,,,5.0,132.0,,,762.0,0,0,,,,,,DEP_FROM_ATL,LGA,930.0,2026-04-26 15:30:00,2026-04-26 19:30:00,2026-04-26 21:42:00,2026-04-26 19:52:00,27.78,13.89,42.56,320.0,9.0,29.89,0.0,10.0,,M,False,False,False,22.0,,,,,,,,,,,,,,,
2026-04-26,2026,4,26,7,AF,,2950,ATL,LGA,1530.0,1742.0,,,,,132.0,,,762.0,0,0,,,,,,DEP_FROM_ATL,LGA,930.0,2026-04-26 15:30:00,2026-04-26 19:30:00,2026-04-26 21:42:00,2026-04-26 19:52:00,27.78,13.89,42.56,320.0,9.0,29.89,0.0,10.0,,M,False,False,False,22.0,,,,,,,,,,,,,,,
2026-04-26,2026,4,26,7,WS,,6553,ATL,LGA,1530.0,1742.0,,,,,132.0,,,762.0,0,0,,,,,,DEP_FROM_ATL,LGA,930.0,2026-04-26 15:30:00,2026-04-26 19:30:00,2026-04-26 21:42:00,2026-04-26 19:52:00,27.78,13.89,42.56,320.0,9.0,29.89,0.0,10.0,,M,False,False,False,22.0,,,,,,,,,,,,,,,
2026-04-26,2026,4,26,7,VS,,2609,ATL,LGA,1530.0,1742.0,,,,,132.0,,,762.0,0,0,,,,,,DEP_FROM_ATL,LGA,930.0,2026-04-26 15:30:00,2026-04-26 19:30:00,2026-04-26 21:42:00,2026-04-26 19:52:00,27.78,13.89,42.56,320.0,9.0,29.89,0.0,10.0,,M,False,False,False,22.0,,,,,,,,,,,,,,,
2026-04-26,2026,4,26,7,KL,,5046,ATL,LGA,1530.0,1742.0,,,,,132.0,,,762.0,0,0,,,,,,DEP_FROM_ATL,LGA,930.0,2026-04-26 15:30:00,2026-04-26 19:30:00,2026-04-26 21:42:00,2026-04-26 19:52:00,27.78,13.89,42.56,320.0,9.0,29.89,0.0,10.0,,M,False,False,False,22.0,,,,,,,,,,,,,,,
2026-04-26,2026,4,26,7,AM,,3134,ATL,LGA,1530.0,1742.0,,,,,132.0,,,762.0,0,0,,,,,,DEP_FROM_ATL,LGA,930.0,2026-04-26 15:30:00,2026-04-26 19:30:00,2026-04-26 21:42:00,2026-04-26 19:52:00,27.78,13.89,42.56,320.0,9.0,29.89,0.0,10.0,,M,False,False,False,22.0,,,,,,,,,,,,,,,
2026-04-26,2026,4,26,7,F9,N702FR,3454,ATL,LGA,1525.0,1745.0,,,,,140.0,,,762.0,0,0,,,,,,DEP_FROM_ATL,LGA,925.0,2026-04-26 15:25:00,2026-04-26 19:25:00,2026-04-26 21:45:00,2026-04-26 19:52:00,27.78,13.89,42.56,320.0,9.0,29.89,0.0,10.0,,M,False,False,False,27.0,,,,,,,,,,,,,,,
2026-04-26,2026,4,26,7,AA,,4611,ATL,LGA,1552.0,1818.0,,,,42.0,146.0,,,762.0,0,0,,,,,,DEP_FROM_ATL,LGA,952.0,2026-04-26 15:52:00,2026-04-26 19:52:00,2026-04-26 22:18:00,2026-04-26 19:52:00,27.78,13.89,42.56,320.0,9.0,29.89,0.0,10.0,,M,False,False,False,0.0,,,,,,,,,,,,,,,
2026-04-26,2026,4,26,7,DL,,997,ATL,LGA,1630.0,1841.0,,,,16.0,131.0,,,762.0,0,0,,,,,,DEP_FROM_ATL,LGA,990.0,2026-04-26 16:30:00,2026-04-26 20:30:00,2026-04-26 22:41:00,2026-04-26 19:52:00,27.78,13.89,42.56,320.0,9.0,29.89,0.0,10.0,,M,False,False,False,38.0,,,,,,,,,,,,,,,
2026-04-26,2026,4,26,7,DL,,434,ATL,LGA,1800.0,2014.0,,,,,134.0,,,762.0,0,0,,,,,,DEP_FROM_ATL,LGA,1080.0,2026-04-26 18:00:00,2026-04-26 22:00:00,2026-04-27 00:14:00,,,,,,,,,,,,,,,,,,,,,,,,,,,,,,
2026-04-26,2026,4,26,7,F9,,3458,ATL,LGA,1840.0,2059.0,,,,9.0,139.0,,,762.0,0,0,,,,,,DEP_FROM_ATL,LGA,1120.0,2026-04-26 18:40:00,2026-04-26 22:40:00,2026-04-27 00:59:00,,,,,,,,,,,,,,,,,,,,,,,,,,,,,,
2026-04-26,2026,4,26,7,AA,,4582,ATL,LGA,1904.0,2129.0,,,,21.0,145.0,,,762.0,0,0,,,,,,DEP_FROM_ATL,LGA,1144.0,2026-04-26 19:04:00,2026-04-26 23:04:00,2026-04-27 01:29:00,,,,,,,,,,,,,,,,,,,,,,,,,,,,,,
2026-04-26,2026,4,26,7,DL,,468,ATL,LGA,1916.0,2129.0,,,,,133.0,,,762.0,0,0,,,,,,DEP_FROM_ATL,LGA,1156.0,2026-04-26 19:16:00,2026-04-26 23:16:00,2026-04-27 01:29:00,,,,,,,,,,,,,,,,,,,,,,,,,,,,,,
2026-04-26,2026,4,26,7,DL,,490,ATL,LGA,2030.0,2242.0,,,,,132.0,,,762.0,0,0,,,,,,DEP_FROM_ATL,LGA,1230.0,2026-04-26 20:30:00,2026-04-27 00:30:00,2026-04-27 02:42:00,,,,,,,,,,,,,,,,,,,,,,,,,,,,,,
2026-04-26,2026,4,26,7,F9,,3288,ATL,LGA,2052.0,2314.0,,,,,142.0,,,762.0,0,0,,,,,,DEP_FROM_ATL,LGA,1252.0,2026-04-26 20:52:00,2026-04-27 00:52:00,2026-04-27 03:14:00,,,,,,,,,,,,,,,,,,,,,,,,,,,,,,
2026-04-26,2026,4,26,7,DL,,520,ATL,LGA,2130.0,2341.0,,,,,131.0,,,762.0,0,0,,,,,,DEP_FROM_ATL,LGA,1290.0,2026-04-26 21:30:00,2026-04-27 01:30:00,2026-04-27 03:41:00,,,,,,,,,,,,,,,,,,,,,,,,,,,,,,
2026-04-25,2026,4,25,6,F9,,1242,ATL,MCO,600.0,739.0,615.0,715.0,,,99.0,,,404.0,0,0,,,,,,DEP_FROM_ATL,MCO,360.0,2026-04-25 06:00:00,2026-04-25 10:00:00,2026-04-25 11:39:00,2026-04-25 09:52:00,20.56,14.44,68.01,240.0,4.0,29.82,0.0,10.0,,M,False,False,False,8.0,2026-04-25 11:53:00,19.44,18.89,96.6,0.0,0.0,29.91,0.0,10.0,,M,False,False,False,14.0
2026-04-25,2026,4,25,6,Y4,,2098,ATL,MCO,600.0,739.0,615.0,715.0,,,99.0,,,404.0,0,0,,,,,,DEP_FROM_ATL,MCO,360.0,2026-04-25 06:00:00,2026-04-25 10:00:00,2026-04-25 11:39:00,2026-04-25 09:52:00,20.56,14.44,68.01,240.0,4.0,29.82,0.0,10.0,,M,False,False,False,8.0,2026-04-25 11:53:00,19.44,18.89,96.6,0.0,0.0,29.91,0.0,10.0,,M,False,False,False,14.0
2026-04-25,2026,4,25,6,DL,,2204,ATL,MCO,715.0,842.0,736.0,837.0,,,87.0,,,404.0,0,0,,,,,,DEP_FROM_ATL,MCO,435.0,2026-04-25 07:15:00,2026-04-25 11:15:00,2026-04-25 12:42:00,2026-04-25 10:52:00,18.89,13.89,72.74,0.0,0.0,29.82,0.0,10.0,,M,False,False,False,23.0,2026-04-25 12:53:00,22.78,18.33,76.05,200.0,4.0,29.91,0.0,10.0,,M,False,False,False,11.0
2026-04-25,2026,4,25,6,WN,,251,ATL,MCO,750.0,920.0,758.0,857.0,,,90.0,,,404.0,0,0,,,,,,DEP_FROM_ATL,MCO,470.0,2026-04-25 07:50:00,2026-04-25 11:50:00,2026-04-25 13:20:00,2026-04-25 11:52:00,19.44,13.89,70.27,220.0,3.0,29.85,0.0,10.0,,M,False,False,False,2.0,2026-04-25 12:53:00,22.78,18.33,76.05,200.0,4.0,29.91,0.0,10.0,,M,False,False,False,27.0
2026-04-25,2026,4,25,6,LA,,6406,ATL,MCO,815.0,944.0,835.0,935.0,,,89.0,,,404.0,0,0,,,,,,DEP_FROM_ATL,MCO,495.0,2026-04-25 08:15:00,2026-04-25 12:15:00,2026-04-25 13:44:00,2026-04-25 11:52:00,19.44,13.89,70.27,220.0,3.0,29.85,0.0,10.0,,M,False,False,False,23.0,2026-04-25 13:53:00,25.0,18.89,68.9,180.0,7.0,29.91,0.0,10.0,,M,False,False,False,9.0
2026-04-25,2026,4,25,6,WS,,8685,ATL,MCO,815.0,944.0,835.0,935.0,,,89.0,,,404.0,0,0,,,,,,DEP_FROM_ATL,MCO,495.0,2026-04-25 08:15:00,2026-04-25 12:15:00,2026-04-25 13:44:00,2026-04-25 11:52:00,19.44,13.89,70.27,220.0,3.0,29.85,0.0,10.0,,M,False,False,False,23.0,2026-04-25 13:53:00,25.0,18.89,68.9,180.0,7.0,29.91,0.0,10.0,,M,False,False,False,9.0
2026-04-25,2026,4,25,6,DL,,1213,ATL,MCO,815.0,944.0,835.0,935.0,,,89.0,,,404.0,0,0,,,,,,DEP_FROM_ATL,MCO,495.0,2026-04-25 08:15:00,2026-04-25 12:15:00,2026-04-25 13:44:00,2026-04-25 11:52:00,19.44,13.89,70.27,220.0,3.0,29.85,0.0,10.0,,M,False,False,False,23.0,2026-04-25 13:53:00,25.0,18.89,68.9,180.0,7.0,29.91,0.0,10.0,,M,False,False,False,9.0
2026-04-25,2026,4,25,6,Y4,,2789,ATL,MCO,814.0,954.0,840.0,943.0,,,100.0,,,404.0,0,0,,,,,,DEP_FROM_ATL,MCO,494.0,2026-04-25 08:14:00,2026-04-25 12:14:00,2026-04-25 13:54:00,2026-04-25 11:52:00,19.44,13.89,70.27,220.0,3.0,29.85,0.0,10.0,,M,False,False,False,22.0,2026-04-25 13:53:00,25.0,18.89,68.9,180.0,7.0,29.91,0.0,10.0,,M,False,False,False,1.0
2026-04-25,2026,4,25,6,F9,,4556,ATL,MCO,814.0,954.0,840.0,943.0,,,100.0,,,404.0,0,0,,,,,,DEP_FROM_ATL,MCO,494.0,2026-04-25 08:14:00,2026-04-25 12:14:00,2026-04-25 13:54:00,2026-04-25 11:52:00,19.44,13.89,70.27,220.0,3.0,29.85,0.0,10.0,,M,False,False,False,22.0,2026-04-25 13:53:00,25.0,18.89,68.9,180.0,7.0,29.91,0.0,10.0,,M,False,False,False,1.0
2026-04-25,2026,4,25,6,DL,,535,ATL,MCO,845.0,1019.0,901.0,1003.0,,,94.0,,,404.0,0,0,,,,,,DEP_FROM_ATL,MCO,525.0,2026-04-25 08:45:00,2026-04-25 12:45:00,2026-04-25 14:19:00,2026-04-25 12:52:00,19.44,14.44,72.85,220.0,6.0,29.86,0.0,10.0,,M,False,False,False,7.0,2026-04-25 13:53:00,25.0,18.89,68.9,180.0,7.0,29.91,0.0,10.0,,M,False,False,False,26.0
2026-04-25,2026,4,25,6,LA,,8856,ATL,MCO,845.0,1019.0,901.0,1003.0,,,94.0,,,404.0,0,0,,,,,,DEP_FROM_ATL,MCO,525.0,2026-04-25 08:45:00,2026-04-25 12:45:00,2026-04-25 14:19:00,2026-04-25 12:52:00,19.44,14.44,72.85,220.0,6.0,29.86,0.0,10.0,,M,False,False,False,7.0,2026-04-25 13:53:00,25.0,18.89,68.9,180.0,7.0,29.91,0.0,10.0,,M,False,False,False,26.0
2026-04-25,2026,4,25,6,LA,,8488,ATL,MCO,915.0,1043.0,928.0,1030.0,,,88.0,,,404.0,0,0,,,,,,DEP_FROM_ATL,MCO,555.0,2026-04-25 09:15:00,2026-04-25 13:15:00,2026-04-25 14:43:00,2026-04-25 12:52:00,19.44,14.44,72.85,220.0,6.0,29.86,0.0,10.0,,M,False,False,False,23.0,2026-04-25 14:53:00,26.67,18.33,60.3,200.0,6.0,29.91,0.0,10.0,,M,False,False,False,10.0
2026-04-25,2026,4,25,6,AM,,3427,ATL,MCO,915.0,1043.0,928.0,1030.0,,,88.0,,,404.0,0,0,,,,,,DEP_FROM_ATL,MCO,555.0,2026-04-25 09:15:00,2026-04-25 13:15:00,2026-04-25 14:43:00,2026-04-25 12:52:00,19.44,14.44,72.85,220.0,6.0,29.86,0.0,10.0,,M,False,False,False,23.0,2026-04-25 14:53:00,26.67,18.33,60.3,200.0,6.0,29.91,0.0,10.0,,M,False,False,False,10.0
2026-04-25,2026,4,25,6,DL,,1658,ATL,MCO,915.0,1043.0,928.0,1030.0,,,88.0,,,404.0,0,0,,,,,,DEP_FROM_ATL,MCO,555.0,2026-04-25 09:15:00,2026-04-25 13:15:00,2026-04-25 14:43:00,2026-04-25 12:52:00,19.44,14.44,72.85,220.0,6.0,29.86,0.0,10.0,,M,False,False,False,23.0,2026-04-25 14:53:00,26.67,18.33,60.3,200.0,6.0,29.91,0.0,10.0,,M,False,False,False,10.0
2026-04-25,2026,4,25,6,DL,,1658,ATL,MCO,915.0,1043.0,928.0,1030.0,,,88.0,,,404.0,0,0,,,,,,DEP_FROM_ATL,MCO,555.0,2026-04-25 09:15:00,2026-04-25 13:15:00,2026-04-25 14:43:00,2026-04-25 12:52:00,19.44,14.44,72.85,220.0,6.0,29.86,0.0,10.0,,M,False,False,False,23.0,2026-04-25 14:53:00,26.67,18.33,60.3,200.0,6.0,29.91,0.0,10.0,,M,False,False,False,10.0
2026-04-25,2026,4,25,6,DL,,664,ATL,MCO,1025.0,1155.0,1109.0,1208.0,13.0,13.0,90.0,,,404.0,0,0,,,,,,DEP_FROM_ATL,MCO,625.0,2026-04-25 10:25:00,2026-04-25 14:25:00,2026-04-25 15:55:00,2026-04-25 14:52:00,21.67,15.0,65.84,270.0,11.0,29.85,0.0,10.0,,M,False,False,False,27.0,2026-04-25 15:53:00,27.78,16.11,49.1,210.0,7.0,29.91,0.0,10.0,,M,False,False,False,2.0
2026-04-25,2026,4,25,6,WS,,6516,ATL,MCO,1025.0,1155.0,1109.0,1208.0,13.0,13.0,90.0,,,404.0,0,0,,,,,,DEP_FROM_ATL,MCO,625.0,2026-04-25 10:25:00,2026-04-25 14:25:00,2026-04-25 15:55:00,2026-04-25 14:52:00,21.67,15.0,65.84,270.0,11.0,29.85,0.0,10.0,,M,False,False,False,27.0,2026-04-25 15:53:00,27.78,16.11,49.1,210.0,7.0,29.91,0.0,10.0,,M,False,False,False,2.0
2026-04-25,2026,4,25,6,LA,,6247,ATL,MCO,1025.0,1155.0,1109.0,1208.0,13.0,13.0,90.0,,,404.0,0,0,,,,,,DEP_FROM_ATL,MCO,625.0,2026-04-25 10:25:00,2026-04-25 14:25:00,2026-04-25 15:55:00,2026-04-25 14:52:00,21.67,15.0,65.84,270.0,11.0,29.85,0.0,10.0,,M,False,False,False,27.0,2026-04-25 15:53:00,27.78,16.11,49.1,210.0,7.0,29.91,0.0,10.0,,M,False,False,False,2.0
2026-04-25,2026,4,25,6,AM,,3368,ATL,MCO,1025.0,1155.0,1109.0,1208.0,13.0,13.0,90.0,,,404.0,0,0,,,,,,DEP_FROM_ATL,MCO,625.0,2026-04-25 10:25:00,2026-04-25 14:25:00,2026-04-25 15:55:00,2026-04-25 14:52:00,21.67,15.0,65.84,270.0,11.0,29.85,0.0,10.0,,M,False,False,False,27.0,2026-04-25 15:53:00,27.78,16.11,49.1,210.0,7.0,29.91,0.0,10.0,,M,False,False,False,2.0
2026-04-25,2026,4,25,6,AM,,3870,ATL,MCO,1130.0,1255.0,1137.0,1237.0,,,85.0,,,404.0,0,0,,,,,,DEP_FROM_ATL,MCO,690.0,2026-04-25 11:30:00,2026-04-25 15:30:00,2026-04-25 16:55:00,2026-04-25 15:52:00,21.11,15.0,68.12,250.0,7.0,29.86,0.0,10.0,,M,False,False,False,22.0,2026-04-25 16:53:00,30.0,16.11,43.19,,3.0,29.9,0.0,10.0,,M,False,False,False,2.0
2026-04-25,2026,4,25,6,WS,,6613,ATL,MCO,1130.0,1255.0,1137.0,1237.0,,,85.0,,,404.0,0,0,,,,,,DEP_FROM_ATL,MCO,690.0,2026-04-25 11:30:00,2026-04-25 15:30:00,2026-04-25 16:55:00,2026-04-25 15:52:00,21.11,15.0,68.12,250.0,7.0,29.86,0.0,10.0,,M,False,False,False,22.0,2026-04-25 16:53:00,30.0,16.11,43.19,,3.0,29.9,0.0,10.0,,M,False,False,False,2.0
2026-04-25,2026,4,25,6,KE,,3750,ATL,MCO,1130.0,1255.0,1137.0,1237.0,,,85.0,,,404.0,0,0,,,,,,DEP_FROM_ATL,MCO,690.0,2026-04-25 11:30:00,2026-04-25 15:30:00,2026-04-25 16:55:00,2026-04-25 15:52:00,21.11,15.0,68.12,250.0,7.0,29.86,0.0,10.0,,M,False,False,False,22.0,2026-04-25 16:53:00,30.0,16.11,43.19,,3.0,29.9,0.0,10.0,,M,False,False,False,2.0
2026-04-25,2026,4,25,6,DL,,1030,ATL,MCO,1130.0,1255.0,1137.0,1237.0,,,85.0,,,404.0,0,0,,,,,,DEP_FROM_ATL,MCO,690.0,2026-04-25 11:30:00,2026-04-25 15:30:00,2026-04-25 16:55:00,2026-04-25 15:52:00,21.11,15.0,68.12,250.0,7.0,29.86,0.0,10.0,,M,False,False,False,22.0,2026-04-25 16:53:00,30.0,16.11,43.19,,3.0,29.9,0.0,10.0,,M,False,False,False,2.0
2026-04-25,2026,4,25,6,VS,,5157,ATL,MCO,1130.0,1255.0,1137.0,1237.0,,,85.0,,,404.0,0,0,,,,,,DEP_FROM_ATL,MCO,690.0,2026-04-25 11:30:00,2026-04-25 15:30:00,2026-04-25 16:55:00,2026-04-25 15:52:00,21.11,15.0,68.12,250.0,7.0,29.86,0.0,10.0,,M,False,False,False,22.0,2026-04-25 16:53:00,30.0,16.11,43.19,,3.0,29.9,0.0,10.0,,M,False,False,False,2.0
2026-04-25,2026,4,25,6,LA,,7192,ATL,MCO,1130.0,1255.0,1137.0,1237.0,,,85.0,,,404.0,0,0,,,,,,DEP_FROM_ATL,MCO,690.0,2026-04-25 11:30:00,2026-04-25 15:30:00,2026-04-25 16:55:00,2026-04-25 15:52:00,21.11,15.0,68.12,250.0,7.0,29.86,0.0,10.0,,M,False,False,False,22.0,2026-04-25 16:53:00,30.0,16.11,43.19,,3.0,29.9,0.0,10.0,,M,False,False,False,2.0
2026-04-25,2026,4,25,6,WN,,3873,ATL,MCO,1125.0,1255.0,1201.0,1300.0,5.0,5.0,90.0,,,404.0,0,0,,,,,,DEP_FROM_ATL,MCO,685.0,2026-04-25 11:25:00,2026-04-25 15:25:00,2026-04-25 16:55:00,2026-04-25 15:52:00,21.11,15.0,68.12,250.0,7.0,29.86,0.0,10.0,,M,False,False,False,27.0,2026-04-25 16:53:00,30.0,16.11,43.19,,3.0,29.9,0.0,10.0,,M,False,False,False,2.0
2026-04-25,2026,4,25,6,Y4,,2690,ATL,MCO,1200.0,1337.0,1211.0,1313.0,,,97.0,,,404.0,0,0,,,,,,DEP_FROM_ATL,MCO,720.0,2026-04-25 12:00:00,2026-04-25 16:00:00,2026-04-25 17:37:00,2026-04-25 15:52:00,21.11,15.0,68.12,250.0,7.0,29.86,0.0,10.0,,M,False,False,False,8.0,2026-04-25 17:53:00,30.56,15.56,40.38,210.0,9.0,29.9,0.0,10.0,,M,False,False,False,16.0
2026-04-25,2026,4,25,6,F9,,3976,ATL,MCO,1200.0,1337.0,1211.0,1313.0,,,97.0,,,404.0,0,0,,,,,,DEP_FROM_ATL,MCO,720.0,2026-04-25 12:00:00,2026-04-25 16:00:00,2026-04-25 17:37:00,2026-04-25 15:52:00,21.11,15.0,68.12,250.0,7.0,29.86,0.0,10.0,,M,False,False,False,8.0,2026-04-25 17:53:00,30.56,15.56,40.38,210.0,9.0,29.9,0.0,10.0,,M,False,False,False,16.0
2026-04-25,2026,4,25,6,AM,,4290,ATL,MCO,1240.0,1404.0,1321.0,1419.0,15.0,15.0,84.0,,,404.0,0,0,,,,,,DEP_FROM_ATL,MCO,760.0,2026-04-25 12:40:00,2026-04-25 16:40:00,2026-04-25 18:04:00,2026-04-25 16:52:00,20.56,15.56,73.05,270.0,12.0,29.88,0.0,10.0,20.0,M,False,False,False,12.0,2026-04-25 17:53:00,30.56,15.56,40.38,210.0,9.0,29.9,0.0,10.0,,M,False,False,False,11.0
2026-04-25,2026,4,25,6,KE,,6947,ATL,MCO,1240.0,1404.0,1321.0,1419.0,15.0,15.0,84.0,,,404.0,0,0,,,,,,DEP_FROM_ATL,MCO,760.0,2026-04-25 12:40:00,2026-04-25 16:40:00,2026-04-25 18:04:00,2026-04-25 16:52:00,20.56,15.56,73.05,270.0,12.0,29.88,0.0,10.0,20.0,M,False,False,False,12.0,2026-04-25 17:53:00,30.56,15.56,40.38,210.0,9.0,29.9,0.0,10.0,,M,False,False,False,11.0
2026-04-25,2026,4,25,6,VS,,5175,ATL,MCO,1240.0,1404.0,1321.0,1419.0,15.0,15.0,84.0,,,404.0,0,0,,,,,,DEP_FROM_ATL,MCO,760.0,2026-04-25 12:40:00,2026-04-25 16:40:00,2026-04-25 18:04:00,2026-04-25 16:52:00,20.56,15.56,73.05,270.0,12.0,29.88,0.0,10.0,20.0,M,False,False,False,12.0,2026-04-25 17:53:00,30.56,15.56,40.38,210.0,9.0,29.9,0.0,10.0,,M,False,False,False,11.0
2026-04-25,2026,4,25,6,LA,,6569,ATL,MCO,1240.0,1404.0,1321.0,1419.0,15.0,15.0,84.0,,,404.0,0,0,,,,,,DEP_FROM_ATL,MCO,760.0,2026-04-25 12:40:00,2026-04-25 16:40:00,2026-04-25 18:04:00,2026-04-25 16:52:00,20.56,15.56,73.05,270.0,12.0,29.88,0.0,10.0,20.0,M,False,False,False,12.0,2026-04-25 17:53:00,30.56,15.56,40.38,210.0,9.0,29.9,0.0,10.0,,M,False,False,False,11.0
2026-04-25,2026,4,25,6,DL,,1576,ATL,MCO,1240.0,1404.0,1321.0,1419.0,15.0,15.0,84.0,,,404.0,0,0,,,,,,DEP_FROM_ATL,MCO,760.0,2026-04-25 12:40:00,2026-04-25 16:40:00,2026-04-25 18:04:00,2026-04-25 16:52:00,20.56,15.56,73.05,270.0,12.0,29.88,0.0,10.0,20.0,M,False,False,False,12.0,2026-04-25 17:53:00,30.56,15.56,40.38,210.0,9.0,29.9,0.0,10.0,,M,False,False,False,11.0
2026-04-25,2026,4,25,6,KE,,7098,ATL,MCO,1345.0,1510.0,1356.0,1457.0,,,85.0,,,404.0,0,0,,,,,,DEP_FROM_ATL,MCO,825.0,2026-04-25 13:45:00,2026-04-25 17:45:00,2026-04-25 19:10:00,2026-04-25 17:52:00,20.0,15.56,75.59,270.0,6.0,29.87,0.001,9.0,,-RA,True,False,False,7.0,2026-04-25 18:53:00,30.56,13.89,36.26,220.0,7.0,29.88,0.0,10.0,,M,False,False,False,17.0
2026-04-25,2026,4,25,6,LA,,8620,ATL,MCO,1345.0,1510.0,1356.0,1457.0,,,85.0,,,404.0,0,0,,,,,,DEP_FROM_ATL,MCO,825.0,2026-04-25 13:45:00,2026-04-25 17:45:00,2026-04-25 19:10:00,2026-04-25 17:52:00,20.0,15.56,75.59,270.0,6.0,29.87,0.001,9.0,,-RA,True,False,False,7.0,2026-04-25 18:53:00,30.56,13.89,36.26,220.0,7.0,29.88,0.0,10.0,,M,False,False,False,17.0
2026-04-25,2026,4,25,6,AM,,3603,ATL,MCO,1345.0,1510.0,1356.0,1457.0,,,85.0,,,404.0,0,0,,,,,,DEP_FROM_ATL,MCO,825.0,2026-04-25 13:45:00,2026-04-25 17:45:00,2026-04-25 19:10:00,2026-04-25 17:52:00,20.0,15.56,75.59,270.0,6.0,29.87,0.001,9.0,,-RA,True,False,False,7.0,2026-04-25 18:53:00,30.56,13.89,36.26,220.0,7.0,29.88,0.0,10.0,,M,False,False,False,17.0
2026-04-25,2026,4,25,6,DL,,1372,ATL,MCO,1345.0,1510.0,1356.0,1457.0,,,85.0,,,404.0,0,0,,,,,,DEP_FROM_ATL,MCO,825.0,2026-04-25 13:45:00,2026-04-25 17:45:00,2026-04-25 19:10:00,2026-04-25 17:52:00,20.0,15.56,75.59,270.0,6.0,29.87,0.001,9.0,,-RA,True,False,False,7.0,2026-04-25 18:53:00,30.56,13.89,36.26,220.0,7.0,29.88,0.0,10.0,,M,False,False,False,17.0
2026-04-25,2026,4,25,6,NK,,609,ATL,MCO,1400.0,1529.0,1410.0,1510.0,,,89.0,,,404.0,0,0,,,,,,DEP_FROM_ATL,MCO,840.0,2026-04-25 14:00:00,2026-04-25 18:00:00,2026-04-25 19:29:00,2026-04-25 17:52:00,20.0,15.56,75.59,270.0,6.0,29.87,0.001,9.0,,-RA,True,False,False,8.0,2026-04-25 19:53:00,30.56,13.89,36.26,250.0,5.0,29.85,0.0,10.0,,M,False,False,False,24.0
2026-04-25,2026,4,25,6,LA,,6276,ATL,MCO,1515.0,1640.0,1554.0,1652.0,12.0,12.0,85.0,,,404.0,0,0,,,,,,DEP_FROM_ATL,MCO,915.0,2026-04-25 15:15:00,2026-04-25 19:15:00,2026-04-25 20:40:00,2026-04-25 18:52:00,20.56,16.67,78.41,,4.0,29.85,0.25,10.0,,M,True,False,False,23.0,2026-04-25 20:53:00,30.0,13.89,37.43,200.0,5.0,29.83,0.0,10.0,,M,False,False,False,13.0
2026-04-25,2026,4,25,6,KE,,5348,ATL,MCO,1515.0,1640.0,1554.0,1652.0,12.0,12.0,85.0,,,404.0,0,0,,,,,,DEP_FROM_ATL,MCO,915.0,2026-04-25 15:15:00,2026-04-25 19:15:00,2026-04-25 20:40:00,2026-04-25 18:52:00,20.56,16.67,78.41,,4.0,29.85,0.25,10.0,,M,True,False,False,23.0,2026-04-25 20:53:00,30.0,13.89,37.43,200.0,5.0,29.83,0.0,10.0,,M,False,False,False,13.0
2026-04-25,2026,4,25,6,KL,,5007,ATL,MCO,1515.0,1640.0,1554.0,1652.0,12.0,12.0,85.0,,,404.0,0,0,,,,,,DEP_FROM_ATL,MCO,915.0,2026-04-25 15:15:00,2026-04-25 19:15:00,2026-04-25 20:40:00,2026-04-25 18:52:00,20.56,16.67,78.41,,4.0,29.85,0.25,10.0,,M,True,False,False,23.0,2026-04-25 20:53:00,30.0,13.89,37.43,200.0,5.0,29.83,0.0,10.0,,M,False,False,False,13.0
2026-04-25,2026,4,25,6,VS,,5171,ATL,MCO,1515.0,1640.0,1554.0,1652.0,12.0,12.0,85.0,,,404.0,0,0,,,,,,DEP_FROM_ATL,MCO,915.0,2026-04-25 15:15:00,2026-04-25 19:15:00,2026-04-25 20:40:00,2026-04-25 18:52:00,20.56,16.67,78.41,,4.0,29.85,0.25,10.0,,M,True,False,False,23.0,2026-04-25 20:53:00,30.0,13.89,37.43,200.0,5.0,29.83,0.0,10.0,,M,False,False,False,13.0
2026-04-25,2026,4,25,6,DL,,1150,ATL,MCO,1515.0,1640.0,1554.0,1652.0,12.0,12.0,85.0,,,404.0,0,0,,,,,,DEP_FROM_ATL,MCO,915.0,2026-04-25 15:15:00,2026-04-25 19:15:00,2026-04-25 20:40:00,2026-04-25 18:52:00,20.56,16.67,78.41,,4.0,29.85,0.25,10.0,,M,True,False,False,23.0,2026-04-25 20:53:00,30.0,13.89,37.43,200.0,5.0,29.83,0.0,10.0,,M,False,False,False,13.0
2026-04-25,2026,4,25,6,AF,,8540,ATL,MCO,1515.0,1640.0,1554.0,1652.0,12.0,12.0,85.0,,,404.0,0,0,,,,,,DEP_FROM_ATL,MCO,915.0,2026-04-25 15:15:00,2026-04-25 19:15:00,2026-04-25 20:40:00,2026-04-25 18:52:00,20.56,16.67,78.41,,4.0,29.85,0.25,10.0,,M,True,False,False,23.0,2026-04-25 20:53:00,30.0,13.89,37.43,200.0,5.0,29.83,0.0,10.0,,M,False,False,False,13.0
2026-04-25,2026,4,25,6,AM,,3693,ATL,MCO,1515.0,1640.0,1554.0,1652.0,12.0,12.0,85.0,,,404.0,0,0,,,,,,DEP_FROM_ATL,MCO,915.0,2026-04-25 15:15:00,2026-04-25 19:15:00,2026-04-25 20:40:00,2026-04-25 18:52:00,20.56,16.67,78.41,,4.0,29.85,0.25,10.0,,M,True,False,False,23.0,2026-04-25 20:53:00,30.0,13.89,37.43,200.0,5.0,29.83,0.0,10.0,,M,False,False,False,13.0
2026-04-25,2026,4,25,6,WS,,8127,ATL,MCO,1515.0,1640.0,1554.0,1652.0,12.0,12.0,85.0,,,404.0,0,0,,,,,,DEP_FROM_ATL,MCO,915.0,2026-04-25 15:15:00,2026-04-25 19:15:00,2026-04-25 20:40:00,2026-04-25 18:52:00,20.56,16.67,78.41,,4.0,29.85,0.25,10.0,,M,True,False,False,23.0,2026-04-25 20:53:00,30.0,13.89,37.43,200.0,5.0,29.83,0.0,10.0,,M,False,False,False,13.0
2026-04-25,2026,4,25,6,AM,,5091,ATL,MCO,1615.0,1740.0,1634.0,,32.0,32.0,85.0,,,404.0,0,1,,,,,,DEP_FROM_ATL,MCO,975.0,2026-04-25 16:15:00,2026-04-25 20:15:00,2026-04-25 21:40:00,2026-04-25 19:52:00,22.78,16.11,66.08,220.0,4.0,29.83,0.0,10.0,,M,False,False,False,23.0,2026-04-25 21:53:00,21.67,18.89,84.24,320.0,6.0,29.87,3.3,3.0,,+RA,True,False,False,13.0
2026-04-25,2026,4,25,6,DL,,1742,ATL,MCO,1615.0,1740.0,1634.0,,32.0,32.0,85.0,,,404.0,0,1,,,,,,DEP_FROM_ATL,MCO,975.0,2026-04-25 16:15:00,2026-04-25 20:15:00,2026-04-25 21:40:00,2026-04-25 19:52:00,22.78,16.11,66.08,220.0,4.0,29.83,0.0,10.0,,M,False,False,False,23.0,2026-04-25 21:53:00,21.67,18.89,84.24,320.0,6.0,29.87,3.3,3.0,,+RA,True,False,False,13.0
2026-04-25,2026,4,25,6,WS,,6792,ATL,MCO,1615.0,1740.0,1634.0,,32.0,32.0,85.0,,,404.0,0,1,,,,,,DEP_FROM_ATL,MCO,975.0,2026-04-25 16:15:00,2026-04-25 20:15:00,2026-04-25 21:40:00,2026-04-25 19:52:00,22.78,16.11,66.08,220.0,4.0,29.83,0.0,10.0,,M,False,False,False,23.0,2026-04-25 21:53:00,21.67,18.89,84.24,320.0,6.0,29.87,3.3,3.0,,+RA,True,False,False,13.0
2026-04-25,2026,4,25,6,VS,,5169,ATL,MCO,1615.0,1740.0,1634.0,,32.0,32.0,85.0,,,404.0,0,1,,,,,,DEP_FROM_ATL,MCO,975.0,2026-04-25 16:15:00,2026-04-25 20:15:00,2026-04-25 21:40:00,2026-04-25 19:52:00,22.78,16.11,66.08,220.0,4.0,29.83,0.0,10.0,,M,False,False,False,23.0,2026-04-25 21:53:00,21.67,18.89,84.24,320.0,6.0,29.87,3.3,3.0,,+RA,True,False,False,13.0
2026-04-25,2026,4,25,6,AF,,8531,ATL,MCO,1615.0,1740.0,1634.0,,32.0,32.0,85.0,,,404.0,0,1,,,,,,DEP_FROM_ATL,MCO,975.0,2026-04-25 16:15:00,2026-04-25 20:15:00,2026-04-25 21:40:00,2026-04-25 19:52:00,22.78,16.11,66.08,220.0,4.0,29.83,0.0,10.0,,M,False,False,False,23.0,2026-04-25 21:53:00,21.67,18.89,84.24,320.0,6.0,29.87,3.3,3.0,,+RA,True,False,False,13.0
2026-04-25,2026,4,25,6,KL,,5050,ATL,MCO,1615.0,1740.0,1634.0,,32.0,32.0,85.0,,,404.0,0,1,,,,,,DEP_FROM_ATL,MCO,975.0,2026-04-25 16:15:00,2026-04-25 20:15:00,2026-04-25 21:40:00,2026-04-25 19:52:00,22.78,16.11,66.08,220.0,4.0,29.83,0.0,10.0,,M,False,False,False,23.0,2026-04-25 21:53:00,21.67,18.89,84.24,320.0,6.0,29.87,3.3,3.0,,+RA,True,False,False,13.0
2026-04-25,2026,4,25,6,LA,,7195,ATL,MCO,1615.0,1740.0,1634.0,,32.0,32.0,85.0,,,404.0,0,1,,,,,,DEP_FROM_ATL,MCO,975.0,2026-04-25 16:15:00,2026-04-25 20:15:00,2026-04-25 21:40:00,2026-04-25 19:52:00,22.78,16.11,66.08,220.0,4.0,29.83,0.0,10.0,,M,False,False,False,23.0,2026-04-25 21:53:00,21.67,18.89,84.24,320.0,6.0,29.87,3.3,3.0,,+RA,True,False,False,13.0
2026-04-25,2026,4,25,6,WS,,6661,ATL,MCO,1715.0,1845.0,1730.0,1842.0,,,90.0,,,404.0,0,0,,,,,,DEP_FROM_ATL,MCO,1035.0,2026-04-25 17:15:00,2026-04-25 21:15:00,2026-04-25 22:45:00,2026-04-25 20:52:00,23.33,16.11,63.9,,4.0,29.81,0.0,10.0,,M,False,False,False,23.0,2026-04-25 22:53:00,22.78,19.44,81.51,170.0,6.0,29.87,6.35,10.0,,M,True,False,False,8.0
2026-04-25,2026,4,25,6,AM,,5292,ATL,MCO,1715.0,1845.0,1730.0,1842.0,,,90.0,,,404.0,0,0,,,,,,DEP_FROM_ATL,MCO,1035.0,2026-04-25 17:15:00,2026-04-25 21:15:00,2026-04-25 22:45:00,2026-04-25 20:52:00,23.33,16.11,63.9,,4.0,29.81,0.0,10.0,,M,False,False,False,23.0,2026-04-25 22:53:00,22.78,19.44,81.51,170.0,6.0,29.87,6.35,10.0,,M,True,False,False,8.0
2026-04-25,2026,4,25,6,DL,,1497,ATL,MCO,1715.0,1845.0,1730.0,1842.0,,,90.0,,,404.0,0,0,,,,,,DEP_FROM_ATL,MCO,1035.0,2026-04-25 17:15:00,2026-04-25 21:15:00,2026-04-25 22:45:00,2026-04-25 20:52:00,23.33,16.11,63.9,,4.0,29.81,0.0,10.0,,M,False,False,False,23.0,2026-04-25 22:53:00,22.78,19.44,81.51,170.0,6.0,29.87,6.35,10.0,,M,True,False,False,8.0
2026-04-25,2026,4,25,6,KL,,5049,ATL,MCO,1715.0,1845.0,1730.0,1842.0,,,90.0,,,404.0,0,0,,,,,,DEP_FROM_ATL,MCO,1035.0,2026-04-25 17:15:00,2026-04-25 21:15:00,2026-04-25 22:45:00,2026-04-25 20:52:00,23.33,16.11,63.9,,4.0,29.81,0.0,10.0,,M,False,False,False,23.0,2026-04-25 22:53:00,22.78,19.44,81.51,170.0,6.0,29.87,6.35,10.0,,M,True,False,False,8.0
2026-04-25,2026,4,25,6,LA,,6322,ATL,MCO,1715.0,1845.0,1730.0,1842.0,,,90.0,,,404.0,0,0,,,,,,DEP_FROM_ATL,MCO,1035.0,2026-04-25 17:15:00,2026-04-25 21:15:00,2026-04-25 22:45:00,2026-04-25 20:52:00,23.33,16.11,63.9,,4.0,29.81,0.0,10.0,,M,False,False,False,23.0,2026-04-25 22:53:00,22.78,19.44,81.51,170.0,6.0,29.87,6.35,10.0,,M,True,False,False,8.0
2026-04-25,2026,4,25,6,VS,,5173,ATL,MCO,1715.0,1845.0,1730.0,1842.0,,,90.0,,,404.0,0,0,,,,,,DEP_FROM_ATL,MCO,1035.0,2026-04-25 17:15:00,2026-04-25 21:15:00,2026-04-25 22:45:00,2026-04-25 20:52:00,23.33,16.11,63.9,,4.0,29.81,0.0,10.0,,M,False,False,False,23.0,2026-04-25 22:53:00,22.78,19.44,81.51,170.0,6.0,29.87,6.35,10.0,,M,True,False,False,8.0
2026-04-25,2026,4,25,6,AM,,4288,ATL,MCO,1815.0,1946.0,1833.0,1932.0,,,91.0,,,404.0,0,0,,,,,,DEP_FROM_ATL,MCO,1095.0,2026-04-25 18:15:00,2026-04-25 22:15:00,2026-04-25 23:46:00,2026-04-25 21:52:00,23.33,16.11,63.9,260.0,4.0,29.81,0.0,10.0,,M,False,False,False,23.0,2026-04-25 23:53:00,22.78,18.89,78.74,100.0,6.0,29.86,0.0,10.0,,M,False,False,False,7.0
2026-04-25,2026,4,25,6,LA,,6331,ATL,MCO,1815.0,1946.0,1833.0,1932.0,,,91.0,,,404.0,0,0,,,,,,DEP_FROM_ATL,MCO,1095.0,2026-04-25 18:15:00,2026-04-25 22:15:00,2026-04-25 23:46:00,2026-04-25 21:52:00,23.33,16.11,63.9,260.0,4.0,29.81,0.0,10.0,,M,False,False,False,23.0,2026-04-25 23:53:00,22.78,18.89,78.74,100.0,6.0,29.86,0.0,10.0,,M,False,False,False,7.0
2026-04-25,2026,4,25,6,VS,,5163,ATL,MCO,1815.0,1946.0,1833.0,1932.0,,,91.0,,,404.0,0,0,,,,,,DEP_FROM_ATL,MCO,1095.0,2026-04-25 18:15:00,2026-04-25 22:15:00,2026-04-25 23:46:00,2026-04-25 21:52:00,23.33,16.11,63.9,260.0,4.0,29.81,0.0,10.0,,M,False,False,False,23.0,2026-04-25 23:53:00,22.78,18.89,78.74,100.0,6.0,29.86,0.0,10.0,,M,False,False,False,7.0
2026-04-25,2026,4,25,6,DL,,2035,ATL,MCO,1815.0,1946.0,1833.0,1932.0,,,91.0,,,404.0,0,0,,,,,,DEP_FROM_ATL,MCO,1095.0,2026-04-25 18:15:00,2026-04-25 22:15:00,2026-04-25 23:46:00,2026-04-25 21:52:00,23.33,16.11,63.9,260.0,4.0,29.81,0.0,10.0,,M,False,False,False,23.0,2026-04-25 23:53:00,22.78,18.89,78.74,100.0,6.0,29.86,0.0,10.0,,M,False,False,False,7.0
2026-04-25,2026,4,25,6,WN,,3053,ATL,MCO,1835.0,2005.0,1840.0,1940.0,,,90.0,,,404.0,0,0,,,,,,DEP_FROM_ATL,MCO,1115.0,2026-04-25 18:35:00,2026-04-25 22:35:00,2026-04-26 00:05:00,2026-04-25 22:52:00,23.33,16.11,63.9,250.0,4.0,29.8,0.0,10.0,,M,False,False,False,17.0,2026-04-25 23:53:00,22.78,18.89,78.74,100.0,6.0,29.86,0.0,10.0,,M,False,False,False,12.0
2026-04-25,2026,4,25,6,AF,,8556,ATL,MCO,1925.0,2053.0,1936.0,2039.0,,,88.0,,,404.0,0,0,,,,,,DEP_FROM_ATL,MCO,1165.0,2026-04-25 19:25:00,2026-04-25 23:25:00,2026-04-26 00:53:00,2026-04-25 23:52:00,22.78,15.0,61.54,230.0,5.0,29.82,0.0,10.0,,M,False,False,False,27.0,2026-04-26 00:53:00,22.22,19.44,84.3,90.0,6.0,29.88,0.0,10.0,,M,False,False,False,0.0
2026-04-25,2026,4,25,6,LA,,8442,ATL,MCO,1925.0,2053.0,1936.0,2039.0,,,88.0,,,404.0,0,0,,,,,,DEP_FROM_ATL,MCO,1165.0,2026-04-25 19:25:00,2026-04-25 23:25:00,2026-04-26 00:53:00,2026-04-25 23:52:00,22.78,15.0,61.54,230.0,5.0,29.82,0.0,10.0,,M,False,False,False,27.0,2026-04-26 00:53:00,22.22,19.44,84.3,90.0,6.0,29.88,0.0,10.0,,M,False,False,False,0.0
2026-04-25,2026,4,25,6,VS,,5165,ATL,MCO,1925.0,2053.0,1936.0,2039.0,,,88.0,,,404.0,0,0,,,,,,DEP_FROM_ATL,MCO,1165.0,2026-04-25 19:25:00,2026-04-25 23:25:00,2026-04-26 00:53:00,2026-04-25 23:52:00,22.78,15.0,61.54,230.0,5.0,29.82,0.0,10.0,,M,False,False,False,27.0,2026-04-26 00:53:00,22.22,19.44,84.3,90.0,6.0,29.88,0.0,10.0,,M,False,False,False,0.0
2026-04-25,2026,4,25,6,KL,,5052,ATL,MCO,1925.0,2053.0,1936.0,2039.0,,,88.0,,,404.0,0,0,,,,,,DEP_FROM_ATL,MCO,1165.0,2026-04-25 19:25:00,2026-04-25 23:25:00,2026-04-26 00:53:00,2026-04-25 23:52:00,22.78,15.0,61.54,230.0,5.0,29.82,0.0,10.0,,M,False,False,False,27.0,2026-04-26 00:53:00,22.22,19.44,84.3,90.0,6.0,29.88,0.0,10.0,,M,False,False,False,0.0
2026-04-25,2026,4,25,6,KE,,6949,ATL,MCO,1925.0,2053.0,1936.0,2039.0,,,88.0,,,404.0,0,0,,,,,,DEP_FROM_ATL,MCO,1165.0,2026-04-25 19:25:00,2026-04-25 23:25:00,2026-04-26 00:53:00,2026-04-25 23:52:00,22.78,15.0,61.54,230.0,5.0,29.82,0.0,10.0,,M,False,False,False,27.0,2026-04-26 00:53:00,22.22,19.44,84.3,90.0,6.0,29.88,0.0,10.0,,M,False,False,False,0.0
2026-04-25,2026,4,25,6,AM,,3612,ATL,MCO,1925.0,2053.0,1936.0,2039.0,,,88.0,,,404.0,0,0,,,,,,DEP_FROM_ATL,MCO,1165.0,2026-04-25 19:25:00,2026-04-25 23:25:00,2026-04-26 00:53:00,2026-04-25 23:52:00,22.78,15.0,61.54,230.0,5.0,29.82,0.0,10.0,,M,False,False,False,27.0,2026-04-26 00:53:00,22.22,19.44,84.3,90.0,6.0,29.88,0.0,10.0,,M,False,False,False,0.0
2026-04-25,2026,4,25,6,DL,,2881,ATL,MCO,1925.0,2053.0,1936.0,2039.0,,,88.0,,,404.0,0,0,,,,,,DEP_FROM_ATL,MCO,1165.0,2026-04-25 19:25:00,2026-04-25 23:25:00,2026-04-26 00:53:00,2026-04-25 23:52:00,22.78,15.0,61.54,230.0,5.0,29.82,0.0,10.0,,M,False,False,False,27.0,2026-04-26 00:53:00,22.22,19.44,84.3,90.0,6.0,29.88,0.0,10.0,,M,False,False,False,0.0
2026-04-25,2026,4,25,6,DL,,1735,ATL,MCO,2035.0,2202.0,2114.0,2215.0,13.0,13.0,87.0,,,404.0,0,0,,,,,,DEP_FROM_ATL,MCO,1235.0,2026-04-25 20:35:00,2026-04-26 00:35:00,2026-04-26 02:02:00,2026-04-26 00:52:00,21.67,16.11,70.7,210.0,6.0,29.83,0.0,10.0,,M,False,False,False,17.0,2026-04-26 01:53:00,21.67,18.89,84.24,90.0,3.0,29.9,0.0,10.0,,M,False,False,False,9.0
2026-04-25,2026,4,25,6,VS,,4314,ATL,MCO,2035.0,2202.0,2114.0,2215.0,13.0,13.0,87.0,,,404.0,0,0,,,,,,DEP_FROM_ATL,MCO,1235.0,2026-04-25 20:35:00,2026-04-26 00:35:00,2026-04-26 02:02:00,2026-04-26 00:52:00,21.67,16.11,70.7,210.0,6.0,29.83,0.0,10.0,,M,False,False,False,17.0,2026-04-26 01:53:00,21.67,18.89,84.24,90.0,3.0,29.9,0.0,10.0,,M,False,False,False,9.0
2026-04-25,2026,4,25,6,SK,,3254,ATL,MCO,2035.0,2202.0,2114.0,2215.0,13.0,13.0,87.0,,,404.0,0,0,,,,,,DEP_FROM_ATL,MCO,1235.0,2026-04-25 20:35:00,2026-04-26 00:35:00,2026-04-26 02:02:00,2026-04-26 00:52:00,21.67,16.11,70.7,210.0,6.0,29.83,0.0,10.0,,M,False,False,False,17.0,2026-04-26 01:53:00,21.67,18.89,84.24,90.0,3.0,29.9,0.0,10.0,,M,False,False,False,9.0
2026-04-25,2026,4,25,6,AM,,3611,ATL,MCO,2035.0,2202.0,2114.0,2215.0,13.0,13.0,87.0,,,404.0,0,0,,,,,,DEP_FROM_ATL,MCO,1235.0,2026-04-25 20:35:00,2026-04-26 00:35:00,2026-04-26 02:02:00,2026-04-26 00:52:00,21.67,16.11,70.7,210.0,6.0,29.83,0.0,10.0,,M,False,False,False,17.0,2026-04-26 01:53:00,21.67,18.89,84.24,90.0,3.0,29.9,0.0,10.0,,M,False,False,False,9.0
2026-04-25,2026,4,25,6,KE,,7028,ATL,MCO,2035.0,2202.0,2114.0,2215.0,13.0,13.0,87.0,,,404.0,0,0,,,,,,DEP_FROM_ATL,MCO,1235.0,2026-04-25 20:35:00,2026-04-26 00:35:00,2026-04-26 02:02:00,2026-04-26 00:52:00,21.67,16.11,70.7,210.0,6.0,29.83,0.0,10.0,,M,False,False,False,17.0,2026-04-26 01:53:00,21.67,18.89,84.24,90.0,3.0,29.9,0.0,10.0,,M,False,False,False,9.0
2026-04-25,2026,4,25,6,KE,,5347,ATL,MCO,2135.0,2300.0,2140.0,2241.0,,,85.0,,,404.0,0,0,,,,,,DEP_FROM_ATL,MCO,1295.0,2026-04-25 21:35:00,2026-04-26 01:35:00,2026-04-26 03:00:00,2026-04-26 01:52:00,20.56,16.11,75.69,230.0,4.0,29.85,0.0,10.0,,M,False,False,False,17.0,2026-04-26 02:53:00,20.56,18.33,87.1,180.0,4.0,29.89,0.0,10.0,,M,False,False,False,7.0
2026-04-25,2026,4,25,6,LA,,7927,ATL,MCO,2135.0,2300.0,2140.0,2241.0,,,85.0,,,404.0,0,0,,,,,,DEP_FROM_ATL,MCO,1295.0,2026-04-25 21:35:00,2026-04-26 01:35:00,2026-04-26 03:00:00,2026-04-26 01:52:00,20.56,16.11,75.69,230.0,4.0,29.85,0.0,10.0,,M,False,False,False,17.0,2026-04-26 02:53:00,20.56,18.33,87.1,180.0,4.0,29.89,0.0,10.0,,M,False,False,False,7.0
2026-04-25,2026,4,25,6,AM,,3605,ATL,MCO,2135.0,2300.0,2140.0,2241.0,,,85.0,,,404.0,0,0,,,,,,DEP_FROM_ATL,MCO,1295.0,2026-04-25 21:35:00,2026-04-26 01:35:00,2026-04-26 03:00:00,2026-04-26 01:52:00,20.56,16.11,75.69,230.0,4.0,29.85,0.0,10.0,,M,False,False,False,17.0,2026-04-26 02:53:00,20.56,18.33,87.1,180.0,4.0,29.89,0.0,10.0,,M,False,False,False,7.0
2026-04-25,2026,4,25,6,DL,,1733,ATL,MCO,2135.0,2300.0,2140.0,2241.0,,,85.0,,,404.0,0,0,,,,,,DEP_FROM_ATL,MCO,1295.0,2026-04-25 21:35:00,2026-04-26 01:35:00,2026-04-26 03:00:00,2026-04-26 01:52:00,20.56,16.11,75.69,230.0,4.0,29.85,0.0,10.0,,M,False,False,False,17.0,2026-04-26 02:53:00,20.56,18.33,87.1,180.0,4.0,29.89,0.0,10.0,,M,False,False,False,7.0
2026-04-25,2026,4,25,6,WS,,6609,ATL,MCO,2135.0,2300.0,2140.0,2241.0,,,85.0,,,404.0,0,0,,,,,,DEP_FROM_ATL,MCO,1295.0,2026-04-25 21:35:00,2026-04-26 01:35:00,2026-04-26 03:00:00,2026-04-26 01:52:00,20.56,16.11,75.69,230.0,4.0,29.85,0.0,10.0,,M,False,False,False,17.0,2026-04-26 02:53:00,20.56,18.33,87.1,180.0,4.0,29.89,0.0,10.0,,M,False,False,False,7.0
2026-04-25,2026,4,25,6,SK,,3731,ATL,MCO,2135.0,2300.0,2140.0,2241.0,,,85.0,,,404.0,0,0,,,,,,DEP_FROM_ATL,MCO,1295.0,2026-04-25 21:35:00,2026-04-26 01:35:00,2026-04-26 03:00:00,2026-04-26 01:52:00,20.56,16.11,75.69,230.0,4.0,29.85,0.0,10.0,,M,False,False,False,17.0,2026-04-26 02:53:00,20.56,18.33,87.1,180.0,4.0,29.89,0.0,10.0,,M,False,False,False,7.0
2026-04-25,2026,4,25,6,AF,,8536,ATL,MCO,2135.0,2300.0,2140.0,2241.0,,,85.0,,,404.0,0,0,,,,,,DEP_FROM_ATL,MCO,1295.0,2026-04-25 21:35:00,2026-04-26 01:35:00,2026-04-26 03:00:00,2026-04-26 01:52:00,20.56,16.11,75.69,230.0,4.0,29.85,0.0,10.0,,M,False,False,False,17.0,2026-04-26 02:53:00,20.56,18.33,87.1,180.0,4.0,29.89,0.0,10.0,,M,False,False,False,7.0
2026-04-25,2026,4,25,6,VS,,5167,ATL,MCO,2135.0,2300.0,2140.0,2241.0,,,85.0,,,404.0,0,0,,,,,,DEP_FROM_ATL,MCO,1295.0,2026-04-25 21:35:00,2026-04-26 01:35:00,2026-04-26 03:00:00,2026-04-26 01:52:00,20.56,16.11,75.69,230.0,4.0,29.85,0.0,10.0,,M,False,False,False,17.0,2026-04-26 02:53:00,20.56,18.33,87.1,180.0,4.0,29.89,0.0,10.0,,M,False,False,False,7.0
2026-04-25,2026,4,25,6,VS,,5159,ATL,MCO,2240.0,6.0,2319.0,20.0,14.0,14.0,86.0,,,404.0,0,0,,,,,,DEP_FROM_ATL,MCO,1360.0,2026-04-25 22:40:00,2026-04-26 02:40:00,2026-04-26 04:06:00,2026-04-26 02:48:00,21.0,17.0,77.93,190.0,9.0,29.83,0.001,10.0,,-RA,True,False,False,8.0,2026-04-26 03:53:00,20.0,17.78,87.05,170.0,3.0,29.9,0.0,10.0,,M,False,False,False,13.0
2026-04-25,2026,4,25,6,SK,,3118,ATL,MCO,2240.0,6.0,2319.0,20.0,14.0,14.0,86.0,,,404.0,0,0,,,,,,DEP_FROM_ATL,MCO,1360.0,2026-04-25 22:40:00,2026-04-26 02:40:00,2026-04-26 04:06:00,2026-04-26 02:48:00,21.0,17.0,77.93,190.0,9.0,29.83,0.001,10.0,,-RA,True,False,False,8.0,2026-04-26 03:53:00,20.0,17.78,87.05,170.0,3.0,29.9,0.0,10.0,,M,False,False,False,13.0
2026-04-25,2026,4,25,6,AM,,3604,ATL,MCO,2240.0,6.0,2319.0,20.0,14.0,14.0,86.0,,,404.0,0,0,,,,,,DEP_FROM_ATL,MCO,1360.0,2026-04-25 22:40:00,2026-04-26 02:40:00,2026-04-26 04:06:00,2026-04-26 02:48:00,21.0,17.0,77.93,190.0,9.0,29.83,0.001,10.0,,-RA,True,False,False,8.0,2026-04-26 03:53:00,20.0,17.78,87.05,170.0,3.0,29.9,0.0,10.0,,M,False,False,False,13.0
2026-04-25,2026,4,25,6,KE,,3127,ATL,MCO,2240.0,6.0,2319.0,20.0,14.0,14.0,86.0,,,404.0,0,0,,,,,,DEP_FROM_ATL,MCO,1360.0,2026-04-25 22:40:00,2026-04-26 02:40:00,2026-04-26 04:06:00,2026-04-26 02:48:00,21.0,17.0,77.93,190.0,9.0,29.83,0.001,10.0,,-RA,True,False,False,8.0,2026-04-26 03:53:00,20.0,17.78,87.05,170.0,3.0,29.9,0.0,10.0,,M,False,False,False,13.0
2026-04-25,2026,4,25,6,LA,,6514,ATL,MCO,2240.0,6.0,2319.0,20.0,14.0,14.0,86.0,,,404.0,0,0,,,,,,DEP_FROM_ATL,MCO,1360.0,2026-04-25 22:40:00,2026-04-26 02:40:00,2026-04-26 04:06:00,2026-04-26 02:48:00,21.0,17.0,77.93,190.0,9.0,29.83,0.001,10.0,,-RA,True,False,False,8.0,2026-04-26 03:53:00,20.0,17.78,87.05,170.0,3.0,29.9,0.0,10.0,,M,False,False,False,13.0
2026-04-25,2026,4,25,6,KL,,5051,ATL,MCO,2240.0,6.0,2319.0,20.0,14.0,14.0,86.0,,,404.0,0,0,,,,,,DEP_FROM_ATL,MCO,1360.0,2026-04-25 22:40:00,2026-04-26 02:40:00,2026-04-26 04:06:00,2026-04-26 02:48:00,21.0,17.0,77.93,190.0,9.0,29.83,0.001,10.0,,-RA,True,False,False,8.0,2026-04-26 03:53:00,20.0,17.78,87.05,170.0,3.0,29.9,0.0,10.0,,M,False,False,False,13.0
2026-04-25,2026,4,25,6,DL,,1162,ATL,MCO,2240.0,6.0,2319.0,20.0,14.0,14.0,86.0,,,404.0,0,0,,,,,,DEP_FROM_ATL,MCO,1360.0,2026-04-25 22:40:00,2026-04-26 02:40:00,2026-04-26 04:06:00,2026-04-26 02:48:00,21.0,17.0,77.93,190.0,9.0,29.83,0.001,10.0,,-RA,True,False,False,8.0,2026-04-26 03:53:00,20.0,17.78,87.05,170.0,3.0,29.9,0.0,10.0,,M,False,False,False,13.0
2026-04-25,2026,4,25,6,F9,,4026,ATL,MCO,2245.0,19.0,2358.0,,47.0,47.0,94.0,,,404.0,0,0,,,,,,DEP_FROM_ATL,MCO,1365.0,2026-04-25 22:45:00,2026-04-26 02:45:00,2026-04-26 04:19:00,2026-04-26 02:48:00,21.0,17.0,77.93,190.0,9.0,29.83,0.001,10.0,,-RA,True,False,False,3.0,2026-04-26 03:53:00,20.0,17.78,87.05,170.0,3.0,29.9,0.0,10.0,,M,False,False,False,26.0
2026-04-26,2026,4,26,7,F9,,1242,ATL,MCO,600.0,739.0,640.0,738.0,,,99.0,,,404.0,0,0,,,,,,DEP_FROM_ATL,MCO,360.0,2026-04-26 06:00:00,2026-04-26 10:00:00,2026-04-26 11:39:00,2026-04-26 09:52:00,17.22,15.56,89.94,310.0,5.0,29.86,0.001,0.25,,-DZ BR,True,True,False,8.0,2026-04-26 11:53:00,20.56,19.44,93.36,210.0,5.0,29.91,0.0,10.0,,M,False,False,False,14.0
2026-04-26,2026,4,26,7,Y4,,2098,ATL,MCO,600.0,739.0,640.0,738.0,,,99.0,,,404.0,0,0,,,,,,DEP_FROM_ATL,MCO,360.0,2026-04-26 06:00:00,2026-04-26 10:00:00,2026-04-26 11:39:00,2026-04-26 09:52:00,17.22,15.56,89.94,310.0,5.0,29.86,0.001,0.25,,-DZ BR,True,True,False,8.0,2026-04-26 11:53:00,20.56,19.44,93.36,210.0,5.0,29.91,0.0,10.0,,M,False,False,False,14.0
2026-04-26,2026,4,26,7,WN,,251,ATL,MCO,640.0,805.0,650.0,749.0,,,85.0,,,404.0,0,0,,,,,,DEP_FROM_ATL,MCO,400.0,2026-04-26 06:40:00,2026-04-26 10:40:00,2026-04-26 12:05:00,2026-04-26 10:52:00,17.22,16.11,93.19,320.0,3.0,29.87,0.001,0.25,,-DZ BR,True,True,False,12.0,2026-04-26 11:53:00,20.56,19.44,93.36,210.0,5.0,29.91,0.0,10.0,,M,False,False,False,12.0
2026-04-26,2026,4,26,7,DL,,2204,ATL,MCO,715.0,842.0,738.0,838.0,,,87.0,,,404.0,0,0,,,,,,DEP_FROM_ATL,MCO,435.0,2026-04-26 07:15:00,2026-04-26 11:15:00,2026-04-26 12:42:00,2026-04-26 10:52:00,17.22,16.11,93.19,320.0,3.0,29.87,0.001,0.25,,-DZ BR,True,True,False,23.0,2026-04-26 12:53:00,23.33,19.44,78.82,220.0,7.0,29.9,0.0,10.0,,M,False,False,False,11.0
2026-04-26,2026,4,26,7,LA,,6406,ATL,MCO,815.0,944.0,841.0,939.0,,,89.0,,,404.0,0,0,,,,,,DEP_FROM_ATL,MCO,495.0,2026-04-26 08:15:00,2026-04-26 12:15:00,2026-04-26 13:44:00,2026-04-26 12:17:00,17.78,16.67,93.22,20.0,4.0,29.89,0.0,0.25,,BR,False,True,False,2.0,2026-04-26 13:53:00,25.56,19.44,69.01,250.0,7.0,29.9,0.0,10.0,,M,False,False,False,9.0
2026-04-26,2026,4,26,7,DL,,1213,ATL,MCO,815.0,944.0,841.0,939.0,,,89.0,,,404.0,0,0,,,,,,DEP_FROM_ATL,MCO,495.0,2026-04-26 08:15:00,2026-04-26 12:15:00,2026-04-26 13:44:00,2026-04-26 12:17:00,17.78,16.67,93.22,20.0,4.0,29.89,0.0,0.25,,BR,False,True,False,2.0,2026-04-26 13:53:00,25.56,19.44,69.01,250.0,7.0,29.9,0.0,10.0,,M,False,False,False,9.0
2026-04-26,2026,4,26,7,F9,,4556,ATL,MCO,814.0,954.0,835.0,931.0,,,100.0,,,404.0,0,0,,,,,,DEP_FROM_ATL,MCO,494.0,2026-04-26 08:14:00,2026-04-26 12:14:00,2026-04-26 13:54:00,2026-04-26 12:17:00,17.78,16.67,93.22,20.0,4.0,29.89,0.0,0.25,,BR,False,True,False,3.0,2026-04-26 13:53:00,25.56,19.44,69.01,250.0,7.0,29.9,0.0,10.0,,M,False,False,False,1.0
2026-04-26,2026,4,26,7,Y4,,2789,ATL,MCO,814.0,954.0,835.0,931.0,,,100.0,,,404.0,0,0,,,,,,DEP_FROM_ATL,MCO,494.0,2026-04-26 08:14:00,2026-04-26 12:14:00,2026-04-26 13:54:00,2026-04-26 12:17:00,17.78,16.67,93.22,20.0,4.0,29.89,0.0,0.25,,BR,False,True,False,3.0,2026-04-26 13:53:00,25.56,19.44,69.01,250.0,7.0,29.9,0.0,10.0,,M,False,False,False,1.0
2026-04-26,2026,4,26,7,DL,,535,ATL,MCO,845.0,1019.0,854.0,951.0,,,94.0,,,404.0,0,0,,,,,,DEP_FROM_ATL,MCO,525.0,2026-04-26 08:45:00,2026-04-26 12:45:00,2026-04-26 14:19:00,2026-04-26 12:52:00,19.44,17.22,87.0,50.0,4.0,29.9,0.0,10.0,,M,False,False,False,7.0,2026-04-26 13:53:00,25.56,19.44,69.01,250.0,7.0,29.9,0.0,10.0,,M,False,False,False,26.0
2026-04-26,2026,4,26,7,WS,,7466,ATL,MCO,845.0,1019.0,854.0,951.0,,,94.0,,,404.0,0,0,,,,,,DEP_FROM_ATL,MCO,525.0,2026-04-26 08:45:00,2026-04-26 12:45:00,2026-04-26 14:19:00,2026-04-26 12:52:00,19.44,17.22,87.0,50.0,4.0,29.9,0.0,10.0,,M,False,False,False,7.0,2026-04-26 13:53:00,25.56,19.44,69.01,250.0,7.0,29.9,0.0,10.0,,M,False,False,False,26.0
2026-04-26,2026,4,26,7,LA,,8856,ATL,MCO,845.0,1019.0,854.0,951.0,,,94.0,,,404.0,0,0,,,,,,DEP_FROM_ATL,MCO,525.0,2026-04-26 08:45:00,2026-04-26 12:45:00,2026-04-26 14:19:00,2026-04-26 12:52:00,19.44,17.22,87.0,50.0,4.0,29.9,0.0,10.0,,M,False,False,False,7.0,2026-04-26 13:53:00,25.56,19.44,69.01,250.0,7.0,29.9,0.0,10.0,,M,False,False,False,26.0
2026-04-26,2026,4,26,7,LA,,8488,ATL,MCO,915.0,1043.0,932.0,1029.0,,,88.0,,,404.0,0,0,,,,,,DEP_FROM_ATL,MCO,555.0,2026-04-26 09:15:00,2026-04-26 13:15:00,2026-04-26 14:43:00,2026-04-26 12:52:00,19.44,17.22,87.0,50.0,4.0,29.9,0.0,10.0,,M,False,False,False,23.0,2026-04-26 14:53:00,26.11,18.33,62.31,250.0,7.0,29.9,0.0,10.0,,M,False,False,False,10.0
2026-04-26,2026,4,26,7,AM,,3427,ATL,MCO,915.0,1043.0,932.0,1029.0,,,88.0,,,404.0,0,0,,,,,,DEP_FROM_ATL,MCO,555.0,2026-04-26 09:15:00,2026-04-26 13:15:00,2026-04-26 14:43:00,2026-04-26 12:52:00,19.44,17.22,87.0,50.0,4.0,29.9,0.0,10.0,,M,False,False,False,23.0,2026-04-26 14:53:00,26.11,18.33,62.31,250.0,7.0,29.9,0.0,10.0,,M,False,False,False,10.0
2026-04-26,2026,4,26,7,DL,,1658,ATL,MCO,915.0,1043.0,932.0,1029.0,,,88.0,,,404.0,0,0,,,,,,DEP_FROM_ATL,MCO,555.0,2026-04-26 09:15:00,2026-04-26 13:15:00,2026-04-26 14:43:00,2026-04-26 12:52:00,19.44,17.22,87.0,50.0,4.0,29.9,0.0,10.0,,M,False,False,False,23.0,2026-04-26 14:53:00,26.11,18.33,62.31,250.0,7.0,29.9,0.0,10.0,,M,False,False,False,10.0
2026-04-26,2026,4,26,7,DL,,664,ATL,MCO,1025.0,1155.0,1037.0,1137.0,,,90.0,,,404.0,0,0,,,,,,DEP_FROM_ATL,MCO,625.0,2026-04-26 10:25:00,2026-04-26 14:25:00,2026-04-26 15:55:00,2026-04-26 14:32:00,21.67,17.22,75.87,340.0,6.0,29.92,0.0,10.0,,M,False,False,False,7.0,2026-04-26 15:53:00,27.22,18.33,58.37,210.0,8.0,29.89,0.0,10.0,,M,False,False,False,2.0
2026-04-26,2026,4,26,7,LA,,6247,ATL,MCO,1025.0,1155.0,1037.0,1137.0,,,90.0,,,404.0,0,0,,,,,,DEP_FROM_ATL,MCO,625.0,2026-04-26 10:25:00,2026-04-26 14:25:00,2026-04-26 15:55:00,2026-04-26 14:32:00,21.67,17.22,75.87,340.0,6.0,29.92,0.0,10.0,,M,False,False,False,7.0,2026-04-26 15:53:00,27.22,18.33,58.37,210.0,8.0,29.89,0.0,10.0,,M,False,False,False,2.0
2026-04-26,2026,4,26,7,WS,,6516,ATL,MCO,1025.0,1155.0,1037.0,1137.0,,,90.0,,,404.0,0,0,,,,,,DEP_FROM_ATL,MCO,625.0,2026-04-26 10:25:00,2026-04-26 14:25:00,2026-04-26 15:55:00,2026-04-26 14:32:00,21.67,17.22,75.87,340.0,6.0,29.92,0.0,10.0,,M,False,False,False,7.0,2026-04-26 15:53:00,27.22,18.33,58.37,210.0,8.0,29.89,0.0,10.0,,M,False,False,False,2.0
2026-04-26,2026,4,26,7,AM,,3368,ATL,MCO,1025.0,1155.0,1037.0,1137.0,,,90.0,,,404.0,0,0,,,,,,DEP_FROM_ATL,MCO,625.0,2026-04-26 10:25:00,2026-04-26 14:25:00,2026-04-26 15:55:00,2026-04-26 14:32:00,21.67,17.22,75.87,340.0,6.0,29.92,0.0,10.0,,M,False,False,False,7.0,2026-04-26 15:53:00,27.22,18.33,58.37,210.0,8.0,29.89,0.0,10.0,,M,False,False,False,2.0
2026-04-26,2026,4,26,7,WN,,3873,ATL,MCO,1110.0,1240.0,1124.0,1221.0,,,90.0,,,404.0,0,0,,,,,,DEP_FROM_ATL,MCO,670.0,2026-04-26 11:10:00,2026-04-26 15:10:00,2026-04-26 16:40:00,2026-04-26 15:14:00,22.22,17.22,73.34,290.0,5.0,29.93,0.0,10.0,,M,False,False,False,4.0,2026-04-26 16:53:00,28.33,17.78,52.84,220.0,8.0,29.87,0.0,10.0,15.0,M,False,False,False,13.0
2026-04-26,2026,4,26,7,VS,,5157,ATL,MCO,1130.0,1255.0,1143.0,1245.0,,,85.0,,,404.0,0,0,,,,,,DEP_FROM_ATL,MCO,690.0,2026-04-26 11:30:00,2026-04-26 15:30:00,2026-04-26 16:55:00,2026-04-26 15:14:00,22.22,17.22,73.34,290.0,5.0,29.93,0.0,10.0,,M,False,False,False,16.0,2026-04-26 16:53:00,28.33,17.78,52.84,220.0,8.0,29.87,0.0,10.0,15.0,M,False,False,False,2.0
2026-04-26,2026,4,26,7,AM,,3870,ATL,MCO,1130.0,1255.0,1143.0,1245.0,,,85.0,,,404.0,0,0,,,,,,DEP_FROM_ATL,MCO,690.0,2026-04-26 11:30:00,2026-04-26 15:30:00,2026-04-26 16:55:00,2026-04-26 15:14:00,22.22,17.22,73.34,290.0,5.0,29.93,0.0,10.0,,M,False,False,False,16.0,2026-04-26 16:53:00,28.33,17.78,52.84,220.0,8.0,29.87,0.0,10.0,15.0,M,False,False,False,2.0
2026-04-26,2026,4,26,7,WS,,6613,ATL,MCO,1130.0,1255.0,1143.0,1245.0,,,85.0,,,404.0,0,0,,,,,,DEP_FROM_ATL,MCO,690.0,2026-04-26 11:30:00,2026-04-26 15:30:00,2026-04-26 16:55:00,2026-04-26 15:14:00,22.22,17.22,73.34,290.0,5.0,29.93,0.0,10.0,,M,False,False,False,16.0,2026-04-26 16:53:00,28.33,17.78,52.84,220.0,8.0,29.87,0.0,10.0,15.0,M,False,False,False,2.0
2026-04-26,2026,4,26,7,LA,,7192,ATL,MCO,1130.0,1255.0,1143.0,1245.0,,,85.0,,,404.0,0,0,,,,,,DEP_FROM_ATL,MCO,690.0,2026-04-26 11:30:00,2026-04-26 15:30:00,2026-04-26 16:55:00,2026-04-26 15:14:00,22.22,17.22,73.34,290.0,5.0,29.93,0.0,10.0,,M,False,False,False,16.0,2026-04-26 16:53:00,28.33,17.78,52.84,220.0,8.0,29.87,0.0,10.0,15.0,M,False,False,False,2.0
2026-04-26,2026,4,26,7,KE,,5347,ATL,MCO,1130.0,1255.0,1143.0,1245.0,,,85.0,,,404.0,0,0,,,,,,DEP_FROM_ATL,MCO,690.0,2026-04-26 11:30:00,2026-04-26 15:30:00,2026-04-26 16:55:00,2026-04-26 15:14:00,22.22,17.22,73.34,290.0,5.0,29.93,0.0,10.0,,M,False,False,False,16.0,2026-04-26 16:53:00,28.33,17.78,52.84,220.0,8.0,29.87,0.0,10.0,15.0,M,False,False,False,2.0
2026-04-26,2026,4,26,7,DL,,1030,ATL,MCO,1130.0,1255.0,1143.0,1245.0,,,85.0,,,404.0,0,0,,,,,,DEP_FROM_ATL,MCO,690.0,2026-04-26 11:30:00,2026-04-26 15:30:00,2026-04-26 16:55:00,2026-04-26 15:14:00,22.22,17.22,73.34,290.0,5.0,29.93,0.0,10.0,,M,False,False,False,16.0,2026-04-26 16:53:00,28.33,17.78,52.84,220.0,8.0,29.87,0.0,10.0,15.0,M,False,False,False,2.0
2026-04-26,2026,4,26,7,Y4,,2690,ATL,MCO,1200.0,1337.0,1217.0,1318.0,,,97.0,,,404.0,0,0,,,,,,DEP_FROM_ATL,MCO,720.0,2026-04-26 12:00:00,2026-04-26 16:00:00,2026-04-26 17:37:00,2026-04-26 15:52:00,24.44,17.22,64.15,280.0,6.0,29.93,0.0,10.0,,M,False,False,False,8.0,2026-04-26 17:53:00,27.78,17.22,52.69,270.0,7.0,29.87,0.0,10.0,,M,False,False,False,16.0
2026-04-26,2026,4,26,7,F9,,3976,ATL,MCO,1200.0,1337.0,1217.0,1318.0,,,97.0,,,404.0,0,0,,,,,,DEP_FROM_ATL,MCO,720.0,2026-04-26 12:00:00,2026-04-26 16:00:00,2026-04-26 17:37:00,2026-04-26 15:52:00,24.44,17.22,64.15,280.0,6.0,29.93,0.0,10.0,,M,False,False,False,8.0,2026-04-26 17:53:00,27.78,17.22,52.69,270.0,7.0,29.87,0.0,10.0,,M,False,False,False,16.0
2026-04-26,2026,4,26,7,VS,,5175,ATL,MCO,1240.0,1404.0,1309.0,1409.0,5.0,5.0,84.0,,,404.0,0,0,,,,,,DEP_FROM_ATL,MCO,760.0,2026-04-26 12:40:00,2026-04-26 16:40:00,2026-04-26 18:04:00,2026-04-26 16:52:00,26.11,16.67,56.09,310.0,7.0,29.93,0.0,10.0,,M,False,False,False,12.0,2026-04-26 18:07:00,26.67,16.67,54.29,240.0,11.0,29.87,0.0,10.0,17.0,TS,False,False,False,3.0
2026-04-26,2026,4,26,7,KE,,6947,ATL,MCO,1240.0,1404.0,1309.0,1409.0,5.0,5.0,84.0,,,404.0,0,0,,,,,,DEP_FROM_ATL,MCO,760.0,2026-04-26 12:40:00,2026-04-26 16:40:00,2026-04-26 18:04:00,2026-04-26 16:52:00,26.11,16.67,56.09,310.0,7.0,29.93,0.0,10.0,,M,False,False,False,12.0,2026-04-26 18:07:00,26.67,16.67,54.29,240.0,11.0,29.87,0.0,10.0,17.0,TS,False,False,False,3.0
2026-04-26,2026,4,26,7,DL,,1576,ATL,MCO,1240.0,1404.0,1309.0,1409.0,5.0,5.0,84.0,,,404.0,0,0,,,,,,DEP_FROM_ATL,MCO,760.0,2026-04-26 12:40:00,2026-04-26 16:40:00,2026-04-26 18:04:00,2026-04-26 16:52:00,26.11,16.67,56.09,310.0,7.0,29.93,0.0,10.0,,M,False,False,False,12.0,2026-04-26 18:07:00,26.67,16.67,54.29,240.0,11.0,29.87,0.0,10.0,17.0,TS,False,False,False,3.0
2026-04-26,2026,4,26,7,LA,,6569,ATL,MCO,1240.0,1404.0,1309.0,1409.0,5.0,5.0,84.0,,,404.0,0,0,,,,,,DEP_FROM_ATL,MCO,760.0,2026-04-26 12:40:00,2026-04-26 16:40:00,2026-04-26 18:04:00,2026-04-26 16:52:00,26.11,16.67,56.09,310.0,7.0,29.93,0.0,10.0,,M,False,False,False,12.0,2026-04-26 18:07:00,26.67,16.67,54.29,240.0,11.0,29.87,0.0,10.0,17.0,TS,False,False,False,3.0
2026-04-26,2026,4,26,7,AM,,4290,ATL,MCO,1240.0,1404.0,1309.0,1409.0,5.0,5.0,84.0,,,404.0,0,0,,,,,,DEP_FROM_ATL,MCO,760.0,2026-04-26 12:40:00,2026-04-26 16:40:00,2026-04-26 18:04:00,2026-04-26 16:52:00,26.11,16.67,56.09,310.0,7.0,29.93,0.0,10.0,,M,False,False,False,12.0,2026-04-26 18:07:00,26.67,16.67,54.29,240.0,11.0,29.87,0.0,10.0,17.0,TS,False,False,False,3.0
2026-04-26,2026,4,26,7,NK,,609,ATL,MCO,1400.0,1529.0,1419.0,1522.0,,,89.0,,,404.0,0,0,,,,,,DEP_FROM_ATL,MCO,840.0,2026-04-26 14:00:00,2026-04-26 18:00:00,2026-04-26 19:29:00,2026-04-26 17:52:00,26.67,15.0,48.8,280.0,8.0,29.92,0.0,10.0,,M,False,False,False,8.0,2026-04-26 19:06:00,23.33,19.44,78.82,150.0,7.0,29.85,0.0,10.0,,M,False,False,False,23.0
2026-04-26,2026,4,26,7,WS,,8127,ATL,MCO,1505.0,1630.0,,,,,85.0,,,404.0,0,0,,,,,,DEP_FROM_ATL,MCO,905.0,2026-04-26 15:05:00,2026-04-26 19:05:00,2026-04-26 20:30:00,2026-04-26 18:52:00,26.67,13.89,45.42,300.0,8.0,29.91,0.0,10.0,14.0,M,False,False,False,13.0,2026-04-26 19:53:00,28.33,18.89,56.65,,3.0,29.83,0.0,10.0,,M,False,False,False,37.0
2026-04-26,2026,4,26,7,KL,,5007,ATL,MCO,1505.0,1630.0,,,,,85.0,,,404.0,0,0,,,,,,DEP_FROM_ATL,MCO,905.0,2026-04-26 15:05:00,2026-04-26 19:05:00,2026-04-26 20:30:00,2026-04-26 18:52:00,26.67,13.89,45.42,300.0,8.0,29.91,0.0,10.0,14.0,M,False,False,False,13.0,2026-04-26 19:53:00,28.33,18.89,56.65,,3.0,29.83,0.0,10.0,,M,False,False,False,37.0
2026-04-26,2026,4,26,7,KE,,5348,ATL,MCO,1505.0,1630.0,,,,,85.0,,,404.0,0,0,,,,,,DEP_FROM_ATL,MCO,905.0,2026-04-26 15:05:00,2026-04-26 19:05:00,2026-04-26 20:30:00,2026-04-26 18:52:00,26.67,13.89,45.42,300.0,8.0,29.91,0.0,10.0,14.0,M,False,False,False,13.0,2026-04-26 19:53:00,28.33,18.89,56.65,,3.0,29.83,0.0,10.0,,M,False,False,False,37.0
2026-04-26,2026,4,26,7,DL,N839MH,1150,ATL,MCO,1505.0,1630.0,,,,,85.0,,,404.0,0,0,,,,,,DEP_FROM_ATL,MCO,905.0,2026-04-26 15:05:00,2026-04-26 19:05:00,2026-04-26 20:30:00,2026-04-26 18:52:00,26.67,13.89,45.42,300.0,8.0,29.91,0.0,10.0,14.0,M,False,False,False,13.0,2026-04-26 19:53:00,28.33,18.89,56.65,,3.0,29.83,0.0,10.0,,M,False,False,False,37.0
2026-04-26,2026,4,26,7,AF,,8540,ATL,MCO,1505.0,1630.0,,,,,85.0,,,404.0,0,0,,,,,,DEP_FROM_ATL,MCO,905.0,2026-04-26 15:05:00,2026-04-26 19:05:00,2026-04-26 20:30:00,2026-04-26 18:52:00,26.67,13.89,45.42,300.0,8.0,29.91,0.0,10.0,14.0,M,False,False,False,13.0,2026-04-26 19:53:00,28.33,18.89,56.65,,3.0,29.83,0.0,10.0,,M,False,False,False,37.0
2026-04-26,2026,4,26,7,VS,,5171,ATL,MCO,1505.0,1630.0,,,,,85.0,,,404.0,0,0,,,,,,DEP_FROM_ATL,MCO,905.0,2026-04-26 15:05:00,2026-04-26 19:05:00,2026-04-26 20:30:00,2026-04-26 18:52:00,26.67,13.89,45.42,300.0,8.0,29.91,0.0,10.0,14.0,M,False,False,False,13.0,2026-04-26 19:53:00,28.33,18.89,56.65,,3.0,29.83,0.0,10.0,,M,False,False,False,37.0
2026-04-26,2026,4,26,7,LA,,6276,ATL,MCO,1505.0,1630.0,,,,,85.0,,,404.0,0,0,,,,,,DEP_FROM_ATL,MCO,905.0,2026-04-26 15:05:00,2026-04-26 19:05:00,2026-04-26 20:30:00,2026-04-26 18:52:00,26.67,13.89,45.42,300.0,8.0,29.91,0.0,10.0,14.0,M,False,False,False,13.0,2026-04-26 19:53:00,28.33,18.89,56.65,,3.0,29.83,0.0,10.0,,M,False,False,False,37.0
2026-04-26,2026,4,26,7,AM,,3693,ATL,MCO,1505.0,1630.0,,,,,85.0,,,404.0,0,0,,,,,,DEP_FROM_ATL,MCO,905.0,2026-04-26 15:05:00,2026-04-26 19:05:00,2026-04-26 20:30:00,2026-04-26 18:52:00,26.67,13.89,45.42,300.0,8.0,29.91,0.0,10.0,14.0,M,False,False,False,13.0,2026-04-26 19:53:00,28.33,18.89,56.65,,3.0,29.83,0.0,10.0,,M,False,False,False,37.0
2026-04-26,2026,4,26,7,AF,,8531,ATL,MCO,1615.0,1740.0,,,,,85.0,,,404.0,0,0,,,,,,DEP_FROM_ATL,MCO,975.0,2026-04-26 16:15:00,2026-04-26 20:15:00,2026-04-26 21:40:00,2026-04-26 19:52:00,27.78,13.89,42.56,320.0,9.0,29.89,0.0,10.0,,M,False,False,False,23.0,,,,,,,,,,,,,,,
2026-04-26,2026,4,26,7,WS,,5582,ATL,MCO,1615.0,1740.0,,,,,85.0,,,404.0,0,0,,,,,,DEP_FROM_ATL,MCO,975.0,2026-04-26 16:15:00,2026-04-26 20:15:00,2026-04-26 21:40:00,2026-04-26 19:52:00,27.78,13.89,42.56,320.0,9.0,29.89,0.0,10.0,,M,False,False,False,23.0,,,,,,,,,,,,,,,
2026-04-26,2026,4,26,7,DL,,1742,ATL,MCO,1615.0,1740.0,,,,,85.0,,,404.0,0,0,,,,,,DEP_FROM_ATL,MCO,975.0,2026-04-26 16:15:00,2026-04-26 20:15:00,2026-04-26 21:40:00,2026-04-26 19:52:00,27.78,13.89,42.56,320.0,9.0,29.89,0.0,10.0,,M,False,False,False,23.0,,,,,,,,,,,,,,,
2026-04-26,2026,4,26,7,LA,,7195,ATL,MCO,1615.0,1740.0,,,,,85.0,,,404.0,0,0,,,,,,DEP_FROM_ATL,MCO,975.0,2026-04-26 16:15:00,2026-04-26 20:15:00,2026-04-26 21:40:00,2026-04-26 19:52:00,27.78,13.89,42.56,320.0,9.0,29.89,0.0,10.0,,M,False,False,False,23.0,,,,,,,,,,,,,,,
2026-04-26,2026,4,26,7,KL,,5051,ATL,MCO,1615.0,1740.0,,,,,85.0,,,404.0,0,0,,,,,,DEP_FROM_ATL,MCO,975.0,2026-04-26 16:15:00,2026-04-26 20:15:00,2026-04-26 21:40:00,2026-04-26 19:52:00,27.78,13.89,42.56,320.0,9.0,29.89,0.0,10.0,,M,False,False,False,23.0,,,,,,,,,,,,,,,
2026-04-26,2026,4,26,7,KE,,7098,ATL,MCO,1615.0,1740.0,,,,,85.0,,,404.0,0,0,,,,,,DEP_FROM_ATL,MCO,975.0,2026-04-26 16:15:00,2026-04-26 20:15:00,2026-04-26 21:40:00,2026-04-26 19:52:00,27.78,13.89,42.56,320.0,9.0,29.89,0.0,10.0,,M,False,False,False,23.0,,,,,,,,,,,,,,,
2026-04-26,2026,4,26,7,AM,,5091,ATL,MCO,1615.0,1740.0,,,,,85.0,,,404.0,0,0,,,,,,DEP_FROM_ATL,MCO,975.0,2026-04-26 16:15:00,2026-04-26 20:15:00,2026-04-26 21:40:00,2026-04-26 19:52:00,27.78,13.89,42.56,320.0,9.0,29.89,0.0,10.0,,M,False,False,False,23.0,,,,,,,,,,,,,,,
2026-04-26,2026,4,26,7,VS,,5169,ATL,MCO,1615.0,1740.0,,,,,85.0,,,404.0,0,0,,,,,,DEP_FROM_ATL,MCO,975.0,2026-04-26 16:15:00,2026-04-26 20:15:00,2026-04-26 21:40:00,2026-04-26 19:52:00,27.78,13.89,42.56,320.0,9.0,29.89,0.0,10.0,,M,False,False,False,23.0,,,,,,,,,,,,,,,
2026-04-26,2026,4,26,7,WS,,6661,ATL,MCO,1715.0,1845.0,,,,,90.0,,,404.0,0,0,,,,,,DEP_FROM_ATL,MCO,1035.0,2026-04-26 17:15:00,2026-04-26 21:15:00,2026-04-26 22:45:00,2026-04-26 19:52:00,27.78,13.89,42.56,320.0,9.0,29.89,0.0,10.0,,M,False,False,False,83.0,,,,,,,,,,,,,,,
2026-04-26,2026,4,26,7,DL,,1497,ATL,MCO,1715.0,1845.0,,,,,90.0,,,404.0,0,0,,,,,,DEP_FROM_ATL,MCO,1035.0,2026-04-26 17:15:00,2026-04-26 21:15:00,2026-04-26 22:45:00,2026-04-26 19:52:00,27.78,13.89,42.56,320.0,9.0,29.89,0.0,10.0,,M,False,False,False,83.0,,,,,,,,,,,,,,,
2026-04-26,2026,4,26,7,WN,,3053,ATL,MCO,1815.0,1945.0,,,,,90.0,,,404.0,0,0,,,,,,DEP_FROM_ATL,MCO,1095.0,2026-04-26 18:15:00,2026-04-26 22:15:00,2026-04-26 23:45:00,,,,,,,,,,,,,,,,,,,,,,,,,,,,,,
2026-04-26,2026,4,26,7,DL,,2035,ATL,MCO,1815.0,1951.0,,,,,96.0,,,404.0,0,0,,,,,,DEP_FROM_ATL,MCO,1095.0,2026-04-26 18:15:00,2026-04-26 22:15:00,2026-04-26 23:51:00,,,,,,,,,,,,,,,,,,,,,,,,,,,,,,
2026-04-26,2026,4,26,7,VS,,5163,ATL,MCO,1815.0,1951.0,,,,,96.0,,,404.0,0,0,,,,,,DEP_FROM_ATL,MCO,1095.0,2026-04-26 18:15:00,2026-04-26 22:15:00,2026-04-26 23:51:00,,,,,,,,,,,,,,,,,,,,,,,,,,,,,,
2026-04-26,2026,4,26,7,LA,,6331,ATL,MCO,1815.0,1951.0,,,,,96.0,,,404.0,0,0,,,,,,DEP_FROM_ATL,MCO,1095.0,2026-04-26 18:15:00,2026-04-26 22:15:00,2026-04-26 23:51:00,,,,,,,,,,,,,,,,,,,,,,,,,,,,,,
2026-04-26,2026,4,26,7,AM,,4288,ATL,MCO,1815.0,1951.0,,,,,96.0,,,404.0,0,0,,,,,,DEP_FROM_ATL,MCO,1095.0,2026-04-26 18:15:00,2026-04-26 22:15:00,2026-04-26 23:51:00,,,,,,,,,,,,,,,,,,,,,,,,,,,,,,
2026-04-26,2026,4,26,7,F9,,2050,ATL,MCO,1838.0,2021.0,,,,,103.0,,,404.0,0,0,,,,,,DEP_FROM_ATL,MCO,1118.0,2026-04-26 18:38:00,2026-04-26 22:38:00,2026-04-27 00:21:00,,,,,,,,,,,,,,,,,,,,,,,,,,,,,,
2026-04-26,2026,4,26,7,DL,,2881,ATL,MCO,1925.0,2053.0,,,,,88.0,,,404.0,0,0,,,,,,DEP_FROM_ATL,MCO,1165.0,2026-04-26 19:25:00,2026-04-26 23:25:00,2026-04-27 00:53:00,,,,,,,,,,,,,,,,,,,,,,,,,,,,,,
2026-04-26,2026,4,26,7,AM,,3611,ATL,MCO,2040.0,2207.0,,,,,87.0,,,404.0,0,0,,,,,,DEP_FROM_ATL,MCO,1240.0,2026-04-26 20:40:00,2026-04-27 00:40:00,2026-04-27 02:07:00,,,,,,,,,,,,,,,,,,,,,,,,,,,,,,
2026-04-26,2026,4,26,7,SK,,3254,ATL,MCO,2040.0,2207.0,,,,,87.0,,,404.0,0,0,,,,,,DEP_FROM_ATL,MCO,1240.0,2026-04-26 20:40:00,2026-04-27 00:40:00,2026-04-27 02:07:00,,,,,,,,,,,,,,,,,,,,,,,,,,,,,,
2026-04-26,2026,4,26,7,VS,,4314,ATL,MCO,2040.0,2207.0,,,,,87.0,,,404.0,0,0,,,,,,DEP_FROM_ATL,MCO,1240.0,2026-04-26 20:40:00,2026-04-27 00:40:00,2026-04-27 02:07:00,,,,,,,,,,,,,,,,,,,,,,,,,,,,,,
2026-04-26,2026,4,26,7,DL,,1735,ATL,MCO,2040.0,2207.0,,,,,87.0,,,404.0,0,0,,,,,,DEP_FROM_ATL,MCO,1240.0,2026-04-26 20:40:00,2026-04-27 00:40:00,2026-04-27 02:07:00,,,,,,,,,,,,,,,,,,,,,,,,,,,,,,
2026-04-26,2026,4,26,7,KE,,7028,ATL,MCO,2040.0,2207.0,,,,,87.0,,,404.0,0,0,,,,,,DEP_FROM_ATL,MCO,1240.0,2026-04-26 20:40:00,2026-04-27 00:40:00,2026-04-27 02:07:00,,,,,,,,,,,,,,,,,,,,,,,,,,,,,,
2026-04-26,2026,4,26,7,WS,,6609,ATL,MCO,2135.0,2300.0,,,,,85.0,,,404.0,0,0,,,,,,DEP_FROM_ATL,MCO,1295.0,2026-04-26 21:35:00,2026-04-27 01:35:00,2026-04-27 03:00:00,,,,,,,,,,,,,,,,,,,,,,,,,,,,,,
2026-04-26,2026,4,26,7,AF,,8536,ATL,MCO,2135.0,2300.0,,,,,85.0,,,404.0,0,0,,,,,,DEP_FROM_ATL,MCO,1295.0,2026-04-26 21:35:00,2026-04-27 01:35:00,2026-04-27 03:00:00,,,,,,,,,,,,,,,,,,,,,,,,,,,,,,
2026-04-26,2026,4,26,7,AM,,3605,ATL,MCO,2135.0,2300.0,,,,,85.0,,,404.0,0,0,,,,,,DEP_FROM_ATL,MCO,1295.0,2026-04-26 21:35:00,2026-04-27 01:35:00,2026-04-27 03:00:00,,,,,,,,,,,,,,,,,,,,,,,,,,,,,,
2026-04-26,2026,4,26,7,DL,,1733,ATL,MCO,2135.0,2300.0,,,,,85.0,,,404.0,0,0,,,,,,DEP_FROM_ATL,MCO,1295.0,2026-04-26 21:35:00,2026-04-27 01:35:00,2026-04-27 03:00:00,,,,,,,,,,,,,,,,,,,,,,,,,,,,,,
2026-04-26,2026,4,26,7,SK,,3731,ATL,MCO,2135.0,2300.0,,,,,85.0,,,404.0,0,0,,,,,,DEP_FROM_ATL,MCO,1295.0,2026-04-26 21:35:00,2026-04-27 01:35:00,2026-04-27 03:00:00,,,,,,,,,,,,,,,,,,,,,,,,,,,,,,
2026-04-26,2026,4,26,7,VS,,5159,ATL,MCO,2135.0,2300.0,,,,,85.0,,,404.0,0,0,,,,,,DEP_FROM_ATL,MCO,1295.0,2026-04-26 21:35:00,2026-04-27 01:35:00,2026-04-27 03:00:00,,,,,,,,,,,,,,,,,,,,,,,,,,,,,,
2026-04-26,2026,4,26,7,KE,,3127,ATL,MCO,2135.0,2300.0,,,,,85.0,,,404.0,0,0,,,,,,DEP_FROM_ATL,MCO,1295.0,2026-04-26 21:35:00,2026-04-27 01:35:00,2026-04-27 03:00:00,,,,,,,,,,,,,,,,,,,,,,,,,,,,,,
2026-04-26,2026,4,26,7,NK,,2410,ATL,MCO,2202.0,2329.0,,,,,87.0,,,404.0,0,0,,,,,,DEP_FROM_ATL,MCO,1322.0,2026-04-26 22:02:00,2026-04-27 02:02:00,2026-04-27 03:29:00,,,,,,,,,,,,,,,,,,,,,,,,,,,,,,
2026-04-25,2026,4,25,6,AA,,3150,ATL,MIA,615.0,814.0,619.0,741.0,,,119.0,,,594.0,0,0,,,,,,DEP_FROM_ATL,MIA,375.0,2026-04-25 06:15:00,2026-04-25 10:15:00,2026-04-25 12:14:00,2026-04-25 09:52:00,20.56,14.44,68.01,240.0,4.0,29.82,0.0,10.0,,M,False,False,False,23.0,2026-04-25 11:53:00,23.89,19.44,76.23,110.0,4.0,29.89,0.0,10.0,,M,False,False,False,21.0
2026-04-25,2026,4,25,6,DL,,2836,ATL,MIA,730.0,920.0,747.0,911.0,,,110.0,,,594.0,0,0,,,,,,DEP_FROM_ATL,MIA,450.0,2026-04-25 07:30:00,2026-04-25 11:30:00,2026-04-25 13:20:00,2026-04-25 11:52:00,19.44,13.89,70.27,220.0,3.0,29.85,0.0,10.0,,M,False,False,False,22.0,2026-04-25 12:53:00,25.0,18.89,68.9,140.0,6.0,29.9,0.0,10.0,,M,False,False,False,27.0
2026-04-25,2026,4,25,6,LA,,6148,ATL,MIA,730.0,920.0,747.0,911.0,,,110.0,,,594.0,0,0,,,,,,DEP_FROM_ATL,MIA,450.0,2026-04-25 07:30:00,2026-04-25 11:30:00,2026-04-25 13:20:00,2026-04-25 11:52:00,19.44,13.89,70.27,220.0,3.0,29.85,0.0,10.0,,M,False,False,False,22.0,2026-04-25 12:53:00,25.0,18.89,68.9,140.0,6.0,29.9,0.0,10.0,,M,False,False,False,27.0
2026-04-25,2026,4,25,6,AM,,3290,ATL,MIA,730.0,920.0,747.0,911.0,,,110.0,,,594.0,0,0,,,,,,DEP_FROM_ATL,MIA,450.0,2026-04-25 07:30:00,2026-04-25 11:30:00,2026-04-25 13:20:00,2026-04-25 11:52:00,19.44,13.89,70.27,220.0,3.0,29.85,0.0,10.0,,M,False,False,False,22.0,2026-04-25 12:53:00,25.0,18.89,68.9,140.0,6.0,29.9,0.0,10.0,,M,False,False,False,27.0
2026-04-25,2026,4,25,6,BA,,2373,ATL,MIA,800.0,959.0,810.0,934.0,,,119.0,,,594.0,0,0,,,,,,DEP_FROM_ATL,MIA,480.0,2026-04-25 08:00:00,2026-04-25 12:00:00,2026-04-25 13:59:00,2026-04-25 11:52:00,19.44,13.89,70.27,220.0,3.0,29.85,0.0,10.0,,M,False,False,False,8.0,2026-04-25 13:53:00,26.67,19.44,64.63,140.0,7.0,29.89,0.0,10.0,,M,False,False,False,6.0
2026-04-25,2026,4,25,6,IB,,4743,ATL,MIA,800.0,959.0,810.0,934.0,,,119.0,,,594.0,0,0,,,,,,DEP_FROM_ATL,MIA,480.0,2026-04-25 08:00:00,2026-04-25 12:00:00,2026-04-25 13:59:00,2026-04-25 11:52:00,19.44,13.89,70.27,220.0,3.0,29.85,0.0,10.0,,M,False,False,False,8.0,2026-04-25 13:53:00,26.67,19.44,64.63,140.0,7.0,29.89,0.0,10.0,,M,False,False,False,6.0
2026-04-25,2026,4,25,6,AA,,3190,ATL,MIA,800.0,959.0,810.0,934.0,,,119.0,,,594.0,0,0,,,,,,DEP_FROM_ATL,MIA,480.0,2026-04-25 08:00:00,2026-04-25 12:00:00,2026-04-25 13:59:00,2026-04-25 11:52:00,19.44,13.89,70.27,220.0,3.0,29.85,0.0,10.0,,M,False,False,False,8.0,2026-04-25 13:53:00,26.67,19.44,64.63,140.0,7.0,29.89,0.0,10.0,,M,False,False,False,6.0
2026-04-25,2026,4,25,6,Y4,,2774,ATL,MIA,810.0,1012.0,817.0,949.0,,,122.0,,,594.0,0,0,,,,,,DEP_FROM_ATL,MIA,490.0,2026-04-25 08:10:00,2026-04-25 12:10:00,2026-04-25 14:12:00,2026-04-25 11:52:00,19.44,13.89,70.27,220.0,3.0,29.85,0.0,10.0,,M,False,False,False,18.0,2026-04-25 13:53:00,26.67,19.44,64.63,140.0,7.0,29.89,0.0,10.0,,M,False,False,False,19.0
2026-04-25,2026,4,25,6,F9,,4406,ATL,MIA,810.0,1012.0,817.0,949.0,,,122.0,,,594.0,0,0,,,,,,DEP_FROM_ATL,MIA,490.0,2026-04-25 08:10:00,2026-04-25 12:10:00,2026-04-25 14:12:00,2026-04-25 11:52:00,19.44,13.89,70.27,220.0,3.0,29.85,0.0,10.0,,M,False,False,False,18.0,2026-04-25 13:53:00,26.67,19.44,64.63,140.0,7.0,29.89,0.0,10.0,,M,False,False,False,19.0
2026-04-25,2026,4,25,6,DL,,1510,ATL,MIA,855.0,1046.0,902.0,1036.0,,,111.0,,,594.0,0,0,,,,,,DEP_FROM_ATL,MIA,535.0,2026-04-25 08:55:00,2026-04-25 12:55:00,2026-04-25 14:46:00,2026-04-25 12:52:00,19.44,14.44,72.85,220.0,6.0,29.86,0.0,10.0,,M,False,False,False,3.0,2026-04-25 14:53:00,27.78,18.33,56.51,,4.0,29.9,0.0,10.0,,M,False,False,False,7.0
2026-04-25,2026,4,25,6,LA,,6183,ATL,MIA,855.0,1046.0,902.0,1036.0,,,111.0,,,594.0,0,0,,,,,,DEP_FROM_ATL,MIA,535.0,2026-04-25 08:55:00,2026-04-25 12:55:00,2026-04-25 14:46:00,2026-04-25 12:52:00,19.44,14.44,72.85,220.0,6.0,29.86,0.0,10.0,,M,False,False,False,3.0,2026-04-25 14:53:00,27.78,18.33,56.51,,4.0,29.9,0.0,10.0,,M,False,False,False,7.0
2026-04-25,2026,4,25,6,WS,,8686,ATL,MIA,855.0,1046.0,902.0,1036.0,,,111.0,,,594.0,0,0,,,,,,DEP_FROM_ATL,MIA,535.0,2026-04-25 08:55:00,2026-04-25 12:55:00,2026-04-25 14:46:00,2026-04-25 12:52:00,19.44,14.44,72.85,220.0,6.0,29.86,0.0,10.0,,M,False,False,False,3.0,2026-04-25 14:53:00,27.78,18.33,56.51,,4.0,29.9,0.0,10.0,,M,False,False,False,7.0
2026-04-25,2026,4,25,6,DL,,1332,ATL,MIA,1015.0,1211.0,1031.0,1153.0,,,116.0,,,594.0,0,0,,,,,,DEP_FROM_ATL,MIA,615.0,2026-04-25 10:15:00,2026-04-25 14:15:00,2026-04-25 16:11:00,2026-04-25 13:52:00,20.56,15.0,70.49,210.0,7.0,29.85,0.0,10.0,,M,False,False,False,23.0,2026-04-25 15:53:00,27.78,18.33,56.51,150.0,8.0,29.89,0.0,10.0,,M,False,False,False,18.0
2026-04-25,2026,4,25,6,WS,,6668,ATL,MIA,1015.0,1211.0,1031.0,1153.0,,,116.0,,,594.0,0,0,,,,,,DEP_FROM_ATL,MIA,615.0,2026-04-25 10:15:00,2026-04-25 14:15:00,2026-04-25 16:11:00,2026-04-25 13:52:00,20.56,15.0,70.49,210.0,7.0,29.85,0.0,10.0,,M,False,False,False,23.0,2026-04-25 15:53:00,27.78,18.33,56.51,150.0,8.0,29.89,0.0,10.0,,M,False,False,False,18.0
2026-04-25,2026,4,25,6,LA,,6145,ATL,MIA,1015.0,1211.0,1031.0,1153.0,,,116.0,,,594.0,0,0,,,,,,DEP_FROM_ATL,MIA,615.0,2026-04-25 10:15:00,2026-04-25 14:15:00,2026-04-25 16:11:00,2026-04-25 13:52:00,20.56,15.0,70.49,210.0,7.0,29.85,0.0,10.0,,M,False,False,False,23.0,2026-04-25 15:53:00,27.78,18.33,56.51,150.0,8.0,29.89,0.0,10.0,,M,False,False,False,18.0
2026-04-25,2026,4,25,6,AM,,3004,ATL,MIA,1015.0,1211.0,1031.0,1153.0,,,116.0,,,594.0,0,0,,,,,,DEP_FROM_ATL,MIA,615.0,2026-04-25 10:15:00,2026-04-25 14:15:00,2026-04-25 16:11:00,2026-04-25 13:52:00,20.56,15.0,70.49,210.0,7.0,29.85,0.0,10.0,,M,False,False,False,23.0,2026-04-25 15:53:00,27.78,18.33,56.51,150.0,8.0,29.89,0.0,10.0,,M,False,False,False,18.0
2026-04-25,2026,4,25,6,NK,,262,ATL,MIA,1103.0,1256.0,1108.0,1251.0,,,113.0,,,594.0,0,0,,,,,,DEP_FROM_ATL,MIA,663.0,2026-04-25 11:03:00,2026-04-25 15:03:00,2026-04-25 16:56:00,2026-04-25 14:52:00,21.67,15.0,65.84,270.0,11.0,29.85,0.0,10.0,,M,False,False,False,11.0,2026-04-25 16:53:00,28.33,18.33,54.71,130.0,7.0,29.89,0.0,10.0,,M,False,False,False,3.0
2026-04-25,2026,4,25,6,Y4,,2355,ATL,MIA,1215.0,1410.0,1304.0,1426.0,16.0,16.0,115.0,,,594.0,0,0,,,,,,DEP_FROM_ATL,MIA,735.0,2026-04-25 12:15:00,2026-04-25 16:15:00,2026-04-25 18:10:00,2026-04-25 16:25:00,21.67,15.0,65.84,250.0,10.0,29.87,0.0,10.0,22.0,M,False,False,False,10.0,2026-04-25 17:53:00,28.89,18.33,52.98,150.0,5.0,29.89,0.0,10.0,,M,False,False,False,17.0
2026-04-25,2026,4,25,6,F9,,2272,ATL,MIA,1215.0,1410.0,1304.0,1426.0,16.0,16.0,115.0,,,594.0,0,0,,,,,,DEP_FROM_ATL,MIA,735.0,2026-04-25 12:15:00,2026-04-25 16:15:00,2026-04-25 18:10:00,2026-04-25 16:25:00,21.67,15.0,65.84,250.0,10.0,29.87,0.0,10.0,22.0,M,False,False,False,10.0,2026-04-25 17:53:00,28.89,18.33,52.98,150.0,5.0,29.89,0.0,10.0,,M,False,False,False,17.0
2026-04-25,2026,4,25,6,VS,,5185,ATL,MIA,1220.0,1412.0,1230.0,1354.0,,,112.0,,,594.0,0,0,,,,,,DEP_FROM_ATL,MIA,740.0,2026-04-25 12:20:00,2026-04-25 16:20:00,2026-04-25 18:12:00,2026-04-25 16:25:00,21.67,15.0,65.84,250.0,10.0,29.87,0.0,10.0,22.0,M,False,False,False,5.0,2026-04-25 17:53:00,28.89,18.33,52.98,150.0,5.0,29.89,0.0,10.0,,M,False,False,False,19.0
2026-04-25,2026,4,25,6,DL,,1579,ATL,MIA,1220.0,1412.0,1230.0,1354.0,,,112.0,,,594.0,0,0,,,,,,DEP_FROM_ATL,MIA,740.0,2026-04-25 12:20:00,2026-04-25 16:20:00,2026-04-25 18:12:00,2026-04-25 16:25:00,21.67,15.0,65.84,250.0,10.0,29.87,0.0,10.0,22.0,M,False,False,False,5.0,2026-04-25 17:53:00,28.89,18.33,52.98,150.0,5.0,29.89,0.0,10.0,,M,False,False,False,19.0
2026-04-25,2026,4,25,6,WS,,5579,ATL,MIA,1220.0,1412.0,1230.0,1354.0,,,112.0,,,594.0,0,0,,,,,,DEP_FROM_ATL,MIA,740.0,2026-04-25 12:20:00,2026-04-25 16:20:00,2026-04-25 18:12:00,2026-04-25 16:25:00,21.67,15.0,65.84,250.0,10.0,29.87,0.0,10.0,22.0,M,False,False,False,5.0,2026-04-25 17:53:00,28.89,18.33,52.98,150.0,5.0,29.89,0.0,10.0,,M,False,False,False,19.0
2026-04-25,2026,4,25,6,LA,,6217,ATL,MIA,1220.0,1412.0,1230.0,1354.0,,,112.0,,,594.0,0,0,,,,,,DEP_FROM_ATL,MIA,740.0,2026-04-25 12:20:00,2026-04-25 16:20:00,2026-04-25 18:12:00,2026-04-25 16:25:00,21.67,15.0,65.84,250.0,10.0,29.87,0.0,10.0,22.0,M,False,False,False,5.0,2026-04-25 17:53:00,28.89,18.33,52.98,150.0,5.0,29.89,0.0,10.0,,M,False,False,False,19.0
2026-04-25,2026,4,25,6,KE,,7091,ATL,MIA,1220.0,1412.0,1230.0,1354.0,,,112.0,,,594.0,0,0,,,,,,DEP_FROM_ATL,MIA,740.0,2026-04-25 12:20:00,2026-04-25 16:20:00,2026-04-25 18:12:00,2026-04-25 16:25:00,21.67,15.0,65.84,250.0,10.0,29.87,0.0,10.0,22.0,M,False,False,False,5.0,2026-04-25 17:53:00,28.89,18.33,52.98,150.0,5.0,29.89,0.0,10.0,,M,False,False,False,19.0
2026-04-25,2026,4,25,6,IB,,4248,ATL,MIA,1236.0,1437.0,1353.0,1521.0,44.0,44.0,121.0,,,594.0,0,0,,,,,,DEP_FROM_ATL,MIA,756.0,2026-04-25 12:36:00,2026-04-25 16:36:00,2026-04-25 18:37:00,2026-04-25 16:25:00,21.67,15.0,65.84,250.0,10.0,29.87,0.0,10.0,22.0,M,False,False,False,11.0,2026-04-25 18:53:00,28.89,18.33,52.98,130.0,11.0,29.88,0.0,10.0,15.0,M,False,False,False,16.0
2026-04-25,2026,4,25,6,G3,,6338,ATL,MIA,1236.0,1437.0,1353.0,1521.0,44.0,44.0,121.0,,,594.0,0,0,,,,,,DEP_FROM_ATL,MIA,756.0,2026-04-25 12:36:00,2026-04-25 16:36:00,2026-04-25 18:37:00,2026-04-25 16:25:00,21.67,15.0,65.84,250.0,10.0,29.87,0.0,10.0,22.0,M,False,False,False,11.0,2026-04-25 18:53:00,28.89,18.33,52.98,130.0,11.0,29.88,0.0,10.0,15.0,M,False,False,False,16.0
2026-04-25,2026,4,25,6,BA,,1667,ATL,MIA,1236.0,1437.0,1353.0,1521.0,44.0,44.0,121.0,,,594.0,0,0,,,,,,DEP_FROM_ATL,MIA,756.0,2026-04-25 12:36:00,2026-04-25 16:36:00,2026-04-25 18:37:00,2026-04-25 16:25:00,21.67,15.0,65.84,250.0,10.0,29.87,0.0,10.0,22.0,M,False,False,False,11.0,2026-04-25 18:53:00,28.89,18.33,52.98,130.0,11.0,29.88,0.0,10.0,15.0,M,False,False,False,16.0
2026-04-25,2026,4,25,6,AA,,4443,ATL,MIA,1236.0,1437.0,1353.0,1521.0,44.0,44.0,121.0,,,594.0,0,0,,,,,,DEP_FROM_ATL,MIA,756.0,2026-04-25 12:36:00,2026-04-25 16:36:00,2026-04-25 18:37:00,2026-04-25 16:25:00,21.67,15.0,65.84,250.0,10.0,29.87,0.0,10.0,22.0,M,False,False,False,11.0,2026-04-25 18:53:00,28.89,18.33,52.98,130.0,11.0,29.88,0.0,10.0,15.0,M,False,False,False,16.0
2026-04-25,2026,4,25,6,KL,,5119,ATL,MIA,1345.0,1535.0,1350.0,1514.0,,,110.0,,,594.0,0,0,,,,,,DEP_FROM_ATL,MIA,825.0,2026-04-25 13:45:00,2026-04-25 17:45:00,2026-04-25 19:35:00,2026-04-25 17:52:00,20.0,15.56,75.59,270.0,6.0,29.87,0.001,9.0,,-RA,True,False,False,7.0,2026-04-25 19:53:00,28.33,17.78,52.84,120.0,12.0,29.86,0.0,10.0,20.0,M,False,False,False,18.0
2026-04-25,2026,4,25,6,KE,,6961,ATL,MIA,1345.0,1535.0,1350.0,1514.0,,,110.0,,,594.0,0,0,,,,,,DEP_FROM_ATL,MIA,825.0,2026-04-25 13:45:00,2026-04-25 17:45:00,2026-04-25 19:35:00,2026-04-25 17:52:00,20.0,15.56,75.59,270.0,6.0,29.87,0.001,9.0,,-RA,True,False,False,7.0,2026-04-25 19:53:00,28.33,17.78,52.84,120.0,12.0,29.86,0.0,10.0,20.0,M,False,False,False,18.0
2026-04-25,2026,4,25,6,AM,,3332,ATL,MIA,1345.0,1535.0,1350.0,1514.0,,,110.0,,,594.0,0,0,,,,,,DEP_FROM_ATL,MIA,825.0,2026-04-25 13:45:00,2026-04-25 17:45:00,2026-04-25 19:35:00,2026-04-25 17:52:00,20.0,15.56,75.59,270.0,6.0,29.87,0.001,9.0,,-RA,True,False,False,7.0,2026-04-25 19:53:00,28.33,17.78,52.84,120.0,12.0,29.86,0.0,10.0,20.0,M,False,False,False,18.0
2026-04-25,2026,4,25,6,LA,,6397,ATL,MIA,1345.0,1535.0,1350.0,1514.0,,,110.0,,,594.0,0,0,,,,,,DEP_FROM_ATL,MIA,825.0,2026-04-25 13:45:00,2026-04-25 17:45:00,2026-04-25 19:35:00,2026-04-25 17:52:00,20.0,15.56,75.59,270.0,6.0,29.87,0.001,9.0,,-RA,True,False,False,7.0,2026-04-25 19:53:00,28.33,17.78,52.84,120.0,12.0,29.86,0.0,10.0,20.0,M,False,False,False,18.0
2026-04-25,2026,4,25,6,VS,,5189,ATL,MIA,1345.0,1535.0,1350.0,1514.0,,,110.0,,,594.0,0,0,,,,,,DEP_FROM_ATL,MIA,825.0,2026-04-25 13:45:00,2026-04-25 17:45:00,2026-04-25 19:35:00,2026-04-25 17:52:00,20.0,15.56,75.59,270.0,6.0,29.87,0.001,9.0,,-RA,True,False,False,7.0,2026-04-25 19:53:00,28.33,17.78,52.84,120.0,12.0,29.86,0.0,10.0,20.0,M,False,False,False,18.0
2026-04-25,2026,4,25,6,DL,,1323,ATL,MIA,1345.0,1535.0,1350.0,1514.0,,,110.0,,,594.0,0,0,,,,,,DEP_FROM_ATL,MIA,825.0,2026-04-25 13:45:00,2026-04-25 17:45:00,2026-04-25 19:35:00,2026-04-25 17:52:00,20.0,15.56,75.59,270.0,6.0,29.87,0.001,9.0,,-RA,True,False,False,7.0,2026-04-25 19:53:00,28.33,17.78,52.84,120.0,12.0,29.86,0.0,10.0,20.0,M,False,False,False,18.0
2026-04-25,2026,4,25,6,NK,,1682,ATL,MIA,1412.0,1604.0,1418.0,1545.0,,,112.0,,,594.0,0,0,,,,,,DEP_FROM_ATL,MIA,852.0,2026-04-25 14:12:00,2026-04-25 18:12:00,2026-04-25 20:04:00,2026-04-25 17:52:00,20.0,15.56,75.59,270.0,6.0,29.87,0.001,9.0,,-RA,True,False,False,20.0,2026-04-25 19:53:00,28.33,17.78,52.84,120.0,12.0,29.86,0.0,10.0,20.0,M,False,False,False,11.0
2026-04-25,2026,4,25,6,AF,,5938,ATL,MIA,1515.0,1708.0,1527.0,1656.0,,,113.0,,,594.0,0,0,,,,,,DEP_FROM_ATL,MIA,915.0,2026-04-25 15:15:00,2026-04-25 19:15:00,2026-04-25 21:08:00,2026-04-25 18:52:00,20.56,16.67,78.41,,4.0,29.85,0.25,10.0,,M,True,False,False,23.0,2026-04-25 20:53:00,27.78,18.89,58.51,150.0,9.0,29.85,0.0,10.0,16.0,M,False,False,False,15.0
2026-04-25,2026,4,25,6,DL,,1386,ATL,MIA,1515.0,1708.0,1527.0,1656.0,,,113.0,,,594.0,0,0,,,,,,DEP_FROM_ATL,MIA,915.0,2026-04-25 15:15:00,2026-04-25 19:15:00,2026-04-25 21:08:00,2026-04-25 18:52:00,20.56,16.67,78.41,,4.0,29.85,0.25,10.0,,M,True,False,False,23.0,2026-04-25 20:53:00,27.78,18.89,58.51,150.0,9.0,29.85,0.0,10.0,16.0,M,False,False,False,15.0
2026-04-25,2026,4,25,6,AM,,3215,ATL,MIA,1515.0,1708.0,1527.0,1656.0,,,113.0,,,594.0,0,0,,,,,,DEP_FROM_ATL,MIA,915.0,2026-04-25 15:15:00,2026-04-25 19:15:00,2026-04-25 21:08:00,2026-04-25 18:52:00,20.56,16.67,78.41,,4.0,29.85,0.25,10.0,,M,True,False,False,23.0,2026-04-25 20:53:00,27.78,18.89,58.51,150.0,9.0,29.85,0.0,10.0,16.0,M,False,False,False,15.0
2026-04-25,2026,4,25,6,KL,,5008,ATL,MIA,1515.0,1708.0,1527.0,1656.0,,,113.0,,,594.0,0,0,,,,,,DEP_FROM_ATL,MIA,915.0,2026-04-25 15:15:00,2026-04-25 19:15:00,2026-04-25 21:08:00,2026-04-25 18:52:00,20.56,16.67,78.41,,4.0,29.85,0.25,10.0,,M,True,False,False,23.0,2026-04-25 20:53:00,27.78,18.89,58.51,150.0,9.0,29.85,0.0,10.0,16.0,M,False,False,False,15.0
2026-04-25,2026,4,25,6,LA,,6412,ATL,MIA,1515.0,1708.0,1527.0,1656.0,,,113.0,,,594.0,0,0,,,,,,DEP_FROM_ATL,MIA,915.0,2026-04-25 15:15:00,2026-04-25 19:15:00,2026-04-25 21:08:00,2026-04-25 18:52:00,20.56,16.67,78.41,,4.0,29.85,0.25,10.0,,M,True,False,False,23.0,2026-04-25 20:53:00,27.78,18.89,58.51,150.0,9.0,29.85,0.0,10.0,16.0,M,False,False,False,15.0
2026-04-25,2026,4,25,6,VS,,5187,ATL,MIA,1515.0,1708.0,1527.0,1656.0,,,113.0,,,594.0,0,0,,,,,,DEP_FROM_ATL,MIA,915.0,2026-04-25 15:15:00,2026-04-25 19:15:00,2026-04-25 21:08:00,2026-04-25 18:52:00,20.56,16.67,78.41,,4.0,29.85,0.25,10.0,,M,True,False,False,23.0,2026-04-25 20:53:00,27.78,18.89,58.51,150.0,9.0,29.85,0.0,10.0,16.0,M,False,False,False,15.0
2026-04-25,2026,4,25,6,KE,,5353,ATL,MIA,1515.0,1708.0,1527.0,1656.0,,,113.0,,,594.0,0,0,,,,,,DEP_FROM_ATL,MIA,915.0,2026-04-25 15:15:00,2026-04-25 19:15:00,2026-04-25 21:08:00,2026-04-25 18:52:00,20.56,16.67,78.41,,4.0,29.85,0.25,10.0,,M,True,False,False,23.0,2026-04-25 20:53:00,27.78,18.89,58.51,150.0,9.0,29.85,0.0,10.0,16.0,M,False,False,False,15.0
2026-04-25,2026,4,25,6,WS,,8249,ATL,MIA,1515.0,1708.0,1527.0,1656.0,,,113.0,,,594.0,0,0,,,,,,DEP_FROM_ATL,MIA,915.0,2026-04-25 15:15:00,2026-04-25 19:15:00,2026-04-25 21:08:00,2026-04-25 18:52:00,20.56,16.67,78.41,,4.0,29.85,0.25,10.0,,M,True,False,False,23.0,2026-04-25 20:53:00,27.78,18.89,58.51,150.0,9.0,29.85,0.0,10.0,16.0,M,False,False,False,15.0
2026-04-25,2026,4,25,6,QR,,2832,ATL,MIA,1510.0,1713.0,1514.0,1639.0,,,123.0,,,594.0,0,0,,,,,,DEP_FROM_ATL,MIA,910.0,2026-04-25 15:10:00,2026-04-25 19:10:00,2026-04-25 21:13:00,2026-04-25 18:52:00,20.56,16.67,78.41,,4.0,29.85,0.25,10.0,,M,True,False,False,18.0,2026-04-25 20:53:00,27.78,18.89,58.51,150.0,9.0,29.85,0.0,10.0,16.0,M,False,False,False,20.0
2026-04-25,2026,4,25,6,GF,,6526,ATL,MIA,1510.0,1713.0,1514.0,1639.0,,,123.0,,,594.0,0,0,,,,,,DEP_FROM_ATL,MIA,910.0,2026-04-25 15:10:00,2026-04-25 19:10:00,2026-04-25 21:13:00,2026-04-25 18:52:00,20.56,16.67,78.41,,4.0,29.85,0.25,10.0,,M,True,False,False,18.0,2026-04-25 20:53:00,27.78,18.89,58.51,150.0,9.0,29.85,0.0,10.0,16.0,M,False,False,False,20.0
2026-04-25,2026,4,25,6,G3,,6322,ATL,MIA,1510.0,1713.0,1514.0,1639.0,,,123.0,,,594.0,0,0,,,,,,DEP_FROM_ATL,MIA,910.0,2026-04-25 15:10:00,2026-04-25 19:10:00,2026-04-25 21:13:00,2026-04-25 18:52:00,20.56,16.67,78.41,,4.0,29.85,0.25,10.0,,M,True,False,False,18.0,2026-04-25 20:53:00,27.78,18.89,58.51,150.0,9.0,29.85,0.0,10.0,16.0,M,False,False,False,20.0
2026-04-25,2026,4,25,6,AA,,3330,ATL,MIA,1510.0,1713.0,1514.0,1639.0,,,123.0,,,594.0,0,0,,,,,,DEP_FROM_ATL,MIA,910.0,2026-04-25 15:10:00,2026-04-25 19:10:00,2026-04-25 21:13:00,2026-04-25 18:52:00,20.56,16.67,78.41,,4.0,29.85,0.25,10.0,,M,True,False,False,18.0,2026-04-25 20:53:00,27.78,18.89,58.51,150.0,9.0,29.85,0.0,10.0,16.0,M,False,False,False,20.0
2026-04-25,2026,4,25,6,BA,,1776,ATL,MIA,1510.0,1713.0,1514.0,1639.0,,,123.0,,,594.0,0,0,,,,,,DEP_FROM_ATL,MIA,910.0,2026-04-25 15:10:00,2026-04-25 19:10:00,2026-04-25 21:13:00,2026-04-25 18:52:00,20.56,16.67,78.41,,4.0,29.85,0.25,10.0,,M,True,False,False,18.0,2026-04-25 20:53:00,27.78,18.89,58.51,150.0,9.0,29.85,0.0,10.0,16.0,M,False,False,False,20.0
2026-04-25,2026,4,25,6,IB,,4663,ATL,MIA,1510.0,1713.0,1514.0,1639.0,,,123.0,,,594.0,0,0,,,,,,DEP_FROM_ATL,MIA,910.0,2026-04-25 15:10:00,2026-04-25 19:10:00,2026-04-25 21:13:00,2026-04-25 18:52:00,20.56,16.67,78.41,,4.0,29.85,0.25,10.0,,M,True,False,False,18.0,2026-04-25 20:53:00,27.78,18.89,58.51,150.0,9.0,29.85,0.0,10.0,16.0,M,False,False,False,20.0
2026-04-25,2026,4,25,6,AF,,5939,ATL,MIA,1640.0,1835.0,1651.0,1822.0,,,115.0,,,594.0,0,0,,,,,,DEP_FROM_ATL,MIA,1000.0,2026-04-25 16:40:00,2026-04-25 20:40:00,2026-04-25 22:35:00,2026-04-25 20:42:00,22.78,15.56,63.78,230.0,5.0,29.81,0.0,10.0,,M,False,False,False,2.0,2026-04-25 22:53:00,25.56,19.44,69.01,110.0,9.0,29.85,0.0,10.0,,M,False,False,False,18.0
2026-04-25,2026,4,25,6,WS,,6730,ATL,MIA,1640.0,1835.0,1651.0,1822.0,,,115.0,,,594.0,0,0,,,,,,DEP_FROM_ATL,MIA,1000.0,2026-04-25 16:40:00,2026-04-25 20:40:00,2026-04-25 22:35:00,2026-04-25 20:42:00,22.78,15.56,63.78,230.0,5.0,29.81,0.0,10.0,,M,False,False,False,2.0,2026-04-25 22:53:00,25.56,19.44,69.01,110.0,9.0,29.85,0.0,10.0,,M,False,False,False,18.0
2026-04-25,2026,4,25,6,VS,,5191,ATL,MIA,1640.0,1835.0,1651.0,1822.0,,,115.0,,,594.0,0,0,,,,,,DEP_FROM_ATL,MIA,1000.0,2026-04-25 16:40:00,2026-04-25 20:40:00,2026-04-25 22:35:00,2026-04-25 20:42:00,22.78,15.56,63.78,230.0,5.0,29.81,0.0,10.0,,M,False,False,False,2.0,2026-04-25 22:53:00,25.56,19.44,69.01,110.0,9.0,29.85,0.0,10.0,,M,False,False,False,18.0
2026-04-25,2026,4,25,6,LA,,6142,ATL,MIA,1640.0,1835.0,1651.0,1822.0,,,115.0,,,594.0,0,0,,,,,,DEP_FROM_ATL,MIA,1000.0,2026-04-25 16:40:00,2026-04-25 20:40:00,2026-04-25 22:35:00,2026-04-25 20:42:00,22.78,15.56,63.78,230.0,5.0,29.81,0.0,10.0,,M,False,False,False,2.0,2026-04-25 22:53:00,25.56,19.44,69.01,110.0,9.0,29.85,0.0,10.0,,M,False,False,False,18.0
2026-04-25,2026,4,25,6,KL,,5245,ATL,MIA,1640.0,1835.0,1651.0,1822.0,,,115.0,,,594.0,0,0,,,,,,DEP_FROM_ATL,MIA,1000.0,2026-04-25 16:40:00,2026-04-25 20:40:00,2026-04-25 22:35:00,2026-04-25 20:42:00,22.78,15.56,63.78,230.0,5.0,29.81,0.0,10.0,,M,False,False,False,2.0,2026-04-25 22:53:00,25.56,19.44,69.01,110.0,9.0,29.85,0.0,10.0,,M,False,False,False,18.0
2026-04-25,2026,4,25,6,AM,,3178,ATL,MIA,1640.0,1835.0,1651.0,1822.0,,,115.0,,,594.0,0,0,,,,,,DEP_FROM_ATL,MIA,1000.0,2026-04-25 16:40:00,2026-04-25 20:40:00,2026-04-25 22:35:00,2026-04-25 20:42:00,22.78,15.56,63.78,230.0,5.0,29.81,0.0,10.0,,M,False,False,False,2.0,2026-04-25 22:53:00,25.56,19.44,69.01,110.0,9.0,29.85,0.0,10.0,,M,False,False,False,18.0
2026-04-25,2026,4,25,6,DL,,1328,ATL,MIA,1640.0,1835.0,1651.0,1822.0,,,115.0,,,594.0,0,0,,,,,,DEP_FROM_ATL,MIA,1000.0,2026-04-25 16:40:00,2026-04-25 20:40:00,2026-04-25 22:35:00,2026-04-25 20:42:00,22.78,15.56,63.78,230.0,5.0,29.81,0.0,10.0,,M,False,False,False,2.0,2026-04-25 22:53:00,25.56,19.44,69.01,110.0,9.0,29.85,0.0,10.0,,M,False,False,False,18.0
2026-04-25,2026,4,25,6,IB,,4039,ATL,MIA,1807.0,2009.0,1838.0,2009.0,,,122.0,,,594.0,0,0,,,,,,DEP_FROM_ATL,MIA,1087.0,2026-04-25 18:07:00,2026-04-25 22:07:00,2026-04-26 00:09:00,2026-04-25 21:52:00,23.33,16.11,63.9,260.0,4.0,29.81,0.0,10.0,,M,False,False,False,15.0,2026-04-25 23:53:00,25.0,19.44,71.33,110.0,8.0,29.87,0.0,10.0,,M,False,False,False,16.0
2026-04-25,2026,4,25,6,AA,,4622,ATL,MIA,1807.0,2009.0,1838.0,2009.0,,,122.0,,,594.0,0,0,,,,,,DEP_FROM_ATL,MIA,1087.0,2026-04-25 18:07:00,2026-04-25 22:07:00,2026-04-26 00:09:00,2026-04-25 21:52:00,23.33,16.11,63.9,260.0,4.0,29.81,0.0,10.0,,M,False,False,False,15.0,2026-04-25 23:53:00,25.0,19.44,71.33,110.0,8.0,29.87,0.0,10.0,,M,False,False,False,16.0
2026-04-25,2026,4,25,6,G3,,6159,ATL,MIA,1807.0,2009.0,1838.0,2009.0,,,122.0,,,594.0,0,0,,,,,,DEP_FROM_ATL,MIA,1087.0,2026-04-25 18:07:00,2026-04-25 22:07:00,2026-04-26 00:09:00,2026-04-25 21:52:00,23.33,16.11,63.9,260.0,4.0,29.81,0.0,10.0,,M,False,False,False,15.0,2026-04-25 23:53:00,25.0,19.44,71.33,110.0,8.0,29.87,0.0,10.0,,M,False,False,False,16.0
2026-04-25,2026,4,25,6,BA,,1730,ATL,MIA,1807.0,2009.0,1838.0,2009.0,,,122.0,,,594.0,0,0,,,,,,DEP_FROM_ATL,MIA,1087.0,2026-04-25 18:07:00,2026-04-25 22:07:00,2026-04-26 00:09:00,2026-04-25 21:52:00,23.33,16.11,63.9,260.0,4.0,29.81,0.0,10.0,,M,False,False,False,15.0,2026-04-25 23:53:00,25.0,19.44,71.33,110.0,8.0,29.87,0.0,10.0,,M,False,False,False,16.0
2026-04-25,2026,4,25,6,GF,,4345,ATL,MIA,1807.0,2009.0,1838.0,2009.0,,,122.0,,,594.0,0,0,,,,,,DEP_FROM_ATL,MIA,1087.0,2026-04-25 18:07:00,2026-04-25 22:07:00,2026-04-26 00:09:00,2026-04-25 21:52:00,23.33,16.11,63.9,260.0,4.0,29.81,0.0,10.0,,M,False,False,False,15.0,2026-04-25 23:53:00,25.0,19.44,71.33,110.0,8.0,29.87,0.0,10.0,,M,False,False,False,16.0
2026-04-25,2026,4,25,6,DL,,1588,ATL,MIA,1857.0,2048.0,1904.0,2039.0,,,111.0,,,594.0,0,0,,,,,,DEP_FROM_ATL,MIA,1137.0,2026-04-25 18:57:00,2026-04-25 22:57:00,2026-04-26 00:48:00,2026-04-25 22:52:00,23.33,16.11,63.9,250.0,4.0,29.8,0.0,10.0,,M,False,False,False,5.0,2026-04-26 00:53:00,24.44,18.89,71.23,120.0,7.0,29.89,0.0,10.0,,M,False,False,False,5.0
2026-04-25,2026,4,25,6,AF,,5684,ATL,MIA,1857.0,2048.0,1904.0,2039.0,,,111.0,,,594.0,0,0,,,,,,DEP_FROM_ATL,MIA,1137.0,2026-04-25 18:57:00,2026-04-25 22:57:00,2026-04-26 00:48:00,2026-04-25 22:52:00,23.33,16.11,63.9,250.0,4.0,29.8,0.0,10.0,,M,False,False,False,5.0,2026-04-26 00:53:00,24.44,18.89,71.23,120.0,7.0,29.89,0.0,10.0,,M,False,False,False,5.0
2026-04-25,2026,4,25,6,AM,,3634,ATL,MIA,1857.0,2048.0,1904.0,2039.0,,,111.0,,,594.0,0,0,,,,,,DEP_FROM_ATL,MIA,1137.0,2026-04-25 18:57:00,2026-04-25 22:57:00,2026-04-26 00:48:00,2026-04-25 22:52:00,23.33,16.11,63.9,250.0,4.0,29.8,0.0,10.0,,M,False,False,False,5.0,2026-04-26 00:53:00,24.44,18.89,71.23,120.0,7.0,29.89,0.0,10.0,,M,False,False,False,5.0
2026-04-25,2026,4,25,6,KL,,5246,ATL,MIA,1857.0,2048.0,1904.0,2039.0,,,111.0,,,594.0,0,0,,,,,,DEP_FROM_ATL,MIA,1137.0,2026-04-25 18:57:00,2026-04-25 22:57:00,2026-04-26 00:48:00,2026-04-25 22:52:00,23.33,16.11,63.9,250.0,4.0,29.8,0.0,10.0,,M,False,False,False,5.0,2026-04-26 00:53:00,24.44,18.89,71.23,120.0,7.0,29.89,0.0,10.0,,M,False,False,False,5.0
2026-04-25,2026,4,25,6,KE,,3123,ATL,MIA,1857.0,2048.0,1904.0,2039.0,,,111.0,,,594.0,0,0,,,,,,DEP_FROM_ATL,MIA,1137.0,2026-04-25 18:57:00,2026-04-25 22:57:00,2026-04-26 00:48:00,2026-04-25 22:52:00,23.33,16.11,63.9,250.0,4.0,29.8,0.0,10.0,,M,False,False,False,5.0,2026-04-26 00:53:00,24.44,18.89,71.23,120.0,7.0,29.89,0.0,10.0,,M,False,False,False,5.0
2026-04-25,2026,4,25,6,LA,,8990,ATL,MIA,1857.0,2048.0,1904.0,2039.0,,,111.0,,,594.0,0,0,,,,,,DEP_FROM_ATL,MIA,1137.0,2026-04-25 18:57:00,2026-04-25 22:57:00,2026-04-26 00:48:00,2026-04-25 22:52:00,23.33,16.11,63.9,250.0,4.0,29.8,0.0,10.0,,M,False,False,False,5.0,2026-04-26 00:53:00,24.44,18.89,71.23,120.0,7.0,29.89,0.0,10.0,,M,False,False,False,5.0
2026-04-25,2026,4,25,6,VS,,5193,ATL,MIA,1857.0,2048.0,1904.0,2039.0,,,111.0,,,594.0,0,0,,,,,,DEP_FROM_ATL,MIA,1137.0,2026-04-25 18:57:00,2026-04-25 22:57:00,2026-04-26 00:48:00,2026-04-25 22:52:00,23.33,16.11,63.9,250.0,4.0,29.8,0.0,10.0,,M,False,False,False,5.0,2026-04-26 00:53:00,24.44,18.89,71.23,120.0,7.0,29.89,0.0,10.0,,M,False,False,False,5.0
2026-04-25,2026,4,25,6,AA,,1045,ATL,MIA,1958.0,2200.0,2000.0,2127.0,,,122.0,,,594.0,0,0,,,,,,DEP_FROM_ATL,MIA,1198.0,2026-04-25 19:58:00,2026-04-25 23:58:00,2026-04-26 02:00:00,2026-04-25 23:52:00,22.78,15.0,61.54,230.0,5.0,29.82,0.0,10.0,,M,False,False,False,6.0,2026-04-26 01:53:00,24.44,19.44,73.73,110.0,7.0,29.89,0.0,10.0,,M,False,False,False,7.0
2026-04-25,2026,4,25,6,G3,,6456,ATL,MIA,1958.0,2200.0,2000.0,2127.0,,,122.0,,,594.0,0,0,,,,,,DEP_FROM_ATL,MIA,1198.0,2026-04-25 19:58:00,2026-04-25 23:58:00,2026-04-26 02:00:00,2026-04-25 23:52:00,22.78,15.0,61.54,230.0,5.0,29.82,0.0,10.0,,M,False,False,False,6.0,2026-04-26 01:53:00,24.44,19.44,73.73,110.0,7.0,29.89,0.0,10.0,,M,False,False,False,7.0
2026-04-25,2026,4,25,6,F9,,3442,ATL,MIA,2250.0,49.0,2254.0,15.0,,,119.0,,,594.0,0,0,,,,,,DEP_FROM_ATL,MIA,1370.0,2026-04-25 22:50:00,2026-04-26 02:50:00,2026-04-26 04:49:00,2026-04-26 02:48:00,21.0,17.0,77.93,190.0,9.0,29.83,0.001,10.0,,-RA,True,False,False,2.0,2026-04-26 04:53:00,23.89,19.44,76.23,120.0,5.0,29.89,0.0,10.0,,M,False,False,False,4.0
2026-04-25,2026,4,25,6,LA,,8994,ATL,MIA,2300.0,54.0,2344.0,105.0,11.0,11.0,114.0,,,594.0,0,0,,,,,,DEP_FROM_ATL,MIA,1380.0,2026-04-25 23:00:00,2026-04-26 03:00:00,2026-04-26 04:54:00,2026-04-26 02:52:00,20.56,16.67,78.41,210.0,9.0,29.83,0.001,10.0,,-RA,True,False,False,8.0,2026-04-26 04:53:00,23.89,19.44,76.23,120.0,5.0,29.89,0.0,10.0,,M,False,False,False,1.0
2026-04-25,2026,4,25,6,VS,,3066,ATL,MIA,2300.0,54.0,2344.0,105.0,11.0,11.0,114.0,,,594.0,0,0,,,,,,DEP_FROM_ATL,MIA,1380.0,2026-04-25 23:00:00,2026-04-26 03:00:00,2026-04-26 04:54:00,2026-04-26 02:52:00,20.56,16.67,78.41,210.0,9.0,29.83,0.001,10.0,,-RA,True,False,False,8.0,2026-04-26 04:53:00,23.89,19.44,76.23,120.0,5.0,29.89,0.0,10.0,,M,False,False,False,1.0
2026-04-25,2026,4,25,6,WS,,6505,ATL,MIA,2300.0,54.0,2344.0,105.0,11.0,11.0,114.0,,,594.0,0,0,,,,,,DEP_FROM_ATL,MIA,1380.0,2026-04-25 23:00:00,2026-04-26 03:00:00,2026-04-26 04:54:00,2026-04-26 02:52:00,20.56,16.67,78.41,210.0,9.0,29.83,0.001,10.0,,-RA,True,False,False,8.0,2026-04-26 04:53:00,23.89,19.44,76.23,120.0,5.0,29.89,0.0,10.0,,M,False,False,False,1.0
2026-04-25,2026,4,25,6,KE,,6959,ATL,MIA,2300.0,54.0,2344.0,105.0,11.0,11.0,114.0,,,594.0,0,0,,,,,,DEP_FROM_ATL,MIA,1380.0,2026-04-25 23:00:00,2026-04-26 03:00:00,2026-04-26 04:54:00,2026-04-26 02:52:00,20.56,16.67,78.41,210.0,9.0,29.83,0.001,10.0,,-RA,True,False,False,8.0,2026-04-26 04:53:00,23.89,19.44,76.23,120.0,5.0,29.89,0.0,10.0,,M,False,False,False,1.0
2026-04-25,2026,4,25,6,AM,,3636,ATL,MIA,2300.0,54.0,2344.0,105.0,11.0,11.0,114.0,,,594.0,0,0,,,,,,DEP_FROM_ATL,MIA,1380.0,2026-04-25 23:00:00,2026-04-26 03:00:00,2026-04-26 04:54:00,2026-04-26 02:52:00,20.56,16.67,78.41,210.0,9.0,29.83,0.001,10.0,,-RA,True,False,False,8.0,2026-04-26 04:53:00,23.89,19.44,76.23,120.0,5.0,29.89,0.0,10.0,,M,False,False,False,1.0
2026-04-25,2026,4,25,6,KL,,6908,ATL,MIA,2300.0,54.0,2344.0,105.0,11.0,11.0,114.0,,,594.0,0,0,,,,,,DEP_FROM_ATL,MIA,1380.0,2026-04-25 23:00:00,2026-04-26 03:00:00,2026-04-26 04:54:00,2026-04-26 02:52:00,20.56,16.67,78.41,210.0,9.0,29.83,0.001,10.0,,-RA,True,False,False,8.0,2026-04-26 04:53:00,23.89,19.44,76.23,120.0,5.0,29.89,0.0,10.0,,M,False,False,False,1.0
2026-04-25,2026,4,25,6,DL,,1589,ATL,MIA,2300.0,54.0,2344.0,105.0,11.0,11.0,114.0,,,594.0,0,0,,,,,,DEP_FROM_ATL,MIA,1380.0,2026-04-25 23:00:00,2026-04-26 03:00:00,2026-04-26 04:54:00,2026-04-26 02:52:00,20.56,16.67,78.41,210.0,9.0,29.83,0.001,10.0,,-RA,True,False,False,8.0,2026-04-26 04:53:00,23.89,19.44,76.23,120.0,5.0,29.89,0.0,10.0,,M,False,False,False,1.0
2026-04-25,2026,4,25,6,AF,,3693,ATL,MIA,2300.0,54.0,2344.0,105.0,11.0,11.0,114.0,,,594.0,0,0,,,,,,DEP_FROM_ATL,MIA,1380.0,2026-04-25 23:00:00,2026-04-26 03:00:00,2026-04-26 04:54:00,2026-04-26 02:52:00,20.56,16.67,78.41,210.0,9.0,29.83,0.001,10.0,,-RA,True,False,False,8.0,2026-04-26 04:53:00,23.89,19.44,76.23,120.0,5.0,29.89,0.0,10.0,,M,False,False,False,1.0
2026-04-26,2026,4,26,7,AA,,3150,ATL,MIA,615.0,814.0,637.0,800.0,,,119.0,,,594.0,0,0,,,,,,DEP_FROM_ATL,MIA,375.0,2026-04-26 06:15:00,2026-04-26 10:15:00,2026-04-26 12:14:00,2026-04-26 09:52:00,17.22,15.56,89.94,310.0,5.0,29.86,0.001,0.25,,-DZ BR,True,True,False,23.0,2026-04-26 11:53:00,24.44,20.56,78.98,150.0,3.0,29.9,0.0,10.0,,M,False,False,False,21.0
2026-04-26,2026,4,26,7,NK,,1682,ATL,MIA,700.0,855.0,711.0,833.0,,,115.0,,,594.0,0,0,,,,,,DEP_FROM_ATL,MIA,420.0,2026-04-26 07:00:00,2026-04-26 11:00:00,2026-04-26 12:55:00,2026-04-26 10:52:00,17.22,16.11,93.19,320.0,3.0,29.87,0.001,0.25,,-DZ BR,True,True,False,8.0,2026-04-26 12:53:00,25.56,21.11,76.49,180.0,6.0,29.9,0.0,10.0,,M,False,False,False,2.0
2026-04-26,2026,4,26,7,LA,,6148,ATL,MIA,730.0,918.0,745.0,905.0,,,108.0,,,594.0,0,0,,,,,,DEP_FROM_ATL,MIA,450.0,2026-04-26 07:30:00,2026-04-26 11:30:00,2026-04-26 13:18:00,2026-04-26 11:52:00,17.22,16.11,93.19,360.0,6.0,29.89,0.0,0.25,,FG,False,True,False,22.0,2026-04-26 12:53:00,25.56,21.11,76.49,180.0,6.0,29.9,0.0,10.0,,M,False,False,False,25.0
2026-04-26,2026,4,26,7,AM,,3290,ATL,MIA,730.0,918.0,745.0,905.0,,,108.0,,,594.0,0,0,,,,,,DEP_FROM_ATL,MIA,450.0,2026-04-26 07:30:00,2026-04-26 11:30:00,2026-04-26 13:18:00,2026-04-26 11:52:00,17.22,16.11,93.19,360.0,6.0,29.89,0.0,0.25,,FG,False,True,False,22.0,2026-04-26 12:53:00,25.56,21.11,76.49,180.0,6.0,29.9,0.0,10.0,,M,False,False,False,25.0
2026-04-26,2026,4,26,7,DL,,2836,ATL,MIA,730.0,918.0,745.0,905.0,,,108.0,,,594.0,0,0,,,,,,DEP_FROM_ATL,MIA,450.0,2026-04-26 07:30:00,2026-04-26 11:30:00,2026-04-26 13:18:00,2026-04-26 11:52:00,17.22,16.11,93.19,360.0,6.0,29.89,0.0,0.25,,FG,False,True,False,22.0,2026-04-26 12:53:00,25.56,21.11,76.49,180.0,6.0,29.9,0.0,10.0,,M,False,False,False,25.0
2026-04-26,2026,4,26,7,BA,,2373,ATL,MIA,800.0,959.0,820.0,,,20.0,119.0,,,594.0,0,0,,,,,,DEP_FROM_ATL,MIA,480.0,2026-04-26 08:00:00,2026-04-26 12:00:00,2026-04-26 13:59:00,2026-04-26 11:52:00,17.22,16.11,93.19,360.0,6.0,29.89,0.0,0.25,,FG,False,True,False,8.0,2026-04-26 13:53:00,26.67,20.56,69.23,210.0,7.0,29.91,0.0,10.0,,M,False,False,False,6.0
2026-04-26,2026,4,26,7,IB,,4743,ATL,MIA,800.0,959.0,820.0,,,20.0,119.0,,,594.0,0,0,,,,,,DEP_FROM_ATL,MIA,480.0,2026-04-26 08:00:00,2026-04-26 12:00:00,2026-04-26 13:59:00,2026-04-26 11:52:00,17.22,16.11,93.19,360.0,6.0,29.89,0.0,0.25,,FG,False,True,False,8.0,2026-04-26 13:53:00,26.67,20.56,69.23,210.0,7.0,29.91,0.0,10.0,,M,False,False,False,6.0
2026-04-26,2026,4,26,7,AA,,3190,ATL,MIA,800.0,959.0,820.0,,,20.0,119.0,,,594.0,0,0,,,,,,DEP_FROM_ATL,MIA,480.0,2026-04-26 08:00:00,2026-04-26 12:00:00,2026-04-26 13:59:00,2026-04-26 11:52:00,17.22,16.11,93.19,360.0,6.0,29.89,0.0,0.25,,FG,False,True,False,8.0,2026-04-26 13:53:00,26.67,20.56,69.23,210.0,7.0,29.91,0.0,10.0,,M,False,False,False,6.0
2026-04-26,2026,4,26,7,Y4,,2774,ATL,MIA,810.0,1012.0,850.0,,1.0,40.0,122.0,,,594.0,0,0,,,,,,DEP_FROM_ATL,MIA,490.0,2026-04-26 08:10:00,2026-04-26 12:10:00,2026-04-26 14:12:00,2026-04-26 12:17:00,17.78,16.67,93.22,20.0,4.0,29.89,0.0,0.25,,BR,False,True,False,7.0,2026-04-26 13:53:00,26.67,20.56,69.23,210.0,7.0,29.91,0.0,10.0,,M,False,False,False,19.0
2026-04-26,2026,4,26,7,F9,,4406,ATL,MIA,810.0,1012.0,850.0,,1.0,40.0,122.0,,,594.0,0,0,,,,,,DEP_FROM_ATL,MIA,490.0,2026-04-26 08:10:00,2026-04-26 12:10:00,2026-04-26 14:12:00,2026-04-26 12:17:00,17.78,16.67,93.22,20.0,4.0,29.89,0.0,0.25,,BR,False,True,False,7.0,2026-04-26 13:53:00,26.67,20.56,69.23,210.0,7.0,29.91,0.0,10.0,,M,False,False,False,19.0
2026-04-26,2026,4,26,7,WS,,8686,ATL,MIA,855.0,1046.0,911.0,,,17.0,111.0,,,594.0,0,0,,,,,,DEP_FROM_ATL,MIA,535.0,2026-04-26 08:55:00,2026-04-26 12:55:00,2026-04-26 14:46:00,2026-04-26 12:52:00,19.44,17.22,87.0,50.0,4.0,29.9,0.0,10.0,,M,False,False,False,3.0,2026-04-26 14:53:00,28.33,20.0,60.7,200.0,6.0,29.92,0.0,10.0,,M,False,False,False,7.0
2026-04-26,2026,4,26,7,DL,,1510,ATL,MIA,855.0,1046.0,911.0,,,17.0,111.0,,,594.0,0,0,,,,,,DEP_FROM_ATL,MIA,535.0,2026-04-26 08:55:00,2026-04-26 12:55:00,2026-04-26 14:46:00,2026-04-26 12:52:00,19.44,17.22,87.0,50.0,4.0,29.9,0.0,10.0,,M,False,False,False,3.0,2026-04-26 14:53:00,28.33,20.0,60.7,200.0,6.0,29.92,0.0,10.0,,M,False,False,False,7.0
2026-04-26,2026,4,26,7,LA,,6183,ATL,MIA,855.0,1046.0,911.0,,,17.0,111.0,,,594.0,0,0,,,,,,DEP_FROM_ATL,MIA,535.0,2026-04-26 08:55:00,2026-04-26 12:55:00,2026-04-26 14:46:00,2026-04-26 12:52:00,19.44,17.22,87.0,50.0,4.0,29.9,0.0,10.0,,M,False,False,False,3.0,2026-04-26 14:53:00,28.33,20.0,60.7,200.0,6.0,29.92,0.0,10.0,,M,False,False,False,7.0
2026-04-26,2026,4,26,7,DL,,1332,ATL,MIA,1015.0,1211.0,1027.0,,,12.0,116.0,,,594.0,0,0,,,,,,DEP_FROM_ATL,MIA,615.0,2026-04-26 10:15:00,2026-04-26 14:15:00,2026-04-26 16:11:00,2026-04-26 14:32:00,21.67,17.22,75.87,340.0,6.0,29.92,0.0,10.0,,M,False,False,False,17.0,2026-04-26 15:53:00,28.33,19.44,58.64,150.0,6.0,29.91,0.0,10.0,,M,False,False,False,18.0
2026-04-26,2026,4,26,7,AM,,3211,ATL,MIA,1015.0,1211.0,1027.0,,,12.0,116.0,,,594.0,0,0,,,,,,DEP_FROM_ATL,MIA,615.0,2026-04-26 10:15:00,2026-04-26 14:15:00,2026-04-26 16:11:00,2026-04-26 14:32:00,21.67,17.22,75.87,340.0,6.0,29.92,0.0,10.0,,M,False,False,False,17.0,2026-04-26 15:53:00,28.33,19.44,58.64,150.0,6.0,29.91,0.0,10.0,,M,False,False,False,18.0
2026-04-26,2026,4,26,7,WS,,6668,ATL,MIA,1015.0,1211.0,1027.0,,,12.0,116.0,,,594.0,0,0,,,,,,DEP_FROM_ATL,MIA,615.0,2026-04-26 10:15:00,2026-04-26 14:15:00,2026-04-26 16:11:00,2026-04-26 14:32:00,21.67,17.22,75.87,340.0,6.0,29.92,0.0,10.0,,M,False,False,False,17.0,2026-04-26 15:53:00,28.33,19.44,58.64,150.0,6.0,29.91,0.0,10.0,,M,False,False,False,18.0
2026-04-26,2026,4,26,7,LA,,6145,ATL,MIA,1015.0,1211.0,1027.0,,,12.0,116.0,,,594.0,0,0,,,,,,DEP_FROM_ATL,MIA,615.0,2026-04-26 10:15:00,2026-04-26 14:15:00,2026-04-26 16:11:00,2026-04-26 14:32:00,21.67,17.22,75.87,340.0,6.0,29.92,0.0,10.0,,M,False,False,False,17.0,2026-04-26 15:53:00,28.33,19.44,58.64,150.0,6.0,29.91,0.0,10.0,,M,False,False,False,18.0
2026-04-26,2026,4,26,7,BA,,1667,ATL,MIA,1100.0,1301.0,1107.0,,,7.0,121.0,,,594.0,0,0,,,,,,DEP_FROM_ATL,MIA,660.0,2026-04-26 11:00:00,2026-04-26 15:00:00,2026-04-26 17:01:00,2026-04-26 14:52:00,22.22,17.22,73.34,,6.0,29.93,0.0,10.0,,M,False,False,False,8.0,2026-04-26 16:53:00,28.89,20.0,58.77,130.0,10.0,29.89,0.0,10.0,16.0,M,False,False,False,8.0
2026-04-26,2026,4,26,7,IB,,4248,ATL,MIA,1100.0,1301.0,1107.0,,,7.0,121.0,,,594.0,0,0,,,,,,DEP_FROM_ATL,MIA,660.0,2026-04-26 11:00:00,2026-04-26 15:00:00,2026-04-26 17:01:00,2026-04-26 14:52:00,22.22,17.22,73.34,,6.0,29.93,0.0,10.0,,M,False,False,False,8.0,2026-04-26 16:53:00,28.89,20.0,58.77,130.0,10.0,29.89,0.0,10.0,16.0,M,False,False,False,8.0
2026-04-26,2026,4,26,7,AA,,1799,ATL,MIA,1100.0,1301.0,1107.0,,,7.0,121.0,,,594.0,0,0,,,,,,DEP_FROM_ATL,MIA,660.0,2026-04-26 11:00:00,2026-04-26 15:00:00,2026-04-26 17:01:00,2026-04-26 14:52:00,22.22,17.22,73.34,,6.0,29.93,0.0,10.0,,M,False,False,False,8.0,2026-04-26 16:53:00,28.89,20.0,58.77,130.0,10.0,29.89,0.0,10.0,16.0,M,False,False,False,8.0
2026-04-26,2026,4,26,7,DL,,1579,ATL,MIA,1220.0,1412.0,1229.0,,,10.0,112.0,,,594.0,0,0,,,,,,DEP_FROM_ATL,MIA,740.0,2026-04-26 12:20:00,2026-04-26 16:20:00,2026-04-26 18:12:00,2026-04-26 15:52:00,24.44,17.22,64.15,280.0,6.0,29.93,0.0,10.0,,M,False,False,False,28.0,2026-04-26 17:53:00,29.44,20.56,58.91,150.0,9.0,29.88,0.0,10.0,19.0,M,False,False,False,19.0
2026-04-26,2026,4,26,7,KE,,7091,ATL,MIA,1220.0,1412.0,1229.0,,,10.0,112.0,,,594.0,0,0,,,,,,DEP_FROM_ATL,MIA,740.0,2026-04-26 12:20:00,2026-04-26 16:20:00,2026-04-26 18:12:00,2026-04-26 15:52:00,24.44,17.22,64.15,280.0,6.0,29.93,0.0,10.0,,M,False,False,False,28.0,2026-04-26 17:53:00,29.44,20.56,58.91,150.0,9.0,29.88,0.0,10.0,19.0,M,False,False,False,19.0
2026-04-26,2026,4,26,7,WS,,5476,ATL,MIA,1220.0,1412.0,1229.0,,,10.0,112.0,,,594.0,0,0,,,,,,DEP_FROM_ATL,MIA,740.0,2026-04-26 12:20:00,2026-04-26 16:20:00,2026-04-26 18:12:00,2026-04-26 15:52:00,24.44,17.22,64.15,280.0,6.0,29.93,0.0,10.0,,M,False,False,False,28.0,2026-04-26 17:53:00,29.44,20.56,58.91,150.0,9.0,29.88,0.0,10.0,19.0,M,False,False,False,19.0
2026-04-26,2026,4,26,7,LA,,6217,ATL,MIA,1220.0,1412.0,1229.0,,,10.0,112.0,,,594.0,0,0,,,,,,DEP_FROM_ATL,MIA,740.0,2026-04-26 12:20:00,2026-04-26 16:20:00,2026-04-26 18:12:00,2026-04-26 15:52:00,24.44,17.22,64.15,280.0,6.0,29.93,0.0,10.0,,M,False,False,False,28.0,2026-04-26 17:53:00,29.44,20.56,58.91,150.0,9.0,29.88,0.0,10.0,19.0,M,False,False,False,19.0
2026-04-26,2026,4,26,7,VS,,5185,ATL,MIA,1220.0,1412.0,1229.0,,,10.0,112.0,,,594.0,0,0,,,,,,DEP_FROM_ATL,MIA,740.0,2026-04-26 12:20:00,2026-04-26 16:20:00,2026-04-26 18:12:00,2026-04-26 15:52:00,24.44,17.22,64.15,280.0,6.0,29.93,0.0,10.0,,M,False,False,False,28.0,2026-04-26 17:53:00,29.44,20.56,58.91,150.0,9.0,29.88,0.0,10.0,19.0,M,False,False,False,19.0
2026-04-26,2026,4,26,7,KE,,6961,ATL,MIA,1345.0,1535.0,1352.0,,,7.0,110.0,,,594.0,0,0,,,,,,DEP_FROM_ATL,MIA,825.0,2026-04-26 13:45:00,2026-04-26 17:45:00,2026-04-26 19:35:00,2026-04-26 17:52:00,26.67,15.0,48.8,280.0,8.0,29.92,0.0,10.0,,M,False,False,False,7.0,2026-04-26 19:53:00,28.89,20.56,60.82,120.0,15.0,29.84,0.0,10.0,22.0,M,False,False,False,18.0
2026-04-26,2026,4,26,7,LA,,6397,ATL,MIA,1345.0,1535.0,1352.0,,,7.0,110.0,,,594.0,0,0,,,,,,DEP_FROM_ATL,MIA,825.0,2026-04-26 13:45:00,2026-04-26 17:45:00,2026-04-26 19:35:00,2026-04-26 17:52:00,26.67,15.0,48.8,280.0,8.0,29.92,0.0,10.0,,M,False,False,False,7.0,2026-04-26 19:53:00,28.89,20.56,60.82,120.0,15.0,29.84,0.0,10.0,22.0,M,False,False,False,18.0
2026-04-26,2026,4,26,7,VS,,5189,ATL,MIA,1345.0,1535.0,1352.0,,,7.0,110.0,,,594.0,0,0,,,,,,DEP_FROM_ATL,MIA,825.0,2026-04-26 13:45:00,2026-04-26 17:45:00,2026-04-26 19:35:00,2026-04-26 17:52:00,26.67,15.0,48.8,280.0,8.0,29.92,0.0,10.0,,M,False,False,False,7.0,2026-04-26 19:53:00,28.89,20.56,60.82,120.0,15.0,29.84,0.0,10.0,22.0,M,False,False,False,18.0
2026-04-26,2026,4,26,7,DL,,1323,ATL,MIA,1345.0,1535.0,1352.0,,,7.0,110.0,,,594.0,0,0,,,,,,DEP_FROM_ATL,MIA,825.0,2026-04-26 13:45:00,2026-04-26 17:45:00,2026-04-26 19:35:00,2026-04-26 17:52:00,26.67,15.0,48.8,280.0,8.0,29.92,0.0,10.0,,M,False,False,False,7.0,2026-04-26 19:53:00,28.89,20.56,60.82,120.0,15.0,29.84,0.0,10.0,22.0,M,False,False,False,18.0
2026-04-26,2026,4,26,7,AM,,3332,ATL,MIA,1345.0,1535.0,1352.0,,,7.0,110.0,,,594.0,0,0,,,,,,DEP_FROM_ATL,MIA,825.0,2026-04-26 13:45:00,2026-04-26 17:45:00,2026-04-26 19:35:00,2026-04-26 17:52:00,26.67,15.0,48.8,280.0,8.0,29.92,0.0,10.0,,M,False,False,False,7.0,2026-04-26 19:53:00,28.89,20.56,60.82,120.0,15.0,29.84,0.0,10.0,22.0,M,False,False,False,18.0
2026-04-26,2026,4,26,7,AF,,5938,ATL,MIA,1515.0,1708.0,,,,,113.0,,,594.0,0,0,,,,,,DEP_FROM_ATL,MIA,915.0,2026-04-26 15:15:00,2026-04-26 19:15:00,2026-04-26 21:08:00,2026-04-26 18:52:00,26.67,13.89,45.42,300.0,8.0,29.91,0.0,10.0,14.0,M,False,False,False,23.0,2026-04-26 20:16:00,26.11,21.67,76.58,180.0,12.0,29.85,1.52,2.5,22.0,RA BR,True,True,False,52.0
2026-04-26,2026,4,26,7,KE,,5352,ATL,MIA,1515.0,1708.0,,,,,113.0,,,594.0,0,0,,,,,,DEP_FROM_ATL,MIA,915.0,2026-04-26 15:15:00,2026-04-26 19:15:00,2026-04-26 21:08:00,2026-04-26 18:52:00,26.67,13.89,45.42,300.0,8.0,29.91,0.0,10.0,14.0,M,False,False,False,23.0,2026-04-26 20:16:00,26.11,21.67,76.58,180.0,12.0,29.85,1.52,2.5,22.0,RA BR,True,True,False,52.0
2026-04-26,2026,4,26,7,VS,,5187,ATL,MIA,1515.0,1708.0,,,,,113.0,,,594.0,0,0,,,,,,DEP_FROM_ATL,MIA,915.0,2026-04-26 15:15:00,2026-04-26 19:15:00,2026-04-26 21:08:00,2026-04-26 18:52:00,26.67,13.89,45.42,300.0,8.0,29.91,0.0,10.0,14.0,M,False,False,False,23.0,2026-04-26 20:16:00,26.11,21.67,76.58,180.0,12.0,29.85,1.52,2.5,22.0,RA BR,True,True,False,52.0
2026-04-26,2026,4,26,7,WS,,8249,ATL,MIA,1515.0,1708.0,,,,,113.0,,,594.0,0,0,,,,,,DEP_FROM_ATL,MIA,915.0,2026-04-26 15:15:00,2026-04-26 19:15:00,2026-04-26 21:08:00,2026-04-26 18:52:00,26.67,13.89,45.42,300.0,8.0,29.91,0.0,10.0,14.0,M,False,False,False,23.0,2026-04-26 20:16:00,26.11,21.67,76.58,180.0,12.0,29.85,1.52,2.5,22.0,RA BR,True,True,False,52.0
2026-04-26,2026,4,26,7,DL,N302DN,1386,ATL,MIA,1515.0,1708.0,1522.0,,,8.0,113.0,,,594.0,0,0,,,,,,DEP_FROM_ATL,MIA,915.0,2026-04-26 15:15:00,2026-04-26 19:15:00,2026-04-26 21:08:00,2026-04-26 18:52:00,26.67,13.89,45.42,300.0,8.0,29.91,0.0,10.0,14.0,M,False,False,False,23.0,2026-04-26 20:16:00,26.11,21.67,76.58,180.0,12.0,29.85,1.52,2.5,22.0,RA BR,True,True,False,52.0
2026-04-26,2026,4,26,7,LA,,6412,ATL,MIA,1515.0,1708.0,,,,,113.0,,,594.0,0,0,,,,,,DEP_FROM_ATL,MIA,915.0,2026-04-26 15:15:00,2026-04-26 19:15:00,2026-04-26 21:08:00,2026-04-26 18:52:00,26.67,13.89,45.42,300.0,8.0,29.91,0.0,10.0,14.0,M,False,False,False,23.0,2026-04-26 20:16:00,26.11,21.67,76.58,180.0,12.0,29.85,1.52,2.5,22.0,RA BR,True,True,False,52.0
2026-04-26,2026,4,26,7,KL,,5008,ATL,MIA,1515.0,1708.0,,,,,113.0,,,594.0,0,0,,,,,,DEP_FROM_ATL,MIA,915.0,2026-04-26 15:15:00,2026-04-26 19:15:00,2026-04-26 21:08:00,2026-04-26 18:52:00,26.67,13.89,45.42,300.0,8.0,29.91,0.0,10.0,14.0,M,False,False,False,23.0,2026-04-26 20:16:00,26.11,21.67,76.58,180.0,12.0,29.85,1.52,2.5,22.0,RA BR,True,True,False,52.0
2026-04-26,2026,4,26,7,AM,,3215,ATL,MIA,1515.0,1708.0,,,,,113.0,,,594.0,0,0,,,,,,DEP_FROM_ATL,MIA,915.0,2026-04-26 15:15:00,2026-04-26 19:15:00,2026-04-26 21:08:00,2026-04-26 18:52:00,26.67,13.89,45.42,300.0,8.0,29.91,0.0,10.0,14.0,M,False,False,False,23.0,2026-04-26 20:16:00,26.11,21.67,76.58,180.0,12.0,29.85,1.52,2.5,22.0,RA BR,True,True,False,52.0
2026-04-26,2026,4,26,7,AA,N455AN,3330,ATL,MIA,1510.0,1713.0,,,,65.0,123.0,,,594.0,0,0,,,,,,DEP_FROM_ATL,MIA,910.0,2026-04-26 15:10:00,2026-04-26 19:10:00,2026-04-26 21:13:00,2026-04-26 18:52:00,26.67,13.89,45.42,300.0,8.0,29.91,0.0,10.0,14.0,M,False,False,False,18.0,2026-04-26 20:16:00,26.11,21.67,76.58,180.0,12.0,29.85,1.52,2.5,22.0,RA BR,True,True,False,57.0
2026-04-26,2026,4,26,7,F9,,2272,ATL,MIA,1552.0,1757.0,,,,16.0,125.0,,,594.0,0,0,,,,,,DEP_FROM_ATL,MIA,952.0,2026-04-26 15:52:00,2026-04-26 19:52:00,2026-04-26 21:57:00,2026-04-26 19:52:00,27.78,13.89,42.56,320.0,9.0,29.89,0.0,10.0,,M,False,False,False,0.0,,,,,,,,,,,,,,,
2026-04-26,2026,4,26,7,DL,,1328,ATL,MIA,1640.0,1835.0,,,,7.0,115.0,,,594.0,0,0,,,,,,DEP_FROM_ATL,MIA,1000.0,2026-04-26 16:40:00,2026-04-26 20:40:00,2026-04-26 22:35:00,2026-04-26 19:52:00,27.78,13.89,42.56,320.0,9.0,29.89,0.0,10.0,,M,False,False,False,48.0,,,,,,,,,,,,,,,
2026-04-26,2026,4,26,7,AA,,1796,ATL,MIA,1649.0,1855.0,,,,21.0,126.0,,,594.0,0,0,,,,,,DEP_FROM_ATL,MIA,1009.0,2026-04-26 16:49:00,2026-04-26 20:49:00,2026-04-26 22:55:00,2026-04-26 19:52:00,27.78,13.89,42.56,320.0,9.0,29.89,0.0,10.0,,M,False,False,False,57.0,,,,,,,,,,,,,,,
2026-04-26,2026,4,26,7,DL,,1588,ATL,MIA,1857.0,2048.0,,,,16.0,111.0,,,594.0,0,0,,,,,,DEP_FROM_ATL,MIA,1137.0,2026-04-26 18:57:00,2026-04-26 22:57:00,2026-04-27 00:48:00,,,,,,,,,,,,,,,,,,,,,,,,,,,,,,
2026-04-26,2026,4,26,7,AA,,1045,ATL,MIA,1958.0,2200.0,,,,17.0,122.0,,,594.0,0,0,,,,,,DEP_FROM_ATL,MIA,1198.0,2026-04-26 19:58:00,2026-04-26 23:58:00,2026-04-27 02:00:00,,,,,,,,,,,,,,,,,,,,,,,,,,,,,,
2026-04-26,2026,4,26,7,NK,,262,ATL,MIA,2037.0,2231.0,,,,,114.0,,,594.0,0,0,,,,,,DEP_FROM_ATL,MIA,1237.0,2026-04-26 20:37:00,2026-04-27 00:37:00,2026-04-27 02:31:00,,,,,,,,,,,,,,,,,,,,,,,,,,,,,,
2026-04-26,2026,4,26,7,DL,,1234,ATL,MIA,2056.0,2248.0,,,,,112.0,,,594.0,0,0,,,,,,DEP_FROM_ATL,MIA,1256.0,2026-04-26 20:56:00,2026-04-27 00:56:00,2026-04-27 02:48:00,,,,,,,,,,,,,,,,,,,,,,,,,,,,,,
2026-04-25,2026,4,25,6,AA,,2132,ATL,ORD,636.0,759.0,639.0,717.0,,,83.0,,,606.0,0,0,,,,,,DEP_FROM_ATL,ORD,396.0,2026-04-25 06:36:00,2026-04-25 10:36:00,2026-04-25 11:59:00,2026-04-25 10:52:00,18.89,13.89,72.74,0.0,0.0,29.82,0.0,10.0,,M,False,False,False,16.0,2026-04-25 11:51:00,8.33,6.11,85.89,20.0,12.0,29.97,0.001,10.0,,-DZ,True,False,False,8.0
2026-04-25,2026,4,25,6,BA,,1923,ATL,ORD,636.0,759.0,639.0,717.0,,,83.0,,,606.0,0,0,,,,,,DEP_FROM_ATL,ORD,396.0,2026-04-25 06:36:00,2026-04-25 10:36:00,2026-04-25 11:59:00,2026-04-25 10:52:00,18.89,13.89,72.74,0.0,0.0,29.82,0.0,10.0,,M,False,False,False,16.0,2026-04-25 11:51:00,8.33,6.11,85.89,20.0,12.0,29.97,0.001,10.0,,-DZ,True,False,False,8.0
2026-04-25,2026,4,25,6,JL,,7301,ATL,ORD,636.0,759.0,639.0,717.0,,,83.0,,,606.0,0,0,,,,,,DEP_FROM_ATL,ORD,396.0,2026-04-25 06:36:00,2026-04-25 10:36:00,2026-04-25 11:59:00,2026-04-25 10:52:00,18.89,13.89,72.74,0.0,0.0,29.82,0.0,10.0,,M,False,False,False,16.0,2026-04-25 11:51:00,8.33,6.11,85.89,20.0,12.0,29.97,0.001,10.0,,-DZ,True,False,False,8.0
2026-04-25,2026,4,25,6,QF,,4624,ATL,ORD,636.0,759.0,639.0,717.0,,,83.0,,,606.0,0,0,,,,,,DEP_FROM_ATL,ORD,396.0,2026-04-25 06:36:00,2026-04-25 10:36:00,2026-04-25 11:59:00,2026-04-25 10:52:00,18.89,13.89,72.74,0.0,0.0,29.82,0.0,10.0,,M,False,False,False,16.0,2026-04-25 11:51:00,8.33,6.11,85.89,20.0,12.0,29.97,0.001,10.0,,-DZ,True,False,False,8.0
2026-04-25,2026,4,25,6,KE,,3775,ATL,ORD,728.0,837.0,747.0,826.0,,,69.0,,,606.0,0,0,,,,,,DEP_FROM_ATL,ORD,448.0,2026-04-25 07:28:00,2026-04-25 11:28:00,2026-04-25 12:37:00,2026-04-25 11:52:00,19.44,13.89,70.27,220.0,3.0,29.85,0.0,10.0,,M,False,False,False,24.0,2026-04-25 12:27:00,8.33,6.67,89.24,10.0,9.0,29.98,0.001,4.0,,-DZ BR,True,False,False,10.0
2026-04-25,2026,4,25,6,DL,,1178,ATL,ORD,728.0,837.0,747.0,826.0,,,69.0,,,606.0,0,0,,,,,,DEP_FROM_ATL,ORD,448.0,2026-04-25 07:28:00,2026-04-25 11:28:00,2026-04-25 12:37:00,2026-04-25 11:52:00,19.44,13.89,70.27,220.0,3.0,29.85,0.0,10.0,,M,False,False,False,24.0,2026-04-25 12:27:00,8.33,6.67,89.24,10.0,9.0,29.98,0.001,4.0,,-DZ BR,True,False,False,10.0
2026-04-25,2026,4,25,6,AC,,3304,ATL,ORD,815.0,934.0,827.0,903.0,,,79.0,,,606.0,0,0,,,,,,DEP_FROM_ATL,ORD,495.0,2026-04-25 08:15:00,2026-04-25 12:15:00,2026-04-25 13:34:00,2026-04-25 11:52:00,19.44,13.89,70.27,220.0,3.0,29.85,0.0,10.0,,M,False,False,False,23.0,2026-04-25 13:51:00,8.33,5.56,82.65,40.0,15.0,29.98,0.001,10.0,,M,True,False,False,17.0
2026-04-25,2026,4,25,6,NH,,7421,ATL,ORD,815.0,934.0,827.0,903.0,,,79.0,,,606.0,0,0,,,,,,DEP_FROM_ATL,ORD,495.0,2026-04-25 08:15:00,2026-04-25 12:15:00,2026-04-25 13:34:00,2026-04-25 11:52:00,19.44,13.89,70.27,220.0,3.0,29.85,0.0,10.0,,M,False,False,False,23.0,2026-04-25 13:51:00,8.33,5.56,82.65,40.0,15.0,29.98,0.001,10.0,,M,True,False,False,17.0
2026-04-25,2026,4,25,6,NZ,,2018,ATL,ORD,815.0,934.0,827.0,903.0,,,79.0,,,606.0,0,0,,,,,,DEP_FROM_ATL,ORD,495.0,2026-04-25 08:15:00,2026-04-25 12:15:00,2026-04-25 13:34:00,2026-04-25 11:52:00,19.44,13.89,70.27,220.0,3.0,29.85,0.0,10.0,,M,False,False,False,23.0,2026-04-25 13:51:00,8.33,5.56,82.65,40.0,15.0,29.98,0.001,10.0,,M,True,False,False,17.0
2026-04-25,2026,4,25,6,UA,,1554,ATL,ORD,815.0,934.0,827.0,903.0,,,79.0,,,606.0,0,0,,,,,,DEP_FROM_ATL,ORD,495.0,2026-04-25 08:15:00,2026-04-25 12:15:00,2026-04-25 13:34:00,2026-04-25 11:52:00,19.44,13.89,70.27,220.0,3.0,29.85,0.0,10.0,,M,False,False,False,23.0,2026-04-25 13:51:00,8.33,5.56,82.65,40.0,15.0,29.98,0.001,10.0,,M,True,False,False,17.0
2026-04-25,2026,4,25,6,WS,,6879,ATL,ORD,900.0,1009.0,914.0,943.0,,,69.0,,,606.0,0,0,,,,,,DEP_FROM_ATL,ORD,540.0,2026-04-25 09:00:00,2026-04-25 13:00:00,2026-04-25 14:09:00,2026-04-25 12:52:00,19.44,14.44,72.85,220.0,6.0,29.86,0.0,10.0,,M,False,False,False,8.0,2026-04-25 14:22:00,8.89,5.56,79.59,40.0,15.0,29.98,0.0,10.0,,M,False,False,False,13.0
2026-04-25,2026,4,25,6,LA,,6161,ATL,ORD,900.0,1009.0,914.0,943.0,,,69.0,,,606.0,0,0,,,,,,DEP_FROM_ATL,ORD,540.0,2026-04-25 09:00:00,2026-04-25 13:00:00,2026-04-25 14:09:00,2026-04-25 12:52:00,19.44,14.44,72.85,220.0,6.0,29.86,0.0,10.0,,M,False,False,False,8.0,2026-04-25 14:22:00,8.89,5.56,79.59,40.0,15.0,29.98,0.0,10.0,,M,False,False,False,13.0
2026-04-25,2026,4,25,6,DL,,1147,ATL,ORD,900.0,1009.0,914.0,943.0,,,69.0,,,606.0,0,0,,,,,,DEP_FROM_ATL,ORD,540.0,2026-04-25 09:00:00,2026-04-25 13:00:00,2026-04-25 14:09:00,2026-04-25 12:52:00,19.44,14.44,72.85,220.0,6.0,29.86,0.0,10.0,,M,False,False,False,8.0,2026-04-25 14:22:00,8.89,5.56,79.59,40.0,15.0,29.98,0.0,10.0,,M,False,False,False,13.0
2026-04-25,2026,4,25,6,AM,,4235,ATL,ORD,900.0,1009.0,914.0,943.0,,,69.0,,,606.0,0,0,,,,,,DEP_FROM_ATL,ORD,540.0,2026-04-25 09:00:00,2026-04-25 13:00:00,2026-04-25 14:09:00,2026-04-25 12:52:00,19.44,14.44,72.85,220.0,6.0,29.86,0.0,10.0,,M,False,False,False,8.0,2026-04-25 14:22:00,8.89,5.56,79.59,40.0,15.0,29.98,0.0,10.0,,M,False,False,False,13.0
2026-04-25,2026,4,25,6,KE,,3158,ATL,ORD,900.0,1009.0,914.0,943.0,,,69.0,,,606.0,0,0,,,,,,DEP_FROM_ATL,ORD,540.0,2026-04-25 09:00:00,2026-04-25 13:00:00,2026-04-25 14:09:00,2026-04-25 12:52:00,19.44,14.44,72.85,220.0,6.0,29.86,0.0,10.0,,M,False,False,False,8.0,2026-04-25 14:22:00,8.89,5.56,79.59,40.0,15.0,29.98,0.0,10.0,,M,False,False,False,13.0
2026-04-25,2026,4,25,6,F9,,1441,ATL,ORD,1010.0,1133.0,1202.0,1230.0,57.0,57.0,83.0,,,606.0,0,0,,,,,,DEP_FROM_ATL,ORD,610.0,2026-04-25 10:10:00,2026-04-25 14:10:00,2026-04-25 15:33:00,2026-04-25 13:52:00,20.56,15.0,70.49,210.0,7.0,29.85,0.0,10.0,,M,False,False,False,18.0,2026-04-25 15:51:00,11.67,6.67,71.39,20.0,11.0,29.98,0.0,10.0,,M,False,False,False,18.0
2026-04-25,2026,4,25,6,Y4,,2153,ATL,ORD,1010.0,1133.0,1202.0,1230.0,57.0,57.0,83.0,,,606.0,0,0,,,,,,DEP_FROM_ATL,ORD,610.0,2026-04-25 10:10:00,2026-04-25 14:10:00,2026-04-25 15:33:00,2026-04-25 13:52:00,20.56,15.0,70.49,210.0,7.0,29.85,0.0,10.0,,M,False,False,False,18.0,2026-04-25 15:51:00,11.67,6.67,71.39,20.0,11.0,29.98,0.0,10.0,,M,False,False,False,18.0
2026-04-25,2026,4,25,6,AS,,4433,ATL,ORD,1017.0,1138.0,1028.0,1101.0,,,81.0,,,606.0,0,0,,,,,,DEP_FROM_ATL,ORD,617.0,2026-04-25 10:17:00,2026-04-25 14:17:00,2026-04-25 15:38:00,2026-04-25 13:52:00,20.56,15.0,70.49,210.0,7.0,29.85,0.0,10.0,,M,False,False,False,25.0,2026-04-25 15:51:00,11.67,6.67,71.39,20.0,11.0,29.98,0.0,10.0,,M,False,False,False,13.0
2026-04-25,2026,4,25,6,BA,,1723,ATL,ORD,1017.0,1138.0,1028.0,1101.0,,,81.0,,,606.0,0,0,,,,,,DEP_FROM_ATL,ORD,617.0,2026-04-25 10:17:00,2026-04-25 14:17:00,2026-04-25 15:38:00,2026-04-25 13:52:00,20.56,15.0,70.49,210.0,7.0,29.85,0.0,10.0,,M,False,False,False,25.0,2026-04-25 15:51:00,11.67,6.67,71.39,20.0,11.0,29.98,0.0,10.0,,M,False,False,False,13.0
2026-04-25,2026,4,25,6,CX,,7619,ATL,ORD,1017.0,1138.0,1028.0,1101.0,,,81.0,,,606.0,0,0,,,,,,DEP_FROM_ATL,ORD,617.0,2026-04-25 10:17:00,2026-04-25 14:17:00,2026-04-25 15:38:00,2026-04-25 13:52:00,20.56,15.0,70.49,210.0,7.0,29.85,0.0,10.0,,M,False,False,False,25.0,2026-04-25 15:51:00,11.67,6.67,71.39,20.0,11.0,29.98,0.0,10.0,,M,False,False,False,13.0
2026-04-25,2026,4,25,6,IB,,8355,ATL,ORD,1017.0,1138.0,1028.0,1101.0,,,81.0,,,606.0,0,0,,,,,,DEP_FROM_ATL,ORD,617.0,2026-04-25 10:17:00,2026-04-25 14:17:00,2026-04-25 15:38:00,2026-04-25 13:52:00,20.56,15.0,70.49,210.0,7.0,29.85,0.0,10.0,,M,False,False,False,25.0,2026-04-25 15:51:00,11.67,6.67,71.39,20.0,11.0,29.98,0.0,10.0,,M,False,False,False,13.0
2026-04-25,2026,4,25,6,JL,,7481,ATL,ORD,1017.0,1138.0,1028.0,1101.0,,,81.0,,,606.0,0,0,,,,,,DEP_FROM_ATL,ORD,617.0,2026-04-25 10:17:00,2026-04-25 14:17:00,2026-04-25 15:38:00,2026-04-25 13:52:00,20.56,15.0,70.49,210.0,7.0,29.85,0.0,10.0,,M,False,False,False,25.0,2026-04-25 15:51:00,11.67,6.67,71.39,20.0,11.0,29.98,0.0,10.0,,M,False,False,False,13.0
2026-04-25,2026,4,25,6,QF,,4745,ATL,ORD,1017.0,1138.0,1028.0,1101.0,,,81.0,,,606.0,0,0,,,,,,DEP_FROM_ATL,ORD,617.0,2026-04-25 10:17:00,2026-04-25 14:17:00,2026-04-25 15:38:00,2026-04-25 13:52:00,20.56,15.0,70.49,210.0,7.0,29.85,0.0,10.0,,M,False,False,False,25.0,2026-04-25 15:51:00,11.67,6.67,71.39,20.0,11.0,29.98,0.0,10.0,,M,False,False,False,13.0
2026-04-25,2026,4,25,6,RJ,,7442,ATL,ORD,1017.0,1138.0,1028.0,1101.0,,,81.0,,,606.0,0,0,,,,,,DEP_FROM_ATL,ORD,617.0,2026-04-25 10:17:00,2026-04-25 14:17:00,2026-04-25 15:38:00,2026-04-25 13:52:00,20.56,15.0,70.49,210.0,7.0,29.85,0.0,10.0,,M,False,False,False,25.0,2026-04-25 15:51:00,11.67,6.67,71.39,20.0,11.0,29.98,0.0,10.0,,M,False,False,False,13.0
2026-04-25,2026,4,25,6,AA,,4085,ATL,ORD,1017.0,1138.0,1028.0,1101.0,,,81.0,,,606.0,0,0,,,,,,DEP_FROM_ATL,ORD,617.0,2026-04-25 10:17:00,2026-04-25 14:17:00,2026-04-25 15:38:00,2026-04-25 13:52:00,20.56,15.0,70.49,210.0,7.0,29.85,0.0,10.0,,M,False,False,False,25.0,2026-04-25 15:51:00,11.67,6.67,71.39,20.0,11.0,29.98,0.0,10.0,,M,False,False,False,13.0
2026-04-25,2026,4,25,6,NZ,,2022,ATL,ORD,1125.0,1247.0,1134.0,1207.0,,,82.0,,,606.0,0,0,,,,,,DEP_FROM_ATL,ORD,685.0,2026-04-25 11:25:00,2026-04-25 15:25:00,2026-04-25 16:47:00,2026-04-25 15:52:00,21.11,15.0,68.12,250.0,7.0,29.86,0.0,10.0,,M,False,False,False,27.0,2026-04-25 16:51:00,12.78,6.11,63.87,30.0,11.0,29.98,0.0,10.0,17.0,M,False,False,False,4.0
2026-04-25,2026,4,25,6,OS,,7724,ATL,ORD,1125.0,1247.0,1134.0,1207.0,,,82.0,,,606.0,0,0,,,,,,DEP_FROM_ATL,ORD,685.0,2026-04-25 11:25:00,2026-04-25 15:25:00,2026-04-25 16:47:00,2026-04-25 15:52:00,21.11,15.0,68.12,250.0,7.0,29.86,0.0,10.0,,M,False,False,False,27.0,2026-04-25 16:51:00,12.78,6.11,63.87,30.0,11.0,29.98,0.0,10.0,17.0,M,False,False,False,4.0
2026-04-25,2026,4,25,6,LH,,7445,ATL,ORD,1125.0,1247.0,1134.0,1207.0,,,82.0,,,606.0,0,0,,,,,,DEP_FROM_ATL,ORD,685.0,2026-04-25 11:25:00,2026-04-25 15:25:00,2026-04-25 16:47:00,2026-04-25 15:52:00,21.11,15.0,68.12,250.0,7.0,29.86,0.0,10.0,,M,False,False,False,27.0,2026-04-25 16:51:00,12.78,6.11,63.87,30.0,11.0,29.98,0.0,10.0,17.0,M,False,False,False,4.0
2026-04-25,2026,4,25,6,AC,,3303,ATL,ORD,1125.0,1247.0,1134.0,1207.0,,,82.0,,,606.0,0,0,,,,,,DEP_FROM_ATL,ORD,685.0,2026-04-25 11:25:00,2026-04-25 15:25:00,2026-04-25 16:47:00,2026-04-25 15:52:00,21.11,15.0,68.12,250.0,7.0,29.86,0.0,10.0,,M,False,False,False,27.0,2026-04-25 16:51:00,12.78,6.11,63.87,30.0,11.0,29.98,0.0,10.0,17.0,M,False,False,False,4.0
2026-04-25,2026,4,25,6,UA,,745,ATL,ORD,1125.0,1247.0,1134.0,1207.0,,,82.0,,,606.0,0,0,,,,,,DEP_FROM_ATL,ORD,685.0,2026-04-25 11:25:00,2026-04-25 15:25:00,2026-04-25 16:47:00,2026-04-25 15:52:00,21.11,15.0,68.12,250.0,7.0,29.86,0.0,10.0,,M,False,False,False,27.0,2026-04-25 16:51:00,12.78,6.11,63.87,30.0,11.0,29.98,0.0,10.0,17.0,M,False,False,False,4.0
2026-04-25,2026,4,25,6,DL,,1477,ATL,ORD,1206.0,1314.0,1214.0,1250.0,,,68.0,,,606.0,0,0,,,,,,DEP_FROM_ATL,ORD,726.0,2026-04-25 12:06:00,2026-04-25 16:06:00,2026-04-25 17:14:00,2026-04-25 15:52:00,21.11,15.0,68.12,250.0,7.0,29.86,0.0,10.0,,M,False,False,False,14.0,2026-04-25 16:51:00,12.78,6.11,63.87,30.0,11.0,29.98,0.0,10.0,17.0,M,False,False,False,23.0
2026-04-25,2026,4,25,6,AM,,4478,ATL,ORD,1206.0,1314.0,1214.0,1250.0,,,68.0,,,606.0,0,0,,,,,,DEP_FROM_ATL,ORD,726.0,2026-04-25 12:06:00,2026-04-25 16:06:00,2026-04-25 17:14:00,2026-04-25 15:52:00,21.11,15.0,68.12,250.0,7.0,29.86,0.0,10.0,,M,False,False,False,14.0,2026-04-25 16:51:00,12.78,6.11,63.87,30.0,11.0,29.98,0.0,10.0,17.0,M,False,False,False,23.0
2026-04-25,2026,4,25,6,KE,,3774,ATL,ORD,1206.0,1314.0,1214.0,1250.0,,,68.0,,,606.0,0,0,,,,,,DEP_FROM_ATL,ORD,726.0,2026-04-25 12:06:00,2026-04-25 16:06:00,2026-04-25 17:14:00,2026-04-25 15:52:00,21.11,15.0,68.12,250.0,7.0,29.86,0.0,10.0,,M,False,False,False,14.0,2026-04-25 16:51:00,12.78,6.11,63.87,30.0,11.0,29.98,0.0,10.0,17.0,M,False,False,False,23.0
2026-04-25,2026,4,25,6,LA,,6414,ATL,ORD,1206.0,1314.0,1214.0,1250.0,,,68.0,,,606.0,0,0,,,,,,DEP_FROM_ATL,ORD,726.0,2026-04-25 12:06:00,2026-04-25 16:06:00,2026-04-25 17:14:00,2026-04-25 15:52:00,21.11,15.0,68.12,250.0,7.0,29.86,0.0,10.0,,M,False,False,False,14.0,2026-04-25 16:51:00,12.78,6.11,63.87,30.0,11.0,29.98,0.0,10.0,17.0,M,False,False,False,23.0
2026-04-25,2026,4,25,6,AF,,2316,ATL,ORD,1532.0,1642.0,1544.0,1621.0,,,70.0,,,606.0,0,0,,,,,,DEP_FROM_ATL,ORD,932.0,2026-04-25 15:32:00,2026-04-25 19:32:00,2026-04-25 20:42:00,2026-04-25 19:52:00,22.78,16.11,66.08,220.0,4.0,29.83,0.0,10.0,,M,False,False,False,20.0,2026-04-25 20:51:00,12.78,6.11,63.87,20.0,11.0,29.99,0.0,10.0,,M,False,False,False,9.0
2026-04-25,2026,4,25,6,KL,,5991,ATL,ORD,1532.0,1642.0,1544.0,1621.0,,,70.0,,,606.0,0,0,,,,,,DEP_FROM_ATL,ORD,932.0,2026-04-25 15:32:00,2026-04-25 19:32:00,2026-04-25 20:42:00,2026-04-25 19:52:00,22.78,16.11,66.08,220.0,4.0,29.83,0.0,10.0,,M,False,False,False,20.0,2026-04-25 20:51:00,12.78,6.11,63.87,20.0,11.0,29.99,0.0,10.0,,M,False,False,False,9.0
2026-04-25,2026,4,25,6,LA,,6422,ATL,ORD,1532.0,1642.0,1544.0,1621.0,,,70.0,,,606.0,0,0,,,,,,DEP_FROM_ATL,ORD,932.0,2026-04-25 15:32:00,2026-04-25 19:32:00,2026-04-25 20:42:00,2026-04-25 19:52:00,22.78,16.11,66.08,220.0,4.0,29.83,0.0,10.0,,M,False,False,False,20.0,2026-04-25 20:51:00,12.78,6.11,63.87,20.0,11.0,29.99,0.0,10.0,,M,False,False,False,9.0
2026-04-25,2026,4,25,6,DL,,2738,ATL,ORD,1532.0,1642.0,1544.0,1621.0,,,70.0,,,606.0,0,0,,,,,,DEP_FROM_ATL,ORD,932.0,2026-04-25 15:32:00,2026-04-25 19:32:00,2026-04-25 20:42:00,2026-04-25 19:52:00,22.78,16.11,66.08,220.0,4.0,29.83,0.0,10.0,,M,False,False,False,20.0,2026-04-25 20:51:00,12.78,6.11,63.87,20.0,11.0,29.99,0.0,10.0,,M,False,False,False,9.0
2026-04-25,2026,4,25,6,VS,,4572,ATL,ORD,1532.0,1642.0,1544.0,1621.0,,,70.0,,,606.0,0,0,,,,,,DEP_FROM_ATL,ORD,932.0,2026-04-25 15:32:00,2026-04-25 19:32:00,2026-04-25 20:42:00,2026-04-25 19:52:00,22.78,16.11,66.08,220.0,4.0,29.83,0.0,10.0,,M,False,False,False,20.0,2026-04-25 20:51:00,12.78,6.11,63.87,20.0,11.0,29.99,0.0,10.0,,M,False,False,False,9.0
2026-04-25,2026,4,25,6,AM,,3281,ATL,ORD,1532.0,1642.0,1544.0,1621.0,,,70.0,,,606.0,0,0,,,,,,DEP_FROM_ATL,ORD,932.0,2026-04-25 15:32:00,2026-04-25 19:32:00,2026-04-25 20:42:00,2026-04-25 19:52:00,22.78,16.11,66.08,220.0,4.0,29.83,0.0,10.0,,M,False,False,False,20.0,2026-04-25 20:51:00,12.78,6.11,63.87,20.0,11.0,29.99,0.0,10.0,,M,False,False,False,9.0
2026-04-25,2026,4,25,6,KE,,3133,ATL,ORD,1532.0,1642.0,1544.0,1621.0,,,70.0,,,606.0,0,0,,,,,,DEP_FROM_ATL,ORD,932.0,2026-04-25 15:32:00,2026-04-25 19:32:00,2026-04-25 20:42:00,2026-04-25 19:52:00,22.78,16.11,66.08,220.0,4.0,29.83,0.0,10.0,,M,False,False,False,20.0,2026-04-25 20:51:00,12.78,6.11,63.87,20.0,11.0,29.99,0.0,10.0,,M,False,False,False,9.0
2026-04-25,2026,4,25,6,AC,,3300,ATL,ORD,1543.0,1705.0,1601.0,1656.0,,,82.0,,,606.0,0,0,,,,,,DEP_FROM_ATL,ORD,943.0,2026-04-25 15:43:00,2026-04-25 19:43:00,2026-04-25 21:05:00,2026-04-25 19:52:00,22.78,16.11,66.08,220.0,4.0,29.83,0.0,10.0,,M,False,False,False,9.0,2026-04-25 20:51:00,12.78,6.11,63.87,20.0,11.0,29.99,0.0,10.0,,M,False,False,False,14.0
2026-04-25,2026,4,25,6,NH,,7403,ATL,ORD,1543.0,1705.0,1601.0,1656.0,,,82.0,,,606.0,0,0,,,,,,DEP_FROM_ATL,ORD,943.0,2026-04-25 15:43:00,2026-04-25 19:43:00,2026-04-25 21:05:00,2026-04-25 19:52:00,22.78,16.11,66.08,220.0,4.0,29.83,0.0,10.0,,M,False,False,False,9.0,2026-04-25 20:51:00,12.78,6.11,63.87,20.0,11.0,29.99,0.0,10.0,,M,False,False,False,14.0
2026-04-25,2026,4,25,6,LX,,3241,ATL,ORD,1543.0,1705.0,1601.0,1656.0,,,82.0,,,606.0,0,0,,,,,,DEP_FROM_ATL,ORD,943.0,2026-04-25 15:43:00,2026-04-25 19:43:00,2026-04-25 21:05:00,2026-04-25 19:52:00,22.78,16.11,66.08,220.0,4.0,29.83,0.0,10.0,,M,False,False,False,9.0,2026-04-25 20:51:00,12.78,6.11,63.87,20.0,11.0,29.99,0.0,10.0,,M,False,False,False,14.0
2026-04-25,2026,4,25,6,NZ,,2026,ATL,ORD,1543.0,1705.0,1601.0,1656.0,,,82.0,,,606.0,0,0,,,,,,DEP_FROM_ATL,ORD,943.0,2026-04-25 15:43:00,2026-04-25 19:43:00,2026-04-25 21:05:00,2026-04-25 19:52:00,22.78,16.11,66.08,220.0,4.0,29.83,0.0,10.0,,M,False,False,False,9.0,2026-04-25 20:51:00,12.78,6.11,63.87,20.0,11.0,29.99,0.0,10.0,,M,False,False,False,14.0
2026-04-25,2026,4,25,6,UA,,516,ATL,ORD,1543.0,1705.0,1601.0,1656.0,,,82.0,,,606.0,0,0,,,,,,DEP_FROM_ATL,ORD,943.0,2026-04-25 15:43:00,2026-04-25 19:43:00,2026-04-25 21:05:00,2026-04-25 19:52:00,22.78,16.11,66.08,220.0,4.0,29.83,0.0,10.0,,M,False,False,False,9.0,2026-04-25 20:51:00,12.78,6.11,63.87,20.0,11.0,29.99,0.0,10.0,,M,False,False,False,14.0
2026-04-25,2026,4,25,6,EK,,6007,ATL,ORD,1543.0,1705.0,1601.0,1656.0,,,82.0,,,606.0,0,0,,,,,,DEP_FROM_ATL,ORD,943.0,2026-04-25 15:43:00,2026-04-25 19:43:00,2026-04-25 21:05:00,2026-04-25 19:52:00,22.78,16.11,66.08,220.0,4.0,29.83,0.0,10.0,,M,False,False,False,9.0,2026-04-25 20:51:00,12.78,6.11,63.87,20.0,11.0,29.99,0.0,10.0,,M,False,False,False,14.0
2026-04-25,2026,4,25,6,DL,,2879,ATL,ORD,1733.0,1848.0,1741.0,1816.0,,,75.0,,,606.0,0,0,,,,,,DEP_FROM_ATL,ORD,1053.0,2026-04-25 17:33:00,2026-04-25 21:33:00,2026-04-25 22:48:00,2026-04-25 21:52:00,23.33,16.11,63.9,260.0,4.0,29.81,0.0,10.0,,M,False,False,False,19.0,2026-04-25 22:51:00,10.56,5.56,71.17,30.0,11.0,30.0,0.0,10.0,21.0,M,False,False,False,3.0
2026-04-25,2026,4,25,6,AM,,4074,ATL,ORD,1733.0,1848.0,1741.0,1816.0,,,75.0,,,606.0,0,0,,,,,,DEP_FROM_ATL,ORD,1053.0,2026-04-25 17:33:00,2026-04-25 21:33:00,2026-04-25 22:48:00,2026-04-25 21:52:00,23.33,16.11,63.9,260.0,4.0,29.81,0.0,10.0,,M,False,False,False,19.0,2026-04-25 22:51:00,10.56,5.56,71.17,30.0,11.0,30.0,0.0,10.0,21.0,M,False,False,False,3.0
2026-04-25,2026,4,25,6,WS,,6651,ATL,ORD,1733.0,1848.0,1741.0,1816.0,,,75.0,,,606.0,0,0,,,,,,DEP_FROM_ATL,ORD,1053.0,2026-04-25 17:33:00,2026-04-25 21:33:00,2026-04-25 22:48:00,2026-04-25 21:52:00,23.33,16.11,63.9,260.0,4.0,29.81,0.0,10.0,,M,False,False,False,19.0,2026-04-25 22:51:00,10.56,5.56,71.17,30.0,11.0,30.0,0.0,10.0,21.0,M,False,False,False,3.0
2026-04-25,2026,4,25,6,LA,,6278,ATL,ORD,1733.0,1848.0,1741.0,1816.0,,,75.0,,,606.0,0,0,,,,,,DEP_FROM_ATL,ORD,1053.0,2026-04-25 17:33:00,2026-04-25 21:33:00,2026-04-25 22:48:00,2026-04-25 21:52:00,23.33,16.11,63.9,260.0,4.0,29.81,0.0,10.0,,M,False,False,False,19.0,2026-04-25 22:51:00,10.56,5.56,71.17,30.0,11.0,30.0,0.0,10.0,21.0,M,False,False,False,3.0
2026-04-25,2026,4,25,6,KE,,7111,ATL,ORD,1733.0,1848.0,1741.0,1816.0,,,75.0,,,606.0,0,0,,,,,,DEP_FROM_ATL,ORD,1053.0,2026-04-25 17:33:00,2026-04-25 21:33:00,2026-04-25 22:48:00,2026-04-25 21:52:00,23.33,16.11,63.9,260.0,4.0,29.81,0.0,10.0,,M,False,False,False,19.0,2026-04-25 22:51:00,10.56,5.56,71.17,30.0,11.0,30.0,0.0,10.0,21.0,M,False,False,False,3.0
2026-04-25,2026,4,25,6,VS,,4566,ATL,ORD,1733.0,1848.0,1741.0,1816.0,,,75.0,,,606.0,0,0,,,,,,DEP_FROM_ATL,ORD,1053.0,2026-04-25 17:33:00,2026-04-25 21:33:00,2026-04-25 22:48:00,2026-04-25 21:52:00,23.33,16.11,63.9,260.0,4.0,29.81,0.0,10.0,,M,False,False,False,19.0,2026-04-25 22:51:00,10.56,5.56,71.17,30.0,11.0,30.0,0.0,10.0,21.0,M,False,False,False,3.0
2026-04-25,2026,4,25,6,QF,,4116,ATL,ORD,1738.0,1907.0,1746.0,1823.0,,,89.0,,,606.0,0,0,,,,,,DEP_FROM_ATL,ORD,1058.0,2026-04-25 17:38:00,2026-04-25 21:38:00,2026-04-25 23:07:00,2026-04-25 21:52:00,23.33,16.11,63.9,260.0,4.0,29.81,0.0,10.0,,M,False,False,False,14.0,2026-04-25 22:51:00,10.56,5.56,71.17,30.0,11.0,30.0,0.0,10.0,21.0,M,False,False,False,16.0
2026-04-25,2026,4,25,6,MH,,9403,ATL,ORD,1738.0,1907.0,1746.0,1823.0,,,89.0,,,606.0,0,0,,,,,,DEP_FROM_ATL,ORD,1058.0,2026-04-25 17:38:00,2026-04-25 21:38:00,2026-04-25 23:07:00,2026-04-25 21:52:00,23.33,16.11,63.9,260.0,4.0,29.81,0.0,10.0,,M,False,False,False,14.0,2026-04-25 22:51:00,10.56,5.56,71.17,30.0,11.0,30.0,0.0,10.0,21.0,M,False,False,False,16.0
2026-04-25,2026,4,25,6,BA,,6693,ATL,ORD,1738.0,1907.0,1746.0,1823.0,,,89.0,,,606.0,0,0,,,,,,DEP_FROM_ATL,ORD,1058.0,2026-04-25 17:38:00,2026-04-25 21:38:00,2026-04-25 23:07:00,2026-04-25 21:52:00,23.33,16.11,63.9,260.0,4.0,29.81,0.0,10.0,,M,False,False,False,14.0,2026-04-25 22:51:00,10.56,5.56,71.17,30.0,11.0,30.0,0.0,10.0,21.0,M,False,False,False,16.0
2026-04-25,2026,4,25,6,GF,,4226,ATL,ORD,1738.0,1907.0,1746.0,1823.0,,,89.0,,,606.0,0,0,,,,,,DEP_FROM_ATL,ORD,1058.0,2026-04-25 17:38:00,2026-04-25 21:38:00,2026-04-25 23:07:00,2026-04-25 21:52:00,23.33,16.11,63.9,260.0,4.0,29.81,0.0,10.0,,M,False,False,False,14.0,2026-04-25 22:51:00,10.56,5.56,71.17,30.0,11.0,30.0,0.0,10.0,21.0,M,False,False,False,16.0
2026-04-25,2026,4,25,6,AY,,4041,ATL,ORD,1738.0,1907.0,1746.0,1823.0,,,89.0,,,606.0,0,0,,,,,,DEP_FROM_ATL,ORD,1058.0,2026-04-25 17:38:00,2026-04-25 21:38:00,2026-04-25 23:07:00,2026-04-25 21:52:00,23.33,16.11,63.9,260.0,4.0,29.81,0.0,10.0,,M,False,False,False,14.0,2026-04-25 22:51:00,10.56,5.56,71.17,30.0,11.0,30.0,0.0,10.0,21.0,M,False,False,False,16.0
2026-04-25,2026,4,25,6,AS,,6514,ATL,ORD,1738.0,1907.0,1746.0,1823.0,,,89.0,,,606.0,0,0,,,,,,DEP_FROM_ATL,ORD,1058.0,2026-04-25 17:38:00,2026-04-25 21:38:00,2026-04-25 23:07:00,2026-04-25 21:52:00,23.33,16.11,63.9,260.0,4.0,29.81,0.0,10.0,,M,False,False,False,14.0,2026-04-25 22:51:00,10.56,5.56,71.17,30.0,11.0,30.0,0.0,10.0,21.0,M,False,False,False,16.0
2026-04-25,2026,4,25,6,AA,,2737,ATL,ORD,1738.0,1907.0,1746.0,1823.0,,,89.0,,,606.0,0,0,,,,,,DEP_FROM_ATL,ORD,1058.0,2026-04-25 17:38:00,2026-04-25 21:38:00,2026-04-25 23:07:00,2026-04-25 21:52:00,23.33,16.11,63.9,260.0,4.0,29.81,0.0,10.0,,M,False,False,False,14.0,2026-04-25 22:51:00,10.56,5.56,71.17,30.0,11.0,30.0,0.0,10.0,21.0,M,False,False,False,16.0
2026-04-25,2026,4,25,6,KE,,5363,ATL,ORD,1905.0,2016.0,1927.0,2002.0,,,71.0,,,606.0,0,0,,,,,,DEP_FROM_ATL,ORD,1145.0,2026-04-25 19:05:00,2026-04-25 23:05:00,2026-04-26 00:16:00,2026-04-25 22:52:00,23.33,16.11,63.9,250.0,4.0,29.8,0.0,10.0,,M,False,False,False,13.0,2026-04-25 23:51:00,8.89,5.0,76.58,40.0,11.0,30.0,0.0,10.0,,M,False,False,False,25.0
2026-04-25,2026,4,25,6,AF,,3470,ATL,ORD,1905.0,2016.0,1927.0,2002.0,,,71.0,,,606.0,0,0,,,,,,DEP_FROM_ATL,ORD,1145.0,2026-04-25 19:05:00,2026-04-25 23:05:00,2026-04-26 00:16:00,2026-04-25 22:52:00,23.33,16.11,63.9,250.0,4.0,29.8,0.0,10.0,,M,False,False,False,13.0,2026-04-25 23:51:00,8.89,5.0,76.58,40.0,11.0,30.0,0.0,10.0,,M,False,False,False,25.0
2026-04-25,2026,4,25,6,AM,,3357,ATL,ORD,1905.0,2016.0,1927.0,2002.0,,,71.0,,,606.0,0,0,,,,,,DEP_FROM_ATL,ORD,1145.0,2026-04-25 19:05:00,2026-04-25 23:05:00,2026-04-26 00:16:00,2026-04-25 22:52:00,23.33,16.11,63.9,250.0,4.0,29.8,0.0,10.0,,M,False,False,False,13.0,2026-04-25 23:51:00,8.89,5.0,76.58,40.0,11.0,30.0,0.0,10.0,,M,False,False,False,25.0
2026-04-25,2026,4,25,6,DL,,2894,ATL,ORD,1905.0,2016.0,1927.0,2002.0,,,71.0,,,606.0,0,0,,,,,,DEP_FROM_ATL,ORD,1145.0,2026-04-25 19:05:00,2026-04-25 23:05:00,2026-04-26 00:16:00,2026-04-25 22:52:00,23.33,16.11,63.9,250.0,4.0,29.8,0.0,10.0,,M,False,False,False,13.0,2026-04-25 23:51:00,8.89,5.0,76.58,40.0,11.0,30.0,0.0,10.0,,M,False,False,False,25.0
2026-04-25,2026,4,25,6,VS,,4570,ATL,ORD,1905.0,2016.0,1927.0,2002.0,,,71.0,,,606.0,0,0,,,,,,DEP_FROM_ATL,ORD,1145.0,2026-04-25 19:05:00,2026-04-25 23:05:00,2026-04-26 00:16:00,2026-04-25 22:52:00,23.33,16.11,63.9,250.0,4.0,29.8,0.0,10.0,,M,False,False,False,13.0,2026-04-25 23:51:00,8.89,5.0,76.58,40.0,11.0,30.0,0.0,10.0,,M,False,False,False,25.0
2026-04-25,2026,4,25,6,LA,,6277,ATL,ORD,1905.0,2016.0,1927.0,2002.0,,,71.0,,,606.0,0,0,,,,,,DEP_FROM_ATL,ORD,1145.0,2026-04-25 19:05:00,2026-04-25 23:05:00,2026-04-26 00:16:00,2026-04-25 22:52:00,23.33,16.11,63.9,250.0,4.0,29.8,0.0,10.0,,M,False,False,False,13.0,2026-04-25 23:51:00,8.89,5.0,76.58,40.0,11.0,30.0,0.0,10.0,,M,False,False,False,25.0
2026-04-25,2026,4,25,6,KL,,5605,ATL,ORD,1905.0,2016.0,1927.0,2002.0,,,71.0,,,606.0,0,0,,,,,,DEP_FROM_ATL,ORD,1145.0,2026-04-25 19:05:00,2026-04-25 23:05:00,2026-04-26 00:16:00,2026-04-25 22:52:00,23.33,16.11,63.9,250.0,4.0,29.8,0.0,10.0,,M,False,False,False,13.0,2026-04-25 23:51:00,8.89,5.0,76.58,40.0,11.0,30.0,0.0,10.0,,M,False,False,False,25.0
2026-04-25,2026,4,25,6,LH,,7447,ATL,ORD,1910.0,2032.0,1925.0,2001.0,,,82.0,,,606.0,0,0,,,,,,DEP_FROM_ATL,ORD,1150.0,2026-04-25 19:10:00,2026-04-25 23:10:00,2026-04-26 00:32:00,2026-04-25 22:52:00,23.33,16.11,63.9,250.0,4.0,29.8,0.0,10.0,,M,False,False,False,18.0,2026-04-26 00:51:00,7.78,5.0,82.57,30.0,11.0,30.01,0.0,10.0,,M,False,False,False,19.0
2026-04-25,2026,4,25,6,AC,,3301,ATL,ORD,1910.0,2032.0,1925.0,2001.0,,,82.0,,,606.0,0,0,,,,,,DEP_FROM_ATL,ORD,1150.0,2026-04-25 19:10:00,2026-04-25 23:10:00,2026-04-26 00:32:00,2026-04-25 22:52:00,23.33,16.11,63.9,250.0,4.0,29.8,0.0,10.0,,M,False,False,False,18.0,2026-04-26 00:51:00,7.78,5.0,82.57,30.0,11.0,30.01,0.0,10.0,,M,False,False,False,19.0
2026-04-25,2026,4,25,6,UA,,1046,ATL,ORD,1910.0,2032.0,1925.0,2001.0,,,82.0,,,606.0,0,0,,,,,,DEP_FROM_ATL,ORD,1150.0,2026-04-25 19:10:00,2026-04-25 23:10:00,2026-04-26 00:32:00,2026-04-25 22:52:00,23.33,16.11,63.9,250.0,4.0,29.8,0.0,10.0,,M,False,False,False,18.0,2026-04-26 00:51:00,7.78,5.0,82.57,30.0,11.0,30.01,0.0,10.0,,M,False,False,False,19.0
2026-04-25,2026,4,25,6,NZ,,2030,ATL,ORD,1910.0,2032.0,1925.0,2001.0,,,82.0,,,606.0,0,0,,,,,,DEP_FROM_ATL,ORD,1150.0,2026-04-25 19:10:00,2026-04-25 23:10:00,2026-04-26 00:32:00,2026-04-25 22:52:00,23.33,16.11,63.9,250.0,4.0,29.8,0.0,10.0,,M,False,False,False,18.0,2026-04-26 00:51:00,7.78,5.0,82.57,30.0,11.0,30.01,0.0,10.0,,M,False,False,False,19.0
2026-04-25,2026,4,25,6,NK,,397,ATL,ORD,1956.0,2112.0,2004.0,2042.0,,,76.0,,,606.0,0,0,,,,,,DEP_FROM_ATL,ORD,1196.0,2026-04-25 19:56:00,2026-04-25 23:56:00,2026-04-26 01:12:00,2026-04-25 23:52:00,22.78,15.0,61.54,230.0,5.0,29.82,0.0,10.0,,M,False,False,False,4.0,2026-04-26 00:51:00,7.78,5.0,82.57,30.0,11.0,30.01,0.0,10.0,,M,False,False,False,21.0
2026-04-25,2026,4,25,6,AS,,6559,ATL,ORD,2009.0,2134.0,2030.0,2106.0,,,85.0,,,606.0,0,0,,,,,,DEP_FROM_ATL,ORD,1209.0,2026-04-25 20:09:00,2026-04-26 00:09:00,2026-04-26 01:34:00,2026-04-25 23:52:00,22.78,15.0,61.54,230.0,5.0,29.82,0.0,10.0,,M,False,False,False,17.0,2026-04-26 01:51:00,8.33,4.44,76.49,20.0,9.0,30.02,0.0,10.0,,M,False,False,False,17.0
2026-04-25,2026,4,25,6,GF,,6490,ATL,ORD,2009.0,2134.0,2030.0,2106.0,,,85.0,,,606.0,0,0,,,,,,DEP_FROM_ATL,ORD,1209.0,2026-04-25 20:09:00,2026-04-26 00:09:00,2026-04-26 01:34:00,2026-04-25 23:52:00,22.78,15.0,61.54,230.0,5.0,29.82,0.0,10.0,,M,False,False,False,17.0,2026-04-26 01:51:00,8.33,4.44,76.49,20.0,9.0,30.02,0.0,10.0,,M,False,False,False,17.0
2026-04-25,2026,4,25,6,AA,,1855,ATL,ORD,2009.0,2134.0,2030.0,2106.0,,,85.0,,,606.0,0,0,,,,,,DEP_FROM_ATL,ORD,1209.0,2026-04-25 20:09:00,2026-04-26 00:09:00,2026-04-26 01:34:00,2026-04-25 23:52:00,22.78,15.0,61.54,230.0,5.0,29.82,0.0,10.0,,M,False,False,False,17.0,2026-04-26 01:51:00,8.33,4.44,76.49,20.0,9.0,30.02,0.0,10.0,,M,False,False,False,17.0
2026-04-25,2026,4,25,6,BA,,2425,ATL,ORD,2009.0,2134.0,2030.0,2106.0,,,85.0,,,606.0,0,0,,,,,,DEP_FROM_ATL,ORD,1209.0,2026-04-25 20:09:00,2026-04-26 00:09:00,2026-04-26 01:34:00,2026-04-25 23:52:00,22.78,15.0,61.54,230.0,5.0,29.82,0.0,10.0,,M,False,False,False,17.0,2026-04-26 01:51:00,8.33,4.44,76.49,20.0,9.0,30.02,0.0,10.0,,M,False,False,False,17.0
2026-04-25,2026,4,25,6,GF,,6490,ATL,ORD,2009.0,2134.0,2030.0,2106.0,,,85.0,,,606.0,0,0,,,,,,DEP_FROM_ATL,ORD,1209.0,2026-04-25 20:09:00,2026-04-26 00:09:00,2026-04-26 01:34:00,2026-04-25 23:52:00,22.78,15.0,61.54,230.0,5.0,29.82,0.0,10.0,,M,False,False,False,17.0,2026-04-26 01:51:00,8.33,4.44,76.49,20.0,9.0,30.02,0.0,10.0,,M,False,False,False,17.0
2026-04-25,2026,4,25,6,AS,,6559,ATL,ORD,2009.0,2134.0,2030.0,2106.0,,,85.0,,,606.0,0,0,,,,,,DEP_FROM_ATL,ORD,1209.0,2026-04-25 20:09:00,2026-04-26 00:09:00,2026-04-26 01:34:00,2026-04-25 23:52:00,22.78,15.0,61.54,230.0,5.0,29.82,0.0,10.0,,M,False,False,False,17.0,2026-04-26 01:51:00,8.33,4.44,76.49,20.0,9.0,30.02,0.0,10.0,,M,False,False,False,17.0
2026-04-25,2026,4,25,6,BA,,2425,ATL,ORD,2009.0,2134.0,2030.0,2106.0,,,85.0,,,606.0,0,0,,,,,,DEP_FROM_ATL,ORD,1209.0,2026-04-25 20:09:00,2026-04-26 00:09:00,2026-04-26 01:34:00,2026-04-25 23:52:00,22.78,15.0,61.54,230.0,5.0,29.82,0.0,10.0,,M,False,False,False,17.0,2026-04-26 01:51:00,8.33,4.44,76.49,20.0,9.0,30.02,0.0,10.0,,M,False,False,False,17.0
2026-04-25,2026,4,25,6,IB,,8364,ATL,ORD,2009.0,2134.0,2030.0,2106.0,,,85.0,,,606.0,0,0,,,,,,DEP_FROM_ATL,ORD,1209.0,2026-04-25 20:09:00,2026-04-26 00:09:00,2026-04-26 01:34:00,2026-04-25 23:52:00,22.78,15.0,61.54,230.0,5.0,29.82,0.0,10.0,,M,False,False,False,17.0,2026-04-26 01:51:00,8.33,4.44,76.49,20.0,9.0,30.02,0.0,10.0,,M,False,False,False,17.0
2026-04-25,2026,4,25,6,MH,,9484,ATL,ORD,2009.0,2134.0,2030.0,2106.0,,,85.0,,,606.0,0,0,,,,,,DEP_FROM_ATL,ORD,1209.0,2026-04-25 20:09:00,2026-04-26 00:09:00,2026-04-26 01:34:00,2026-04-25 23:52:00,22.78,15.0,61.54,230.0,5.0,29.82,0.0,10.0,,M,False,False,False,17.0,2026-04-26 01:51:00,8.33,4.44,76.49,20.0,9.0,30.02,0.0,10.0,,M,False,False,False,17.0
2026-04-25,2026,4,25,6,IB,,8364,ATL,ORD,2009.0,2134.0,2030.0,2106.0,,,85.0,,,606.0,0,0,,,,,,DEP_FROM_ATL,ORD,1209.0,2026-04-25 20:09:00,2026-04-26 00:09:00,2026-04-26 01:34:00,2026-04-25 23:52:00,22.78,15.0,61.54,230.0,5.0,29.82,0.0,10.0,,M,False,False,False,17.0,2026-04-26 01:51:00,8.33,4.44,76.49,20.0,9.0,30.02,0.0,10.0,,M,False,False,False,17.0
2026-04-25,2026,4,25,6,F9,,3397,ATL,ORD,2115.0,2239.0,2117.0,2148.0,,,84.0,,,606.0,0,0,,,,,,DEP_FROM_ATL,ORD,1275.0,2026-04-25 21:15:00,2026-04-26 01:15:00,2026-04-26 02:39:00,2026-04-26 00:52:00,21.67,16.11,70.7,210.0,6.0,29.83,0.0,10.0,,M,False,False,False,23.0,2026-04-26 02:51:00,7.78,4.44,79.43,30.0,8.0,30.02,0.0,10.0,,M,False,False,False,12.0
2026-04-25,2026,4,25,6,Y4,,2598,ATL,ORD,2115.0,2239.0,2117.0,2148.0,,,84.0,,,606.0,0,0,,,,,,DEP_FROM_ATL,ORD,1275.0,2026-04-25 21:15:00,2026-04-26 01:15:00,2026-04-26 02:39:00,2026-04-26 00:52:00,21.67,16.11,70.7,210.0,6.0,29.83,0.0,10.0,,M,False,False,False,23.0,2026-04-26 02:51:00,7.78,4.44,79.43,30.0,8.0,30.02,0.0,10.0,,M,False,False,False,12.0
2026-04-25,2026,4,25,6,AM,,3656,ATL,ORD,2249.0,2359.0,2307.0,2340.0,,,70.0,,,606.0,0,0,,,,,,DEP_FROM_ATL,ORD,1369.0,2026-04-25 22:49:00,2026-04-26 02:49:00,2026-04-26 03:59:00,2026-04-26 02:48:00,21.0,17.0,77.93,190.0,9.0,29.83,0.001,10.0,,-RA,True,False,False,1.0,2026-04-26 03:51:00,7.78,4.44,79.43,60.0,10.0,30.02,0.0,10.0,,M,False,False,False,8.0
2026-04-25,2026,4,25,6,DL,,1199,ATL,ORD,2249.0,2359.0,2307.0,2340.0,,,70.0,,,606.0,0,0,,,,,,DEP_FROM_ATL,ORD,1369.0,2026-04-25 22:49:00,2026-04-26 02:49:00,2026-04-26 03:59:00,2026-04-26 02:48:00,21.0,17.0,77.93,190.0,9.0,29.83,0.001,10.0,,-RA,True,False,False,1.0,2026-04-26 03:51:00,7.78,4.44,79.43,60.0,10.0,30.02,0.0,10.0,,M,False,False,False,8.0
2026-04-25,2026,4,25,6,AF,,2136,ATL,ORD,2249.0,2359.0,2307.0,2340.0,,,70.0,,,606.0,0,0,,,,,,DEP_FROM_ATL,ORD,1369.0,2026-04-25 22:49:00,2026-04-26 02:49:00,2026-04-26 03:59:00,2026-04-26 02:48:00,21.0,17.0,77.93,190.0,9.0,29.83,0.001,10.0,,-RA,True,False,False,1.0,2026-04-26 03:51:00,7.78,4.44,79.43,60.0,10.0,30.02,0.0,10.0,,M,False,False,False,8.0
2026-04-25,2026,4,25,6,KE,,6987,ATL,ORD,2249.0,2359.0,2307.0,2340.0,,,70.0,,,606.0,0,0,,,,,,DEP_FROM_ATL,ORD,1369.0,2026-04-25 22:49:00,2026-04-26 02:49:00,2026-04-26 03:59:00,2026-04-26 02:48:00,21.0,17.0,77.93,190.0,9.0,29.83,0.001,10.0,,-RA,True,False,False,1.0,2026-04-26 03:51:00,7.78,4.44,79.43,60.0,10.0,30.02,0.0,10.0,,M,False,False,False,8.0
2026-04-25,2026,4,25,6,LA,,6128,ATL,ORD,2249.0,2359.0,2307.0,2340.0,,,70.0,,,606.0,0,0,,,,,,DEP_FROM_ATL,ORD,1369.0,2026-04-25 22:49:00,2026-04-26 02:49:00,2026-04-26 03:59:00,2026-04-26 02:48:00,21.0,17.0,77.93,190.0,9.0,29.83,0.001,10.0,,-RA,True,False,False,1.0,2026-04-26 03:51:00,7.78,4.44,79.43,60.0,10.0,30.02,0.0,10.0,,M,False,False,False,8.0
2026-04-25,2026,4,25,6,KL,,5604,ATL,ORD,2249.0,2359.0,2307.0,2340.0,,,70.0,,,606.0,0,0,,,,,,DEP_FROM_ATL,ORD,1369.0,2026-04-25 22:49:00,2026-04-26 02:49:00,2026-04-26 03:59:00,2026-04-26 02:48:00,21.0,17.0,77.93,190.0,9.0,29.83,0.001,10.0,,-RA,True,False,False,1.0,2026-04-26 03:51:00,7.78,4.44,79.43,60.0,10.0,30.02,0.0,10.0,,M,False,False,False,8.0
2026-04-25,2026,4,25,6,VS,,4461,ATL,ORD,2249.0,2359.0,2307.0,2340.0,,,70.0,,,606.0,0,0,,,,,,DEP_FROM_ATL,ORD,1369.0,2026-04-25 22:49:00,2026-04-26 02:49:00,2026-04-26 03:59:00,2026-04-26 02:48:00,21.0,17.0,77.93,190.0,9.0,29.83,0.001,10.0,,-RA,True,False,False,1.0,2026-04-26 03:51:00,7.78,4.44,79.43,60.0,10.0,30.02,0.0,10.0,,M,False,False,False,8.0
2026-04-26,2026,4,26,7,JL,,7301,ATL,ORD,636.0,759.0,646.0,729.0,,,83.0,,,606.0,0,0,,,,,,DEP_FROM_ATL,ORD,396.0,2026-04-26 06:36:00,2026-04-26 10:36:00,2026-04-26 11:59:00,2026-04-26 10:52:00,17.22,16.11,93.19,320.0,3.0,29.87,0.001,0.25,,-DZ BR,True,True,False,16.0,2026-04-26 12:04:00,7.78,6.67,92.68,80.0,4.0,30.06,0.0,4.0,,BR,False,False,False,5.0
2026-04-26,2026,4,26,7,BA,,1923,ATL,ORD,636.0,759.0,646.0,729.0,,,83.0,,,606.0,0,0,,,,,,DEP_FROM_ATL,ORD,396.0,2026-04-26 06:36:00,2026-04-26 10:36:00,2026-04-26 11:59:00,2026-04-26 10:52:00,17.22,16.11,93.19,320.0,3.0,29.87,0.001,0.25,,-DZ BR,True,True,False,16.0,2026-04-26 12:04:00,7.78,6.67,92.68,80.0,4.0,30.06,0.0,4.0,,BR,False,False,False,5.0
2026-04-26,2026,4,26,7,QF,,4624,ATL,ORD,636.0,759.0,646.0,729.0,,,83.0,,,606.0,0,0,,,,,,DEP_FROM_ATL,ORD,396.0,2026-04-26 06:36:00,2026-04-26 10:36:00,2026-04-26 11:59:00,2026-04-26 10:52:00,17.22,16.11,93.19,320.0,3.0,29.87,0.001,0.25,,-DZ BR,True,True,False,16.0,2026-04-26 12:04:00,7.78,6.67,92.68,80.0,4.0,30.06,0.0,4.0,,BR,False,False,False,5.0
2026-04-26,2026,4,26,7,AA,,2132,ATL,ORD,636.0,759.0,646.0,729.0,,,83.0,,,606.0,0,0,,,,,,DEP_FROM_ATL,ORD,396.0,2026-04-26 06:36:00,2026-04-26 10:36:00,2026-04-26 11:59:00,2026-04-26 10:52:00,17.22,16.11,93.19,320.0,3.0,29.87,0.001,0.25,,-DZ BR,True,True,False,16.0,2026-04-26 12:04:00,7.78,6.67,92.68,80.0,4.0,30.06,0.0,4.0,,BR,False,False,False,5.0
2026-04-26,2026,4,26,7,KE,,3775,ATL,ORD,728.0,837.0,747.0,825.0,,,69.0,,,606.0,0,0,,,,,,DEP_FROM_ATL,ORD,448.0,2026-04-26 07:28:00,2026-04-26 11:28:00,2026-04-26 12:37:00,2026-04-26 11:52:00,17.22,16.11,93.19,360.0,6.0,29.89,0.0,0.25,,FG,False,True,False,24.0,2026-04-26 12:37:00,8.33,7.22,92.71,,6.0,30.08,0.0,2.5,,BR,False,True,False,0.0
2026-04-26,2026,4,26,7,LA,,6106,ATL,ORD,728.0,837.0,747.0,825.0,,,69.0,,,606.0,0,0,,,,,,DEP_FROM_ATL,ORD,448.0,2026-04-26 07:28:00,2026-04-26 11:28:00,2026-04-26 12:37:00,2026-04-26 11:52:00,17.22,16.11,93.19,360.0,6.0,29.89,0.0,0.25,,FG,False,True,False,24.0,2026-04-26 12:37:00,8.33,7.22,92.71,,6.0,30.08,0.0,2.5,,BR,False,True,False,0.0
2026-04-26,2026,4,26,7,DL,,1178,ATL,ORD,728.0,837.0,747.0,825.0,,,69.0,,,606.0,0,0,,,,,,DEP_FROM_ATL,ORD,448.0,2026-04-26 07:28:00,2026-04-26 11:28:00,2026-04-26 12:37:00,2026-04-26 11:52:00,17.22,16.11,93.19,360.0,6.0,29.89,0.0,0.25,,FG,False,True,False,24.0,2026-04-26 12:37:00,8.33,7.22,92.71,,6.0,30.08,0.0,2.5,,BR,False,True,False,0.0
2026-04-26,2026,4,26,7,AC,,3304,ATL,ORD,815.0,934.0,841.0,924.0,,,79.0,,,606.0,0,0,,,,,,DEP_FROM_ATL,ORD,495.0,2026-04-26 08:15:00,2026-04-26 12:15:00,2026-04-26 13:34:00,2026-04-26 12:17:00,17.78,16.67,93.22,20.0,4.0,29.89,0.0,0.25,,BR,False,True,False,2.0,2026-04-26 13:21:00,8.89,7.22,89.28,70.0,7.0,30.08,0.0,4.0,,BR,False,False,False,13.0
2026-04-26,2026,4,26,7,NZ,,2018,ATL,ORD,815.0,934.0,841.0,924.0,,,79.0,,,606.0,0,0,,,,,,DEP_FROM_ATL,ORD,495.0,2026-04-26 08:15:00,2026-04-26 12:15:00,2026-04-26 13:34:00,2026-04-26 12:17:00,17.78,16.67,93.22,20.0,4.0,29.89,0.0,0.25,,BR,False,True,False,2.0,2026-04-26 13:21:00,8.89,7.22,89.28,70.0,7.0,30.08,0.0,4.0,,BR,False,False,False,13.0
2026-04-26,2026,4,26,7,NH,,7421,ATL,ORD,815.0,934.0,841.0,924.0,,,79.0,,,606.0,0,0,,,,,,DEP_FROM_ATL,ORD,495.0,2026-04-26 08:15:00,2026-04-26 12:15:00,2026-04-26 13:34:00,2026-04-26 12:17:00,17.78,16.67,93.22,20.0,4.0,29.89,0.0,0.25,,BR,False,True,False,2.0,2026-04-26 13:21:00,8.89,7.22,89.28,70.0,7.0,30.08,0.0,4.0,,BR,False,False,False,13.0
2026-04-26,2026,4,26,7,UA,,1554,ATL,ORD,815.0,934.0,841.0,924.0,,,79.0,,,606.0,0,0,,,,,,DEP_FROM_ATL,ORD,495.0,2026-04-26 08:15:00,2026-04-26 12:15:00,2026-04-26 13:34:00,2026-04-26 12:17:00,17.78,16.67,93.22,20.0,4.0,29.89,0.0,0.25,,BR,False,True,False,2.0,2026-04-26 13:21:00,8.89,7.22,89.28,70.0,7.0,30.08,0.0,4.0,,BR,False,False,False,13.0
2026-04-26,2026,4,26,7,DL,,1147,ATL,ORD,900.0,1009.0,912.0,946.0,,,69.0,,,606.0,0,0,,,,,,DEP_FROM_ATL,ORD,540.0,2026-04-26 09:00:00,2026-04-26 13:00:00,2026-04-26 14:09:00,2026-04-26 12:52:00,19.44,17.22,87.0,50.0,4.0,29.9,0.0,10.0,,M,False,False,False,8.0,2026-04-26 14:09:00,9.44,7.22,86.0,60.0,8.0,30.09,0.0,4.0,,BR,False,False,False,0.0
2026-04-26,2026,4,26,7,WS,,6879,ATL,ORD,900.0,1009.0,912.0,946.0,,,69.0,,,606.0,0,0,,,,,,DEP_FROM_ATL,ORD,540.0,2026-04-26 09:00:00,2026-04-26 13:00:00,2026-04-26 14:09:00,2026-04-26 12:52:00,19.44,17.22,87.0,50.0,4.0,29.9,0.0,10.0,,M,False,False,False,8.0,2026-04-26 14:09:00,9.44,7.22,86.0,60.0,8.0,30.09,0.0,4.0,,BR,False,False,False,0.0
2026-04-26,2026,4,26,7,KE,,3158,ATL,ORD,900.0,1009.0,912.0,946.0,,,69.0,,,606.0,0,0,,,,,,DEP_FROM_ATL,ORD,540.0,2026-04-26 09:00:00,2026-04-26 13:00:00,2026-04-26 14:09:00,2026-04-26 12:52:00,19.44,17.22,87.0,50.0,4.0,29.9,0.0,10.0,,M,False,False,False,8.0,2026-04-26 14:09:00,9.44,7.22,86.0,60.0,8.0,30.09,0.0,4.0,,BR,False,False,False,0.0
2026-04-26,2026,4,26,7,AM,,4235,ATL,ORD,900.0,1009.0,912.0,946.0,,,69.0,,,606.0,0,0,,,,,,DEP_FROM_ATL,ORD,540.0,2026-04-26 09:00:00,2026-04-26 13:00:00,2026-04-26 14:09:00,2026-04-26 12:52:00,19.44,17.22,87.0,50.0,4.0,29.9,0.0,10.0,,M,False,False,False,8.0,2026-04-26 14:09:00,9.44,7.22,86.0,60.0,8.0,30.09,0.0,4.0,,BR,False,False,False,0.0
2026-04-26,2026,4,26,7,LA,,6161,ATL,ORD,900.0,1009.0,912.0,946.0,,,69.0,,,606.0,0,0,,,,,,DEP_FROM_ATL,ORD,540.0,2026-04-26 09:00:00,2026-04-26 13:00:00,2026-04-26 14:09:00,2026-04-26 12:52:00,19.44,17.22,87.0,50.0,4.0,29.9,0.0,10.0,,M,False,False,False,8.0,2026-04-26 14:09:00,9.44,7.22,86.0,60.0,8.0,30.09,0.0,4.0,,BR,False,False,False,0.0
2026-04-26,2026,4,26,7,NK,,397,ATL,ORD,912.0,1023.0,920.0,1000.0,,,71.0,,,606.0,0,0,,,,,,DEP_FROM_ATL,ORD,552.0,2026-04-26 09:12:00,2026-04-26 13:12:00,2026-04-26 14:23:00,2026-04-26 12:52:00,19.44,17.22,87.0,50.0,4.0,29.9,0.0,10.0,,M,False,False,False,20.0,2026-04-26 14:09:00,9.44,7.22,86.0,60.0,8.0,30.09,0.0,4.0,,BR,False,False,False,14.0
2026-04-26,2026,4,26,7,Y4,,2153,ATL,ORD,1010.0,1133.0,1032.0,1112.0,,,83.0,,,606.0,0,0,,,,,,DEP_FROM_ATL,ORD,610.0,2026-04-26 10:10:00,2026-04-26 14:10:00,2026-04-26 15:33:00,2026-04-26 13:52:00,20.0,17.22,84.05,300.0,4.0,29.91,0.0,9.0,,M,False,False,False,18.0,2026-04-26 15:51:00,9.44,7.22,86.0,90.0,8.0,30.1,0.0,9.0,,M,False,False,False,18.0
2026-04-26,2026,4,26,7,F9,,1441,ATL,ORD,1010.0,1133.0,1032.0,1112.0,,,83.0,,,606.0,0,0,,,,,,DEP_FROM_ATL,ORD,610.0,2026-04-26 10:10:00,2026-04-26 14:10:00,2026-04-26 15:33:00,2026-04-26 13:52:00,20.0,17.22,84.05,300.0,4.0,29.91,0.0,9.0,,M,False,False,False,18.0,2026-04-26 15:51:00,9.44,7.22,86.0,90.0,8.0,30.1,0.0,9.0,,M,False,False,False,18.0
2026-04-26,2026,4,26,7,QF,,4745,ATL,ORD,1017.0,1138.0,1041.0,1125.0,,,81.0,,,606.0,0,0,,,,,,DEP_FROM_ATL,ORD,617.0,2026-04-26 10:17:00,2026-04-26 14:17:00,2026-04-26 15:38:00,2026-04-26 14:32:00,21.67,17.22,75.87,340.0,6.0,29.92,0.0,10.0,,M,False,False,False,15.0,2026-04-26 15:51:00,9.44,7.22,86.0,90.0,8.0,30.1,0.0,9.0,,M,False,False,False,13.0
2026-04-26,2026,4,26,7,QR,,7885,ATL,ORD,1017.0,1138.0,1041.0,1125.0,,,81.0,,,606.0,0,0,,,,,,DEP_FROM_ATL,ORD,617.0,2026-04-26 10:17:00,2026-04-26 14:17:00,2026-04-26 15:38:00,2026-04-26 14:32:00,21.67,17.22,75.87,340.0,6.0,29.92,0.0,10.0,,M,False,False,False,15.0,2026-04-26 15:51:00,9.44,7.22,86.0,90.0,8.0,30.1,0.0,9.0,,M,False,False,False,13.0
2026-04-26,2026,4,26,7,RJ,,7442,ATL,ORD,1017.0,1138.0,1041.0,1125.0,,,81.0,,,606.0,0,0,,,,,,DEP_FROM_ATL,ORD,617.0,2026-04-26 10:17:00,2026-04-26 14:17:00,2026-04-26 15:38:00,2026-04-26 14:32:00,21.67,17.22,75.87,340.0,6.0,29.92,0.0,10.0,,M,False,False,False,15.0,2026-04-26 15:51:00,9.44,7.22,86.0,90.0,8.0,30.1,0.0,9.0,,M,False,False,False,13.0
2026-04-26,2026,4,26,7,IB,,8355,ATL,ORD,1017.0,1138.0,1041.0,1125.0,,,81.0,,,606.0,0,0,,,,,,DEP_FROM_ATL,ORD,617.0,2026-04-26 10:17:00,2026-04-26 14:17:00,2026-04-26 15:38:00,2026-04-26 14:32:00,21.67,17.22,75.87,340.0,6.0,29.92,0.0,10.0,,M,False,False,False,15.0,2026-04-26 15:51:00,9.44,7.22,86.0,90.0,8.0,30.1,0.0,9.0,,M,False,False,False,13.0
2026-04-26,2026,4,26,7,CX,,7619,ATL,ORD,1017.0,1138.0,1041.0,1125.0,,,81.0,,,606.0,0,0,,,,,,DEP_FROM_ATL,ORD,617.0,2026-04-26 10:17:00,2026-04-26 14:17:00,2026-04-26 15:38:00,2026-04-26 14:32:00,21.67,17.22,75.87,340.0,6.0,29.92,0.0,10.0,,M,False,False,False,15.0,2026-04-26 15:51:00,9.44,7.22,86.0,90.0,8.0,30.1,0.0,9.0,,M,False,False,False,13.0
2026-04-26,2026,4,26,7,AS,,4433,ATL,ORD,1017.0,1138.0,1041.0,1125.0,,,81.0,,,606.0,0,0,,,,,,DEP_FROM_ATL,ORD,617.0,2026-04-26 10:17:00,2026-04-26 14:17:00,2026-04-26 15:38:00,2026-04-26 14:32:00,21.67,17.22,75.87,340.0,6.0,29.92,0.0,10.0,,M,False,False,False,15.0,2026-04-26 15:51:00,9.44,7.22,86.0,90.0,8.0,30.1,0.0,9.0,,M,False,False,False,13.0
2026-04-26,2026,4,26,7,AA,,4085,ATL,ORD,1017.0,1138.0,1041.0,1125.0,,,81.0,,,606.0,0,0,,,,,,DEP_FROM_ATL,ORD,617.0,2026-04-26 10:17:00,2026-04-26 14:17:00,2026-04-26 15:38:00,2026-04-26 14:32:00,21.67,17.22,75.87,340.0,6.0,29.92,0.0,10.0,,M,False,False,False,15.0,2026-04-26 15:51:00,9.44,7.22,86.0,90.0,8.0,30.1,0.0,9.0,,M,False,False,False,13.0
2026-04-26,2026,4,26,7,JL,,7481,ATL,ORD,1017.0,1138.0,1041.0,1125.0,,,81.0,,,606.0,0,0,,,,,,DEP_FROM_ATL,ORD,617.0,2026-04-26 10:17:00,2026-04-26 14:17:00,2026-04-26 15:38:00,2026-04-26 14:32:00,21.67,17.22,75.87,340.0,6.0,29.92,0.0,10.0,,M,False,False,False,15.0,2026-04-26 15:51:00,9.44,7.22,86.0,90.0,8.0,30.1,0.0,9.0,,M,False,False,False,13.0
2026-04-26,2026,4,26,7,BA,,1723,ATL,ORD,1017.0,1138.0,1041.0,1125.0,,,81.0,,,606.0,0,0,,,,,,DEP_FROM_ATL,ORD,617.0,2026-04-26 10:17:00,2026-04-26 14:17:00,2026-04-26 15:38:00,2026-04-26 14:32:00,21.67,17.22,75.87,340.0,6.0,29.92,0.0,10.0,,M,False,False,False,15.0,2026-04-26 15:51:00,9.44,7.22,86.0,90.0,8.0,30.1,0.0,9.0,,M,False,False,False,13.0
2026-04-26,2026,4,26,7,LX,,3243,ATL,ORD,1125.0,1247.0,1137.0,1216.0,,,82.0,,,606.0,0,0,,,,,,DEP_FROM_ATL,ORD,685.0,2026-04-26 11:25:00,2026-04-26 15:25:00,2026-04-26 16:47:00,2026-04-26 15:14:00,22.22,17.22,73.34,290.0,5.0,29.93,0.0,10.0,,M,False,False,False,11.0,2026-04-26 16:51:00,11.11,7.22,76.94,60.0,9.0,30.09,0.0,10.0,,M,False,False,False,4.0
2026-04-26,2026,4,26,7,AC,,3303,ATL,ORD,1125.0,1247.0,1137.0,1216.0,,,82.0,,,606.0,0,0,,,,,,DEP_FROM_ATL,ORD,685.0,2026-04-26 11:25:00,2026-04-26 15:25:00,2026-04-26 16:47:00,2026-04-26 15:14:00,22.22,17.22,73.34,290.0,5.0,29.93,0.0,10.0,,M,False,False,False,11.0,2026-04-26 16:51:00,11.11,7.22,76.94,60.0,9.0,30.09,0.0,10.0,,M,False,False,False,4.0
2026-04-26,2026,4,26,7,NZ,,2022,ATL,ORD,1125.0,1247.0,1137.0,1216.0,,,82.0,,,606.0,0,0,,,,,,DEP_FROM_ATL,ORD,685.0,2026-04-26 11:25:00,2026-04-26 15:25:00,2026-04-26 16:47:00,2026-04-26 15:14:00,22.22,17.22,73.34,290.0,5.0,29.93,0.0,10.0,,M,False,False,False,11.0,2026-04-26 16:51:00,11.11,7.22,76.94,60.0,9.0,30.09,0.0,10.0,,M,False,False,False,4.0
2026-04-26,2026,4,26,7,UA,,745,ATL,ORD,1125.0,1247.0,1137.0,1216.0,,,82.0,,,606.0,0,0,,,,,,DEP_FROM_ATL,ORD,685.0,2026-04-26 11:25:00,2026-04-26 15:25:00,2026-04-26 16:47:00,2026-04-26 15:14:00,22.22,17.22,73.34,290.0,5.0,29.93,0.0,10.0,,M,False,False,False,11.0,2026-04-26 16:51:00,11.11,7.22,76.94,60.0,9.0,30.09,0.0,10.0,,M,False,False,False,4.0
2026-04-26,2026,4,26,7,LA,,6414,ATL,ORD,1206.0,1314.0,1221.0,1259.0,,,68.0,,,606.0,0,0,,,,,,DEP_FROM_ATL,ORD,726.0,2026-04-26 12:06:00,2026-04-26 16:06:00,2026-04-26 17:14:00,2026-04-26 15:52:00,24.44,17.22,64.15,280.0,6.0,29.93,0.0,10.0,,M,False,False,False,14.0,2026-04-26 16:51:00,11.11,7.22,76.94,60.0,9.0,30.09,0.0,10.0,,M,False,False,False,23.0
2026-04-26,2026,4,26,7,KE,,3774,ATL,ORD,1206.0,1314.0,1221.0,1259.0,,,68.0,,,606.0,0,0,,,,,,DEP_FROM_ATL,ORD,726.0,2026-04-26 12:06:00,2026-04-26 16:06:00,2026-04-26 17:14:00,2026-04-26 15:52:00,24.44,17.22,64.15,280.0,6.0,29.93,0.0,10.0,,M,False,False,False,14.0,2026-04-26 16:51:00,11.11,7.22,76.94,60.0,9.0,30.09,0.0,10.0,,M,False,False,False,23.0
2026-04-26,2026,4,26,7,WS,,7273,ATL,ORD,1206.0,1314.0,1221.0,1259.0,,,68.0,,,606.0,0,0,,,,,,DEP_FROM_ATL,ORD,726.0,2026-04-26 12:06:00,2026-04-26 16:06:00,2026-04-26 17:14:00,2026-04-26 15:52:00,24.44,17.22,64.15,280.0,6.0,29.93,0.0,10.0,,M,False,False,False,14.0,2026-04-26 16:51:00,11.11,7.22,76.94,60.0,9.0,30.09,0.0,10.0,,M,False,False,False,23.0
2026-04-26,2026,4,26,7,AM,,4478,ATL,ORD,1206.0,1314.0,1221.0,1259.0,,,68.0,,,606.0,0,0,,,,,,DEP_FROM_ATL,ORD,726.0,2026-04-26 12:06:00,2026-04-26 16:06:00,2026-04-26 17:14:00,2026-04-26 15:52:00,24.44,17.22,64.15,280.0,6.0,29.93,0.0,10.0,,M,False,False,False,14.0,2026-04-26 16:51:00,11.11,7.22,76.94,60.0,9.0,30.09,0.0,10.0,,M,False,False,False,23.0
2026-04-26,2026,4,26,7,DL,,1477,ATL,ORD,1206.0,1314.0,1221.0,1259.0,,,68.0,,,606.0,0,0,,,,,,DEP_FROM_ATL,ORD,726.0,2026-04-26 12:06:00,2026-04-26 16:06:00,2026-04-26 17:14:00,2026-04-26 15:52:00,24.44,17.22,64.15,280.0,6.0,29.93,0.0,10.0,,M,False,False,False,14.0,2026-04-26 16:51:00,11.11,7.22,76.94,60.0,9.0,30.09,0.0,10.0,,M,False,False,False,23.0
2026-04-26,2026,4,26,7,AC,,3305,ATL,ORD,1333.0,1455.0,1338.0,,,5.0,82.0,,,606.0,0,0,,,,,,DEP_FROM_ATL,ORD,813.0,2026-04-26 13:33:00,2026-04-26 17:33:00,2026-04-26 18:55:00,2026-04-26 17:52:00,26.67,15.0,48.8,280.0,8.0,29.92,0.0,10.0,,M,False,False,False,19.0,2026-04-26 18:51:00,13.33,7.78,69.05,60.0,11.0,30.05,0.0,10.0,,M,False,False,False,4.0
2026-04-26,2026,4,26,7,UA,,1396,ATL,ORD,1333.0,1455.0,,,,,82.0,,,606.0,0,0,,,,,,DEP_FROM_ATL,ORD,813.0,2026-04-26 13:33:00,2026-04-26 17:33:00,2026-04-26 18:55:00,2026-04-26 17:52:00,26.67,15.0,48.8,280.0,8.0,29.92,0.0,10.0,,M,False,False,False,19.0,2026-04-26 18:51:00,13.33,7.78,69.05,60.0,11.0,30.05,0.0,10.0,,M,False,False,False,4.0
2026-04-26,2026,4,26,7,OS,,7724,ATL,ORD,1333.0,1455.0,1338.0,,,5.0,82.0,,,606.0,0,0,,,,,,DEP_FROM_ATL,ORD,813.0,2026-04-26 13:33:00,2026-04-26 17:33:00,2026-04-26 18:55:00,2026-04-26 17:52:00,26.67,15.0,48.8,280.0,8.0,29.92,0.0,10.0,,M,False,False,False,19.0,2026-04-26 18:51:00,13.33,7.78,69.05,60.0,11.0,30.05,0.0,10.0,,M,False,False,False,4.0
2026-04-26,2026,4,26,7,NZ,,2020,ATL,ORD,1333.0,1455.0,1338.0,,,5.0,82.0,,,606.0,0,0,,,,,,DEP_FROM_ATL,ORD,813.0,2026-04-26 13:33:00,2026-04-26 17:33:00,2026-04-26 18:55:00,2026-04-26 17:52:00,26.67,15.0,48.8,280.0,8.0,29.92,0.0,10.0,,M,False,False,False,19.0,2026-04-26 18:51:00,13.33,7.78,69.05,60.0,11.0,30.05,0.0,10.0,,M,False,False,False,4.0
2026-04-26,2026,4,26,7,LH,,7445,ATL,ORD,1333.0,1455.0,1338.0,,,5.0,82.0,,,606.0,0,0,,,,,,DEP_FROM_ATL,ORD,813.0,2026-04-26 13:33:00,2026-04-26 17:33:00,2026-04-26 18:55:00,2026-04-26 17:52:00,26.67,15.0,48.8,280.0,8.0,29.92,0.0,10.0,,M,False,False,False,19.0,2026-04-26 18:51:00,13.33,7.78,69.05,60.0,11.0,30.05,0.0,10.0,,M,False,False,False,4.0
2026-04-26,2026,4,26,7,DL,N928DU,2738,ATL,ORD,1533.0,1642.0,,,,,69.0,,,606.0,0,0,,,,,,DEP_FROM_ATL,ORD,933.0,2026-04-26 15:33:00,2026-04-26 19:33:00,2026-04-26 20:42:00,2026-04-26 19:52:00,27.78,13.89,42.56,320.0,9.0,29.89,0.0,10.0,,M,False,False,False,19.0,2026-04-26 19:51:00,14.44,7.78,64.25,80.0,10.0,30.04,0.0,10.0,,M,False,False,False,51.0
2026-04-26,2026,4,26,7,UA,N897UA,516,ATL,ORD,1537.0,1659.0,,,,,82.0,,,606.0,0,0,,,,,,DEP_FROM_ATL,ORD,937.0,2026-04-26 15:37:00,2026-04-26 19:37:00,2026-04-26 20:59:00,2026-04-26 19:52:00,27.78,13.89,42.56,320.0,9.0,29.89,0.0,10.0,,M,False,False,False,15.0,2026-04-26 19:51:00,14.44,7.78,64.25,80.0,10.0,30.04,0.0,10.0,,M,False,False,False,68.0
2026-04-26,2026,4,26,7,DL,,2879,ATL,ORD,1724.0,1835.0,,,,,71.0,,,606.0,0,0,,,,,,DEP_FROM_ATL,ORD,1044.0,2026-04-26 17:24:00,2026-04-26 21:24:00,2026-04-26 22:35:00,,,,,,,,,,,,,,,,,,,,,,,,,,,,,,
2026-04-26,2026,4,26,7,AA,,2737,ATL,ORD,1738.0,1907.0,,,,,89.0,,,606.0,0,0,,,,,,DEP_FROM_ATL,ORD,1058.0,2026-04-26 17:38:00,2026-04-26 21:38:00,2026-04-26 23:07:00,,,,,,,,,,,,,,,,,,,,,,,,,,,,,,
2026-04-26,2026,4,26,7,DL,,2894,ATL,ORD,1905.0,2016.0,,,,,71.0,,,606.0,0,0,,,,,,DEP_FROM_ATL,ORD,1145.0,2026-04-26 19:05:00,2026-04-26 23:05:00,2026-04-27 00:16:00,,,,,,,,,,,,,,,,,,,,,,,,,,,,,,
2026-04-26,2026,4,26,7,UA,,1046,ATL,ORD,1910.0,2032.0,,,,,82.0,,,606.0,0,0,,,,,,DEP_FROM_ATL,ORD,1150.0,2026-04-26 19:10:00,2026-04-26 23:10:00,2026-04-27 00:32:00,,,,,,,,,,,,,,,,,,,,,,,,,,,,,,
2026-04-26,2026,4,26,7,DL,,1139,ATL,ORD,2020.0,2125.0,,,,,65.0,,,606.0,0,0,,,,,,DEP_FROM_ATL,ORD,1220.0,2026-04-26 20:20:00,2026-04-27 00:20:00,2026-04-27 01:25:00,,,,,,,,,,,,,,,,,,,,,,,,,,,,,,
2026-04-26,2026,4,26,7,AA,,1855,ATL,ORD,2009.0,2134.0,,,,,85.0,,,606.0,0,0,,,,,,DEP_FROM_ATL,ORD,1209.0,2026-04-26 20:09:00,2026-04-27 00:09:00,2026-04-27 01:34:00,,,,,,,,,,,,,,,,,,,,,,,,,,,,,,
2026-04-26,2026,4,26,7,F9,,3397,ATL,ORD,2115.0,2239.0,,,,16.0,84.0,,,606.0,0,0,,,,,,DEP_FROM_ATL,ORD,1275.0,2026-04-26 21:15:00,2026-04-27 01:15:00,2026-04-27 02:39:00,,,,,,,,,,,,,,,,,,,,,,,,,,,,,,
2026-04-25,2026,4,25,6,F9,,3210,ATL,PHL,600.0,810.0,636.0,807.0,,,130.0,,,666.0,0,0,,,,,,DEP_FROM_ATL,PHL,360.0,2026-04-25 06:00:00,2026-04-25 10:00:00,2026-04-25 12:10:00,2026-04-25 09:52:00,20.56,14.44,68.01,240.0,4.0,29.82,0.0,10.0,,M,False,False,False,8.0,2026-04-25 11:54:00,11.11,6.11,71.28,90.0,13.0,29.96,0.0,10.0,,M,False,False,False,16.0
2026-04-25,2026,4,25,6,AA,,5348,ATL,PHL,610.0,819.0,625.0,758.0,,,129.0,,,666.0,0,0,,,,,,DEP_FROM_ATL,PHL,370.0,2026-04-25 06:10:00,2026-04-25 10:10:00,2026-04-25 12:19:00,2026-04-25 09:52:00,20.56,14.44,68.01,240.0,4.0,29.82,0.0,10.0,,M,False,False,False,18.0,2026-04-25 11:54:00,11.11,6.11,71.28,90.0,13.0,29.96,0.0,10.0,,M,False,False,False,25.0
2026-04-25,2026,4,25,6,DL,,2153,ATL,PHL,730.0,925.0,739.0,916.0,,,115.0,,,666.0,0,0,,,,,,DEP_FROM_ATL,PHL,450.0,2026-04-25 07:30:00,2026-04-25 11:30:00,2026-04-25 13:25:00,2026-04-25 11:52:00,19.44,13.89,70.27,220.0,3.0,29.85,0.0,10.0,,M,False,False,False,22.0,2026-04-25 13:54:00,12.22,5.56,63.74,90.0,13.0,29.99,0.001,10.0,20.0,M,True,False,False,29.0
2026-04-25,2026,4,25,6,EI,,7310,ATL,PHL,732.0,940.0,741.0,918.0,,,128.0,,,666.0,0,0,,,,,,DEP_FROM_ATL,PHL,452.0,2026-04-25 07:32:00,2026-04-25 11:32:00,2026-04-25 13:40:00,2026-04-25 11:52:00,19.44,13.89,70.27,220.0,3.0,29.85,0.0,10.0,,M,False,False,False,20.0,2026-04-25 13:54:00,12.22,5.56,63.74,90.0,13.0,29.99,0.001,10.0,20.0,M,True,False,False,14.0
2026-04-25,2026,4,25,6,AA,,3222,ATL,PHL,732.0,940.0,741.0,918.0,,,128.0,,,666.0,0,0,,,,,,DEP_FROM_ATL,PHL,452.0,2026-04-25 07:32:00,2026-04-25 11:32:00,2026-04-25 13:40:00,2026-04-25 11:52:00,19.44,13.89,70.27,220.0,3.0,29.85,0.0,10.0,,M,False,False,False,20.0,2026-04-25 13:54:00,12.22,5.56,63.74,90.0,13.0,29.99,0.001,10.0,20.0,M,True,False,False,14.0
2026-04-25,2026,4,25,6,F9,,2298,ATL,PHL,850.0,1102.0,855.0,1027.0,,,132.0,,,666.0,0,0,,,,,,DEP_FROM_ATL,PHL,530.0,2026-04-25 08:50:00,2026-04-25 12:50:00,2026-04-25 15:02:00,2026-04-25 12:52:00,19.44,14.44,72.85,220.0,6.0,29.86,0.0,10.0,,M,False,False,False,2.0,2026-04-25 14:54:00,12.78,4.44,56.87,110.0,11.0,29.99,0.0,10.0,,M,False,False,False,8.0
2026-04-25,2026,4,25,6,WS,,6760,ATL,PHL,1015.0,1214.0,1045.0,1214.0,,,119.0,,,666.0,0,0,,,,,,DEP_FROM_ATL,PHL,615.0,2026-04-25 10:15:00,2026-04-25 14:15:00,2026-04-25 16:14:00,2026-04-25 13:52:00,20.56,15.0,70.49,210.0,7.0,29.85,0.0,10.0,,M,False,False,False,23.0,2026-04-25 15:54:00,12.22,3.89,56.73,100.0,13.0,29.99,0.0,10.0,19.0,M,False,False,False,20.0
2026-04-25,2026,4,25,6,DL,,2270,ATL,PHL,1015.0,1214.0,1045.0,1214.0,,,119.0,,,666.0,0,0,,,,,,DEP_FROM_ATL,PHL,615.0,2026-04-25 10:15:00,2026-04-25 14:15:00,2026-04-25 16:14:00,2026-04-25 13:52:00,20.56,15.0,70.49,210.0,7.0,29.85,0.0,10.0,,M,False,False,False,23.0,2026-04-25 15:54:00,12.22,3.89,56.73,100.0,13.0,29.99,0.0,10.0,19.0,M,False,False,False,20.0
2026-04-25,2026,4,25,6,LA,,6286,ATL,PHL,1015.0,1214.0,1045.0,1214.0,,,119.0,,,666.0,0,0,,,,,,DEP_FROM_ATL,PHL,615.0,2026-04-25 10:15:00,2026-04-25 14:15:00,2026-04-25 16:14:00,2026-04-25 13:52:00,20.56,15.0,70.49,210.0,7.0,29.85,0.0,10.0,,M,False,False,False,23.0,2026-04-25 15:54:00,12.22,3.89,56.73,100.0,13.0,29.99,0.0,10.0,19.0,M,False,False,False,20.0
2026-04-25,2026,4,25,6,EI,,7311,ATL,PHL,1103.0,1313.0,1124.0,1253.0,,,130.0,,,666.0,0,0,,,,,,DEP_FROM_ATL,PHL,663.0,2026-04-25 11:03:00,2026-04-25 15:03:00,2026-04-25 17:13:00,2026-04-25 14:52:00,21.67,15.0,65.84,270.0,11.0,29.85,0.0,10.0,,M,False,False,False,11.0,2026-04-25 16:54:00,11.67,3.89,58.85,90.0,10.0,29.98,0.0,10.0,20.0,M,False,False,False,19.0
2026-04-25,2026,4,25,6,AA,,5436,ATL,PHL,1103.0,1313.0,1124.0,1253.0,,,130.0,,,666.0,0,0,,,,,,DEP_FROM_ATL,PHL,663.0,2026-04-25 11:03:00,2026-04-25 15:03:00,2026-04-25 17:13:00,2026-04-25 14:52:00,21.67,15.0,65.84,270.0,11.0,29.85,0.0,10.0,,M,False,False,False,11.0,2026-04-25 16:54:00,11.67,3.89,58.85,90.0,10.0,29.98,0.0,10.0,20.0,M,False,False,False,19.0
2026-04-25,2026,4,25,6,DL,,2279,ATL,PHL,1240.0,1436.0,1250.0,1425.0,,,116.0,,,666.0,0,0,,,,,,DEP_FROM_ATL,PHL,760.0,2026-04-25 12:40:00,2026-04-25 16:40:00,2026-04-25 18:36:00,2026-04-25 16:52:00,20.56,15.56,73.05,270.0,12.0,29.88,0.0,10.0,20.0,M,False,False,False,12.0,2026-04-25 18:54:00,10.56,3.89,63.35,80.0,12.0,30.0,0.0,10.0,19.0,M,False,False,False,18.0
2026-04-25,2026,4,25,6,KE,,6997,ATL,PHL,1240.0,1436.0,1250.0,1425.0,,,116.0,,,666.0,0,0,,,,,,DEP_FROM_ATL,PHL,760.0,2026-04-25 12:40:00,2026-04-25 16:40:00,2026-04-25 18:36:00,2026-04-25 16:52:00,20.56,15.56,73.05,270.0,12.0,29.88,0.0,10.0,20.0,M,False,False,False,12.0,2026-04-25 18:54:00,10.56,3.89,63.35,80.0,12.0,30.0,0.0,10.0,19.0,M,False,False,False,18.0
2026-04-25,2026,4,25,6,VS,,2661,ATL,PHL,1500.0,1657.0,1504.0,1643.0,,,117.0,,,666.0,0,0,,,,,,DEP_FROM_ATL,PHL,900.0,2026-04-25 15:00:00,2026-04-25 19:00:00,2026-04-25 20:57:00,2026-04-25 18:52:00,20.56,16.67,78.41,,4.0,29.85,0.25,10.0,,M,True,False,False,8.0,2026-04-25 20:54:00,8.89,6.67,85.95,80.0,8.0,29.97,2.29,4.0,,RA BR,True,False,False,3.0
2026-04-25,2026,4,25,6,KL,,7007,ATL,PHL,1500.0,1657.0,1504.0,1643.0,,,117.0,,,666.0,0,0,,,,,,DEP_FROM_ATL,PHL,900.0,2026-04-25 15:00:00,2026-04-25 19:00:00,2026-04-25 20:57:00,2026-04-25 18:52:00,20.56,16.67,78.41,,4.0,29.85,0.25,10.0,,M,True,False,False,8.0,2026-04-25 20:54:00,8.89,6.67,85.95,80.0,8.0,29.97,2.29,4.0,,RA BR,True,False,False,3.0
2026-04-25,2026,4,25,6,DL,,1169,ATL,PHL,1500.0,1657.0,1504.0,1643.0,,,117.0,,,666.0,0,0,,,,,,DEP_FROM_ATL,PHL,900.0,2026-04-25 15:00:00,2026-04-25 19:00:00,2026-04-25 20:57:00,2026-04-25 18:52:00,20.56,16.67,78.41,,4.0,29.85,0.25,10.0,,M,True,False,False,8.0,2026-04-25 20:54:00,8.89,6.67,85.95,80.0,8.0,29.97,2.29,4.0,,RA BR,True,False,False,3.0
2026-04-25,2026,4,25,6,AM,,3278,ATL,PHL,1500.0,1657.0,1504.0,1643.0,,,117.0,,,666.0,0,0,,,,,,DEP_FROM_ATL,PHL,900.0,2026-04-25 15:00:00,2026-04-25 19:00:00,2026-04-25 20:57:00,2026-04-25 18:52:00,20.56,16.67,78.41,,4.0,29.85,0.25,10.0,,M,True,False,False,8.0,2026-04-25 20:54:00,8.89,6.67,85.95,80.0,8.0,29.97,2.29,4.0,,RA BR,True,False,False,3.0
2026-04-25,2026,4,25,6,AF,,6835,ATL,PHL,1500.0,1657.0,1504.0,1643.0,,,117.0,,,666.0,0,0,,,,,,DEP_FROM_ATL,PHL,900.0,2026-04-25 15:00:00,2026-04-25 19:00:00,2026-04-25 20:57:00,2026-04-25 18:52:00,20.56,16.67,78.41,,4.0,29.85,0.25,10.0,,M,True,False,False,8.0,2026-04-25 20:54:00,8.89,6.67,85.95,80.0,8.0,29.97,2.29,4.0,,RA BR,True,False,False,3.0
2026-04-25,2026,4,25,6,KE,,7121,ATL,PHL,1500.0,1657.0,1504.0,1643.0,,,117.0,,,666.0,0,0,,,,,,DEP_FROM_ATL,PHL,900.0,2026-04-25 15:00:00,2026-04-25 19:00:00,2026-04-25 20:57:00,2026-04-25 18:52:00,20.56,16.67,78.41,,4.0,29.85,0.25,10.0,,M,True,False,False,8.0,2026-04-25 20:54:00,8.89,6.67,85.95,80.0,8.0,29.97,2.29,4.0,,RA BR,True,False,False,3.0
2026-04-25,2026,4,25,6,DL,,1329,ATL,PHL,1625.0,1823.0,1632.0,1803.0,,,118.0,,,666.0,0,0,,,,,,DEP_FROM_ATL,PHL,985.0,2026-04-25 16:25:00,2026-04-25 20:25:00,2026-04-25 22:23:00,2026-04-25 20:42:00,22.78,15.56,63.78,230.0,5.0,29.81,0.0,10.0,,M,False,False,False,17.0,2026-04-25 22:02:00,8.33,6.67,89.24,90.0,12.0,29.96,0.25,4.0,,-RA BR,True,False,False,21.0
2026-04-25,2026,4,25,6,WS,,6701,ATL,PHL,1625.0,1823.0,1632.0,1803.0,,,118.0,,,666.0,0,0,,,,,,DEP_FROM_ATL,PHL,985.0,2026-04-25 16:25:00,2026-04-25 20:25:00,2026-04-25 22:23:00,2026-04-25 20:42:00,22.78,15.56,63.78,230.0,5.0,29.81,0.0,10.0,,M,False,False,False,17.0,2026-04-25 22:02:00,8.33,6.67,89.24,90.0,12.0,29.96,0.25,4.0,,-RA BR,True,False,False,21.0
2026-04-25,2026,4,25,6,AF,,3504,ATL,PHL,1625.0,1823.0,1632.0,1803.0,,,118.0,,,666.0,0,0,,,,,,DEP_FROM_ATL,PHL,985.0,2026-04-25 16:25:00,2026-04-25 20:25:00,2026-04-25 22:23:00,2026-04-25 20:42:00,22.78,15.56,63.78,230.0,5.0,29.81,0.0,10.0,,M,False,False,False,17.0,2026-04-25 22:02:00,8.33,6.67,89.24,90.0,12.0,29.96,0.25,4.0,,-RA BR,True,False,False,21.0
2026-04-25,2026,4,25,6,VS,,2660,ATL,PHL,1625.0,1823.0,1632.0,1803.0,,,118.0,,,666.0,0,0,,,,,,DEP_FROM_ATL,PHL,985.0,2026-04-25 16:25:00,2026-04-25 20:25:00,2026-04-25 22:23:00,2026-04-25 20:42:00,22.78,15.56,63.78,230.0,5.0,29.81,0.0,10.0,,M,False,False,False,17.0,2026-04-25 22:02:00,8.33,6.67,89.24,90.0,12.0,29.96,0.25,4.0,,-RA BR,True,False,False,21.0
2026-04-25,2026,4,25,6,KE,,3661,ATL,PHL,1625.0,1823.0,1632.0,1803.0,,,118.0,,,666.0,0,0,,,,,,DEP_FROM_ATL,PHL,985.0,2026-04-25 16:25:00,2026-04-25 20:25:00,2026-04-25 22:23:00,2026-04-25 20:42:00,22.78,15.56,63.78,230.0,5.0,29.81,0.0,10.0,,M,False,False,False,17.0,2026-04-25 22:02:00,8.33,6.67,89.24,90.0,12.0,29.96,0.25,4.0,,-RA BR,True,False,False,21.0
2026-04-25,2026,4,25,6,KL,,5260,ATL,PHL,1625.0,1823.0,1632.0,1803.0,,,118.0,,,666.0,0,0,,,,,,DEP_FROM_ATL,PHL,985.0,2026-04-25 16:25:00,2026-04-25 20:25:00,2026-04-25 22:23:00,2026-04-25 20:42:00,22.78,15.56,63.78,230.0,5.0,29.81,0.0,10.0,,M,False,False,False,17.0,2026-04-25 22:02:00,8.33,6.67,89.24,90.0,12.0,29.96,0.25,4.0,,-RA BR,True,False,False,21.0
2026-04-25,2026,4,25,6,LA,,6592,ATL,PHL,1625.0,1823.0,1632.0,1803.0,,,118.0,,,666.0,0,0,,,,,,DEP_FROM_ATL,PHL,985.0,2026-04-25 16:25:00,2026-04-25 20:25:00,2026-04-25 22:23:00,2026-04-25 20:42:00,22.78,15.56,63.78,230.0,5.0,29.81,0.0,10.0,,M,False,False,False,17.0,2026-04-25 22:02:00,8.33,6.67,89.24,90.0,12.0,29.96,0.25,4.0,,-RA BR,True,False,False,21.0
2026-04-25,2026,4,25,6,AM,,3069,ATL,PHL,1625.0,1823.0,1632.0,1803.0,,,118.0,,,666.0,0,0,,,,,,DEP_FROM_ATL,PHL,985.0,2026-04-25 16:25:00,2026-04-25 20:25:00,2026-04-25 22:23:00,2026-04-25 20:42:00,22.78,15.56,63.78,230.0,5.0,29.81,0.0,10.0,,M,False,False,False,17.0,2026-04-25 22:02:00,8.33,6.67,89.24,90.0,12.0,29.96,0.25,4.0,,-RA BR,True,False,False,21.0
2026-04-25,2026,4,25,6,DL,,2065,ATL,PHL,1859.0,2053.0,1906.0,2040.0,,,114.0,,,666.0,0,0,,,,,,DEP_FROM_ATL,PHL,1139.0,2026-04-25 18:59:00,2026-04-25 22:59:00,2026-04-26 00:53:00,2026-04-25 22:52:00,23.33,16.11,63.9,250.0,4.0,29.8,0.0,10.0,,M,False,False,False,7.0,2026-04-26 00:54:00,7.78,5.56,85.83,60.0,8.0,29.99,2.03,5.0,19.0,-RA BR,True,False,False,1.0
2026-04-25,2026,4,25,6,VS,,2659,ATL,PHL,1859.0,2053.0,1906.0,2040.0,,,114.0,,,666.0,0,0,,,,,,DEP_FROM_ATL,PHL,1139.0,2026-04-25 18:59:00,2026-04-25 22:59:00,2026-04-26 00:53:00,2026-04-25 22:52:00,23.33,16.11,63.9,250.0,4.0,29.8,0.0,10.0,,M,False,False,False,7.0,2026-04-26 00:54:00,7.78,5.56,85.83,60.0,8.0,29.99,2.03,5.0,19.0,-RA BR,True,False,False,1.0
2026-04-25,2026,4,25,6,KE,,5367,ATL,PHL,1859.0,2053.0,1906.0,2040.0,,,114.0,,,666.0,0,0,,,,,,DEP_FROM_ATL,PHL,1139.0,2026-04-25 18:59:00,2026-04-25 22:59:00,2026-04-26 00:53:00,2026-04-25 22:52:00,23.33,16.11,63.9,250.0,4.0,29.8,0.0,10.0,,M,False,False,False,7.0,2026-04-26 00:54:00,7.78,5.56,85.83,60.0,8.0,29.99,2.03,5.0,19.0,-RA BR,True,False,False,1.0
2026-04-25,2026,4,25,6,AF,,2767,ATL,PHL,1859.0,2053.0,1906.0,2040.0,,,114.0,,,666.0,0,0,,,,,,DEP_FROM_ATL,PHL,1139.0,2026-04-25 18:59:00,2026-04-25 22:59:00,2026-04-26 00:53:00,2026-04-25 22:52:00,23.33,16.11,63.9,250.0,4.0,29.8,0.0,10.0,,M,False,False,False,7.0,2026-04-26 00:54:00,7.78,5.56,85.83,60.0,8.0,29.99,2.03,5.0,19.0,-RA BR,True,False,False,1.0
2026-04-25,2026,4,25,6,AM,,3859,ATL,PHL,1859.0,2053.0,1906.0,2040.0,,,114.0,,,666.0,0,0,,,,,,DEP_FROM_ATL,PHL,1139.0,2026-04-25 18:59:00,2026-04-25 22:59:00,2026-04-26 00:53:00,2026-04-25 22:52:00,23.33,16.11,63.9,250.0,4.0,29.8,0.0,10.0,,M,False,False,False,7.0,2026-04-26 00:54:00,7.78,5.56,85.83,60.0,8.0,29.99,2.03,5.0,19.0,-RA BR,True,False,False,1.0
2026-04-25,2026,4,25,6,KL,,5261,ATL,PHL,1859.0,2053.0,1906.0,2040.0,,,114.0,,,666.0,0,0,,,,,,DEP_FROM_ATL,PHL,1139.0,2026-04-25 18:59:00,2026-04-25 22:59:00,2026-04-26 00:53:00,2026-04-25 22:52:00,23.33,16.11,63.9,250.0,4.0,29.8,0.0,10.0,,M,False,False,False,7.0,2026-04-26 00:54:00,7.78,5.56,85.83,60.0,8.0,29.99,2.03,5.0,19.0,-RA BR,True,False,False,1.0
2026-04-25,2026,4,25,6,1I,,727,ATL,PHL,2200.0,2342.0,2215.0,2343.0,1.0,1.0,102.0,,,666.0,0,0,,,,,,DEP_FROM_ATL,PHL,1320.0,2026-04-25 22:00:00,2026-04-26 02:00:00,2026-04-26 03:42:00,2026-04-26 01:52:00,20.56,16.11,75.69,230.0,4.0,29.85,0.0,10.0,,M,False,False,False,8.0,2026-04-26 03:54:00,6.67,5.0,89.1,50.0,13.0,30.01,0.25,6.0,,-RA BR,True,False,False,12.0
2026-04-25,2026,4,25,6,AF,,2794,ATL,PHL,2300.0,59.0,2321.0,50.0,,,119.0,,,666.0,0,0,,,,,,DEP_FROM_ATL,PHL,1380.0,2026-04-25 23:00:00,2026-04-26 03:00:00,2026-04-26 04:59:00,2026-04-26 02:52:00,20.56,16.67,78.41,210.0,9.0,29.83,0.001,10.0,,-RA,True,False,False,8.0,2026-04-26 04:54:00,6.67,5.56,92.61,50.0,12.0,30.01,1.02,3.0,22.0,-RA BR,True,False,False,5.0
2026-04-25,2026,4,25,6,AM,,5385,ATL,PHL,2300.0,59.0,2321.0,50.0,,,119.0,,,666.0,0,0,,,,,,DEP_FROM_ATL,PHL,1380.0,2026-04-25 23:00:00,2026-04-26 03:00:00,2026-04-26 04:59:00,2026-04-26 02:52:00,20.56,16.67,78.41,210.0,9.0,29.83,0.001,10.0,,-RA,True,False,False,8.0,2026-04-26 04:54:00,6.67,5.56,92.61,50.0,12.0,30.01,1.02,3.0,22.0,-RA BR,True,False,False,5.0
2026-04-25,2026,4,25,6,SK,,3739,ATL,PHL,2300.0,59.0,2321.0,50.0,,,119.0,,,666.0,0,0,,,,,,DEP_FROM_ATL,PHL,1380.0,2026-04-25 23:00:00,2026-04-26 03:00:00,2026-04-26 04:59:00,2026-04-26 02:52:00,20.56,16.67,78.41,210.0,9.0,29.83,0.001,10.0,,-RA,True,False,False,8.0,2026-04-26 04:54:00,6.67,5.56,92.61,50.0,12.0,30.01,1.02,3.0,22.0,-RA BR,True,False,False,5.0
2026-04-25,2026,4,25,6,KE,,6999,ATL,PHL,2300.0,59.0,2321.0,50.0,,,119.0,,,666.0,0,0,,,,,,DEP_FROM_ATL,PHL,1380.0,2026-04-25 23:00:00,2026-04-26 03:00:00,2026-04-26 04:59:00,2026-04-26 02:52:00,20.56,16.67,78.41,210.0,9.0,29.83,0.001,10.0,,-RA,True,False,False,8.0,2026-04-26 04:54:00,6.67,5.56,92.61,50.0,12.0,30.01,1.02,3.0,22.0,-RA BR,True,False,False,5.0
2026-04-25,2026,4,25,6,KL,,6911,ATL,PHL,2300.0,59.0,2321.0,50.0,,,119.0,,,666.0,0,0,,,,,,DEP_FROM_ATL,PHL,1380.0,2026-04-25 23:00:00,2026-04-26 03:00:00,2026-04-26 04:59:00,2026-04-26 02:52:00,20.56,16.67,78.41,210.0,9.0,29.83,0.001,10.0,,-RA,True,False,False,8.0,2026-04-26 04:54:00,6.67,5.56,92.61,50.0,12.0,30.01,1.02,3.0,22.0,-RA BR,True,False,False,5.0
2026-04-25,2026,4,25,6,LA,,6561,ATL,PHL,2300.0,59.0,2321.0,50.0,,,119.0,,,666.0,0,0,,,,,,DEP_FROM_ATL,PHL,1380.0,2026-04-25 23:00:00,2026-04-26 03:00:00,2026-04-26 04:59:00,2026-04-26 02:52:00,20.56,16.67,78.41,210.0,9.0,29.83,0.001,10.0,,-RA,True,False,False,8.0,2026-04-26 04:54:00,6.67,5.56,92.61,50.0,12.0,30.01,1.02,3.0,22.0,-RA BR,True,False,False,5.0
2026-04-25,2026,4,25,6,VS,,2143,ATL,PHL,2300.0,59.0,2321.0,50.0,,,119.0,,,666.0,0,0,,,,,,DEP_FROM_ATL,PHL,1380.0,2026-04-25 23:00:00,2026-04-26 03:00:00,2026-04-26 04:59:00,2026-04-26 02:52:00,20.56,16.67,78.41,210.0,9.0,29.83,0.001,10.0,,-RA,True,False,False,8.0,2026-04-26 04:54:00,6.67,5.56,92.61,50.0,12.0,30.01,1.02,3.0,22.0,-RA BR,True,False,False,5.0
2026-04-25,2026,4,25,6,DL,,2642,ATL,PHL,2300.0,59.0,2321.0,50.0,,,119.0,,,666.0,0,0,,,,,,DEP_FROM_ATL,PHL,1380.0,2026-04-25 23:00:00,2026-04-26 03:00:00,2026-04-26 04:59:00,2026-04-26 02:52:00,20.56,16.67,78.41,210.0,9.0,29.83,0.001,10.0,,-RA,True,False,False,8.0,2026-04-26 04:54:00,6.67,5.56,92.61,50.0,12.0,30.01,1.02,3.0,22.0,-RA BR,True,False,False,5.0
2026-04-26,2026,4,26,7,F9,,3210,ATL,PHL,600.0,810.0,620.0,754.0,,,130.0,,,666.0,0,0,,,,,,DEP_FROM_ATL,PHL,360.0,2026-04-26 06:00:00,2026-04-26 10:00:00,2026-04-26 12:10:00,2026-04-26 09:52:00,17.22,15.56,89.94,310.0,5.0,29.86,0.001,0.25,,-DZ BR,True,True,False,8.0,2026-04-26 11:54:00,7.22,5.0,85.77,40.0,12.0,30.07,0.0,10.0,,M,False,False,False,16.0
2026-04-26,2026,4,26,7,AA,,5348,ATL,PHL,610.0,819.0,628.0,802.0,,,129.0,,,666.0,0,0,,,,,,DEP_FROM_ATL,PHL,370.0,2026-04-26 06:10:00,2026-04-26 10:10:00,2026-04-26 12:19:00,2026-04-26 09:52:00,17.22,15.56,89.94,310.0,5.0,29.86,0.001,0.25,,-DZ BR,True,True,False,18.0,2026-04-26 11:54:00,7.22,5.0,85.77,40.0,12.0,30.07,0.0,10.0,,M,False,False,False,25.0
2026-04-26,2026,4,26,7,DL,,2153,ATL,PHL,730.0,925.0,807.0,945.0,20.0,20.0,115.0,,,666.0,0,0,,,,,,DEP_FROM_ATL,PHL,450.0,2026-04-26 07:30:00,2026-04-26 11:30:00,2026-04-26 13:25:00,2026-04-26 11:52:00,17.22,16.11,93.19,360.0,6.0,29.89,0.0,0.25,,FG,False,True,False,22.0,2026-04-26 13:17:00,8.33,5.0,79.51,40.0,12.0,30.09,0.0,10.0,,M,False,False,False,8.0
2026-04-26,2026,4,26,7,LA,,6119,ATL,PHL,730.0,925.0,807.0,945.0,20.0,20.0,115.0,,,666.0,0,0,,,,,,DEP_FROM_ATL,PHL,450.0,2026-04-26 07:30:00,2026-04-26 11:30:00,2026-04-26 13:25:00,2026-04-26 11:52:00,17.22,16.11,93.19,360.0,6.0,29.89,0.0,0.25,,FG,False,True,False,22.0,2026-04-26 13:17:00,8.33,5.0,79.51,40.0,12.0,30.09,0.0,10.0,,M,False,False,False,8.0
2026-04-26,2026,4,26,7,AA,,3222,ATL,PHL,732.0,940.0,750.0,927.0,,,128.0,,,666.0,0,0,,,,,,DEP_FROM_ATL,PHL,452.0,2026-04-26 07:32:00,2026-04-26 11:32:00,2026-04-26 13:40:00,2026-04-26 11:52:00,17.22,16.11,93.19,360.0,6.0,29.89,0.0,0.25,,FG,False,True,False,20.0,2026-04-26 13:54:00,7.78,5.0,82.57,30.0,12.0,30.1,0.0,10.0,,M,False,False,False,14.0
2026-04-26,2026,4,26,7,EI,,7310,ATL,PHL,732.0,940.0,750.0,927.0,,,128.0,,,666.0,0,0,,,,,,DEP_FROM_ATL,PHL,452.0,2026-04-26 07:32:00,2026-04-26 11:32:00,2026-04-26 13:40:00,2026-04-26 11:52:00,17.22,16.11,93.19,360.0,6.0,29.89,0.0,0.25,,FG,False,True,False,20.0,2026-04-26 13:54:00,7.78,5.0,82.57,30.0,12.0,30.1,0.0,10.0,,M,False,False,False,14.0
2026-04-26,2026,4,26,7,DL,,2270,ATL,PHL,1005.0,1204.0,1045.0,,15.0,41.0,119.0,,,666.0,0,0,,,,,,DEP_FROM_ATL,PHL,605.0,2026-04-26 10:05:00,2026-04-26 14:05:00,2026-04-26 16:04:00,2026-04-26 13:52:00,20.0,17.22,84.05,300.0,4.0,29.91,0.0,9.0,,M,False,False,False,13.0,2026-04-26 15:54:00,8.89,5.0,76.58,20.0,9.0,30.12,0.0,10.0,,M,False,False,False,10.0
2026-04-26,2026,4,26,7,LA,,6286,ATL,PHL,1005.0,1204.0,1045.0,,15.0,41.0,119.0,,,666.0,0,0,,,,,,DEP_FROM_ATL,PHL,605.0,2026-04-26 10:05:00,2026-04-26 14:05:00,2026-04-26 16:04:00,2026-04-26 13:52:00,20.0,17.22,84.05,300.0,4.0,29.91,0.0,9.0,,M,False,False,False,13.0,2026-04-26 15:54:00,8.89,5.0,76.58,20.0,9.0,30.12,0.0,10.0,,M,False,False,False,10.0
2026-04-26,2026,4,26,7,WS,,6760,ATL,PHL,1005.0,1204.0,1045.0,,15.0,41.0,119.0,,,666.0,0,0,,,,,,DEP_FROM_ATL,PHL,605.0,2026-04-26 10:05:00,2026-04-26 14:05:00,2026-04-26 16:04:00,2026-04-26 13:52:00,20.0,17.22,84.05,300.0,4.0,29.91,0.0,9.0,,M,False,False,False,13.0,2026-04-26 15:54:00,8.89,5.0,76.58,20.0,9.0,30.12,0.0,10.0,,M,False,False,False,10.0
2026-04-26,2026,4,26,7,EI,,7311,ATL,PHL,1103.0,1313.0,,,,137.0,130.0,,,666.0,0,0,,,,,,DEP_FROM_ATL,PHL,663.0,2026-04-26 11:03:00,2026-04-26 15:03:00,2026-04-26 17:13:00,2026-04-26 14:52:00,22.22,17.22,73.34,,6.0,29.93,0.0,10.0,,M,False,False,False,11.0,2026-04-26 17:19:00,11.11,5.56,68.59,50.0,11.0,30.12,0.0,10.0,18.0,M,False,False,False,6.0
2026-04-26,2026,4,26,7,AA,,5436,ATL,PHL,1103.0,1313.0,,,,137.0,130.0,,,666.0,0,0,,,,,,DEP_FROM_ATL,PHL,663.0,2026-04-26 11:03:00,2026-04-26 15:03:00,2026-04-26 17:13:00,2026-04-26 14:52:00,22.22,17.22,73.34,,6.0,29.93,0.0,10.0,,M,False,False,False,11.0,2026-04-26 17:19:00,11.11,5.56,68.59,50.0,11.0,30.12,0.0,10.0,18.0,M,False,False,False,6.0
2026-04-26,2026,4,26,7,DL,,2279,ATL,PHL,1240.0,1436.0,1249.0,,,9.0,116.0,,,666.0,0,0,,,,,,DEP_FROM_ATL,PHL,760.0,2026-04-26 12:40:00,2026-04-26 16:40:00,2026-04-26 18:36:00,2026-04-26 16:52:00,26.11,16.67,56.09,310.0,7.0,29.93,0.0,10.0,,M,False,False,False,12.0,2026-04-26 18:54:00,12.78,5.56,61.46,70.0,8.0,30.12,0.0,10.0,16.0,M,False,False,False,18.0
2026-04-26,2026,4,26,7,KE,,6997,ATL,PHL,1240.0,1436.0,1249.0,,,9.0,116.0,,,666.0,0,0,,,,,,DEP_FROM_ATL,PHL,760.0,2026-04-26 12:40:00,2026-04-26 16:40:00,2026-04-26 18:36:00,2026-04-26 16:52:00,26.11,16.67,56.09,310.0,7.0,29.93,0.0,10.0,,M,False,False,False,12.0,2026-04-26 18:54:00,12.78,5.56,61.46,70.0,8.0,30.12,0.0,10.0,16.0,M,False,False,False,18.0
2026-04-26,2026,4,26,7,AA,,5168,ATL,PHL,1329.0,1541.0,1329.0,,,,132.0,,,666.0,0,0,,,,,,DEP_FROM_ATL,PHL,809.0,2026-04-26 13:29:00,2026-04-26 17:29:00,2026-04-26 19:41:00,2026-04-26 17:52:00,26.67,15.0,48.8,280.0,8.0,29.92,0.0,10.0,,M,False,False,False,23.0,2026-04-26 19:54:00,14.44,5.56,55.14,70.0,8.0,30.11,0.0,10.0,,M,False,False,False,13.0
2026-04-26,2026,4,26,7,BA,,5164,ATL,PHL,1329.0,1541.0,1329.0,,,,132.0,,,666.0,0,0,,,,,,DEP_FROM_ATL,PHL,809.0,2026-04-26 13:29:00,2026-04-26 17:29:00,2026-04-26 19:41:00,2026-04-26 17:52:00,26.67,15.0,48.8,280.0,8.0,29.92,0.0,10.0,,M,False,False,False,23.0,2026-04-26 19:54:00,14.44,5.56,55.14,70.0,8.0,30.11,0.0,10.0,,M,False,False,False,13.0
2026-04-26,2026,4,26,7,EI,,7668,ATL,PHL,1329.0,1541.0,1329.0,,,,132.0,,,666.0,0,0,,,,,,DEP_FROM_ATL,PHL,809.0,2026-04-26 13:29:00,2026-04-26 17:29:00,2026-04-26 19:41:00,2026-04-26 17:52:00,26.67,15.0,48.8,280.0,8.0,29.92,0.0,10.0,,M,False,False,False,23.0,2026-04-26 19:54:00,14.44,5.56,55.14,70.0,8.0,30.11,0.0,10.0,,M,False,False,False,13.0
2026-04-26,2026,4,26,7,KL,,7465,ATL,PHL,1415.0,1611.0,,,,105.0,116.0,,,666.0,0,0,,,,,,DEP_FROM_ATL,PHL,855.0,2026-04-26 14:15:00,2026-04-26 18:15:00,2026-04-26 20:11:00,2026-04-26 17:52:00,26.67,15.0,48.8,280.0,8.0,29.92,0.0,10.0,,M,False,False,False,23.0,2026-04-26 19:54:00,14.44,5.56,55.14,70.0,8.0,30.11,0.0,10.0,,M,False,False,False,17.0
2026-04-26,2026,4,26,7,KE,,3661,ATL,PHL,1415.0,1611.0,,,,105.0,116.0,,,666.0,0,0,,,,,,DEP_FROM_ATL,PHL,855.0,2026-04-26 14:15:00,2026-04-26 18:15:00,2026-04-26 20:11:00,2026-04-26 17:52:00,26.67,15.0,48.8,280.0,8.0,29.92,0.0,10.0,,M,False,False,False,23.0,2026-04-26 19:54:00,14.44,5.56,55.14,70.0,8.0,30.11,0.0,10.0,,M,False,False,False,17.0
2026-04-26,2026,4,26,7,AM,,3242,ATL,PHL,1415.0,1611.0,,,,105.0,116.0,,,666.0,0,0,,,,,,DEP_FROM_ATL,PHL,855.0,2026-04-26 14:15:00,2026-04-26 18:15:00,2026-04-26 20:11:00,2026-04-26 17:52:00,26.67,15.0,48.8,280.0,8.0,29.92,0.0,10.0,,M,False,False,False,23.0,2026-04-26 19:54:00,14.44,5.56,55.14,70.0,8.0,30.11,0.0,10.0,,M,False,False,False,17.0
2026-04-26,2026,4,26,7,DL,,2131,ATL,PHL,1415.0,1611.0,,,,105.0,116.0,,,666.0,0,0,,,,,,DEP_FROM_ATL,PHL,855.0,2026-04-26 14:15:00,2026-04-26 18:15:00,2026-04-26 20:11:00,2026-04-26 17:52:00,26.67,15.0,48.8,280.0,8.0,29.92,0.0,10.0,,M,False,False,False,23.0,2026-04-26 19:54:00,14.44,5.56,55.14,70.0,8.0,30.11,0.0,10.0,,M,False,False,False,17.0
2026-04-26,2026,4,26,7,WS,,5455,ATL,PHL,1415.0,1611.0,,,,105.0,116.0,,,666.0,0,0,,,,,,DEP_FROM_ATL,PHL,855.0,2026-04-26 14:15:00,2026-04-26 18:15:00,2026-04-26 20:11:00,2026-04-26 17:52:00,26.67,15.0,48.8,280.0,8.0,29.92,0.0,10.0,,M,False,False,False,23.0,2026-04-26 19:54:00,14.44,5.56,55.14,70.0,8.0,30.11,0.0,10.0,,M,False,False,False,17.0
2026-04-26,2026,4,26,7,VS,,2662,ATL,PHL,1415.0,1611.0,,,,105.0,116.0,,,666.0,0,0,,,,,,DEP_FROM_ATL,PHL,855.0,2026-04-26 14:15:00,2026-04-26 18:15:00,2026-04-26 20:11:00,2026-04-26 17:52:00,26.67,15.0,48.8,280.0,8.0,29.92,0.0,10.0,,M,False,False,False,23.0,2026-04-26 19:54:00,14.44,5.56,55.14,70.0,8.0,30.11,0.0,10.0,,M,False,False,False,17.0
2026-04-26,2026,4,26,7,F9,N646FR,2552,ATL,PHL,1529.0,1749.0,,,,15.0,140.0,,,666.0,0,0,,,,,,DEP_FROM_ATL,PHL,929.0,2026-04-26 15:29:00,2026-04-26 19:29:00,2026-04-26 21:49:00,2026-04-26 19:52:00,27.78,13.89,42.56,320.0,9.0,29.89,0.0,10.0,,M,False,False,False,23.0,,,,,,,,,,,,,,,
2026-04-26,2026,4,26,7,AF,,3504,ATL,PHL,1625.0,1823.0,,,,,118.0,,,666.0,0,0,,,,,,DEP_FROM_ATL,PHL,985.0,2026-04-26 16:25:00,2026-04-26 20:25:00,2026-04-26 22:23:00,2026-04-26 19:52:00,27.78,13.89,42.56,320.0,9.0,29.89,0.0,10.0,,M,False,False,False,33.0,,,,,,,,,,,,,,,
2026-04-26,2026,4,26,7,AM,,3069,ATL,PHL,1625.0,1823.0,,,,,118.0,,,666.0,0,0,,,,,,DEP_FROM_ATL,PHL,985.0,2026-04-26 16:25:00,2026-04-26 20:25:00,2026-04-26 22:23:00,2026-04-26 19:52:00,27.78,13.89,42.56,320.0,9.0,29.89,0.0,10.0,,M,False,False,False,33.0,,,,,,,,,,,,,,,
2026-04-26,2026,4,26,7,KE,,5366,ATL,PHL,1625.0,1823.0,,,,,118.0,,,666.0,0,0,,,,,,DEP_FROM_ATL,PHL,985.0,2026-04-26 16:25:00,2026-04-26 20:25:00,2026-04-26 22:23:00,2026-04-26 19:52:00,27.78,13.89,42.56,320.0,9.0,29.89,0.0,10.0,,M,False,False,False,33.0,,,,,,,,,,,,,,,
2026-04-26,2026,4,26,7,LA,,6255,ATL,PHL,1625.0,1823.0,,,,,118.0,,,666.0,0,0,,,,,,DEP_FROM_ATL,PHL,985.0,2026-04-26 16:25:00,2026-04-26 20:25:00,2026-04-26 22:23:00,2026-04-26 19:52:00,27.78,13.89,42.56,320.0,9.0,29.89,0.0,10.0,,M,False,False,False,33.0,,,,,,,,,,,,,,,
2026-04-26,2026,4,26,7,VS,,2660,ATL,PHL,1625.0,1823.0,,,,,118.0,,,666.0,0,0,,,,,,DEP_FROM_ATL,PHL,985.0,2026-04-26 16:25:00,2026-04-26 20:25:00,2026-04-26 22:23:00,2026-04-26 19:52:00,27.78,13.89,42.56,320.0,9.0,29.89,0.0,10.0,,M,False,False,False,33.0,,,,,,,,,,,,,,,
2026-04-26,2026,4,26,7,DL,,1329,ATL,PHL,1625.0,1823.0,,,,15.0,118.0,,,666.0,0,0,,,,,,DEP_FROM_ATL,PHL,985.0,2026-04-26 16:25:00,2026-04-26 20:25:00,2026-04-26 22:23:00,2026-04-26 19:52:00,27.78,13.89,42.56,320.0,9.0,29.89,0.0,10.0,,M,False,False,False,33.0,,,,,,,,,,,,,,,
2026-04-26,2026,4,26,7,KL,,5260,ATL,PHL,1625.0,1823.0,,,,,118.0,,,666.0,0,0,,,,,,DEP_FROM_ATL,PHL,985.0,2026-04-26 16:25:00,2026-04-26 20:25:00,2026-04-26 22:23:00,2026-04-26 19:52:00,27.78,13.89,42.56,320.0,9.0,29.89,0.0,10.0,,M,False,False,False,33.0,,,,,,,,,,,,,,,
2026-04-26,2026,4,26,7,DL,,8885,ATL,PHL,1750.0,1939.0,,,,15.0,109.0,,,666.0,0,0,,,,,,DEP_FROM_ATL,PHL,1070.0,2026-04-26 17:50:00,2026-04-26 21:50:00,2026-04-26 23:39:00,,,,,,,,,,,,,,,,,,,,,,,,,,,,,,
2026-04-26,2026,4,26,7,DL,,2065,ATL,PHL,1859.0,2053.0,,,,16.0,114.0,,,666.0,0,0,,,,,,DEP_FROM_ATL,PHL,1139.0,2026-04-26 18:59:00,2026-04-26 22:59:00,2026-04-27 00:53:00,,,,,,,,,,,,,,,,,,,,,,,,,,,,,,
2026-04-26,2026,4,26,7,AA,,5313,ATL,PHL,1855.0,2109.0,,,,,134.0,,,666.0,0,0,,,,,,DEP_FROM_ATL,PHL,1135.0,2026-04-26 18:55:00,2026-04-26 22:55:00,2026-04-27 01:09:00,,,,,,,,,,,,,,,,,,,,,,,,,,,,,,
2026-04-26,2026,4,26,7,NK,,1495,ATL,PHL,1955.0,2157.0,,,,92.0,122.0,,,666.0,0,0,,,,,,DEP_FROM_ATL,PHL,1195.0,2026-04-26 19:55:00,2026-04-26 23:55:00,2026-04-27 01:57:00,,,,,,,,,,,,,,,,,,,,,,,,,,,,,,
2026-04-26,2026,4,26,7,DL,,1174,ATL,PHL,2054.0,2250.0,,,,,116.0,,,666.0,0,0,,,,,,DEP_FROM_ATL,PHL,1254.0,2026-04-26 20:54:00,2026-04-27 00:54:00,2026-04-27 02:50:00,,,,,,,,,,,,,,,,,,,,,,,,,,,,,,
2026-04-25,2026,4,25,6,LA,,6410,ATL,TPA,825.0,953.0,846.0,948.0,,,88.0,,,406.0,0,0,,,,,,DEP_FROM_ATL,TPA,505.0,2026-04-25 08:25:00,2026-04-25 12:25:00,2026-04-25 13:53:00,2026-04-25 12:52:00,19.44,14.44,72.85,220.0,6.0,29.86,0.0,10.0,,M,False,False,False,27.0,2026-04-25 13:53:00,25.0,16.67,59.91,190.0,9.0,29.89,0.0,10.0,,M,False,False,False,0.0
2026-04-25,2026,4,25,6,DL,,1227,ATL,TPA,825.0,953.0,846.0,948.0,,,88.0,,,406.0,0,0,,,,,,DEP_FROM_ATL,TPA,505.0,2026-04-25 08:25:00,2026-04-25 12:25:00,2026-04-25 13:53:00,2026-04-25 12:52:00,19.44,14.44,72.85,220.0,6.0,29.86,0.0,10.0,,M,False,False,False,27.0,2026-04-25 13:53:00,25.0,16.67,59.91,190.0,9.0,29.89,0.0,10.0,,M,False,False,False,0.0
2026-04-25,2026,4,25,6,WS,,8704,ATL,TPA,825.0,953.0,846.0,948.0,,,88.0,,,406.0,0,0,,,,,,DEP_FROM_ATL,TPA,505.0,2026-04-25 08:25:00,2026-04-25 12:25:00,2026-04-25 13:53:00,2026-04-25 12:52:00,19.44,14.44,72.85,220.0,6.0,29.86,0.0,10.0,,M,False,False,False,27.0,2026-04-25 13:53:00,25.0,16.67,59.91,190.0,9.0,29.89,0.0,10.0,,M,False,False,False,0.0
2026-04-25,2026,4,25,6,F9,,3782,ATL,TPA,819.0,958.0,830.0,931.0,,,99.0,,,406.0,0,0,,,,,,DEP_FROM_ATL,TPA,499.0,2026-04-25 08:19:00,2026-04-25 12:19:00,2026-04-25 13:58:00,2026-04-25 11:52:00,19.44,13.89,70.27,220.0,3.0,29.85,0.0,10.0,,M,False,False,False,27.0,2026-04-25 13:53:00,25.0,16.67,59.91,190.0,9.0,29.89,0.0,10.0,,M,False,False,False,5.0
2026-04-25,2026,4,25,6,WN,,3206,ATL,TPA,915.0,1045.0,923.0,1025.0,,,90.0,,,406.0,0,0,,,,,,DEP_FROM_ATL,TPA,555.0,2026-04-25 09:15:00,2026-04-25 13:15:00,2026-04-25 14:45:00,2026-04-25 12:52:00,19.44,14.44,72.85,220.0,6.0,29.86,0.0,10.0,,M,False,False,False,23.0,2026-04-25 14:53:00,26.67,16.67,54.29,210.0,7.0,29.89,0.0,10.0,,M,False,False,False,8.0
2026-04-25,2026,4,25,6,DL,,1587,ATL,TPA,1000.0,1131.0,1007.0,1111.0,,,91.0,,,406.0,0,0,,,,,,DEP_FROM_ATL,TPA,600.0,2026-04-25 10:00:00,2026-04-25 14:00:00,2026-04-25 15:31:00,2026-04-25 13:52:00,20.56,15.0,70.49,210.0,7.0,29.85,0.0,10.0,,M,False,False,False,8.0,2026-04-25 15:53:00,26.67,16.11,52.4,220.0,9.0,29.9,0.0,10.0,,M,False,False,False,22.0
2026-04-25,2026,4,25,6,WS,,6639,ATL,TPA,1000.0,1131.0,1007.0,1111.0,,,91.0,,,406.0,0,0,,,,,,DEP_FROM_ATL,TPA,600.0,2026-04-25 10:00:00,2026-04-25 14:00:00,2026-04-25 15:31:00,2026-04-25 13:52:00,20.56,15.0,70.49,210.0,7.0,29.85,0.0,10.0,,M,False,False,False,8.0,2026-04-25 15:53:00,26.67,16.11,52.4,220.0,9.0,29.9,0.0,10.0,,M,False,False,False,22.0
2026-04-25,2026,4,25,6,LA,,6327,ATL,TPA,1000.0,1131.0,1007.0,1111.0,,,91.0,,,406.0,0,0,,,,,,DEP_FROM_ATL,TPA,600.0,2026-04-25 10:00:00,2026-04-25 14:00:00,2026-04-25 15:31:00,2026-04-25 13:52:00,20.56,15.0,70.49,210.0,7.0,29.85,0.0,10.0,,M,False,False,False,8.0,2026-04-25 15:53:00,26.67,16.11,52.4,220.0,9.0,29.9,0.0,10.0,,M,False,False,False,22.0
2026-04-25,2026,4,25,6,F9,,1854,ATL,TPA,1030.0,1208.0,1048.0,1149.0,,,98.0,,,406.0,0,0,,,,,,DEP_FROM_ATL,TPA,630.0,2026-04-25 10:30:00,2026-04-25 14:30:00,2026-04-25 16:08:00,2026-04-25 14:52:00,21.67,15.0,65.84,270.0,11.0,29.85,0.0,10.0,,M,False,False,False,22.0,2026-04-25 15:53:00,26.67,16.11,52.4,220.0,9.0,29.9,0.0,10.0,,M,False,False,False,15.0
2026-04-25,2026,4,25,6,KE,,7041,ATL,TPA,1111.0,1238.0,1117.0,1223.0,,,87.0,,,406.0,0,0,,,,,,DEP_FROM_ATL,TPA,671.0,2026-04-25 11:11:00,2026-04-25 15:11:00,2026-04-25 16:38:00,2026-04-25 14:52:00,21.67,15.0,65.84,270.0,11.0,29.85,0.0,10.0,,M,False,False,False,19.0,2026-04-25 16:53:00,28.33,15.56,45.88,230.0,6.0,29.9,0.0,10.0,,M,False,False,False,15.0
2026-04-25,2026,4,25,6,WS,,6794,ATL,TPA,1111.0,1238.0,1117.0,1223.0,,,87.0,,,406.0,0,0,,,,,,DEP_FROM_ATL,TPA,671.0,2026-04-25 11:11:00,2026-04-25 15:11:00,2026-04-25 16:38:00,2026-04-25 14:52:00,21.67,15.0,65.84,270.0,11.0,29.85,0.0,10.0,,M,False,False,False,19.0,2026-04-25 16:53:00,28.33,15.56,45.88,230.0,6.0,29.9,0.0,10.0,,M,False,False,False,15.0
2026-04-25,2026,4,25,6,DL,,1099,ATL,TPA,1111.0,1238.0,1117.0,1223.0,,,87.0,,,406.0,0,0,,,,,,DEP_FROM_ATL,TPA,671.0,2026-04-25 11:11:00,2026-04-25 15:11:00,2026-04-25 16:38:00,2026-04-25 14:52:00,21.67,15.0,65.84,270.0,11.0,29.85,0.0,10.0,,M,False,False,False,19.0,2026-04-25 16:53:00,28.33,15.56,45.88,230.0,6.0,29.9,0.0,10.0,,M,False,False,False,15.0
2026-04-25,2026,4,25,6,KE,,7039,ATL,TPA,1224.0,1348.0,1233.0,1335.0,,,84.0,,,406.0,0,0,,,,,,DEP_FROM_ATL,TPA,744.0,2026-04-25 12:24:00,2026-04-25 16:24:00,2026-04-25 17:48:00,2026-04-25 16:25:00,21.67,15.0,65.84,250.0,10.0,29.87,0.0,10.0,22.0,M,False,False,False,1.0,2026-04-25 17:53:00,30.0,15.56,41.68,240.0,8.0,29.89,0.0,10.0,,M,False,False,False,5.0
2026-04-25,2026,4,25,6,DL,,1525,ATL,TPA,1224.0,1348.0,1233.0,1335.0,,,84.0,,,406.0,0,0,,,,,,DEP_FROM_ATL,TPA,744.0,2026-04-25 12:24:00,2026-04-25 16:24:00,2026-04-25 17:48:00,2026-04-25 16:25:00,21.67,15.0,65.84,250.0,10.0,29.87,0.0,10.0,22.0,M,False,False,False,1.0,2026-04-25 17:53:00,30.0,15.56,41.68,240.0,8.0,29.89,0.0,10.0,,M,False,False,False,5.0
2026-04-25,2026,4,25,6,DL,,1720,ATL,TPA,1325.0,1448.0,1342.0,1443.0,,,83.0,,,406.0,0,0,,,,,,DEP_FROM_ATL,TPA,805.0,2026-04-25 13:25:00,2026-04-25 17:25:00,2026-04-25 18:48:00,2026-04-25 17:12:00,20.0,16.11,78.33,280.0,10.0,29.88,0.001,9.0,,-RA,True,False,False,13.0,2026-04-25 18:53:00,28.89,16.67,47.69,260.0,13.0,29.88,0.0,10.0,,M,False,False,False,5.0
2026-04-25,2026,4,25,6,KE,,7161,ATL,TPA,1325.0,1448.0,1342.0,1443.0,,,83.0,,,406.0,0,0,,,,,,DEP_FROM_ATL,TPA,805.0,2026-04-25 13:25:00,2026-04-25 17:25:00,2026-04-25 18:48:00,2026-04-25 17:12:00,20.0,16.11,78.33,280.0,10.0,29.88,0.001,9.0,,-RA,True,False,False,13.0,2026-04-25 18:53:00,28.89,16.67,47.69,260.0,13.0,29.88,0.0,10.0,,M,False,False,False,5.0
2026-04-25,2026,4,25,6,KE,,3386,ATL,TPA,1425.0,1548.0,1443.0,1544.0,,,83.0,,,406.0,0,0,,,,,,DEP_FROM_ATL,TPA,865.0,2026-04-25 14:25:00,2026-04-25 18:25:00,2026-04-25 19:48:00,2026-04-25 18:52:00,20.56,16.67,78.41,,4.0,29.85,0.25,10.0,,M,True,False,False,27.0,2026-04-25 19:53:00,28.33,17.22,51.02,270.0,13.0,29.86,0.0,10.0,,M,False,False,False,5.0
2026-04-25,2026,4,25,6,DL,,1167,ATL,TPA,1425.0,1548.0,1443.0,1544.0,,,83.0,,,406.0,0,0,,,,,,DEP_FROM_ATL,TPA,865.0,2026-04-25 14:25:00,2026-04-25 18:25:00,2026-04-25 19:48:00,2026-04-25 18:52:00,20.56,16.67,78.41,,4.0,29.85,0.25,10.0,,M,True,False,False,27.0,2026-04-25 19:53:00,28.33,17.22,51.02,270.0,13.0,29.86,0.0,10.0,,M,False,False,False,5.0
2026-04-25,2026,4,25,6,KL,,5426,ATL,TPA,1425.0,1548.0,1443.0,1544.0,,,83.0,,,406.0,0,0,,,,,,DEP_FROM_ATL,TPA,865.0,2026-04-25 14:25:00,2026-04-25 18:25:00,2026-04-25 19:48:00,2026-04-25 18:52:00,20.56,16.67,78.41,,4.0,29.85,0.25,10.0,,M,True,False,False,27.0,2026-04-25 19:53:00,28.33,17.22,51.02,270.0,13.0,29.86,0.0,10.0,,M,False,False,False,5.0
2026-04-25,2026,4,25,6,VS,,5329,ATL,TPA,1425.0,1548.0,1443.0,1544.0,,,83.0,,,406.0,0,0,,,,,,DEP_FROM_ATL,TPA,865.0,2026-04-25 14:25:00,2026-04-25 18:25:00,2026-04-25 19:48:00,2026-04-25 18:52:00,20.56,16.67,78.41,,4.0,29.85,0.25,10.0,,M,True,False,False,27.0,2026-04-25 19:53:00,28.33,17.22,51.02,270.0,13.0,29.86,0.0,10.0,,M,False,False,False,5.0
2026-04-25,2026,4,25,6,WS,,6412,ATL,TPA,1425.0,1548.0,1443.0,1544.0,,,83.0,,,406.0,0,0,,,,,,DEP_FROM_ATL,TPA,865.0,2026-04-25 14:25:00,2026-04-25 18:25:00,2026-04-25 19:48:00,2026-04-25 18:52:00,20.56,16.67,78.41,,4.0,29.85,0.25,10.0,,M,True,False,False,27.0,2026-04-25 19:53:00,28.33,17.22,51.02,270.0,13.0,29.86,0.0,10.0,,M,False,False,False,5.0
2026-04-25,2026,4,25,6,AM,,3359,ATL,TPA,1425.0,1548.0,1443.0,1544.0,,,83.0,,,406.0,0,0,,,,,,DEP_FROM_ATL,TPA,865.0,2026-04-25 14:25:00,2026-04-25 18:25:00,2026-04-25 19:48:00,2026-04-25 18:52:00,20.56,16.67,78.41,,4.0,29.85,0.25,10.0,,M,True,False,False,27.0,2026-04-25 19:53:00,28.33,17.22,51.02,270.0,13.0,29.86,0.0,10.0,,M,False,False,False,5.0
2026-04-25,2026,4,25,6,WN,,286,ATL,TPA,1515.0,1645.0,1529.0,1629.0,,,90.0,,,406.0,0,0,,,,,,DEP_FROM_ATL,TPA,915.0,2026-04-25 15:15:00,2026-04-25 19:15:00,2026-04-25 20:45:00,2026-04-25 18:52:00,20.56,16.67,78.41,,4.0,29.85,0.25,10.0,,M,True,False,False,23.0,2026-04-25 20:53:00,27.78,18.33,56.51,270.0,12.0,29.85,0.0,10.0,,M,False,False,False,8.0
2026-04-25,2026,4,25,6,AF,,8728,ATL,TPA,1525.0,1650.0,1543.0,1648.0,,,85.0,,,406.0,0,0,,,,,,DEP_FROM_ATL,TPA,925.0,2026-04-25 15:25:00,2026-04-25 19:25:00,2026-04-25 20:50:00,2026-04-25 19:52:00,22.78,16.11,66.08,220.0,4.0,29.83,0.0,10.0,,M,False,False,False,27.0,2026-04-25 20:53:00,27.78,18.33,56.51,270.0,12.0,29.85,0.0,10.0,,M,False,False,False,3.0
2026-04-25,2026,4,25,6,AM,,3728,ATL,TPA,1525.0,1650.0,1543.0,1648.0,,,85.0,,,406.0,0,0,,,,,,DEP_FROM_ATL,TPA,925.0,2026-04-25 15:25:00,2026-04-25 19:25:00,2026-04-25 20:50:00,2026-04-25 19:52:00,22.78,16.11,66.08,220.0,4.0,29.83,0.0,10.0,,M,False,False,False,27.0,2026-04-25 20:53:00,27.78,18.33,56.51,270.0,12.0,29.85,0.0,10.0,,M,False,False,False,3.0
2026-04-25,2026,4,25,6,KL,,5290,ATL,TPA,1525.0,1650.0,1543.0,1648.0,,,85.0,,,406.0,0,0,,,,,,DEP_FROM_ATL,TPA,925.0,2026-04-25 15:25:00,2026-04-25 19:25:00,2026-04-25 20:50:00,2026-04-25 19:52:00,22.78,16.11,66.08,220.0,4.0,29.83,0.0,10.0,,M,False,False,False,27.0,2026-04-25 20:53:00,27.78,18.33,56.51,270.0,12.0,29.85,0.0,10.0,,M,False,False,False,3.0
2026-04-25,2026,4,25,6,WS,,7188,ATL,TPA,1525.0,1650.0,1543.0,1648.0,,,85.0,,,406.0,0,0,,,,,,DEP_FROM_ATL,TPA,925.0,2026-04-25 15:25:00,2026-04-25 19:25:00,2026-04-25 20:50:00,2026-04-25 19:52:00,22.78,16.11,66.08,220.0,4.0,29.83,0.0,10.0,,M,False,False,False,27.0,2026-04-25 20:53:00,27.78,18.33,56.51,270.0,12.0,29.85,0.0,10.0,,M,False,False,False,3.0
2026-04-25,2026,4,25,6,VS,,5281,ATL,TPA,1525.0,1650.0,1543.0,1648.0,,,85.0,,,406.0,0,0,,,,,,DEP_FROM_ATL,TPA,925.0,2026-04-25 15:25:00,2026-04-25 19:25:00,2026-04-25 20:50:00,2026-04-25 19:52:00,22.78,16.11,66.08,220.0,4.0,29.83,0.0,10.0,,M,False,False,False,27.0,2026-04-25 20:53:00,27.78,18.33,56.51,270.0,12.0,29.85,0.0,10.0,,M,False,False,False,3.0
2026-04-25,2026,4,25,6,DL,,759,ATL,TPA,1525.0,1650.0,1543.0,1648.0,,,85.0,,,406.0,0,0,,,,,,DEP_FROM_ATL,TPA,925.0,2026-04-25 15:25:00,2026-04-25 19:25:00,2026-04-25 20:50:00,2026-04-25 19:52:00,22.78,16.11,66.08,220.0,4.0,29.83,0.0,10.0,,M,False,False,False,27.0,2026-04-25 20:53:00,27.78,18.33,56.51,270.0,12.0,29.85,0.0,10.0,,M,False,False,False,3.0
2026-04-25,2026,4,25,6,KL,,5625,ATL,TPA,1625.0,1749.0,1701.0,1803.0,14.0,14.0,84.0,,,406.0,0,0,,,,,,DEP_FROM_ATL,TPA,985.0,2026-04-25 16:25:00,2026-04-25 20:25:00,2026-04-25 21:49:00,2026-04-25 20:42:00,22.78,15.56,63.78,230.0,5.0,29.81,0.0,10.0,,M,False,False,False,17.0,2026-04-25 21:53:00,27.22,16.11,50.72,270.0,10.0,29.84,0.0,10.0,,M,False,False,False,4.0
2026-04-25,2026,4,25,6,WS,,6571,ATL,TPA,1625.0,1749.0,1701.0,1803.0,14.0,14.0,84.0,,,406.0,0,0,,,,,,DEP_FROM_ATL,TPA,985.0,2026-04-25 16:25:00,2026-04-25 20:25:00,2026-04-25 21:49:00,2026-04-25 20:42:00,22.78,15.56,63.78,230.0,5.0,29.81,0.0,10.0,,M,False,False,False,17.0,2026-04-25 21:53:00,27.22,16.11,50.72,270.0,10.0,29.84,0.0,10.0,,M,False,False,False,4.0
2026-04-25,2026,4,25,6,DL,,1425,ATL,TPA,1625.0,1749.0,1701.0,1803.0,14.0,14.0,84.0,,,406.0,0,0,,,,,,DEP_FROM_ATL,TPA,985.0,2026-04-25 16:25:00,2026-04-25 20:25:00,2026-04-25 21:49:00,2026-04-25 20:42:00,22.78,15.56,63.78,230.0,5.0,29.81,0.0,10.0,,M,False,False,False,17.0,2026-04-25 21:53:00,27.22,16.11,50.72,270.0,10.0,29.84,0.0,10.0,,M,False,False,False,4.0
2026-04-25,2026,4,25,6,LA,,6635,ATL,TPA,1625.0,1749.0,1701.0,1803.0,14.0,14.0,84.0,,,406.0,0,0,,,,,,DEP_FROM_ATL,TPA,985.0,2026-04-25 16:25:00,2026-04-25 20:25:00,2026-04-25 21:49:00,2026-04-25 20:42:00,22.78,15.56,63.78,230.0,5.0,29.81,0.0,10.0,,M,False,False,False,17.0,2026-04-25 21:53:00,27.22,16.11,50.72,270.0,10.0,29.84,0.0,10.0,,M,False,False,False,4.0
2026-04-25,2026,4,25,6,AM,,3280,ATL,TPA,1625.0,1749.0,1701.0,1803.0,14.0,14.0,84.0,,,406.0,0,0,,,,,,DEP_FROM_ATL,TPA,985.0,2026-04-25 16:25:00,2026-04-25 20:25:00,2026-04-25 21:49:00,2026-04-25 20:42:00,22.78,15.56,63.78,230.0,5.0,29.81,0.0,10.0,,M,False,False,False,17.0,2026-04-25 21:53:00,27.22,16.11,50.72,270.0,10.0,29.84,0.0,10.0,,M,False,False,False,4.0
2026-04-25,2026,4,25,6,AF,,5820,ATL,TPA,1625.0,1749.0,1701.0,1803.0,14.0,14.0,84.0,,,406.0,0,0,,,,,,DEP_FROM_ATL,TPA,985.0,2026-04-25 16:25:00,2026-04-25 20:25:00,2026-04-25 21:49:00,2026-04-25 20:42:00,22.78,15.56,63.78,230.0,5.0,29.81,0.0,10.0,,M,False,False,False,17.0,2026-04-25 21:53:00,27.22,16.11,50.72,270.0,10.0,29.84,0.0,10.0,,M,False,False,False,4.0
2026-04-25,2026,4,25,6,VS,,5333,ATL,TPA,1625.0,1749.0,1701.0,1803.0,14.0,14.0,84.0,,,406.0,0,0,,,,,,DEP_FROM_ATL,TPA,985.0,2026-04-25 16:25:00,2026-04-25 20:25:00,2026-04-25 21:49:00,2026-04-25 20:42:00,22.78,15.56,63.78,230.0,5.0,29.81,0.0,10.0,,M,False,False,False,17.0,2026-04-25 21:53:00,27.22,16.11,50.72,270.0,10.0,29.84,0.0,10.0,,M,False,False,False,4.0
2026-04-25,2026,4,25,6,DL,,1594,ATL,TPA,1725.0,1850.0,1744.0,1846.0,,,85.0,,,406.0,0,0,,,,,,DEP_FROM_ATL,TPA,1045.0,2026-04-25 17:25:00,2026-04-25 21:25:00,2026-04-25 22:50:00,2026-04-25 21:52:00,23.33,16.11,63.9,260.0,4.0,29.81,0.0,10.0,,M,False,False,False,27.0,2026-04-25 22:53:00,26.11,16.67,56.09,0.0,0.0,29.8,0.0,10.0,,M,False,False,False,3.0
2026-04-25,2026,4,25,6,VS,,5325,ATL,TPA,1725.0,1850.0,1744.0,1846.0,,,85.0,,,406.0,0,0,,,,,,DEP_FROM_ATL,TPA,1045.0,2026-04-25 17:25:00,2026-04-25 21:25:00,2026-04-25 22:50:00,2026-04-25 21:52:00,23.33,16.11,63.9,260.0,4.0,29.81,0.0,10.0,,M,False,False,False,27.0,2026-04-25 22:53:00,26.11,16.67,56.09,0.0,0.0,29.8,0.0,10.0,,M,False,False,False,3.0
2026-04-25,2026,4,25,6,KL,,5289,ATL,TPA,1925.0,2050.0,1932.0,2034.0,,,85.0,,,406.0,0,0,,,,,,DEP_FROM_ATL,TPA,1165.0,2026-04-25 19:25:00,2026-04-25 23:25:00,2026-04-26 00:50:00,2026-04-25 23:52:00,22.78,15.0,61.54,230.0,5.0,29.82,0.0,10.0,,M,False,False,False,27.0,2026-04-26 00:53:00,25.56,17.22,60.04,270.0,5.0,29.86,0.0,10.0,,M,False,False,False,3.0
2026-04-25,2026,4,25,6,KE,,3280,ATL,TPA,1925.0,2050.0,1932.0,2034.0,,,85.0,,,406.0,0,0,,,,,,DEP_FROM_ATL,TPA,1165.0,2026-04-25 19:25:00,2026-04-25 23:25:00,2026-04-26 00:50:00,2026-04-25 23:52:00,22.78,15.0,61.54,230.0,5.0,29.82,0.0,10.0,,M,False,False,False,27.0,2026-04-26 00:53:00,25.56,17.22,60.04,270.0,5.0,29.86,0.0,10.0,,M,False,False,False,3.0
2026-04-25,2026,4,25,6,AM,,3729,ATL,TPA,1925.0,2050.0,1932.0,2034.0,,,85.0,,,406.0,0,0,,,,,,DEP_FROM_ATL,TPA,1165.0,2026-04-25 19:25:00,2026-04-25 23:25:00,2026-04-26 00:50:00,2026-04-25 23:52:00,22.78,15.0,61.54,230.0,5.0,29.82,0.0,10.0,,M,False,False,False,27.0,2026-04-26 00:53:00,25.56,17.22,60.04,270.0,5.0,29.86,0.0,10.0,,M,False,False,False,3.0
2026-04-25,2026,4,25,6,AF,,2105,ATL,TPA,1925.0,2050.0,1932.0,2034.0,,,85.0,,,406.0,0,0,,,,,,DEP_FROM_ATL,TPA,1165.0,2026-04-25 19:25:00,2026-04-25 23:25:00,2026-04-26 00:50:00,2026-04-25 23:52:00,22.78,15.0,61.54,230.0,5.0,29.82,0.0,10.0,,M,False,False,False,27.0,2026-04-26 00:53:00,25.56,17.22,60.04,270.0,5.0,29.86,0.0,10.0,,M,False,False,False,3.0
2026-04-25,2026,4,25,6,VS,,5321,ATL,TPA,1925.0,2050.0,1932.0,2034.0,,,85.0,,,406.0,0,0,,,,,,DEP_FROM_ATL,TPA,1165.0,2026-04-25 19:25:00,2026-04-25 23:25:00,2026-04-26 00:50:00,2026-04-25 23:52:00,22.78,15.0,61.54,230.0,5.0,29.82,0.0,10.0,,M,False,False,False,27.0,2026-04-26 00:53:00,25.56,17.22,60.04,270.0,5.0,29.86,0.0,10.0,,M,False,False,False,3.0
2026-04-25,2026,4,25,6,DL,,1457,ATL,TPA,1925.0,2050.0,1932.0,2034.0,,,85.0,,,406.0,0,0,,,,,,DEP_FROM_ATL,TPA,1165.0,2026-04-25 19:25:00,2026-04-25 23:25:00,2026-04-26 00:50:00,2026-04-25 23:52:00,22.78,15.0,61.54,230.0,5.0,29.82,0.0,10.0,,M,False,False,False,27.0,2026-04-26 00:53:00,25.56,17.22,60.04,270.0,5.0,29.86,0.0,10.0,,M,False,False,False,3.0
2026-04-25,2026,4,25,6,VS,,5327,ATL,TPA,2045.0,2211.0,2150.0,2249.0,38.0,38.0,86.0,,,406.0,0,0,,,,,,DEP_FROM_ATL,TPA,1245.0,2026-04-25 20:45:00,2026-04-26 00:45:00,2026-04-26 02:11:00,2026-04-26 00:52:00,21.67,16.11,70.7,210.0,6.0,29.83,0.0,10.0,,M,False,False,False,7.0,2026-04-26 01:53:00,25.56,18.33,64.39,260.0,5.0,29.87,0.0,10.0,,M,False,False,False,18.0
2026-04-25,2026,4,25,6,DL,,1591,ATL,TPA,2045.0,2211.0,2150.0,2249.0,38.0,38.0,86.0,,,406.0,0,0,,,,,,DEP_FROM_ATL,TPA,1245.0,2026-04-25 20:45:00,2026-04-26 00:45:00,2026-04-26 02:11:00,2026-04-26 00:52:00,21.67,16.11,70.7,210.0,6.0,29.83,0.0,10.0,,M,False,False,False,7.0,2026-04-26 01:53:00,25.56,18.33,64.39,260.0,5.0,29.87,0.0,10.0,,M,False,False,False,18.0
2026-04-25,2026,4,25,6,SK,,3291,ATL,TPA,2045.0,2211.0,2150.0,2249.0,38.0,38.0,86.0,,,406.0,0,0,,,,,,DEP_FROM_ATL,TPA,1245.0,2026-04-25 20:45:00,2026-04-26 00:45:00,2026-04-26 02:11:00,2026-04-26 00:52:00,21.67,16.11,70.7,210.0,6.0,29.83,0.0,10.0,,M,False,False,False,7.0,2026-04-26 01:53:00,25.56,18.33,64.39,260.0,5.0,29.87,0.0,10.0,,M,False,False,False,18.0
2026-04-25,2026,4,25,6,KE,,5418,ATL,TPA,2045.0,2211.0,2150.0,2249.0,38.0,38.0,86.0,,,406.0,0,0,,,,,,DEP_FROM_ATL,TPA,1245.0,2026-04-25 20:45:00,2026-04-26 00:45:00,2026-04-26 02:11:00,2026-04-26 00:52:00,21.67,16.11,70.7,210.0,6.0,29.83,0.0,10.0,,M,False,False,False,7.0,2026-04-26 01:53:00,25.56,18.33,64.39,260.0,5.0,29.87,0.0,10.0,,M,False,False,False,18.0
2026-04-25,2026,4,25,6,AM,,3732,ATL,TPA,2045.0,2211.0,2150.0,2249.0,38.0,38.0,86.0,,,406.0,0,0,,,,,,DEP_FROM_ATL,TPA,1245.0,2026-04-25 20:45:00,2026-04-26 00:45:00,2026-04-26 02:11:00,2026-04-26 00:52:00,21.67,16.11,70.7,210.0,6.0,29.83,0.0,10.0,,M,False,False,False,7.0,2026-04-26 01:53:00,25.56,18.33,64.39,260.0,5.0,29.87,0.0,10.0,,M,False,False,False,18.0
2026-04-25,2026,4,25,6,AF,,2921,ATL,TPA,2259.0,26.0,2340.0,39.0,13.0,13.0,87.0,,,406.0,0,0,,,,,,DEP_FROM_ATL,TPA,1379.0,2026-04-25 22:59:00,2026-04-26 02:59:00,2026-04-26 04:26:00,2026-04-26 02:52:00,20.56,16.67,78.41,210.0,9.0,29.83,0.001,10.0,,-RA,True,False,False,7.0,2026-04-26 04:53:00,23.89,18.89,73.64,180.0,5.0,29.88,0.0,10.0,,M,False,False,False,27.0
2026-04-25,2026,4,25,6,AM,,3731,ATL,TPA,2259.0,26.0,2340.0,39.0,13.0,13.0,87.0,,,406.0,0,0,,,,,,DEP_FROM_ATL,TPA,1379.0,2026-04-25 22:59:00,2026-04-26 02:59:00,2026-04-26 04:26:00,2026-04-26 02:52:00,20.56,16.67,78.41,210.0,9.0,29.83,0.001,10.0,,-RA,True,False,False,7.0,2026-04-26 04:53:00,23.89,18.89,73.64,180.0,5.0,29.88,0.0,10.0,,M,False,False,False,27.0
2026-04-25,2026,4,25,6,LA,,6612,ATL,TPA,2259.0,26.0,2340.0,39.0,13.0,13.0,87.0,,,406.0,0,0,,,,,,DEP_FROM_ATL,TPA,1379.0,2026-04-25 22:59:00,2026-04-26 02:59:00,2026-04-26 04:26:00,2026-04-26 02:52:00,20.56,16.67,78.41,210.0,9.0,29.83,0.001,10.0,,-RA,True,False,False,7.0,2026-04-26 04:53:00,23.89,18.89,73.64,180.0,5.0,29.88,0.0,10.0,,M,False,False,False,27.0
2026-04-25,2026,4,25,6,KE,,7159,ATL,TPA,2259.0,26.0,2340.0,39.0,13.0,13.0,87.0,,,406.0,0,0,,,,,,DEP_FROM_ATL,TPA,1379.0,2026-04-25 22:59:00,2026-04-26 02:59:00,2026-04-26 04:26:00,2026-04-26 02:52:00,20.56,16.67,78.41,210.0,9.0,29.83,0.001,10.0,,-RA,True,False,False,7.0,2026-04-26 04:53:00,23.89,18.89,73.64,180.0,5.0,29.88,0.0,10.0,,M,False,False,False,27.0
2026-04-25,2026,4,25,6,KL,,5498,ATL,TPA,2259.0,26.0,2340.0,39.0,13.0,13.0,87.0,,,406.0,0,0,,,,,,DEP_FROM_ATL,TPA,1379.0,2026-04-25 22:59:00,2026-04-26 02:59:00,2026-04-26 04:26:00,2026-04-26 02:52:00,20.56,16.67,78.41,210.0,9.0,29.83,0.001,10.0,,-RA,True,False,False,7.0,2026-04-26 04:53:00,23.89,18.89,73.64,180.0,5.0,29.88,0.0,10.0,,M,False,False,False,27.0
2026-04-25,2026,4,25,6,SK,,3755,ATL,TPA,2259.0,26.0,2340.0,39.0,13.0,13.0,87.0,,,406.0,0,0,,,,,,DEP_FROM_ATL,TPA,1379.0,2026-04-25 22:59:00,2026-04-26 02:59:00,2026-04-26 04:26:00,2026-04-26 02:52:00,20.56,16.67,78.41,210.0,9.0,29.83,0.001,10.0,,-RA,True,False,False,7.0,2026-04-26 04:53:00,23.89,18.89,73.64,180.0,5.0,29.88,0.0,10.0,,M,False,False,False,27.0
2026-04-25,2026,4,25,6,DL,,1560,ATL,TPA,2259.0,26.0,2340.0,39.0,13.0,13.0,87.0,,,406.0,0,0,,,,,,DEP_FROM_ATL,TPA,1379.0,2026-04-25 22:59:00,2026-04-26 02:59:00,2026-04-26 04:26:00,2026-04-26 02:52:00,20.56,16.67,78.41,210.0,9.0,29.83,0.001,10.0,,-RA,True,False,False,7.0,2026-04-26 04:53:00,23.89,18.89,73.64,180.0,5.0,29.88,0.0,10.0,,M,False,False,False,27.0
2026-04-25,2026,4,25,6,VS,,5323,ATL,TPA,2259.0,26.0,2340.0,39.0,13.0,13.0,87.0,,,406.0,0,0,,,,,,DEP_FROM_ATL,TPA,1379.0,2026-04-25 22:59:00,2026-04-26 02:59:00,2026-04-26 04:26:00,2026-04-26 02:52:00,20.56,16.67,78.41,210.0,9.0,29.83,0.001,10.0,,-RA,True,False,False,7.0,2026-04-26 04:53:00,23.89,18.89,73.64,180.0,5.0,29.88,0.0,10.0,,M,False,False,False,27.0
2026-04-25,2026,4,25,6,F9,,3054,ATL,TPA,2250.0,26.0,2320.0,20.0,,,96.0,,,406.0,0,0,,,,,,DEP_FROM_ATL,TPA,1370.0,2026-04-25 22:50:00,2026-04-26 02:50:00,2026-04-26 04:26:00,2026-04-26 02:48:00,21.0,17.0,77.93,190.0,9.0,29.83,0.001,10.0,,-RA,True,False,False,2.0,2026-04-26 04:53:00,23.89,18.89,73.64,180.0,5.0,29.88,0.0,10.0,,M,False,False,False,27.0
2026-04-25,2026,4,25,6,WS,,6739,ATL,TPA,2259.0,26.0,2340.0,39.0,13.0,13.0,87.0,,,406.0,0,0,,,,,,DEP_FROM_ATL,TPA,1379.0,2026-04-25 22:59:00,2026-04-26 02:59:00,2026-04-26 04:26:00,2026-04-26 02:52:00,20.56,16.67,78.41,210.0,9.0,29.83,0.001,10.0,,-RA,True,False,False,7.0,2026-04-26 04:53:00,23.89,18.89,73.64,180.0,5.0,29.88,0.0,10.0,,M,False,False,False,27.0
2026-04-26,2026,4,26,7,F9,,1854,ATL,TPA,600.0,734.0,643.0,743.0,9.0,9.0,94.0,,,406.0,0,0,,,,,,DEP_FROM_ATL,TPA,360.0,2026-04-26 06:00:00,2026-04-26 10:00:00,2026-04-26 11:34:00,2026-04-26 09:52:00,17.22,15.56,89.94,310.0,5.0,29.86,0.001,0.25,,-DZ BR,True,True,False,8.0,2026-04-26 11:51:00,23.0,21.0,88.53,170.0,4.0,29.89,0.0,10.0,,M,False,False,False,17.0
2026-04-26,2026,4,26,7,DL,,2605,ATL,TPA,725.0,853.0,741.0,840.0,,,88.0,,,406.0,0,0,,,,,,DEP_FROM_ATL,TPA,445.0,2026-04-26 07:25:00,2026-04-26 11:25:00,2026-04-26 12:53:00,2026-04-26 11:52:00,17.22,16.11,93.19,360.0,6.0,29.89,0.0,0.25,,FG,False,True,False,27.0,2026-04-26 12:53:00,24.44,21.67,84.55,180.0,8.0,29.91,0.0,10.0,,M,False,False,False,0.0
2026-04-26,2026,4,26,7,LA,,6108,ATL,TPA,725.0,853.0,741.0,840.0,,,88.0,,,406.0,0,0,,,,,,DEP_FROM_ATL,TPA,445.0,2026-04-26 07:25:00,2026-04-26 11:25:00,2026-04-26 12:53:00,2026-04-26 11:52:00,17.22,16.11,93.19,360.0,6.0,29.89,0.0,0.25,,FG,False,True,False,27.0,2026-04-26 12:53:00,24.44,21.67,84.55,180.0,8.0,29.91,0.0,10.0,,M,False,False,False,0.0
2026-04-26,2026,4,26,7,DL,,1227,ATL,TPA,825.0,957.0,859.0,959.0,2.0,2.0,92.0,,,406.0,0,0,,,,,,DEP_FROM_ATL,TPA,505.0,2026-04-26 08:25:00,2026-04-26 12:25:00,2026-04-26 13:57:00,2026-04-26 12:26:00,18.33,16.67,90.02,30.0,5.0,29.89,0.0,1.0,,BR,False,True,False,1.0,2026-04-26 13:53:00,25.56,21.67,79.14,170.0,7.0,29.91,0.0,10.0,,M,False,False,False,4.0
2026-04-26,2026,4,26,7,WS,,8704,ATL,TPA,825.0,957.0,859.0,959.0,2.0,2.0,92.0,,,406.0,0,0,,,,,,DEP_FROM_ATL,TPA,505.0,2026-04-26 08:25:00,2026-04-26 12:25:00,2026-04-26 13:57:00,2026-04-26 12:26:00,18.33,16.67,90.02,30.0,5.0,29.89,0.0,1.0,,BR,False,True,False,1.0,2026-04-26 13:53:00,25.56,21.67,79.14,170.0,7.0,29.91,0.0,10.0,,M,False,False,False,4.0
2026-04-26,2026,4,26,7,LA,,6410,ATL,TPA,825.0,957.0,859.0,959.0,2.0,2.0,92.0,,,406.0,0,0,,,,,,DEP_FROM_ATL,TPA,505.0,2026-04-26 08:25:00,2026-04-26 12:25:00,2026-04-26 13:57:00,2026-04-26 12:26:00,18.33,16.67,90.02,30.0,5.0,29.89,0.0,1.0,,BR,False,True,False,1.0,2026-04-26 13:53:00,25.56,21.67,79.14,170.0,7.0,29.91,0.0,10.0,,M,False,False,False,4.0
2026-04-26,2026,4,26,7,F9,,3782,ATL,TPA,825.0,1004.0,840.0,941.0,,,99.0,,,406.0,0,0,,,,,,DEP_FROM_ATL,TPA,505.0,2026-04-26 08:25:00,2026-04-26 12:25:00,2026-04-26 14:04:00,2026-04-26 12:26:00,18.33,16.67,90.02,30.0,5.0,29.89,0.0,1.0,,BR,False,True,False,1.0,2026-04-26 13:53:00,25.56,21.67,79.14,170.0,7.0,29.91,0.0,10.0,,M,False,False,False,11.0
2026-04-26,2026,4,26,7,WS,,6639,ATL,TPA,1000.0,1130.0,1017.0,1117.0,,,90.0,,,406.0,0,0,,,,,,DEP_FROM_ATL,TPA,600.0,2026-04-26 10:00:00,2026-04-26 14:00:00,2026-04-26 15:30:00,2026-04-26 13:52:00,20.0,17.22,84.05,300.0,4.0,29.91,0.0,9.0,,M,False,False,False,8.0,2026-04-26 15:53:00,28.33,20.0,60.7,230.0,8.0,29.91,0.0,10.0,,M,False,False,False,23.0
2026-04-26,2026,4,26,7,LA,,6327,ATL,TPA,1000.0,1130.0,1017.0,1117.0,,,90.0,,,406.0,0,0,,,,,,DEP_FROM_ATL,TPA,600.0,2026-04-26 10:00:00,2026-04-26 14:00:00,2026-04-26 15:30:00,2026-04-26 13:52:00,20.0,17.22,84.05,300.0,4.0,29.91,0.0,9.0,,M,False,False,False,8.0,2026-04-26 15:53:00,28.33,20.0,60.7,230.0,8.0,29.91,0.0,10.0,,M,False,False,False,23.0
2026-04-26,2026,4,26,7,DL,,1587,ATL,TPA,1000.0,1130.0,1017.0,1117.0,,,90.0,,,406.0,0,0,,,,,,DEP_FROM_ATL,TPA,600.0,2026-04-26 10:00:00,2026-04-26 14:00:00,2026-04-26 15:30:00,2026-04-26 13:52:00,20.0,17.22,84.05,300.0,4.0,29.91,0.0,9.0,,M,False,False,False,8.0,2026-04-26 15:53:00,28.33,20.0,60.7,230.0,8.0,29.91,0.0,10.0,,M,False,False,False,23.0
2026-04-26,2026,4,26,7,KE,,7041,ATL,TPA,1111.0,1239.0,1117.0,1218.0,,,88.0,,,406.0,0,0,,,,,,DEP_FROM_ATL,TPA,671.0,2026-04-26 11:11:00,2026-04-26 15:11:00,2026-04-26 16:39:00,2026-04-26 15:14:00,22.22,17.22,73.34,290.0,5.0,29.93,0.0,10.0,,M,False,False,False,3.0,2026-04-26 16:53:00,27.22,20.0,64.76,270.0,12.0,29.9,0.0,10.0,,M,False,False,False,14.0
2026-04-26,2026,4,26,7,DL,,1099,ATL,TPA,1111.0,1239.0,1117.0,1218.0,,,88.0,,,406.0,0,0,,,,,,DEP_FROM_ATL,TPA,671.0,2026-04-26 11:11:00,2026-04-26 15:11:00,2026-04-26 16:39:00,2026-04-26 15:14:00,22.22,17.22,73.34,290.0,5.0,29.93,0.0,10.0,,M,False,False,False,3.0,2026-04-26 16:53:00,27.22,20.0,64.76,270.0,12.0,29.9,0.0,10.0,,M,False,False,False,14.0
2026-04-26,2026,4,26,7,WS,,6794,ATL,TPA,1111.0,1239.0,1117.0,1218.0,,,88.0,,,406.0,0,0,,,,,,DEP_FROM_ATL,TPA,671.0,2026-04-26 11:11:00,2026-04-26 15:11:00,2026-04-26 16:39:00,2026-04-26 15:14:00,22.22,17.22,73.34,290.0,5.0,29.93,0.0,10.0,,M,False,False,False,3.0,2026-04-26 16:53:00,27.22,20.0,64.76,270.0,12.0,29.9,0.0,10.0,,M,False,False,False,14.0
2026-04-26,2026,4,26,7,WN,,3206,ATL,TPA,1145.0,1310.0,1158.0,1258.0,,,85.0,,,406.0,0,0,,,,,,DEP_FROM_ATL,TPA,705.0,2026-04-26 11:45:00,2026-04-26 15:45:00,2026-04-26 17:10:00,2026-04-26 15:52:00,24.44,17.22,64.15,280.0,6.0,29.93,0.0,10.0,,M,False,False,False,7.0,2026-04-26 16:53:00,27.22,20.0,64.76,270.0,12.0,29.9,0.0,10.0,,M,False,False,False,17.0
2026-04-26,2026,4,26,7,KE,,7039,ATL,TPA,1224.0,1348.0,1239.0,1341.0,,,84.0,,,406.0,0,0,,,,,,DEP_FROM_ATL,TPA,744.0,2026-04-26 12:24:00,2026-04-26 16:24:00,2026-04-26 17:48:00,2026-04-26 16:52:00,26.11,16.67,56.09,310.0,7.0,29.93,0.0,10.0,,M,False,False,False,28.0,2026-04-26 17:53:00,28.33,18.89,56.65,270.0,11.0,29.89,0.0,10.0,,M,False,False,False,5.0
2026-04-26,2026,4,26,7,DL,,1525,ATL,TPA,1224.0,1348.0,1239.0,1341.0,,,84.0,,,406.0,0,0,,,,,,DEP_FROM_ATL,TPA,744.0,2026-04-26 12:24:00,2026-04-26 16:24:00,2026-04-26 17:48:00,2026-04-26 16:52:00,26.11,16.67,56.09,310.0,7.0,29.93,0.0,10.0,,M,False,False,False,28.0,2026-04-26 17:53:00,28.33,18.89,56.65,270.0,11.0,29.89,0.0,10.0,,M,False,False,False,5.0
2026-04-26,2026,4,26,7,DL,,1720,ATL,TPA,1313.0,1439.0,1325.0,1426.0,,,86.0,,,406.0,0,0,,,,,,DEP_FROM_ATL,TPA,793.0,2026-04-26 13:13:00,2026-04-26 17:13:00,2026-04-26 18:39:00,2026-04-26 16:52:00,26.11,16.67,56.09,310.0,7.0,29.93,0.0,10.0,,M,False,False,False,21.0,2026-04-26 18:53:00,27.78,16.11,49.1,270.0,11.0,29.89,0.0,10.0,18.0,M,False,False,False,14.0
2026-04-26,2026,4,26,7,KE,,7161,ATL,TPA,1313.0,1439.0,1325.0,1426.0,,,86.0,,,406.0,0,0,,,,,,DEP_FROM_ATL,TPA,793.0,2026-04-26 13:13:00,2026-04-26 17:13:00,2026-04-26 18:39:00,2026-04-26 16:52:00,26.11,16.67,56.09,310.0,7.0,29.93,0.0,10.0,,M,False,False,False,21.0,2026-04-26 18:53:00,27.78,16.11,49.1,270.0,11.0,29.89,0.0,10.0,18.0,M,False,False,False,14.0
2026-04-26,2026,4,26,7,KE,,3386,ATL,TPA,1425.0,1548.0,1427.0,1530.0,,,83.0,,,406.0,0,0,,,,,,DEP_FROM_ATL,TPA,865.0,2026-04-26 14:25:00,2026-04-26 18:25:00,2026-04-26 19:48:00,2026-04-26 18:52:00,26.67,13.89,45.42,300.0,8.0,29.91,0.0,10.0,14.0,M,False,False,False,27.0,2026-04-26 19:53:00,27.78,17.22,52.69,280.0,12.0,29.88,0.0,10.0,,M,False,False,False,5.0
2026-04-26,2026,4,26,7,DL,,1167,ATL,TPA,1425.0,1548.0,1427.0,1530.0,,,83.0,,,406.0,0,0,,,,,,DEP_FROM_ATL,TPA,865.0,2026-04-26 14:25:00,2026-04-26 18:25:00,2026-04-26 19:48:00,2026-04-26 18:52:00,26.67,13.89,45.42,300.0,8.0,29.91,0.0,10.0,14.0,M,False,False,False,27.0,2026-04-26 19:53:00,27.78,17.22,52.69,280.0,12.0,29.88,0.0,10.0,,M,False,False,False,5.0
2026-04-26,2026,4,26,7,VS,,4090,ATL,TPA,1425.0,1548.0,1427.0,1530.0,,,83.0,,,406.0,0,0,,,,,,DEP_FROM_ATL,TPA,865.0,2026-04-26 14:25:00,2026-04-26 18:25:00,2026-04-26 19:48:00,2026-04-26 18:52:00,26.67,13.89,45.42,300.0,8.0,29.91,0.0,10.0,14.0,M,False,False,False,27.0,2026-04-26 19:53:00,27.78,17.22,52.69,280.0,12.0,29.88,0.0,10.0,,M,False,False,False,5.0
2026-04-26,2026,4,26,7,WS,,6412,ATL,TPA,1425.0,1548.0,1427.0,1530.0,,,83.0,,,406.0,0,0,,,,,,DEP_FROM_ATL,TPA,865.0,2026-04-26 14:25:00,2026-04-26 18:25:00,2026-04-26 19:48:00,2026-04-26 18:52:00,26.67,13.89,45.42,300.0,8.0,29.91,0.0,10.0,14.0,M,False,False,False,27.0,2026-04-26 19:53:00,27.78,17.22,52.69,280.0,12.0,29.88,0.0,10.0,,M,False,False,False,5.0
2026-04-26,2026,4,26,7,AM,,3359,ATL,TPA,1425.0,1548.0,1427.0,1530.0,,,83.0,,,406.0,0,0,,,,,,DEP_FROM_ATL,TPA,865.0,2026-04-26 14:25:00,2026-04-26 18:25:00,2026-04-26 19:48:00,2026-04-26 18:52:00,26.67,13.89,45.42,300.0,8.0,29.91,0.0,10.0,14.0,M,False,False,False,27.0,2026-04-26 19:53:00,27.78,17.22,52.69,280.0,12.0,29.88,0.0,10.0,,M,False,False,False,5.0
2026-04-26,2026,4,26,7,KL,,5426,ATL,TPA,1425.0,1548.0,1427.0,1530.0,,,83.0,,,406.0,0,0,,,,,,DEP_FROM_ATL,TPA,865.0,2026-04-26 14:25:00,2026-04-26 18:25:00,2026-04-26 19:48:00,2026-04-26 18:52:00,26.67,13.89,45.42,300.0,8.0,29.91,0.0,10.0,14.0,M,False,False,False,27.0,2026-04-26 19:53:00,27.78,17.22,52.69,280.0,12.0,29.88,0.0,10.0,,M,False,False,False,5.0
2026-04-26,2026,4,26,7,KL,,5290,ATL,TPA,1525.0,1650.0,,,,,85.0,,,406.0,0,0,,,,,,DEP_FROM_ATL,TPA,925.0,2026-04-26 15:25:00,2026-04-26 19:25:00,2026-04-26 20:50:00,2026-04-26 19:52:00,27.78,13.89,42.56,320.0,9.0,29.89,0.0,10.0,,M,False,False,False,27.0,2026-04-26 19:53:00,27.78,17.22,52.69,280.0,12.0,29.88,0.0,10.0,,M,False,False,False,57.0
2026-04-26,2026,4,26,7,VS,,5281,ATL,TPA,1525.0,1650.0,,,,,85.0,,,406.0,0,0,,,,,,DEP_FROM_ATL,TPA,925.0,2026-04-26 15:25:00,2026-04-26 19:25:00,2026-04-26 20:50:00,2026-04-26 19:52:00,27.78,13.89,42.56,320.0,9.0,29.89,0.0,10.0,,M,False,False,False,27.0,2026-04-26 19:53:00,27.78,17.22,52.69,280.0,12.0,29.88,0.0,10.0,,M,False,False,False,57.0
2026-04-26,2026,4,26,7,DL,N364DX,759,ATL,TPA,1525.0,1650.0,,,,,85.0,,,406.0,0,0,,,,,,DEP_FROM_ATL,TPA,925.0,2026-04-26 15:25:00,2026-04-26 19:25:00,2026-04-26 20:50:00,2026-04-26 19:52:00,27.78,13.89,42.56,320.0,9.0,29.89,0.0,10.0,,M,False,False,False,27.0,2026-04-26 19:53:00,27.78,17.22,52.69,280.0,12.0,29.88,0.0,10.0,,M,False,False,False,57.0
2026-04-26,2026,4,26,7,AM,,3728,ATL,TPA,1525.0,1650.0,,,,,85.0,,,406.0,0,0,,,,,,DEP_FROM_ATL,TPA,925.0,2026-04-26 15:25:00,2026-04-26 19:25:00,2026-04-26 20:50:00,2026-04-26 19:52:00,27.78,13.89,42.56,320.0,9.0,29.89,0.0,10.0,,M,False,False,False,27.0,2026-04-26 19:53:00,27.78,17.22,52.69,280.0,12.0,29.88,0.0,10.0,,M,False,False,False,57.0
2026-04-26,2026,4,26,7,AF,,8728,ATL,TPA,1525.0,1650.0,,,,,85.0,,,406.0,0,0,,,,,,DEP_FROM_ATL,TPA,925.0,2026-04-26 15:25:00,2026-04-26 19:25:00,2026-04-26 20:50:00,2026-04-26 19:52:00,27.78,13.89,42.56,320.0,9.0,29.89,0.0,10.0,,M,False,False,False,27.0,2026-04-26 19:53:00,27.78,17.22,52.69,280.0,12.0,29.88,0.0,10.0,,M,False,False,False,57.0
2026-04-26,2026,4,26,7,NK,N686NK,260,ATL,TPA,1532.0,1657.0,,,,,85.0,,,406.0,0,0,,,,,,DEP_FROM_ATL,TPA,932.0,2026-04-26 15:32:00,2026-04-26 19:32:00,2026-04-26 20:57:00,2026-04-26 19:52:00,27.78,13.89,42.56,320.0,9.0,29.89,0.0,10.0,,M,False,False,False,20.0,2026-04-26 19:53:00,27.78,17.22,52.69,280.0,12.0,29.88,0.0,10.0,,M,False,False,False,64.0
2026-04-26,2026,4,26,7,AM,,3280,ATL,TPA,1625.0,1750.0,,,,,85.0,,,406.0,0,0,,,,,,DEP_FROM_ATL,TPA,985.0,2026-04-26 16:25:00,2026-04-26 20:25:00,2026-04-26 21:50:00,2026-04-26 19:52:00,27.78,13.89,42.56,320.0,9.0,29.89,0.0,10.0,,M,False,False,False,33.0,,,,,,,,,,,,,,,
2026-04-26,2026,4,26,7,WS,,6571,ATL,TPA,1625.0,1750.0,,,,,85.0,,,406.0,0,0,,,,,,DEP_FROM_ATL,TPA,985.0,2026-04-26 16:25:00,2026-04-26 20:25:00,2026-04-26 21:50:00,2026-04-26 19:52:00,27.78,13.89,42.56,320.0,9.0,29.89,0.0,10.0,,M,False,False,False,33.0,,,,,,,,,,,,,,,
2026-04-26,2026,4,26,7,DL,,1425,ATL,TPA,1625.0,1750.0,,,,,85.0,,,406.0,0,0,,,,,,DEP_FROM_ATL,TPA,985.0,2026-04-26 16:25:00,2026-04-26 20:25:00,2026-04-26 21:50:00,2026-04-26 19:52:00,27.78,13.89,42.56,320.0,9.0,29.89,0.0,10.0,,M,False,False,False,33.0,,,,,,,,,,,,,,,
2026-04-26,2026,4,26,7,LA,,6635,ATL,TPA,1625.0,1750.0,,,,,85.0,,,406.0,0,0,,,,,,DEP_FROM_ATL,TPA,985.0,2026-04-26 16:25:00,2026-04-26 20:25:00,2026-04-26 21:50:00,2026-04-26 19:52:00,27.78,13.89,42.56,320.0,9.0,29.89,0.0,10.0,,M,False,False,False,33.0,,,,,,,,,,,,,,,
2026-04-26,2026,4,26,7,AF,,3070,ATL,TPA,1625.0,1750.0,,,,,85.0,,,406.0,0,0,,,,,,DEP_FROM_ATL,TPA,985.0,2026-04-26 16:25:00,2026-04-26 20:25:00,2026-04-26 21:50:00,2026-04-26 19:52:00,27.78,13.89,42.56,320.0,9.0,29.89,0.0,10.0,,M,False,False,False,33.0,,,,,,,,,,,,,,,
2026-04-26,2026,4,26,7,KL,,5625,ATL,TPA,1625.0,1750.0,,,,,85.0,,,406.0,0,0,,,,,,DEP_FROM_ATL,TPA,985.0,2026-04-26 16:25:00,2026-04-26 20:25:00,2026-04-26 21:50:00,2026-04-26 19:52:00,27.78,13.89,42.56,320.0,9.0,29.89,0.0,10.0,,M,False,False,False,33.0,,,,,,,,,,,,,,,
2026-04-26,2026,4,26,7,VS,,5333,ATL,TPA,1625.0,1750.0,,,,,85.0,,,406.0,0,0,,,,,,DEP_FROM_ATL,TPA,985.0,2026-04-26 16:25:00,2026-04-26 20:25:00,2026-04-26 21:50:00,2026-04-26 19:52:00,27.78,13.89,42.56,320.0,9.0,29.89,0.0,10.0,,M,False,False,False,33.0,,,,,,,,,,,,,,,
2026-04-26,2026,4,26,7,DL,,1594,ATL,TPA,1725.0,1850.0,,,,,85.0,,,406.0,0,0,,,,,,DEP_FROM_ATL,TPA,1045.0,2026-04-26 17:25:00,2026-04-26 21:25:00,2026-04-26 22:50:00,,,,,,,,,,,,,,,,,,,,,,,,,,,,,,
2026-04-26,2026,4,26,7,VS,,5325,ATL,TPA,1725.0,1850.0,,,,,85.0,,,406.0,0,0,,,,,,DEP_FROM_ATL,TPA,1045.0,2026-04-26 17:25:00,2026-04-26 21:25:00,2026-04-26 22:50:00,,,,,,,,,,,,,,,,,,,,,,,,,,,,,,
2026-04-26,2026,4,26,7,DL,,1457,ATL,TPA,1925.0,2050.0,,,,,85.0,,,406.0,0,0,,,,,,DEP_FROM_ATL,TPA,1165.0,2026-04-26 19:25:00,2026-04-26 23:25:00,2026-04-27 00:50:00,,,,,,,,,,,,,,,,,,,,,,,,,,,,,,
2026-04-26,2026,4,26,7,WN,,286,ATL,TPA,1945.0,2115.0,,,,,90.0,,,406.0,0,0,,,,,,DEP_FROM_ATL,TPA,1185.0,2026-04-26 19:45:00,2026-04-26 23:45:00,2026-04-27 01:15:00,,,,,,,,,,,,,,,,,,,,,,,,,,,,,,
2026-04-26,2026,4,26,7,DL,,1591,ATL,TPA,2045.0,2211.0,,,,,86.0,,,406.0,0,0,,,,,,DEP_FROM_ATL,TPA,1245.0,2026-04-26 20:45:00,2026-04-27 00:45:00,2026-04-27 02:11:00,,,,,,,,,,,,,,,,,,,,,,,,,,,,,,
2026-04-26,2026,4,26,7,DL,,1856,ATL,TPA,2150.0,2316.0,,,,,86.0,,,406.0,0,0,,,,,,DEP_FROM_ATL,TPA,1310.0,2026-04-26 21:50:00,2026-04-27 01:50:00,2026-04-27 03:16:00,,,,,,,,,,,,,,,,,,,,,,,,,,,,,,
