fa_flight_id,scheduled_in_utc,actual_in_utc,arr_delay_min,departure_delay_min,cancelled,diverted,settled_at_utc,ident_iata,tail_num,op_carrier,origin,dest
EDV5435-1777962021-airline-1347p,,2026-05-07T18:14:00Z,-15.0,-4.0,0,0,2026-05-07T18:19:35.499352+00:00,,,,,
DAL409-1777954900-fa-2020p,,2026-05-07T18:13:00Z,-2.0,4.0,0,0,2026-05-07T18:19:35.499352+00:00,,,,,
DAL904-1777954782-fa-468p,,2026-05-07T18:13:00Z,8.0,-3.0,0,0,2026-05-07T18:19:35.499352+00:00,,,,,
DAL1898-1777954821-fa-1013p,,2026-05-07T18:12:00Z,12.0,-2.0,0,0,2026-05-07T18:19:35.499352+00:00,,,,,
EDV5178-1777918453-fa-2093p,2026-05-07T18:26:00,2026-05-07T18:10:00Z,-16.0,-7.0,0,0,2026-05-07T18:19:35.499352+00:00,9E5178,N923XJ,9E,ATL,HSV
DAL2827-1777954952-fa-1380p,2026-05-07T18:12:00,2026-05-07T18:10:00Z,-2.0,0.0,0,0,2026-05-07T18:19:35.499352+00:00,DL2827,N963DZ,DL,ATL,DAB
DAL598-1777954168-fa-596p,,2026-05-07T18:10:00Z,30.0,13.0,0,0,2026-05-07T18:19:35.499352+00:00,,,,,
DAL1281-1777954356-fa-1148p,,2026-05-07T18:09:00Z,12.0,19.0,0,0,2026-05-07T18:15:42.440993+00:00,,,,,
DAL414-1777954124-fa-979p,2026-05-07T17:52:00,2026-05-07T18:09:00Z,17.0,-2.0,0,0,2026-05-07T18:19:35.499352+00:00,DL414,N315DN,DL,ATL,DFW
DAL1759-1777954758-fa-1884p,,2026-05-07T18:08:00Z,18.0,30.0,0,0,2026-05-07T18:19:35.499352+00:00,,,,,
DAL827-1777953998-fa-386p,,2026-05-07T18:08:00Z,10.0,-7.0,0,0,2026-05-07T18:19:35.499352+00:00,,,,,
DAL1782-1777954892-fa-950p,,2026-05-07T18:06:00Z,56.0,33.0,0,0,2026-05-07T18:19:35.499352+00:00,,,,,
DAL2490-1777954491-fa-1402p,,2026-05-07T18:05:00Z,-9.0,11.0,0,0,2026-05-07T18:15:42.440993+00:00,,,,,
DAL109-1777954589-fa-98p,,2026-05-07T18:05:00Z,38.0,12.0,0,0,2026-05-07T18:15:42.440993+00:00,,,,,
DAL582-1777954320-fa-505p,,2026-05-07T18:05:00Z,-5.0,7.0,0,0,2026-05-07T18:19:35.499352+00:00,,,,,
DAL809-1777954818-fa-360p,,2026-05-07T18:05:00Z,12.0,-5.0,0,0,2026-05-07T18:19:35.499352+00:00,,,,,
WJA1601-1777966049-airline-1358p,,2026-05-07T18:05:00Z,20.0,-1.0,0,0,2026-05-07T18:19:35.499352+00:00,,,,,
DAL3012-1777955149-fa-184p,,2026-05-07T18:04:00Z,-10.0,-5.0,0,0,2026-05-07T18:15:42.440993+00:00,,,,,
DAL731-1777955134-fa-949p,,2026-05-07T18:04:00Z,28.0,25.0,0,0,2026-05-07T18:19:35.499352+00:00,,,,,
DAL2711-1777954914-fa-1349p,,2026-05-07T18:04:00Z,71.0,66.0,0,0,2026-05-07T18:19:35.499352+00:00,,,,,
DAL3127-1777955138-fa-690p,,2026-05-07T18:03:00Z,13.0,-4.0,0,0,2026-05-07T18:19:35.499352+00:00,,,,,
UAL255-1777962521-airline-662p,2026-05-07T17:55:00,2026-05-07T18:03:00Z,8.0,-1.0,0,0,2026-05-07T18:19:35.499352+00:00,UA255,N17296,UA,ATL,EWR
DAL3092-1777955147-fa-1234p,,2026-05-07T18:02:00Z,35.0,39.0,0,0,2026-05-07T18:19:35.499352+00:00,,,,,
DAL1525-1777955084-fa-1082p,,2026-05-07T18:02:00Z,1.0,-1.0,0,0,2026-05-07T18:19:35.499352+00:00,,,,,
FFT3021-1777958344-airline-379p,,2026-05-07T18:02:00Z,35.0,26.0,0,0,2026-05-07T18:19:35.499352+00:00,,,,,
DAL1958-1777954335-fa-1284p,,2026-05-07T18:02:00Z,38.0,32.0,0,0,2026-05-07T18:19:35.499352+00:00,,,,,
DAL721-1777955093-fa-769p,,2026-05-07T18:01:00Z,-7.0,9.0,0,0,2026-05-07T18:15:42.440993+00:00,,,,,
EDV4686-1777921950-fa-2173p,,2026-05-07T18:01:00Z,21.0,28.0,0,0,2026-05-07T18:15:42.440993+00:00,,,,,
DAL2681-1777955153-fa-971p,,2026-05-07T18:00:00Z,-14.0,-9.0,0,0,2026-05-07T18:15:42.440993+00:00,,,,,
DAL1725-1777955130-fa-864p,,2026-05-07T17:59:00Z,-15.0,-4.0,0,0,2026-05-07T18:15:42.440993+00:00,,,,,
DAL1576-1777954116-fa-805p,,2026-05-07T17:59:00Z,-9.0,-4.0,0,0,2026-05-07T18:19:35.499352+00:00,,,,,
DAL380-1777954496-fa-452p,,2026-05-07T17:58:00Z,5.0,-5.0,0,0,2026-05-07T18:15:42.440993+00:00,,,,,
DAL141-1777954059-fa-860p,,2026-05-07T17:58:00Z,36.0,0.0,0,0,2026-05-07T18:15:42.440993+00:00,,,,,
DAL761-1777954216-fa-530p,,2026-05-07T17:58:00Z,-21.0,-4.0,0,0,2026-05-07T18:15:42.440993+00:00,,,,,
SKW3730-1777948154-fa-1385p,,2026-05-07T17:58:00Z,48.0,24.0,0,0,2026-05-07T18:19:35.499352+00:00,,,,,
DAL1359-1777954653-fa-1053p,,2026-05-07T17:56:00Z,6.0,-1.0,0,0,2026-05-07T18:19:35.499352+00:00,,,,,
DAL71-1777954607-fa-341p,,2026-05-07T17:55:00Z,73.0,38.0,0,0,2026-05-07T18:15:42.440993+00:00,,,,,
DAL2048-1777955131-fa-2191p,,2026-05-07T17:55:00Z,32.0,35.0,0,0,2026-05-07T18:15:42.440993+00:00,,,,,
DAL3141-1777955153-fa-990p,2026-05-07T18:06:00,2026-05-07T17:55:00Z,-11.0,-2.0,0,0,2026-05-07T18:19:35.499352+00:00,DL3141,N998AT,DL,ATL,CHA
DAL2179-1777954940-fa-219p,2026-05-07T18:07:00,2026-05-07T17:55:00Z,-12.0,-5.0,0,0,2026-05-07T18:19:35.499352+00:00,DL2179,N955DZ,DL,ATL,CHS
DAL1549-1777955136-fa-1309p,,2026-05-07T17:55:00Z,-2.0,-3.0,0,0,2026-05-07T18:19:35.499352+00:00,,,,,
VXP394-1777958782-airline-1178p,,2026-05-07T17:55:00Z,15.0,33.0,0,0,2026-05-07T18:19:35.499352+00:00,,,,,
DAL677-1777954842-fa-1482p,,2026-05-07T17:54:00Z,-6.0,6.0,0,0,2026-05-07T18:15:42.440993+00:00,,,,,
DAL593-1777954641-fa-554p,,2026-05-07T17:54:00Z,-4.0,0.0,0,0,2026-05-07T18:15:42.440993+00:00,,,,,
FFT1846-1777963115-airline-1452p,2026-05-07T17:55:00,2026-05-07T17:54:00Z,-1.0,-2.0,0,0,2026-05-07T18:15:42.440993+00:00,F91846,N385FR,F9,CVG,ATL
SWA2433-1777961333-airline-777p,,2026-05-07T17:54:00Z,-1.0,-4.0,0,0,2026-05-07T18:19:35.499352+00:00,,,,,
DAL1882-1777954020-fa-727p,,2026-05-07T17:54:00Z,16.0,19.0,0,0,2026-05-07T18:19:35.499352+00:00,,,,,
DAL1902-1777955052-fa-1008p,,2026-05-07T17:54:00Z,3.0,-2.0,0,0,2026-05-07T18:19:35.499352+00:00,,,,,
DAL1046-1777953963-fa-440p,,2026-05-07T17:53:00Z,19.0,16.0,0,0,2026-05-07T18:15:42.440993+00:00,,,,,
DAL1658-1777953986-fa-1498p,,2026-05-07T17:53:00Z,3.0,-1.0,0,0,2026-05-07T18:15:42.440993+00:00,,,,,
DAL2020-1777955137-fa-773p,2026-05-07T17:24:00,2026-05-07T17:53:00Z,29.0,19.0,0,0,2026-05-07T18:19:35.499352+00:00,DL2020,N607AT,DL,ATL,OKC
DAL945-1777953963-fa-1539p,,2026-05-07T17:53:00Z,15.0,-1.0,0,0,2026-05-07T18:19:35.499352+00:00,,,,,
DAL33-1777954058-fa-895p,,2026-05-07T17:52:00Z,18.0,-16.0,0,0,2026-05-07T18:15:42.440993+00:00,,,,,
DAL1801-1777954885-fa-4576p,,2026-05-07T17:52:00Z,-4.0,2.0,0,0,2026-05-07T18:19:35.499352+00:00,,,,,
DAL1894-1777953968-fa-737p,,2026-05-07T17:52:00Z,1.0,-4.0,0,0,2026-05-07T18:19:35.499352+00:00,,,,,
DAL3151-1777955152-fa-150p,,2026-05-07T17:51:00Z,8.0,12.0,0,0,2026-05-07T18:19:35.499352+00:00,,,,,
DAL3024-1777955099-fa-853p,,2026-05-07T17:50:00Z,15.0,12.0,0,0,2026-05-07T18:19:35.499352+00:00,,,,,
DAL586-1777954105-fa-1068p,,2026-05-07T17:50:00Z,75.0,46.0,0,0,2026-05-07T18:19:35.499352+00:00,,,,,
DAL2343-1777954101-fa-653p,,2026-05-07T17:49:00Z,48.0,28.0,0,0,2026-05-07T18:15:42.440993+00:00,,,,,
DAL9961-1778086027-fa-1377p,,2026-05-07T17:49:00Z,-7.0,-17.0,0,0,2026-05-07T18:15:42.440993+00:00,,,,,
DAL1509-1777954535-fa-984p,,2026-05-07T17:49:00Z,19.0,31.0,0,0,2026-05-07T18:15:42.440993+00:00,,,,,
RPA4580-1777958754-airline-1527p,2026-05-07T17:40:00,2026-05-07T17:49:00Z,9.0,34.0,0,0,2026-05-07T18:19:35.499352+00:00,YX4580,N116HQ,YX,ATL,LGA
DAL2135-1777954492-fa-184p,,2026-05-07T17:48:00Z,-25.0,-3.0,0,0,2026-05-07T18:19:35.499352+00:00,,,,,
DAL1796-1777954080-fa-817p,,2026-05-07T17:48:00Z,23.0,18.0,0,0,2026-05-07T18:19:35.499352+00:00,,,,,
DAL552-1777954242-fa-900p,2026-05-07T17:13:00,2026-05-07T17:47:00Z,34.0,13.0,0,0,2026-05-07T18:15:42.440993+00:00,DL552,N343DN,DL,MCO,ATL
EDV4940-1777961956-airline-503p,2026-05-07T12:50:00,2026-05-07T17:47:00Z,297.0,310.0,0,0,2026-05-07T18:15:42.440993+00:00,9E4940,N279PQ,9E,MLU,ATL
EDV5091-1777935397-fa-404p,2026-05-07T17:05:00,2026-05-07T17:47:00Z,42.0,42.0,0,0,2026-05-07T18:19:35.499352+00:00,9E5091,N138EV,9E,ATL,MOB
SKW3507-1777945193-fa-1682p,2026-05-07T17:23:00,2026-05-07T17:46:56Z,23.933333333333334,23.0,0,0,2026-05-07T18:19:35.499352+00:00,OO3507,N264SY,OO,ATL,SHV
DAL1063-1777954404-fa-732p,2026-05-07T17:56:00,2026-05-07T17:46:00Z,-10.0,-8.0,0,0,2026-05-07T18:15:42.440993+00:00,DL1063,N325NB,DL,MDW,ATL
DAL2026-1777954928-fa-1322p,,2026-05-07T17:46:00Z,10.0,13.0,0,0,2026-05-07T18:19:35.499352+00:00,,,,,
SWA267-1777957840-airline-1210p,,2026-05-07T17:45:00Z,10.0,8.0,0,0,2026-05-07T18:15:42.440993+00:00,,,,,
DAL2200-1777954914-fa-1345p,,2026-05-07T17:45:00Z,-4.0,-2.0,0,0,2026-05-07T18:19:35.499352+00:00,,,,,
DAL2011-1777954119-fa-953p,,2026-05-07T17:45:00Z,19.0,7.0,0,0,2026-05-07T18:19:35.499352+00:00,,,,,
DAL1363-1777954774-fa-2401p,2026-05-07T17:44:00,2026-05-07T17:44:00Z,0.0,-8.0,0,0,2026-05-07T18:15:42.440993+00:00,DL1363,N861DN,DL,PIT,ATL
SWA2288-1777961333-airline-606p,,2026-05-07T17:44:00Z,9.0,18.0,0,0,2026-05-07T18:15:42.440993+00:00,,,,,
DAL3196-1777954487-fa-920p,,2026-05-07T17:43:00Z,32.0,34.0,0,0,2026-05-07T18:15:42.440993+00:00,,,,,
EDV5288-1777914573-fa-265p,,2026-05-07T17:43:00Z,-5.0,-6.0,0,0,2026-05-07T18:19:35.499352+00:00,,,,,
DAL801-1777954835-fa-1821p,,2026-05-07T17:42:00Z,1.0,-1.0,0,0,2026-05-07T18:15:42.440993+00:00,,,,,
JIA5436-1777959824-airline-508p,,2026-05-07T17:42:00Z,29.0,46.0,0,0,2026-05-07T18:19:35.499352+00:00,,,,,
SWA2672-1777957840-airline-1212p,2026-05-07T17:20:00,2026-05-07T17:42:00Z,22.0,31.0,0,0,2026-05-07T18:19:35.499352+00:00,WN2672,N8772M,WN,ATL,MDW
DAL862-1777954136-fa-170p,2026-05-07T17:49:00,2026-05-07T17:42:00Z,-7.0,8.0,0,0,2026-05-07T18:19:35.499352+00:00,DL862,N333DX,DL,ATL,BOS
UAL2605-1777927369-fa-851p,2026-05-07T17:35:00,2026-05-07T17:41:00Z,6.0,0.0,0,0,2026-05-07T18:15:42.440993+00:00,UA2605,N76523,UA,ORD,ATL
DAL2380-1777954831-fa-855p,2026-05-07T17:29:00,2026-05-07T17:41:00Z,12.0,6.0,0,0,2026-05-07T18:19:35.499352+00:00,DL2380,N876DN,DL,ATL,JFK
FFT4406-1777958344-airline-481p,2026-05-07T17:20:00,2026-05-07T17:40:00Z,20.0,7.0,0,0,2026-05-07T18:19:35.499352+00:00,F94406,N332FR,F9,ATL,MIA
DAL1029-1777954807-fa-1188p,2026-05-07T17:39:00,2026-05-07T17:39:00Z,0.0,-1.0,0,0,2026-05-07T18:15:42.440993+00:00,DL1029,N952DZ,DL,JFK,ATL
FFT3059-1777960821-airline-956p,2026-05-07T17:34:00,2026-05-07T17:39:00Z,5.0,-1.0,0,0,2026-05-07T18:15:42.440993+00:00,F93059,N370FR,F9,MIA,ATL
DAL3064-1777955153-fa-976p,2026-05-07T17:03:00,2026-05-07T17:39:00Z,36.0,11.0,0,0,2026-05-07T18:15:42.440993+00:00,DL3064,N967AT,DL,TLH,ATL
DAL1656-1777954721-fa-1609p,,2026-05-07T17:39:00Z,15.0,-2.0,0,0,2026-05-07T18:19:35.499352+00:00,,,,,
DAL444-1777955064-fa-1084p,,2026-05-07T17:39:00Z,34.0,9.0,0,0,2026-05-07T18:19:35.499352+00:00,,,,,
DAL2976-1777953993-fa-389p,2026-05-07T17:55:00,2026-05-07T17:38:00Z,-17.0,-1.0,0,0,2026-05-07T18:15:42.440993+00:00,DL2976,N111DC,DL,AUS,ATL
DAL1992-1777954831-fa-752p,,2026-05-07T17:38:00Z,3.0,1.0,0,0,2026-05-07T18:19:35.499352+00:00,,,,,
DAL693-1777955048-fa-1281p,2026-05-07T17:10:00,2026-05-07T17:38:00Z,28.0,13.0,0,0,2026-05-07T18:19:35.499352+00:00,DL693,N822DX,DL,ATL,SFO
DAL1125-1777954518-fa-4598p,,2026-05-07T17:37:00Z,17.0,0.0,0,0,2026-05-07T18:19:35.499352+00:00,,,,,
DAL539-1777954860-fa-1364p,2026-05-07T17:06:00,2026-05-07T17:37:00Z,31.0,-7.0,0,0,2026-05-07T18:19:35.499352+00:00,DL539,N896DN,DL,ATL,PDX
ASA377-1777957553-airline-31p,,2026-05-07T17:37:00Z,57.0,42.0,0,0,2026-05-07T18:19:35.499352+00:00,,,,,
DAL897-1777955002-fa-1218p,2026-05-07T18:05:00,2026-05-07T17:36:00Z,-29.0,0.0,0,0,2026-05-07T18:15:42.440993+00:00,DL897,N574DT,DL,SLC,ATL
DAL3096-1777955147-fa-20p,,2026-05-07T17:36:00Z,77.0,86.0,0,0,2026-05-07T18:19:35.499352+00:00,,,,,
DAL1102-1777954836-fa-636p,2026-05-07T17:20:00,2026-05-07T17:36:00Z,16.0,16.0,0,0,2026-05-07T18:19:35.499352+00:00,DL1102,N920DU,DL,ATL,STL
SKW4097-1777916799-fa-2334p,2026-05-07T17:49:00,2026-05-07T17:35:00Z,-14.0,-2.0,0,0,2026-05-07T18:15:42.440993+00:00,OO4097,N265SY,OO,SBN,ATL
DAL8783-1777954045-fa-844p,,2026-05-07T17:35:00Z,18.0,32.0,0,0,2026-05-07T18:19:35.499352+00:00,,,,,
DAL2835-1777954743-fa-960p,,2026-05-07T17:34:00Z,-11.0,-7.0,0,0,2026-05-07T18:15:42.440993+00:00,,,,,
DAL993-1777953984-fa-175p,2026-05-07T17:30:00,2026-05-07T17:34:00Z,4.0,-5.0,0,0,2026-05-07T18:15:42.440993+00:00,DL993,N126DN,DL,LGA,ATL
FFT4435-1777960821-airline-1170p,2026-05-07T17:40:00,2026-05-07T17:34:00Z,-6.0,-14.0,0,0,2026-05-07T18:15:42.440993+00:00,F94435,N233FR,F9,TPA,ATL
DAL3035-1777955135-fa-800p,2026-05-07T16:34:00,2026-05-07T17:34:00Z,60.0,50.0,0,0,2026-05-07T18:15:42.440993+00:00,DL3035,N915AT,DL,DAB,ATL
FFT4874-1777960821-airline-1223p,2026-05-07T17:23:00,2026-05-07T17:34:00Z,11.0,-1.0,0,0,2026-05-07T18:19:35.499352+00:00,F94874,N622FR,F9,ATL,FLL
DAL467-1777954335-fa-1287p,2026-05-07T17:48:00,2026-05-07T17:34:00Z,-14.0,-7.0,0,0,2026-05-07T18:19:35.499352+00:00,DL467,N123DW,DL,ATL,LGA
FFT2494-1777963115-airline-1567p,2026-05-07T17:27:00,2026-05-07T17:33:00Z,6.0,37.0,0,0,2026-05-07T18:15:42.440993+00:00,F92494,N720FR,F9,DFW,ATL
DAL1830-1777955081-fa-1531p,,2026-05-07T17:33:00Z,2.0,2.0,0,0,2026-05-07T18:19:35.499352+00:00,,,,,
DAL2471-1777954934-fa-4624p,2026-05-07T17:36:00,2026-05-07T17:32:00Z,-4.0,9.0,0,0,2026-05-07T18:15:42.440993+00:00,DL2471,N947DZ,DL,MCI,ATL
AAL1816-1777966432-airline-1478p,,2026-05-07T17:32:00Z,2.0,-7.0,0,0,2026-05-07T18:19:35.499352+00:00,,,,,
UAL745-1777939397-fa-1530p,2026-05-07T17:47:00,2026-05-07T17:31:00Z,-16.0,-11.0,0,0,2026-05-07T18:19:35.499352+00:00,UA745,N821UA,UA,ATL,ORD
FFT4315-1777958344-airline-475p,,2026-05-07T17:30:00Z,42.0,-2.0,0,0,2026-05-07T18:19:35.499352+00:00,,,,,
DAL1585-1777954224-fa-545p,2026-05-07T16:54:00,2026-05-07T17:29:00Z,35.0,34.0,0,0,2026-05-07T18:15:42.440993+00:00,DL1585,N373DX,DL,IAH,ATL
DAL1311-1777954123-fa-374p,2026-05-07T16:54:00,2026-05-07T17:29:00Z,35.0,15.0,0,0,2026-05-07T18:15:42.440993+00:00,DL1311,N316DN,DL,PBI,ATL
DAL385-1777954161-fa-1645p,2026-05-07T17:02:00,2026-05-07T17:28:00Z,26.0,-2.0,0,0,2026-05-07T18:15:42.440993+00:00,DL385,N344DN,DL,BOS,ATL
WJA1590-1777966049-airline-1355p,,2026-05-07T17:28:00Z,3.0,30.0,0,0,2026-05-07T18:15:42.440993+00:00,,,,,
DAL2417-1777954406-fa-3288p,,2026-05-07T17:28:00Z,32.0,29.0,0,0,2026-05-07T18:19:35.499352+00:00,,,,,
DAL961-1777954085-fa-1408p,,2026-05-07T17:28:00Z,77.0,53.0,0,0,2026-05-07T18:19:35.499352+00:00,,,,,
EDV5142-1777908445-fa-90p,2026-05-07T16:40:00,2026-05-07T17:27:00Z,47.0,48.0,0,0,2026-05-07T18:15:42.440993+00:00,9E5142,N133EV,9E,FAY,ATL
DAL1400-1777954947-fa-322p,2026-05-07T17:22:00,2026-05-07T17:26:00Z,4.0,12.0,0,0,2026-05-07T18:15:42.440993+00:00,DL1400,N960DZ,DL,STL,ATL
EDV5352-1777918436-fa-2497p,,2026-05-07T17:26:00Z,21.0,27.0,0,0,2026-05-07T18:15:42.440993+00:00,,,,,
DAL600-1777954764-fa-847p,,2026-05-07T17:26:00Z,32.0,26.0,0,0,2026-05-07T18:19:35.499352+00:00,,,,,
SLI2710-1777965234-airline-1162p,,2026-05-07T17:25:00Z,-30.0,-4.0,0,0,2026-05-07T18:15:42.440993+00:00,,,,,
DAL1332-1777954178-fa-120p,,2026-05-07T17:25:00Z,29.0,21.0,0,0,2026-05-07T18:19:35.499352+00:00,,,,,
DAL1682-1777954464-fa-846p,,2026-05-07T17:25:00Z,76.0,52.0,0,0,2026-05-07T18:19:35.499352+00:00,,,,,
DAL2090-1777954171-fa-926p,,2026-05-07T17:25:00Z,21.0,11.0,0,0,2026-05-07T18:19:35.499352+00:00,,,,,
DAL3118-1777955150-fa-1517p,2026-05-07T16:49:00,2026-05-07T17:24:00Z,35.0,25.0,0,0,2026-05-07T18:15:42.440993+00:00,DL3118,N924AT,DL,MLB,ATL
DAL940-1777955144-fa-919p,,2026-05-07T17:24:00Z,14.0,4.0,0,0,2026-05-07T18:19:35.499352+00:00,,,,,
EDV5423-1777914151-fa-1268p,,2026-05-07T17:24:00Z,-22.0,-9.0,0,0,2026-05-07T18:19:35.499352+00:00,,,,,
DAL1195-1777954534-fa-883p,,2026-05-07T17:24:00Z,13.0,-3.0,0,0,2026-05-07T18:19:35.499352+00:00,,,,,
WJA1593-1777966049-airline-1357p,,2026-05-07T17:24:00Z,24.0,-3.0,0,0,2026-05-07T18:19:35.499352+00:00,,,,,
DAL729-1777954015-fa-1446p,2026-05-07T17:40:00,2026-05-07T17:23:00Z,-17.0,-3.0,0,0,2026-05-07T18:15:42.440993+00:00,DL729,N116DN,DL,SAN,ATL
DAL3190-1777955134-fa-807p,2026-05-07T17:18:00,2026-05-07T17:23:00Z,5.0,-8.0,0,0,2026-05-07T18:15:42.440993+00:00,DL3190,N919AT,DL,CLT,ATL
JBU896-1777958441-airline-419p,,2026-05-07T17:23:00Z,-13.0,5.0,0,0,2026-05-07T18:19:35.499352+00:00,,,,,
DAL1227-1777954215-fa-912p,2026-05-07T16:37:00,2026-05-07T17:22:00Z,45.0,26.0,0,0,2026-05-07T18:15:42.440993+00:00,DL1227,N312DN,DL,TPA,ATL
DAL2620-1777955142-fa-2411p,,2026-05-07T17:22:00Z,15.0,5.0,0,0,2026-05-07T18:19:35.499352+00:00,,,,,
UAL1307-1777939520-fa-1119p,2026-05-07T17:23:00,2026-05-07T17:21:00Z,-2.0,-3.0,0,0,2026-05-07T18:15:42.440993+00:00,UA1307,N63899,UA,EWR,ATL
DAL2372-1777867817-fa-676p,,2026-05-07T17:21:00Z,776.0,12.0,0,0,2026-05-07T18:19:35.499352+00:00,,,,,
EDV5157-1777917855-fa-1729p,2026-05-07T17:10:00,2026-05-07T17:21:00Z,11.0,-5.0,0,0,2026-05-07T18:19:35.499352+00:00,9E5157,N297PQ,9E,ATL,MLU
DAL2925-1777954776-fa-48p,2026-05-07T16:58:00,2026-05-07T17:20:00Z,22.0,-5.0,0,0,2026-05-07T18:19:35.499352+00:00,DL2925,N810DN,DL,ATL,ORF
DAL570-1777955055-fa-1057p,2026-05-07T17:41:00,2026-05-07T17:19:00Z,-22.0,-8.0,0,0,2026-05-07T18:15:42.440993+00:00,DL570,N557NW,DL,SFO,ATL
DAL569-1777954786-fa-1062p,2026-05-07T17:50:00,2026-05-07T17:19:00Z,-31.0,-4.0,0,0,2026-05-07T18:15:42.440993+00:00,DL569,N911DQ,DL,SEA,ATL
DAL1841-1777954732-fa-1292p,,2026-05-07T17:19:00Z,12.0,-6.0,0,0,2026-05-07T18:15:42.440993+00:00,,,,,
EDV4955-1777928479-fa-2867p,,2026-05-07T17:19:00Z,20.0,22.0,0,0,2026-05-07T18:19:35.499352+00:00,,,,,
DAL1240-1777954217-fa-790p,,2026-05-07T17:19:00Z,21.0,34.0,0,0,2026-05-07T18:19:35.499352+00:00,,,,,
DAL2325-1777954186-fa-301p,2026-05-07T17:06:00,2026-05-07T17:18:00Z,12.0,14.0,0,0,2026-05-07T18:15:42.440993+00:00,DL2325,N337DN,DL,EWR,ATL
DAL3047-1777955147-fa-12p,2026-05-07T17:05:00,2026-05-07T17:18:00Z,13.0,2.0,0,0,2026-05-07T18:15:42.440993+00:00,DL3047,N981AT,DL,MYR,ATL
FFT1116-1777963115-airline-1298p,2026-05-07T17:55:00,2026-05-07T17:18:00Z,-37.0,-10.0,0,0,2026-05-07T18:15:42.440993+00:00,F91116,N380FR,F9,LAS,ATL
DAL1099-1777954174-fa-97p,2026-05-07T16:40:00,2026-05-07T17:18:00Z,38.0,29.0,0,0,2026-05-07T18:19:35.499352+00:00,DL1099,N330DX,DL,ATL,TPA
DAL1590-1777955139-fa-1036p,2026-05-07T17:04:00,2026-05-07T17:17:00Z,13.0,22.0,0,0,2026-05-07T18:15:42.440993+00:00,DL1590,N896AT,DL,CAE,ATL
DAL1929-1777954348-fa-821p,,2026-05-07T17:17:00Z,11.0,-6.0,0,0,2026-05-07T18:19:35.499352+00:00,,,,,
FFT1403-1777961985-airline-770p,,2026-05-07T17:15:00Z,118.0,-8.0,0,0,2026-05-07T18:19:35.499352+00:00,,,,,
DAL3182-1777955140-fa-1698p,2026-05-07T16:40:00,2026-05-07T17:14:00Z,34.0,43.0,0,0,2026-05-07T18:19:35.499352+00:00,DL3182,N892AT,DL,ATL,MYR
DAL2279-1777954196-fa-695p,2026-05-07T17:18:00,2026-05-07T17:14:00Z,-4.0,4.0,0,0,2026-05-07T18:19:35.499352+00:00,DL2279,N301DV,DL,ATL,PHL
DAL83-1777954063-fa-274p,,2026-05-07T17:13:00Z,13.0,1.0,0,0,2026-05-07T18:15:42.440993+00:00,,,,,
DAL3107-1777954930-fa-569p,,2026-05-07T17:13:00Z,63.0,71.0,0,0,2026-05-07T18:19:35.499352+00:00,,,,,
DAL441-1777955139-fa-1042p,2026-05-07T17:19:00,2026-05-07T17:12:00Z,-7.0,9.0,0,0,2026-05-07T18:15:42.440993+00:00,DL441,N954AT,DL,DAL,ATL
DAL3128-1777954905-fa-2023p,2026-05-07T17:05:00,2026-05-07T17:11:00Z,6.0,6.0,0,0,2026-05-07T18:15:42.440993+00:00,DL3128,N934DZ,DL,MSY,ATL
DAL1089-1777955076-fa-272p,2026-05-07T16:41:00,2026-05-07T17:11:00Z,30.0,0.0,0,0,2026-05-07T18:15:42.440993+00:00,DL1089,N692DL,DL,RSW,ATL
AAL1799-1777966432-airline-1457p,,2026-05-07T17:10:00Z,9.0,13.0,0,0,2026-05-07T18:19:35.499352+00:00,,,,,
DAL2883-1777954263-fa-1235p,,2026-05-07T17:10:00Z,51.0,46.0,0,0,2026-05-07T18:19:35.499352+00:00,,,,,
DAL1997-1777954889-fa-327p,,2026-05-07T17:10:00Z,17.0,8.0,0,0,2026-05-07T18:19:35.499352+00:00,,,,,
DAL2999-1777954837-fa-1465p,,2026-05-07T17:08:00Z,-4.0,-5.0,0,0,2026-05-07T18:15:42.440993+00:00,,,,,
DAL9963-1778102410-fa-455p,2026-05-07T17:00:00,2026-05-07T17:07:00Z,7.0,27.0,0,0,2026-05-07T18:15:42.440993+00:00,DL9963,N935AT,DL,TUL,ATL
DAL3108-1777955149-fa-1047p,,2026-05-07T17:07:00Z,7.0,7.0,0,0,2026-05-07T18:15:42.440993+00:00,,,,,
DAL724-1777955143-fa-829p,,2026-05-07T17:07:00Z,-3.0,2.0,0,0,2026-05-07T18:19:35.499352+00:00,,,,,
EDV4930-1777907749-fa-1001p,,2026-05-07T17:06:00Z,12.0,-2.0,0,0,2026-05-07T18:15:42.440993+00:00,,,,,
DAL1155-1777955133-fa-667p,,2026-05-07T17:05:00Z,-9.0,-10.0,0,0,2026-05-07T18:15:42.440993+00:00,,,,,
DAL2547-1777954932-fa-1383p,,2026-05-07T17:05:00Z,34.0,36.0,0,0,2026-05-07T18:19:35.499352+00:00,,,,,
DAL777-1777954568-fa-1648p,2026-05-07T16:36:00,2026-05-07T17:05:00Z,29.0,0.0,0,0,2026-05-07T18:19:35.499352+00:00,DL777,N817NW,DL,ATL,LAS
FFT1081-1777963115-airline-1286p,,2026-05-07T17:04:00Z,-11.0,-2.0,0,0,2026-05-07T18:15:42.440993+00:00,,,,,
DAL1030-1777955059-fa-1493p,2026-05-07T16:45:00,2026-05-07T17:04:00Z,19.0,6.0,0,0,2026-05-07T18:19:35.499352+00:00,DL1030,N6701,DL,ATL,MCO
EDV5372-1777956924-airline-844p,,2026-05-07T17:03:00Z,24.0,32.0,0,0,2026-05-07T18:15:42.440993+00:00,,,,,
JIA5326-1777963926-airline-1552p,,2026-05-07T17:02:00Z,9.0,-2.0,0,0,2026-05-07T18:15:42.440993+00:00,,,,,
DAL1213-1777953980-fa-642p,,2026-05-07T17:02:00Z,27.0,12.0,0,0,2026-05-07T18:15:42.440993+00:00,,,,,
DAL3116-1777955142-fa-2178p,,2026-05-07T17:02:00Z,-7.0,-3.0,0,0,2026-05-07T18:19:35.499352+00:00,,,,,
DAL1082-1777954780-fa-1234p,,2026-05-07T17:01:00Z,1.0,6.0,0,0,2026-05-07T18:19:35.499352+00:00,,,,,
DAL390-1777954325-fa-289p,,2026-05-07T16:59:00Z,-21.0,0.0,0,0,2026-05-07T18:15:42.440993+00:00,,,,,
DAL1178-1777954827-fa-405p,,2026-05-07T16:59:00Z,8.0,-2.0,0,0,2026-05-07T18:15:42.440993+00:00,,,,,
DAL1286-1777955143-fa-1174p,,2026-05-07T16:58:00Z,-15.0,-4.0,0,0,2026-05-07T18:15:42.440993+00:00,,,,,
DAL2944-1777955131-fa-2201p,,2026-05-07T16:58:00Z,-16.0,-7.0,0,0,2026-05-07T18:19:35.499352+00:00,,,,,
EDV5534-1777910423-fa-2451p,,2026-05-07T16:58:00Z,108.0,100.0,0,0,2026-05-07T18:19:35.499352+00:00,,,,,
DAL2542-1777954897-fa-1300p,2026-05-07T16:44:00,2026-05-07T16:58:00Z,14.0,-2.0,0,0,2026-05-07T18:19:35.499352+00:00,DL2542,N931DQ,DL,ATL,MSY
DAL1121-1777954461-fa-1851p,2026-05-07T16:13:00,2026-05-07T16:58:00Z,45.0,22.0,0,0,2026-05-07T18:19:35.499352+00:00,DL1121,N370NW,DL,ATL,SAT
DAL371-1777954344-fa-564p,,2026-05-07T16:57:00Z,12.0,34.0,0,0,2026-05-07T18:19:35.499352+00:00,,,,,
DAL2952-1777954936-fa-661p,,2026-05-07T16:56:00Z,1.0,-5.0,0,0,2026-05-07T18:15:42.440993+00:00,,,,,
SWA4427-1777959727-airline-936p,,2026-05-07T16:55:00Z,5.0,15.0,0,0,2026-05-07T18:15:42.440993+00:00,,,,,
EDV5011-1777922282-fa-978p,,2026-05-07T16:55:00Z,-7.0,-2.0,0,0,2026-05-07T18:15:42.440993+00:00,,,,,
EDV5179-1777939331-fa-2387p,2026-05-07T16:28:00,2026-05-07T16:55:00Z,27.0,36.0,0,0,2026-05-07T18:19:35.499352+00:00,9E5179,N292PQ,9E,ATL,CHA
DAL3068-1777955146-fa-107p,,2026-05-07T16:55:00Z,5.0,16.0,0,0,2026-05-07T18:19:35.499352+00:00,,,,,
DAL2479-1777954475-fa-1078p,,2026-05-07T16:55:00Z,-15.0,4.0,0,0,2026-05-07T18:19:35.499352+00:00,,,,,
EDV5338-1777907748-fa-1972p,,2026-05-07T16:54:00Z,3.0,17.0,0,0,2026-05-07T18:15:42.440993+00:00,,,,,
DAL1699-1777954862-fa-1584p,,2026-05-07T16:53:00Z,-3.0,-2.0,0,0,2026-05-07T18:15:42.440993+00:00,,,,,
SWA392-1777959727-airline-555p,,2026-05-07T16:53:00Z,8.0,17.0,0,0,2026-05-07T18:19:35.499352+00:00,,,,,
DAL898-1777954320-fa-507p,2026-05-07T16:55:00,2026-05-07T16:53:00Z,-2.0,-2.0,0,0,2026-05-07T18:19:35.499352+00:00,DL898,N108DN,DL,ATL,LAX
JZA8501-1777956732-airline-583p,,2026-05-07T16:52:00Z,20.0,11.0,0,0,2026-05-07T18:15:42.440993+00:00,,,,,
DAL2836-1777955053-fa-157p,,2026-05-07T16:52:00Z,9.0,8.0,0,0,2026-05-07T18:15:42.440993+00:00,,,,,
DAL1271-1777954827-fa-404p,2026-05-07T16:53:00,2026-05-07T16:52:00Z,-1.0,-3.0,0,0,2026-05-07T18:19:35.499352+00:00,DL1271,N803DN,DL,ATL,CVG
DAL3013-1777954953-fa-421p,2026-05-07T16:56:00,2026-05-07T16:51:00Z,-5.0,-6.0,0,0,2026-05-07T18:19:35.499352+00:00,DL3013,N875DN,DL,ATL,IND
DAL725-1777953976-fa-1648p,,2026-05-07T16:50:00Z,11.0,-1.0,0,0,2026-05-07T18:19:35.499352+00:00,,,,,
DAL2071-1777954912-fa-735p,,2026-05-07T16:49:00Z,3.0,14.0,0,0,2026-05-07T18:15:42.440993+00:00,,,,,
EDV5084-1777968809-airline-916p,,2026-05-07T16:49:00Z,76.0,84.0,0,0,2026-05-07T18:19:35.499352+00:00,,,,,
EDV5312-1777937768-fa-483p,,2026-05-07T16:49:00Z,13.0,-7.0,0,0,2026-05-07T18:19:35.499352+00:00,,,,,
DAL3045-1777955147-fa-6p,,2026-05-07T16:49:00Z,56.0,-3.0,0,0,2026-05-07T18:19:35.499352+00:00,,,,,
DAL2886-1777954205-fa-1932p,2026-05-07T16:22:00,2026-05-07T16:49:00Z,27.0,32.0,0,0,2026-05-07T18:19:35.499352+00:00,DL2886,N317DN,DL,ATL,AUS
DAL989-1777954299-fa-40p,,2026-05-07T16:48:00Z,19.0,0.0,0,0,2026-05-07T18:15:42.440993+00:00,,,,,
DAL1909-1777954958-fa-953p,,2026-05-07T16:48:00Z,48.0,17.0,0,0,2026-05-07T18:19:35.499352+00:00,,,,,
DAL1345-1777954551-fa-2053p,,2026-05-07T16:47:00Z,3.0,0.0,0,0,2026-05-07T18:19:35.499352+00:00,,,,,
JIA5168-1777963926-airline-1375p,,2026-05-07T16:46:00Z,-12.0,-4.0,0,0,2026-05-07T18:15:42.440993+00:00,,,,,
DAL2754-1777955138-fa-693p,,2026-05-07T16:46:00Z,-19.0,-1.0,0,0,2026-05-07T18:15:42.440993+00:00,,,,,
DAL2778-1777954924-fa-2327p,2026-05-07T16:39:00,2026-05-07T16:46:00Z,7.0,-6.0,0,0,2026-05-07T18:19:35.499352+00:00,DL2778,N943DZ,DL,ATL,MEM
DAL839-1777954131-fa-1379p,,2026-05-07T16:45:00Z,-14.0,2.0,0,0,2026-05-07T18:15:42.440993+00:00,,,,,
RPA4420-1777958754-airline-979p,,2026-05-07T16:45:00Z,0.0,-6.0,0,0,2026-05-07T18:15:42.440993+00:00,,,,,
DAL1587-1777954244-fa-1319p,,2026-05-07T16:45:00Z,71.0,15.0,0,0,2026-05-07T18:19:35.499352+00:00,,,,,
DAL1004-1777954833-fa-1023p,,2026-05-07T16:45:00Z,26.0,-7.0,0,0,2026-05-07T18:19:35.499352+00:00,,,,,
DAL2867-1777954917-fa-771p,2026-05-07T16:37:00,2026-05-07T16:44:00Z,7.0,-3.0,0,0,2026-05-07T18:19:35.499352+00:00,DL2867,N942DZ,DL,ATL,BNA
FFT3511-1777960821-airline-1053p,,2026-05-07T16:43:00Z,10.0,0.0,0,0,2026-05-07T18:15:42.440993+00:00,,,,,
DAL3199-1777955133-fa-188p,,2026-05-07T16:43:00Z,11.0,20.0,0,0,2026-05-07T18:15:42.440993+00:00,,,,,
DAL1151-1777954871-fa-1236p,,2026-05-07T16:43:00Z,5.0,-3.0,0,0,2026-05-07T18:19:35.499352+00:00,,,,,
DAL775-1777954514-fa-1831p,2026-05-07T17:03:00,2026-05-07T16:41:00Z,-22.0,-5.0,0,0,2026-05-07T18:19:35.499352+00:00,DL775,N343NW,DL,ATL,CLE
DAL2401-1777954164-fa-1004p,,2026-05-07T16:41:00Z,19.0,27.0,0,0,2026-05-07T18:19:35.499352+00:00,,,,,
DAL3164-1777954672-fa-245p,,2026-05-07T16:40:00Z,-6.0,0.0,0,0,2026-05-07T18:15:42.440993+00:00,,,,,
AAL1793-1777966432-airline-1450p,,2026-05-07T16:40:00Z,-8.0,-1.0,0,0,2026-05-07T18:15:42.440993+00:00,,,,,
EDV4991-1777911802-fa-3685p,,2026-05-07T16:40:00Z,15.0,-7.0,0,0,2026-05-07T18:19:35.499352+00:00,,,,,
DAL348-1777953958-fa-4080p,2026-05-07T16:18:00,2026-05-07T16:40:00Z,22.0,10.0,0,0,2026-05-07T18:19:35.499352+00:00,DL348,N556NW,DL,ATL,PHX
EDV4757-1777921543-fa-698p,,2026-05-07T16:39:00Z,-8.0,0.0,0,0,2026-05-07T18:15:42.440993+00:00,,,,,
DAL1182-1777955147-fa-1215p,,2026-05-07T16:39:00Z,-20.0,-11.0,0,0,2026-05-07T18:15:42.440993+00:00,,,,,
DAL3104-1777954226-fa-1402p,,2026-05-07T16:39:00Z,51.0,30.0,0,0,2026-05-07T18:19:35.499352+00:00,,,,,
JBU2097-1777965984-airline-1094p,,2026-05-07T16:39:00Z,24.0,8.0,0,0,2026-05-07T18:19:35.499352+00:00,,,,,
UAL1687-1777939434-fa-999p,,2026-05-07T16:39:00Z,60.0,-6.0,0,0,2026-05-07T18:19:35.499352+00:00,,,,,
FFT2298-1777963115-airline-1522p,,2026-05-07T16:38:00Z,13.0,27.0,0,0,2026-05-07T18:19:35.499352+00:00,,,,,
DAL2153-1777954153-fa-525p,,2026-05-07T16:37:00Z,-8.0,-3.0,0,0,2026-05-07T18:15:42.440993+00:00,,,,,
DAL855-1777954118-fa-3909p,,2026-05-07T16:37:00Z,-13.0,20.0,0,0,2026-05-07T18:19:35.499352+00:00,,,,,
DAL2908-1777954919-fa-934p,,2026-05-07T16:37:00Z,21.0,13.0,0,0,2026-05-07T18:19:35.499352+00:00,,,,,
DAL1743-1777955150-fa-1503p,,2026-05-07T16:36:00Z,-24.0,-13.0,0,0,2026-05-07T18:15:42.440993+00:00,,,,,
DAL2563-1777955144-fa-918p,,2026-05-07T16:36:00Z,71.0,55.0,0,0,2026-05-07T18:15:42.440993+00:00,,,,,
DAL1375-1777954235-fa-349p,2026-05-07T15:54:00,2026-05-07T16:36:00Z,42.0,44.0,0,0,2026-05-07T18:19:35.499352+00:00,DL1375,N356DN,DL,ATL,SYR
DAL2326-1777953967-fa-267p,,2026-05-07T16:35:00Z,31.0,26.0,0,0,2026-05-07T18:15:42.440993+00:00,,,,,
DAL1044-1777955152-fa-156p,,2026-05-07T16:35:00Z,30.0,0.0,0,0,2026-05-07T18:15:42.440993+00:00,,,,,
UAL1486-1777904806-fa-587p,,2026-05-07T16:35:00Z,24.0,0.0,0,0,2026-05-07T18:15:42.440993+00:00,,,,,
EDV5111-1777928471-fa-2031p,2026-05-07T16:55:00,2026-05-07T16:35:00Z,-20.0,-7.0,0,0,2026-05-07T18:19:35.499352+00:00,9E5111,N924XJ,9E,ATL,TRI
DAL577-1777954732-fa-1266p,,2026-05-07T16:35:00Z,40.0,22.0,0,0,2026-05-07T18:19:35.499352+00:00,,,,,
DAL737-1777954413-fa-956p,,2026-05-07T16:33:00Z,-10.0,-6.0,0,0,2026-05-07T18:19:35.499352+00:00,,,,,
DAL755-1777955085-fa-860p,,2026-05-07T16:32:00Z,-22.0,-6.0,0,0,2026-05-07T18:15:42.440993+00:00,,,,,
DAL1115-1777955139-fa-1160p,,2026-05-07T16:32:00Z,-3.0,-3.0,0,0,2026-05-07T18:19:35.499352+00:00,,,,,
EDV4707-1777958535-airline-558p,,2026-05-07T16:31:00Z,4.0,-9.0,0,0,2026-05-07T18:19:35.499352+00:00,,,,,
UAL340-1777939471-fa-3566p,,2026-05-07T16:31:00Z,1.0,-8.0,0,0,2026-05-07T18:19:35.499352+00:00,,,,,
EDV5039-1777914147-fa-1837p,,2026-05-07T16:30:00Z,-14.0,-3.0,0,0,2026-05-07T18:15:42.440993+00:00,,,,,
DAL1472-1777954407-fa-985p,,2026-05-07T16:30:00Z,3.0,-1.0,0,0,2026-05-07T18:19:35.499352+00:00,,,,,
DAL3040-1777955133-fa-671p,,2026-05-07T16:29:00Z,16.0,-1.0,0,0,2026-05-07T18:19:35.499352+00:00,,,,,
DAL1512-1777954179-fa-799p,,2026-05-07T16:29:00Z,-1.0,0.0,0,0,2026-05-07T18:19:35.499352+00:00,,,,,
SKW3747-1777916557-fa-289p,,2026-05-07T16:29:00Z,14.0,-8.0,0,0,2026-05-07T18:19:35.499352+00:00,,,,,
DAL926-1777954523-fa-4p,,2026-05-07T16:28:00Z,12.0,11.0,0,0,2026-05-07T18:15:42.440993+00:00,,,,,
DAL3011-1777955129-fa-1721p,,2026-05-07T16:28:00Z,59.0,59.0,0,0,2026-05-07T18:15:42.440993+00:00,,,,,
DAL8963-1777914050-fa-1959p,,2026-05-07T16:28:00Z,-7.0,-18.0,0,0,2026-05-07T18:19:35.499352+00:00,,,,,
FFT3782-1777960821-airline-1075p,,2026-05-07T16:26:00Z,47.0,31.0,0,0,2026-05-07T18:19:35.499352+00:00,,,,,
DAL590-1777954709-fa-51p,,2026-05-07T16:25:00Z,-5.0,-10.0,0,0,2026-05-07T18:15:42.440993+00:00,,,,,
DAL2856-1777955087-fa-863p,,2026-05-07T16:24:00Z,-5.0,-3.0,0,0,2026-05-07T18:15:42.440993+00:00,,,,,
DAL3030-1777955147-fa-1226p,2026-05-07T16:22:00,2026-05-07T16:24:00Z,2.0,4.0,0,0,2026-05-07T18:19:35.499352+00:00,DL3030,N997AT,DL,ATL,GNV
EDV5526-1777935420-fa-697p,2026-05-07T15:35:00,2026-05-07T16:24:00Z,49.0,40.0,0,0,2026-05-07T18:19:35.499352+00:00,9E5526,N181GJ,9E,ATL,LFT
DAL1757-1777954891-fa-711p,,2026-05-07T16:23:00Z,22.0,0.0,0,0,2026-05-07T18:19:35.499352+00:00,,,,,
DAL1266-1777954190-fa-891p,,2026-05-07T16:22:00Z,28.0,12.0,0,0,2026-05-07T18:15:42.440993+00:00,,,,,
DAL1052-1777954139-fa-205p,,2026-05-07T16:21:00Z,-8.0,5.0,0,0,2026-05-07T18:15:42.440993+00:00,,,,,
SKW3904-1777916802-fa-1453p,2026-05-07T15:06:00,2026-05-07T16:21:00Z,75.0,58.0,0,0,2026-05-07T18:19:35.499352+00:00,OO3904,N304SY,OO,ATL,OAJ
DAL2937-1777955150-fa-1512p,,2026-05-07T16:20:00Z,45.0,25.0,0,0,2026-05-07T18:19:35.499352+00:00,,,,,
DAL1704-1777955142-fa-2416p,,2026-05-07T16:20:00Z,12.0,12.0,0,0,2026-05-07T18:19:35.499352+00:00,,,,,
DAL3147-1777955153-fa-988p,,2026-05-07T16:19:00Z,-13.0,-1.0,0,0,2026-05-07T18:15:42.440993+00:00,,,,,
DAL1592-1777954942-fa-1017p,,2026-05-07T16:18:00Z,-3.0,-6.0,0,0,2026-05-07T18:15:42.440993+00:00,,,,,
ENY4085-1777958247-airline-1767p,,2026-05-07T16:18:00Z,8.0,22.0,0,0,2026-05-07T18:19:35.499352+00:00,,,,,
EDV4952-1777922874-fa-1011p,,2026-05-07T16:17:00Z,-6.0,-7.0,0,0,2026-05-07T18:19:35.499352+00:00,,,,,
DAL830-1777954971-fa-1218p,,2026-05-07T16:17:00Z,2.0,-4.0,0,0,2026-05-07T18:19:35.499352+00:00,,,,,
DAL1944-1777954802-fa-1373p,,2026-05-07T16:16:11Z,25.183333333333334,17.0,0,0,2026-05-07T18:19:35.499352+00:00,,,,,
DAL1631-1777954203-fa-779p,2026-05-07T15:55:00,2026-05-07T16:16:00Z,21.0,11.0,0,0,2026-05-07T18:15:42.440993+00:00,DL1631,N322DN,DL,FLL,ATL
FFT3299-1777960821-airline-1007p,,2026-05-07T16:16:00Z,17.0,-4.0,0,0,2026-05-07T18:19:35.499352+00:00,,,,,
DAL3054-1777954944-fa-673p,,2026-05-07T16:15:00Z,46.0,35.0,0,0,2026-05-07T18:19:35.499352+00:00,,,,,
FFT1449-1777958344-airline-208p,,2026-05-07T16:15:00Z,70.0,55.0,0,0,2026-05-07T18:19:35.499352+00:00,,,,,
EDV4686-1777921949-fa-0p,,2026-05-07T16:14:00Z,29.0,29.0,0,0,2026-05-07T18:19:35.499352+00:00,,,,,
DAL3052-1777955133-fa-197p,,2026-05-07T16:14:00Z,29.0,24.0,0,0,2026-05-07T18:19:35.499352+00:00,,,,,
DAL3091-1777955153-fa-982p,2026-05-07T15:43:00,2026-05-07T16:13:00Z,30.0,20.0,0,0,2026-05-07T18:15:42.440993+00:00,DL3091,N899AT,DL,CHS,ATL
DAL1374-1777955140-fa-1704p,,2026-05-07T16:13:00Z,108.0,103.0,0,0,2026-05-07T18:19:35.499352+00:00,,,,,
DAL907-1777954958-fa-656p,,2026-05-07T16:12:00Z,-32.0,-7.0,0,0,2026-05-07T18:15:42.440993+00:00,,,,,
DAL2793-1777955150-fa-165p,2026-05-07T15:32:00,2026-05-07T16:12:00Z,40.0,20.0,0,0,2026-05-07T18:15:42.440993+00:00,DL2793,N927AT,DL,GNV,ATL
DAL3012-1777955149-fa-182p,2026-05-07T16:04:00,2026-05-07T16:12:00Z,8.0,6.0,0,0,2026-05-07T18:19:35.499352+00:00,DL3012,N939AT,DL,ATL,BHM
DAL436-1777867934-fa-734p,,2026-05-07T16:11:00Z,772.0,28.0,0,0,2026-05-07T18:15:42.440993+00:00,,,,,
DAL1153-1777953965-fa-1196p,,2026-05-07T16:11:00Z,2.0,-4.0,0,0,2026-05-07T18:19:35.499352+00:00,,,,,
FFT2291-1777963115-airline-1519p,,2026-05-07T16:11:00Z,2.0,7.0,0,0,2026-05-07T18:19:35.499352+00:00,,,,,
DAL3048-1777955147-fa-1233p,,2026-05-07T16:10:00Z,42.0,19.0,0,0,2026-05-07T18:15:42.440993+00:00,,,,,
SLI978-1777965234-airline-1103p,,2026-05-07T16:10:00Z,-5.0,-1.0,0,0,2026-05-07T18:15:42.440993+00:00,,,,,
DAL2523-1777954842-fa-1119p,2026-05-07T16:13:00,2026-05-07T16:09:00Z,-4.0,-3.0,0,0,2026-05-07T18:15:42.440993+00:00,DL2523,N856DN,DL,CLE,ATL
DAL456-1777955014-fa-4922p,,2026-05-07T16:08:00Z,6.0,-3.0,0,0,2026-05-07T18:15:42.440993+00:00,,,,,
DAL992-1777954295-fa-142p,,2026-05-07T16:08:00Z,38.0,-3.0,0,0,2026-05-07T18:15:42.440993+00:00,,,,,
EDV5304-1777937762-fa-2740p,2026-05-07T15:58:00,2026-05-07T16:08:00Z,10.0,13.0,0,0,2026-05-07T18:15:42.440993+00:00,9E5304,N903XJ,9E,MGM,ATL
SWA204-1777959632-airline-1464p,,2026-05-07T16:08:00Z,13.0,7.0,0,0,2026-05-07T18:19:35.499352+00:00,,,,,
DAL1725-1777955130-fa-861p,2026-05-07T16:05:00,2026-05-07T16:07:00Z,2.0,0.0,0,0,2026-05-07T18:19:35.499352+00:00,DL1725,N945AT,DL,ATL,GSP
DAL886-1777954780-fa-1239p,,2026-05-07T16:05:00Z,-25.0,-2.0,0,0,2026-05-07T18:15:42.440993+00:00,,,,,
JIA5051-1777963926-airline-1222p,,2026-05-07T16:05:00Z,6.0,16.0,0,0,2026-05-07T18:19:35.499352+00:00,,,,,
DAL1760-1777954192-fa-851p,,2026-05-07T16:05:00Z,25.0,3.0,0,0,2026-05-07T18:19:35.499352+00:00,,,,,
SWA3232-1777968872-airline-1504p,,2026-05-07T16:04:00Z,-6.0,2.0,0,0,2026-05-07T18:15:42.440993+00:00,,,,,
DAL2147-1777954419-fa-593p,2026-05-07T16:16:00,2026-05-07T16:03:00Z,-13.0,-1.0,0,0,2026-05-07T18:19:35.499352+00:00,DL2147,N346NB,DL,ATL,PVD
DAL1324-1777954503-fa-362p,2026-05-07T16:08:00,2026-05-07T16:02:00Z,-6.0,-10.0,0,0,2026-05-07T18:15:42.440993+00:00,DL1324,N366NW,DL,IAD,ATL
DAL3033-1777955136-fa-1313p,,2026-05-07T16:01:00Z,-6.0,6.0,0,0,2026-05-07T18:15:42.440993+00:00,,,,,
DAL1481-1777954646-fa-2838p,,2026-05-07T16:01:00Z,-2.0,-5.0,0,0,2026-05-07T18:19:35.499352+00:00,,,,,
EDV4965-1777913257-fa-1175p,,2026-05-07T16:01:00Z,-18.0,-6.0,0,0,2026-05-07T18:19:35.499352+00:00,,,,,
EDV5302-1777962021-airline-1196p,,2026-05-07T16:01:00Z,58.0,40.0,0,0,2026-05-07T18:19:35.499352+00:00,,,,,
DAL2973-1777955137-fa-508p,2026-05-07T16:02:00,2026-05-07T16:01:00Z,-1.0,4.0,0,0,2026-05-07T18:19:35.499352+00:00,DL2973,N990AT,DL,ATL,HPN
DAL2923-1777954186-fa-299p,,2026-05-07T16:00:00Z,15.0,5.0,0,0,2026-05-07T18:19:35.499352+00:00,,,,,
DAL3051-1777955134-fa-950p,2026-05-07T15:30:00,2026-05-07T15:59:00Z,29.0,18.0,0,0,2026-05-07T18:15:42.440993+00:00,DL3051,N955AT,DL,VPS,ATL
DAL918-1777955046-fa-3797p,2026-05-07T16:26:00,2026-05-07T15:57:00Z,-29.0,-6.0,0,0,2026-05-07T18:15:42.440993+00:00,DL918,N551NW,DL,PHX,ATL
EDV5070-1777913823-fa-1339p,2026-05-07T15:53:00,2026-05-07T15:57:00Z,4.0,4.0,0,0,2026-05-07T18:15:42.440993+00:00,9E5070,N147PQ,9E,JAN,ATL
DAL3198-1777954923-fa-1148p,,2026-05-07T15:57:00Z,18.0,0.0,0,0,2026-05-07T18:19:35.499352+00:00,,,,,
DAL1637-1777955129-fa-845p,,2026-05-07T15:57:00Z,19.0,16.0,0,0,2026-05-07T18:19:35.499352+00:00,,,,,
DAL2052-1777954947-fa-326p,,2026-05-07T15:56:00Z,4.0,7.0,0,0,2026-05-07T18:19:35.499352+00:00,,,,,
SKW4117-1777945192-fa-664p,2026-05-07T14:51:00,2026-05-07T15:55:00Z,64.0,69.0,0,0,2026-05-07T18:15:42.440993+00:00,OO4117,N244SY,OO,SHV,ATL
DAL2048-1777955131-fa-517p,,2026-05-07T15:55:00Z,33.0,0.0,0,0,2026-05-07T18:19:35.499352+00:00,,,,,
DAL1688-1777954869-fa-1315p,2026-05-07T16:05:00,2026-05-07T15:54:00Z,-11.0,-2.0,0,0,2026-05-07T18:15:42.440993+00:00,DL1688,N902DN,DL,ABQ,ATL
DAL996-1777955026-fa-822p,,2026-05-07T15:54:00Z,4.0,-4.0,0,0,2026-05-07T18:19:35.499352+00:00,,,,,
DAL1462-1777953969-fa-638p,2026-05-07T15:51:00,2026-05-07T15:53:00Z,2.0,-1.0,0,0,2026-05-07T18:15:42.440993+00:00,DL1462,N550NW,DL,RIC,ATL
SWA2433-1777961333-airline-778p,2026-05-07T15:50:00,2026-05-07T15:53:00Z,3.0,5.0,0,0,2026-05-07T18:15:42.440993+00:00,WN2433,N296WN,WN,AUS,ATL
DAL1336-1777954847-fa-1908p,2026-05-07T15:55:00,2026-05-07T15:52:00Z,-3.0,0.0,0,0,2026-05-07T18:15:42.440993+00:00,DL1336,N887DN,DL,ORF,ATL
FFT1241-1777963115-airline-1317p,2026-05-07T15:44:00,2026-05-07T15:52:00Z,8.0,-4.0,0,0,2026-05-07T18:15:42.440993+00:00,F91241,N716FR,F9,MCO,ATL
DAL3103-1777955152-fa-1090p,2026-05-07T15:35:00,2026-05-07T15:51:00Z,16.0,6.0,0,0,2026-05-07T18:15:42.440993+00:00,DL3103,N929AT,DL,PNS,ATL
SWA169-1777959632-airline-1060p,,2026-05-07T15:51:00Z,26.0,14.0,0,0,2026-05-07T18:19:35.499352+00:00,,,,,
DAL3069-1777954952-fa-603p,2026-05-07T15:49:00,2026-05-07T15:50:00Z,1.0,-8.0,0,0,2026-05-07T18:15:42.440993+00:00,DL3069,N963DZ,DL,BNA,ATL
DAL2511-1777954497-fa-278p,2026-05-07T16:08:00,2026-05-07T15:50:00Z,-18.0,-3.0,0,0,2026-05-07T18:19:35.499352+00:00,DL2511,N363NW,DL,ATL,ROC
DAL1708-1777955137-fa-764p,,2026-05-07T15:49:00Z,-23.0,-12.0,0,0,2026-05-07T18:15:42.440993+00:00,,,,,
DAL9761-1778108119-fa-1257p,2026-05-07T13:15:00,2026-05-07T15:49:00Z,154.0,156.0,0,0,2026-05-07T18:15:42.440993+00:00,DL9761,N592DT,DL,JFK,ATL
EDV5422-1777935395-fa-320p,2026-05-07T15:03:00,2026-05-07T15:48:00Z,45.0,43.0,0,0,2026-05-07T18:15:42.440993+00:00,9E5422,N138EV,9E,AGS,ATL
DAL2650-1777954093-fa-774p,,2026-05-07T15:48:00Z,8.0,21.0,0,0,2026-05-07T18:19:35.499352+00:00,,,,,
DAL1298-1777955046-fa-3832p,,2026-05-07T15:48:00Z,37.0,44.0,0,0,2026-05-07T18:19:35.499352+00:00,,,,,
DAL2270-1777954216-fa-531p,,2026-05-07T15:48:00Z,46.0,59.0,0,0,2026-05-07T18:19:35.499352+00:00,,,,,
DAL1527-1777954080-fa-1296p,2026-05-07T15:46:00,2026-05-07T15:47:00Z,1.0,-4.0,0,0,2026-05-07T18:19:35.499352+00:00,DL1527,N340DN,DL,ATL,PBI
DAL2632-1777955134-fa-942p,,2026-05-07T15:47:00Z,38.0,31.0,0,0,2026-05-07T18:19:35.499352+00:00,,,,,
DAL1369-1777955147-fa-21p,2026-05-07T14:09:00,2026-05-07T15:46:00Z,97.0,109.0,0,0,2026-05-07T18:15:42.440993+00:00,DL1369,N988AT,DL,BHM,ATL
DAL1380-1777954755-fa-1651p,2026-05-07T15:59:00,2026-05-07T15:45:00Z,-14.0,-8.0,0,0,2026-05-07T18:15:42.440993+00:00,DL1380,N878DN,DL,PIT,ATL
DAL431-1777954322-fa-684p,2026-05-07T16:03:00,2026-05-07T15:44:00Z,-19.0,-4.0,0,0,2026-05-07T18:15:42.440993+00:00,DL431,N391DN,DL,DEN,ATL
DAL664-1777954034-fa-569p,,2026-05-07T15:44:00Z,-8.0,3.0,0,0,2026-05-07T18:19:35.499352+00:00,,,,,
DAL1522-1777954815-fa-2011p,,2026-05-07T15:43:00Z,-6.0,9.0,0,0,2026-05-07T18:19:35.499352+00:00,,,,,
DAL1479-1777954337-fa-1718p,2026-05-07T15:52:00,2026-05-07T15:42:00Z,-10.0,-5.0,0,0,2026-05-07T18:15:42.440993+00:00,DL1479,N103DY,DL,CMH,ATL
DAL2486-1777955099-fa-854p,2026-05-07T15:03:00,2026-05-07T15:42:00Z,39.0,19.0,0,0,2026-05-07T18:15:42.440993+00:00,DL2486,N820DX,DL,JAX,ATL
DAL1964-1777954893-fa-785p,,2026-05-07T15:42:00Z,32.0,-4.0,0,0,2026-05-07T18:19:35.499352+00:00,,,,,
EDV5352-1777918437-fa-1214p,,2026-05-07T15:41:00Z,16.0,22.0,0,0,2026-05-07T18:19:35.499352+00:00,,,,,
UAL1259-1777939418-fa-1892p,,2026-05-07T15:41:00Z,-8.0,1.0,0,0,2026-05-07T18:19:35.499352+00:00,,,,,
FFT4427-1777960821-airline-1169p,2026-05-07T15:07:00,2026-05-07T15:40:00Z,33.0,-8.0,0,0,2026-05-07T18:15:42.440993+00:00,F94427,N635FR,F9,BWI,ATL
DAL2978-1777954899-fa-39p,2026-05-07T15:37:00,2026-05-07T15:40:00Z,3.0,12.0,0,0,2026-05-07T18:19:35.499352+00:00,DL2978,N959DZ,DL,ATL,CLE
DAL3125-1777954838-fa-192p,2026-05-07T15:48:00,2026-05-07T15:39:00Z,-9.0,-2.0,0,0,2026-05-07T18:15:42.440993+00:00,DL3125,N914DU,DL,IND,ATL
EDV5145-1777928479-fa-1883p,2026-05-07T15:10:00,2026-05-07T15:39:00Z,29.0,13.0,0,0,2026-05-07T18:15:42.440993+00:00,9E5145,N582CA,9E,CAE,ATL
DAL2755-1777954806-fa-1479p,,2026-05-07T15:39:00Z,6.0,19.0,0,0,2026-05-07T18:19:35.499352+00:00,,,,,
DAL1571-1777954851-fa-691p,2026-05-07T15:50:00,2026-05-07T15:37:00Z,-13.0,-4.0,0,0,2026-05-07T18:15:42.440993+00:00,DL1571,N890DN,DL,STL,ATL
DAL2232-1777955138-fa-977p,2026-05-07T15:35:00,2026-05-07T15:37:00Z,2.0,-11.0,0,0,2026-05-07T18:15:42.440993+00:00,DL2232,N938AT,DL,LEX,ATL
UAL632-1777926043-fa-2917p,2026-05-07T15:46:00,2026-05-07T15:37:00Z,-9.0,6.0,0,0,2026-05-07T18:19:35.499352+00:00,UA632,N27722,UA,ATL,IAD
DAL1137-1777954144-fa-884p,2026-05-07T15:55:00,2026-05-07T15:37:00Z,-18.0,-7.0,0,0,2026-05-07T18:19:35.499352+00:00,DL1137,N320DN,DL,ATL,ALB
DAL2204-1777954095-fa-644p,2026-05-07T15:43:00,2026-05-07T15:36:00Z,-7.0,-5.0,0,0,2026-05-07T18:15:42.440993+00:00,DL2204,N323DN,DL,MCO,ATL
DAL3173-1777955143-fa-828p,2026-05-07T15:29:00,2026-05-07T15:35:00Z,6.0,7.0,0,0,2026-05-07T18:15:42.440993+00:00,DL3173,N978AT,DL,GSO,ATL
DAL1292-1777955153-fa-127p,2026-05-07T15:35:00,2026-05-07T15:35:00Z,0.0,6.0,0,0,2026-05-07T18:15:42.440993+00:00,DL1292,N906AT,DL,MOB,ATL
DAL3100-1777954941-fa-1305p,,2026-05-07T15:32:00Z,-8.0,-2.0,0,0,2026-05-07T18:15:42.440993+00:00,,,,,
DAL1424-1777954901-fa-3620p,,2026-05-07T15:32:00Z,-8.0,-7.0,0,0,2026-05-07T18:15:42.440993+00:00,,,,,
FFT2468-1777963115-airline-1563p,,2026-05-07T15:32:00Z,-18.0,-5.0,0,0,2026-05-07T18:19:35.499352+00:00,,,,,
DAL1709-1777954207-fa-1192p,,2026-05-07T15:32:00Z,32.0,0.0,0,0,2026-05-07T18:19:35.499352+00:00,,,,,
DAL1510-1777954253-fa-644p,,2026-05-07T15:32:00Z,39.0,-1.0,0,0,2026-05-07T18:19:35.499352+00:00,,,,,
DAL2432-1777954198-fa-2734p,,2026-05-07T15:32:00Z,17.0,-6.0,0,0,2026-05-07T18:19:35.499352+00:00,,,,,
DAL2365-1777954263-fa-310p,2026-05-07T15:02:00,2026-05-07T15:31:00Z,29.0,2.0,0,0,2026-05-07T18:15:42.440993+00:00,DL2365,N325DN,DL,EWR,ATL
DAL2605-1777955084-fa-1185p,2026-05-07T15:31:00,2026-05-07T15:31:00Z,0.0,-5.0,0,0,2026-05-07T18:15:42.440993+00:00,DL2605,N6703D,DL,TPA,ATL
EDV5553-1777909029-fa-2508p,2026-05-07T15:28:00,2026-05-07T15:31:00Z,3.0,17.0,0,0,2026-05-07T18:19:35.499352+00:00,9E5553,N668CA,9E,ATL,DTW
EDV5570-1777936927-fa-1037p,,2026-05-07T15:31:00Z,72.0,61.0,0,0,2026-05-07T18:19:35.499352+00:00,,,,,
UAL2669-1777917144-fa-1059p,2026-05-07T15:29:00,2026-05-07T15:30:00Z,1.0,-5.0,0,0,2026-05-07T18:15:42.440993+00:00,UA2669,N820UA,UA,EWR,ATL
DAL1149-1777955148-fa-1011p,2026-05-07T15:52:00,2026-05-07T15:30:00Z,-22.0,-7.0,0,0,2026-05-07T18:15:42.440993+00:00,DL1149,N960AT,DL,MEM,ATL
DAL2634-1777954332-fa-735p,2026-05-07T15:25:00,2026-05-07T15:30:00Z,5.0,9.0,0,0,2026-05-07T18:15:42.440993+00:00,DL2634,N106DN,DL,RDU,ATL
DAL2777-1777954228-fa-514p,2026-05-07T15:30:00,2026-05-07T15:29:00Z,-1.0,-6.0,0,0,2026-05-07T18:15:42.440993+00:00,DL2777,N354DN,DL,DTW,ATL
DAL609-1777954651-fa-1267p,,2026-05-07T15:29:00Z,-9.0,-12.0,0,0,2026-05-07T18:15:42.440993+00:00,,,,,
DAL1590-1777955139-fa-1034p,,2026-05-07T15:29:00Z,18.0,-2.0,0,0,2026-05-07T18:19:35.499352+00:00,,,,,
DAL557-1777954293-fa-3431p,2026-05-07T15:49:00,2026-05-07T15:29:00Z,-20.0,14.0,0,0,2026-05-07T18:19:35.499352+00:00,DL557,N115DN,DL,ATL,LGA
JBU1797-1777965984-airline-1019p,,2026-05-07T15:29:00Z,161.0,118.0,0,0,2026-05-07T18:19:35.499352+00:00,,,,,
DAL2899-1777954104-fa-1228p,,2026-05-07T15:26:00Z,-9.0,-5.0,0,0,2026-05-07T18:15:42.440993+00:00,,,,,
FFT3072-1777960821-airline-960p,2026-05-07T15:11:00,2026-05-07T15:26:00Z,15.0,20.0,0,0,2026-05-07T18:19:35.499352+00:00,F93072,N656FR,F9,ATL,ORF
DAL1444-1777954436-fa-1233p,2026-05-07T15:42:00,2026-05-07T15:26:00Z,-16.0,0.0,0,0,2026-05-07T18:19:35.499352+00:00,DL1444,N342NB,DL,ATL,IAD
DAL2490-1777954491-fa-473p,,2026-05-07T15:26:00Z,16.0,-1.0,0,0,2026-05-07T18:19:35.499352+00:00,,,,,
RPA4595-1777958754-airline-1544p,,2026-05-07T15:25:00Z,-4.0,16.0,0,0,2026-05-07T18:19:35.499352+00:00,,,,,
DAL1763-1777954877-fa-882p,,2026-05-07T15:24:00Z,-1.0,-6.0,0,0,2026-05-07T18:15:42.440993+00:00,,,,,
DAL1281-1777954358-fa-3540p,,2026-05-07T15:24:00Z,31.0,-7.0,0,0,2026-05-07T18:19:35.499352+00:00,,,,,
JBU797-1777958441-airline-383p,2026-05-07T15:08:00,2026-05-07T15:23:00Z,15.0,-1.0,0,0,2026-05-07T18:15:42.440993+00:00,B6797,N3240J,B6,BOS,ATL
DAL963-1777954492-fa-850p,2026-05-07T15:29:00,2026-05-07T15:23:00Z,-6.0,-1.0,0,0,2026-05-07T18:15:42.440993+00:00,DL963,N358NW,DL,CVG,ATL
AAL1791-1777966432-airline-1447p,,2026-05-07T15:23:00Z,-9.0,-2.0,0,0,2026-05-07T18:15:42.440993+00:00,,,,,
EDV5169-1777939330-fa-4078p,,2026-05-07T15:23:00Z,32.0,21.0,0,0,2026-05-07T18:15:42.440993+00:00,,,,,
DAL3064-1777955153-fa-977p,2026-05-07T15:05:00,2026-05-07T15:23:00Z,18.0,-1.0,0,0,2026-05-07T18:19:35.499352+00:00,DL3064,N967AT,DL,ATL,TLH
FFT1596-1777958344-airline-229p,2026-05-07T14:29:00,2026-05-07T15:22:00Z,53.0,-6.0,0,0,2026-05-07T18:15:42.440993+00:00,F91596,N667FR,F9,ORD,ATL
DAL3160-1777954710-fa-4788p,2026-05-07T14:47:00,2026-05-07T15:22:00Z,35.0,39.0,0,0,2026-05-07T18:19:35.499352+00:00,DL3160,N3743H,DL,ATL,CVG
DAL1042-1777954403-fa-929p,,2026-05-07T15:21:00Z,9.0,-7.0,0,0,2026-05-07T18:15:42.440993+00:00,,,,,
DAL1572-1777954207-fa-1196p,,2026-05-07T15:21:00Z,-14.0,0.0,0,0,2026-05-07T18:15:42.440993+00:00,,,,,
RPA4580-1777958754-airline-1528p,,2026-05-07T15:20:00Z,39.0,-1.0,0,0,2026-05-07T18:15:42.440993+00:00,,,,,
AAL1777-1777966432-airline-1428p,,2026-05-07T15:20:00Z,-15.0,-10.0,0,0,2026-05-07T18:19:35.499352+00:00,,,,,
DAL2853-1777955143-fa-1179p,,2026-05-07T15:18:00Z,148.0,159.0,0,0,2026-05-07T18:15:42.440993+00:00,,,,,
DAL1516-1777954865-fa-1103p,,2026-05-07T15:17:00Z,10.0,8.0,0,0,2026-05-07T18:15:42.440993+00:00,,,,,
DAL3124-1777955144-fa-931p,,2026-05-07T15:17:00Z,10.0,1.0,0,0,2026-05-07T18:15:42.440993+00:00,,,,,
DAL2597-1777954396-fa-1459p,,2026-05-07T15:16:00Z,-19.0,-3.0,0,0,2026-05-07T18:19:35.499352+00:00,,,,,
DAL1290-1777955142-fa-2412p,,2026-05-07T15:15:00Z,-14.0,-9.0,0,0,2026-05-07T18:15:42.440993+00:00,,,,,
EDV5067-1777956924-airline-639p,,2026-05-07T15:15:00Z,-2.0,-5.0,0,0,2026-05-07T18:15:42.440993+00:00,,,,,
EDV5452-1777873937-airline-717p,,2026-05-07T15:15:00Z,707.0,708.0,0,0,2026-05-07T18:19:35.499352+00:00,,,,,
DAL1676-1777954486-fa-1286p,2026-05-07T14:52:00,2026-05-07T15:15:00Z,23.0,-4.0,0,0,2026-05-07T18:19:35.499352+00:00,DL1676,N353NW,DL,ATL,SAT
DAL1542-1777954179-fa-138p,,2026-05-07T15:13:00Z,-17.0,-3.0,0,0,2026-05-07T18:15:42.440993+00:00,,,,,
SKW4142-1777916559-fa-1448p,,2026-05-07T15:13:00Z,-7.0,-5.0,0,0,2026-05-07T18:15:42.440993+00:00,,,,,
FFT2297-1777963115-airline-1521p,,2026-05-07T15:13:00Z,16.0,-11.0,0,0,2026-05-07T18:15:42.440993+00:00,,,,,
DAL1147-1777954876-fa-659p,,2026-05-07T15:13:00Z,-3.0,-2.0,0,0,2026-05-07T18:19:35.499352+00:00,,,,,
SWA3913-1777959727-airline-549p,,2026-05-07T15:12:00Z,2.0,-4.0,0,0,2026-05-07T18:15:42.440993+00:00,,,,,
DAL1505-1777954005-fa-3500p,,2026-05-07T15:12:00Z,31.0,28.0,0,0,2026-05-07T18:15:42.440993+00:00,,,,,
EDV5418-1777904867-fa-2894p,2026-05-07T15:25:00,2026-05-07T15:12:00Z,-13.0,1.0,0,0,2026-05-07T18:19:35.499352+00:00,9E5418,N928XJ,9E,ATL,CHO
DAL455-1777954474-fa-1625p,,2026-05-07T15:11:00Z,12.0,0.0,0,0,2026-05-07T18:15:42.440993+00:00,,,,,
FFT4732-1777960821-airline-1210p,,2026-05-07T15:11:00Z,-28.0,-6.0,0,0,2026-05-07T18:19:35.499352+00:00,,,,,
DAL2681-1777955153-fa-970p,,2026-05-07T15:11:00Z,-5.0,-5.0,0,0,2026-05-07T18:19:35.499352+00:00,,,,,
DAL2960-1777955097-fa-1474p,,2026-05-07T15:11:00Z,1.0,-2.0,0,0,2026-05-07T18:19:35.499352+00:00,,,,,
FFT4771-1777960821-airline-1216p,2026-05-07T15:04:00,2026-05-07T15:10:00Z,6.0,-1.0,0,0,2026-05-07T18:19:35.499352+00:00,F94771,N405FR,F9,ATL,CVG
SKW4097-1777916798-fa-1633p,,2026-05-07T15:10:00Z,-3.0,-6.0,0,0,2026-05-07T18:19:35.499352+00:00,,,,,
EDV5513-1777914153-fa-379p,,2026-05-07T15:09:00Z,-16.0,-4.0,0,0,2026-05-07T18:15:42.440993+00:00,,,,,
DAL3067-1777954950-fa-1372p,,2026-05-07T15:09:00Z,49.0,25.0,0,0,2026-05-07T18:15:42.440993+00:00,,,,,
DAL1674-1777954930-fa-567p,,2026-05-07T15:08:00Z,76.0,-10.0,0,0,2026-05-07T18:15:42.440993+00:00,,,,,
UAL2289-1777912096-fa-1726p,,2026-05-07T15:08:00Z,-22.0,0.0,0,0,2026-05-07T18:19:35.499352+00:00,,,,,
JIA5587-1777960296-airline-1352p,,2026-05-07T15:07:00Z,22.0,33.0,0,0,2026-05-07T18:19:35.499352+00:00,,,,,
EDV5372-1777959350-airline-1429p,,2026-05-07T15:07:00Z,37.0,43.0,0,0,2026-05-07T18:19:35.499352+00:00,,,,,
DAL2233-1777954852-fa-700p,,2026-05-07T15:06:00Z,33.0,6.0,0,0,2026-05-07T18:15:42.440993+00:00,,,,,
DAL1155-1777955133-fa-664p,,2026-05-07T15:06:00Z,-11.0,-5.0,0,0,2026-05-07T18:19:35.499352+00:00,,,,,
DAL1658-1777953986-fa-422p,,2026-05-07T15:05:00Z,18.0,-4.0,0,0,2026-05-07T18:19:35.499352+00:00,,,,,
DAL1400-1777954951-fa-4237p,,2026-05-07T15:05:00Z,21.0,14.0,0,0,2026-05-07T18:19:35.499352+00:00,,,,,
DAL201-1778068542-fa-782p,,2026-05-07T15:04:00Z,139.0,9.0,0,0,2026-05-07T18:15:42.440993+00:00,,,,,
FFT3294-1777958344-airline-540p,,2026-05-07T15:04:00Z,-29.0,-12.0,0,0,2026-05-07T18:15:42.440993+00:00,,,,,
DAL3196-1777954488-fa-736p,,2026-05-07T15:04:00Z,44.0,-5.0,0,0,2026-05-07T18:19:35.499352+00:00,,,,,
DAL1509-1777954535-fa-979p,2026-05-07T14:32:00,2026-05-07T15:04:00Z,32.0,1.0,0,0,2026-05-07T18:19:35.499352+00:00,DL1509,N371NW,DL,ATL,HOU
DAL1523-1777955131-fa-2202p,,2026-05-07T15:03:00Z,-10.0,-6.0,0,0,2026-05-07T18:15:42.440993+00:00,,,,,
DAL998-1777954026-fa-1578p,,2026-05-07T15:03:00Z,-17.0,-1.0,0,0,2026-05-07T18:15:42.440993+00:00,,,,,
SWA239-1777961333-airline-725p,,2026-05-07T15:03:00Z,3.0,2.0,0,0,2026-05-07T18:19:35.499352+00:00,,,,,
DAL3089-1777954914-fa-1343p,,2026-05-07T15:02:00Z,-8.0,-9.0,0,0,2026-05-07T18:15:42.440993+00:00,,,,,
KAL35-1777945494-schedule-530p,,2026-05-07T15:02:00Z,-23.0,-4.0,0,0,2026-05-07T18:15:42.440993+00:00,,,,,
DAL1743-1777955150-fa-1508p,,2026-05-07T15:02:00Z,-7.0,0.0,0,0,2026-05-07T18:19:35.499352+00:00,,,,,
EDV5279-1777941540-fa-616p,,2026-05-07T15:01:00Z,77.0,81.0,0,0,2026-05-07T18:15:42.440993+00:00,,,,,
DAL789-1777954885-fa-4579p,,2026-05-07T15:00:00Z,79.0,-7.0,0,0,2026-05-07T18:15:42.440993+00:00,,,,,
JIA5028-1777963926-airline-1200p,,2026-05-07T14:59:00Z,31.0,11.0,0,0,2026-05-07T18:15:42.440993+00:00,,,,,
DAL923-1777955024-fa-593p,,2026-05-07T14:59:00Z,6.0,-3.0,0,0,2026-05-07T18:15:42.440993+00:00,,,,,
SWA1397-1777961456-airline-1805p,,2026-05-07T14:59:00Z,19.0,24.0,0,0,2026-05-07T18:15:42.440993+00:00,,,,,
DAL1248-1777955144-fa-923p,,2026-05-07T14:59:00Z,-8.0,-1.0,0,0,2026-05-07T18:19:35.499352+00:00,,,,,
DAL1063-1777954404-fa-1274p,,2026-05-07T14:59:00Z,-1.0,0.0,0,0,2026-05-07T18:19:35.499352+00:00,,,,,
DAL3035-1777955135-fa-799p,,2026-05-07T14:58:00Z,39.0,16.0,0,0,2026-05-07T18:19:35.499352+00:00,,,,,
SWA225-1777961333-airline-565p,,2026-05-07T14:58:00Z,-7.0,-2.0,0,0,2026-05-07T18:19:35.499352+00:00,,,,,
DAL1384-1777954159-fa-1175p,,2026-05-07T14:55:00Z,-18.0,-7.0,0,0,2026-05-07T18:19:35.499352+00:00,,,,,
DAL3190-1777955134-fa-805p,2026-05-07T15:05:00,2026-05-07T14:54:00Z,-11.0,-4.0,0,0,2026-05-07T18:19:35.499352+00:00,DL3190,N919AT,DL,ATL,CLT
DAL1363-1777954772-fa-461p,,2026-05-07T14:54:00Z,-2.0,-2.0,0,0,2026-05-07T18:19:35.499352+00:00,,,,,
VXP393-1777958782-airline-1177p,,2026-05-07T14:53:00Z,27.0,-5.0,0,0,2026-05-07T18:15:42.440993+00:00,,,,,
EDV5309-1777928470-fa-1198p,,2026-05-07T14:53:00Z,-8.0,-2.0,0,0,2026-05-07T18:15:42.440993+00:00,,,,,
DAL1741-1777954885-fa-4581p,,2026-05-07T14:53:00Z,-7.0,0.0,0,0,2026-05-07T18:15:42.440993+00:00,,,,,
AAL1567-1777966432-airline-1202p,,2026-05-07T14:53:00Z,-2.0,-7.0,0,0,2026-05-07T18:19:35.499352+00:00,,,,,
DAL3164-1777954672-fa-243p,2026-05-07T14:49:00,2026-05-07T14:52:00Z,3.0,7.0,0,0,2026-05-07T18:19:35.499352+00:00,DL3164,N3732J,DL,ATL,BHM
EDV5142-1777906645-fa-3180p,,2026-05-07T14:52:00Z,23.0,21.0,0,0,2026-05-07T18:19:35.499352+00:00,,,,,
DAL1182-1777955147-fa-263p,,2026-05-07T14:51:00Z,-15.0,-1.0,0,0,2026-05-07T18:19:35.499352+00:00,,,,,
DAL380-1777954502-fa-6724p,,2026-05-07T14:51:00Z,-9.0,-3.0,0,0,2026-05-07T18:19:35.499352+00:00,,,,,
DAL744-1777955083-fa-160p,,2026-05-07T14:50:00Z,21.0,0.0,0,0,2026-05-07T18:15:42.440993+00:00,,,,,
DAL2951-1777954856-fa-371p,,2026-05-07T14:50:00Z,3.0,2.0,0,0,2026-05-07T18:19:35.499352+00:00,,,,,
DAL341-1777954023-fa-813p,,2026-05-07T14:49:00Z,7.0,-3.0,0,0,2026-05-07T18:15:42.440993+00:00,,,,,
DAL1074-1777954795-fa-1045p,,2026-05-07T14:49:00Z,-6.0,-3.0,0,0,2026-05-07T18:15:42.440993+00:00,,,,,
DAL3047-1777955147-fa-9p,2026-05-07T14:39:00,2026-05-07T14:49:00Z,10.0,3.0,0,0,2026-05-07T18:19:35.499352+00:00,DL3047,N981AT,DL,ATL,MYR
DAL3118-1777955150-fa-1510p,,2026-05-07T14:49:00Z,24.0,-6.0,0,0,2026-05-07T18:19:35.499352+00:00,,,,,
DAL1039-1777955076-fa-275p,,2026-05-07T14:48:00Z,21.0,10.0,0,0,2026-05-07T18:15:42.440993+00:00,,,,,
DAL552-1777954242-fa-898p,,2026-05-07T14:48:00Z,30.0,-1.0,0,0,2026-05-07T18:19:35.499352+00:00,,,,,
FFT1408-1777963115-airline-1362p,,2026-05-07T14:48:00Z,7.0,-5.0,0,0,2026-05-07T18:19:35.499352+00:00,,,,,
DAL840-1777954333-fa-1006p,,2026-05-07T14:48:00Z,4.0,-7.0,0,0,2026-05-07T18:19:35.499352+00:00,,,,,
DAL1286-1777955143-fa-1166p,2026-05-07T15:04:00,2026-05-07T14:47:00Z,-17.0,-6.0,0,0,2026-05-07T18:19:35.499352+00:00,DL1286,N979AT,DL,ATL,JAN
UAL1030-1777914905-fa-935p,,2026-05-07T14:45:00Z,2.0,-5.0,0,0,2026-05-07T18:15:42.440993+00:00,,,,,
EDV5011-1777901213-fa-1672p,,2026-05-07T14:45:00Z,0.0,-3.0,0,0,2026-05-07T18:19:35.499352+00:00,,,,,
DAL3110-1777954939-fa-194p,,2026-05-07T14:44:00Z,-24.0,-7.0,0,0,2026-05-07T18:15:42.440993+00:00,,,,,
DAL2299-1777955142-fa-2172p,,2026-05-07T14:42:00Z,60.0,76.0,0,0,2026-05-07T18:15:42.440993+00:00,,,,,
DAL2071-1777954912-fa-312p,,2026-05-07T14:42:00Z,38.0,40.0,0,0,2026-05-07T18:19:35.499352+00:00,,,,,
EDV4757-1777921541-fa-3211p,,2026-05-07T14:41:00Z,9.0,12.0,0,0,2026-05-07T18:19:35.499352+00:00,,,,,
EDV5339-1777907748-fa-1971p,2026-05-07T14:20:00,2026-05-07T14:41:00Z,21.0,4.0,0,0,2026-05-07T18:19:35.499352+00:00,9E5339,N607LR,9E,ATL,XNA
DAL364-1777954319-fa-365p,,2026-05-07T14:40:00Z,15.0,-3.0,0,0,2026-05-07T18:15:42.440993+00:00,,,,,
EDV5475-1777937765-fa-1534p,,2026-05-07T14:40:00Z,-5.0,-6.0,0,0,2026-05-07T18:15:42.440993+00:00,,,,,
DAL3199-1777955133-fa-193p,,2026-05-07T14:40:00Z,19.0,16.0,0,0,2026-05-07T18:19:35.499352+00:00,,,,,
DAL3108-1777955149-fa-1045p,,2026-05-07T14:40:00Z,10.0,-2.0,0,0,2026-05-07T18:19:35.499352+00:00,,,,,
DAL3128-1777954906-fa-603p,,2026-05-07T14:40:00Z,7.0,-1.0,0,0,2026-05-07T18:19:35.499352+00:00,,,,,
SWA245-1777961333-airline-803p,,2026-05-07T14:40:00Z,0.0,12.0,0,0,2026-05-07T18:19:35.499352+00:00,,,,,
DAL965-1777954882-fa-1632p,,2026-05-07T14:37:00Z,2.0,3.0,0,0,2026-05-07T18:15:42.440993+00:00,,,,,
DAL962-1777954835-fa-1249p,,2026-05-07T14:36:00Z,-4.0,-1.0,0,0,2026-05-07T18:15:42.440993+00:00,,,,,
DAL801-1777954835-fa-1818p,,2026-05-07T14:36:00Z,-8.0,-6.0,0,0,2026-05-07T18:19:35.499352+00:00,,,,,
DAL441-1777955139-fa-1038p,2026-05-07T14:29:00,2026-05-07T14:35:00Z,6.0,1.0,0,0,2026-05-07T18:19:35.499352+00:00,DL441,N954AT,DL,ATL,DAL
DAL2471-1777954929-fa-958p,2026-05-07T14:29:00,2026-05-07T14:35:00Z,6.0,-7.0,0,0,2026-05-07T18:19:35.499352+00:00,DL2471,N947DZ,DL,ATL,MCI
DAL2397-1777954232-fa-368p,2026-05-07T14:29:00,2026-05-07T14:34:00Z,5.0,0.0,0,0,2026-05-07T18:19:35.499352+00:00,DL2397,N355DN,DL,ATL,EWR
EDV5085-1777917856-fa-1642p,,2026-05-07T14:33:00Z,-17.0,-9.0,0,0,2026-05-07T18:15:42.440993+00:00,,,,,
EDV5304-1777937763-fa-5604p,,2026-05-07T14:33:00Z,18.0,23.0,0,0,2026-05-07T18:19:35.499352+00:00,,,,,
DAL513-1777954313-fa-1293p,,2026-05-07T14:33:00Z,-13.0,-1.0,0,0,2026-05-07T18:19:35.499352+00:00,,,,,
UAL2739-1777939519-fa-2091p,,2026-05-07T14:32:00Z,2.0,-7.0,0,0,2026-05-07T18:15:42.440993+00:00,,,,,
UAL1862-1777909389-fa-5219p,2026-05-07T14:20:00,2026-05-07T14:32:00Z,12.0,-5.0,0,0,2026-05-07T18:19:35.499352+00:00,UA1862,N35236,UA,ATL,ORD
RPA4782-1777963926-airline-989p,,2026-05-07T14:31:00Z,1.0,11.0,0,0,2026-05-07T18:19:35.499352+00:00,,,,,
SWA3049-1777957840-airline-1579p,,2026-05-07T14:30:00Z,20.0,-1.0,0,0,2026-05-07T18:15:42.440993+00:00,,,,,
DAL1699-1777954861-fa-854p,,2026-05-07T14:29:00Z,2.0,-4.0,0,0,2026-05-07T18:19:35.499352+00:00,,,,,
DAL2976-1777953990-fa-4571p,2026-05-07T14:33:00,2026-05-07T14:29:00Z,-4.0,-1.0,0,0,2026-05-07T18:19:35.499352+00:00,DL2976,N111DC,DL,ATL,AUS
DAL8802-1777955101-fa-159p,,2026-05-07T14:28:00Z,5.0,0.0,0,0,2026-05-07T18:19:35.499352+00:00,,,,,
DAL3147-1777955153-fa-986p,2026-05-07T14:35:00,2026-05-07T14:27:00Z,-8.0,-1.0,0,0,2026-05-07T18:19:35.499352+00:00,DL3147,N998AT,DL,ATL,GSP
DAL3011-1777955129-fa-1720p,,2026-05-07T14:27:00Z,56.0,21.0,0,0,2026-05-07T18:19:35.499352+00:00,,,,,
DAL2952-1777954936-fa-663p,,2026-05-07T14:27:00Z,13.0,9.0,0,0,2026-05-07T18:19:35.499352+00:00,,,,,
DAL2563-1777955144-fa-916p,2026-05-07T13:29:00,2026-05-07T14:25:00Z,56.0,-3.0,0,0,2026-05-07T18:19:35.499352+00:00,DL2563,N925AT,DL,ATL,TLH
DAL1879-1777954818-fa-937p,,2026-05-07T14:24:00Z,11.0,-6.0,0,0,2026-05-07T18:15:42.440993+00:00,,,,,
DAL1236-1777954512-fa-1686p,2026-05-07T14:15:00,2026-05-07T14:24:00Z,9.0,-3.0,0,0,2026-05-07T18:15:42.440993+00:00,DL1236,N349NW,DL,MKE,ATL
DAL2562-1777954174-fa-983p,,2026-05-07T14:23:00Z,21.0,-1.0,0,0,2026-05-07T18:15:42.440993+00:00,,,,,
FFT2483-1777963115-airline-1566p,,2026-05-07T14:23:00Z,-2.0,-9.0,0,0,2026-05-07T18:15:42.440993+00:00,,,,,
EDV5584-1777921948-fa-1556p,2026-05-07T13:40:00,2026-05-07T14:23:00Z,43.0,4.0,0,0,2026-05-07T18:15:42.440993+00:00,9E5584,N136EV,9E,MSP,ATL
DAL2250-1777955140-fa-1700p,2026-05-07T14:39:00,2026-05-07T14:22:00Z,-17.0,-12.0,0,0,2026-05-07T18:15:42.440993+00:00,DL2250,N997AT,DL,BNA,ATL
DAL1227-1777954214-fa-3101p,,2026-05-07T14:22:00Z,26.0,0.0,0,0,2026-05-07T18:19:35.499352+00:00,,,,,
DAL2988-1777954824-fa-792p,,2026-05-07T14:21:00Z,9.0,-12.0,0,0,2026-05-07T18:15:42.440993+00:00,,,,,
DAL2420-1777954827-fa-409p,2026-05-07T14:18:00,2026-05-07T14:21:00Z,3.0,4.0,0,0,2026-05-07T18:19:35.499352+00:00,DL2420,N908DN,DL,ATL,JFK
DAL1585-1777954221-fa-872p,,2026-05-07T14:21:00Z,37.0,4.0,0,0,2026-05-07T18:19:35.499352+00:00,,,,,
DAL2668-1777953962-fa-1533p,,2026-05-07T14:21:00Z,14.0,1.0,0,0,2026-05-07T18:19:35.499352+00:00,,,,,
DAL1354-1777955125-fa-2097p,,2026-05-07T14:20:00Z,15.0,-1.0,0,0,2026-05-07T18:15:42.440993+00:00,,,,,
DAL1261-1777955053-fa-1412p,2026-05-07T14:10:00,2026-05-07T14:19:00Z,9.0,-2.0,0,0,2026-05-07T18:15:42.440993+00:00,DL1261,N6701,DL,MIA,ATL
DAL1180-1777954122-fa-547p,,2026-05-07T14:19:00Z,2.0,-4.0,0,0,2026-05-07T18:15:42.440993+00:00,,,,,
EDV5039-1777900427-fa-1036p,,2026-05-07T14:19:00Z,-11.0,-4.0,0,0,2026-05-07T18:19:35.499352+00:00,,,,,
DAL1311-1777954122-fa-1240p,2026-05-07T13:58:00,2026-05-07T14:19:00Z,21.0,0.0,0,0,2026-05-07T18:19:35.499352+00:00,DL1311,N316DN,DL,ATL,PBI
DAL2554-1777954770-fa-2682p,2026-05-07T13:25:00,2026-05-07T14:18:00Z,53.0,-3.0,0,0,2026-05-07T18:15:42.440993+00:00,DL2554,N872DN,DL,BDL,ATL
DAL2326-1777953967-fa-266p,,2026-05-07T14:18:00Z,37.0,-2.0,0,0,2026-05-07T18:19:35.499352+00:00,,,,,
DAL2957-1777954741-fa-701p,,2026-05-07T14:18:00Z,-1.0,-8.0,0,0,2026-05-07T18:19:35.499352+00:00,,,,,
AAL1799-1777966432-airline-1458p,,2026-05-07T14:17:00Z,13.0,-6.0,0,0,2026-05-07T18:15:42.440993+00:00,,,,,
DAL1395-1777954177-fa-1306p,2026-05-07T13:55:00,2026-05-07T14:16:00Z,21.0,12.0,0,0,2026-05-07T18:15:42.440993+00:00,DL1395,N331DN,DL,RSW,ATL
DAL1247-1777954775-fa-498p,,2026-05-07T14:15:00Z,-2.0,4.0,0,0,2026-05-07T18:15:42.440993+00:00,,,,,
DAL1213-1777953979-fa-279p,2026-05-07T13:47:00,2026-05-07T14:15:00Z,28.0,-3.0,0,0,2026-05-07T18:19:35.499352+00:00,DL1213,N6713Y,DL,ATL,MCO
DAL1901-1777954916-fa-722p,,2026-05-07T14:14:00Z,-6.0,-3.0,0,0,2026-05-07T18:15:42.440993+00:00,,,,,
DAL2754-1777955137-fa-767p,2026-05-07T14:21:00,2026-05-07T14:14:00Z,-7.0,-8.0,0,0,2026-05-07T18:19:35.499352+00:00,DL2754,N717JL,DL,ATL,TUL
DAL893-1777954076-fa-967p,2026-05-07T14:27:00,2026-05-07T14:13:00Z,-14.0,4.0,0,0,2026-05-07T18:15:42.440993+00:00,DL893,N301DV,DL,DFW,ATL
DAL1708-1777955137-fa-759p,2026-05-07T14:24:00,2026-05-07T14:13:00Z,-11.0,-4.0,0,0,2026-05-07T18:19:35.499352+00:00,DL1708,N950AT,DL,ATL,HSV
DAL2343-1777954099-fa-372p,2026-05-07T13:58:00,2026-05-07T14:13:00Z,15.0,-1.0,0,0,2026-05-07T18:19:35.499352+00:00,DL2343,N309DN,DL,ATL,FLL
AAL3190-1777960637-airline-2002p,2026-05-07T13:59:00,2026-05-07T14:12:00Z,13.0,-1.0,0,0,2026-05-07T18:19:35.499352+00:00,AA3190,N915NN,AA,ATL,MIA
JBU519-1777961863-airline-500p,2026-05-07T14:07:00,2026-05-07T14:11:00Z,4.0,-1.0,0,0,2026-05-07T18:15:42.440993+00:00,B6519,N3298J,B6,JFK,ATL
DAL1301-1777954217-fa-789p,2026-05-07T13:55:00,2026-05-07T14:11:00Z,16.0,1.0,0,0,2026-05-07T18:15:42.440993+00:00,DL1301,N351DN,DL,PBI,ATL
FFT1270-1777961985-airline-752p,,2026-05-07T14:11:00Z,30.0,6.0,0,0,2026-05-07T18:15:42.440993+00:00,,,,,
SWA4528-1777958094-airline-124p,2026-05-07T14:05:00,2026-05-07T14:10:00Z,5.0,-10.0,0,0,2026-05-07T18:15:42.440993+00:00,WN4528,N8659D,WN,TPA,ATL
DAL2643-1777954132-fa-1024p,2026-05-07T13:55:00,2026-05-07T14:09:00Z,14.0,-4.0,0,0,2026-05-07T18:15:42.440993+00:00,DL2643,N333DX,DL,YUL,ATL
DAL1158-1777955137-fa-772p,2026-05-07T14:20:00,2026-05-07T14:09:00Z,-11.0,-6.0,0,0,2026-05-07T18:15:42.440993+00:00,DL1158,N922AT,DL,OKC,ATL
DAL343-1777954288-fa-510p,2026-05-07T13:53:00,2026-05-07T14:08:00Z,15.0,-5.0,0,0,2026-05-07T18:15:42.440993+00:00,DL343,N386DN,DL,DCA,ATL
DAL1463-1777953974-fa-2704p,2026-05-07T13:43:00,2026-05-07T14:08:00Z,25.0,-1.0,0,0,2026-05-07T18:15:42.440993+00:00,DL1463,N6715C,DL,MCO,ATL
DAL1326-1777954112-fa-620p,2026-05-07T13:40:00,2026-05-07T14:07:00Z,27.0,1.0,0,0,2026-05-07T18:15:42.440993+00:00,DL1326,N364DX,DL,FLL,ATL
UAL2249-1777939519-fa-2089p,,2026-05-07T14:05:00Z,-14.0,-4.0,0,0,2026-05-07T18:15:42.440993+00:00,,,,,
FFT4707-1777960821-airline-1205p,2026-05-07T13:47:00,2026-05-07T14:05:00Z,18.0,-8.0,0,0,2026-05-07T18:15:42.440993+00:00,F94707,N673FR,F9,IAD,ATL
AAL1816-1777966432-airline-1479p,2026-05-07T14:10:00,2026-05-07T14:04:00Z,-6.0,6.0,0,0,2026-05-07T18:15:42.440993+00:00,AA1816,N966AN,AA,DFW,ATL
DAL1157-1777955130-fa-863p,2026-05-07T14:20:00,2026-05-07T14:04:00Z,-16.0,-6.0,0,0,2026-05-07T18:15:42.440993+00:00,DL1157,N945AT,DL,OMA,ATL
DAL2999-1777954837-fa-1467p,2026-05-07T14:08:00,2026-05-07T14:04:00Z,-4.0,-8.0,0,0,2026-05-07T18:19:35.499352+00:00,DL2999,N933DZ,DL,ATL,MKE
DAL1415-1777954825-fa-1094p,2026-05-07T14:00:00,2026-05-07T14:03:00Z,3.0,-5.0,0,0,2026-05-07T18:15:42.440993+00:00,DL1415,N803DN,DL,RIC,ATL
DAL1212-1777954925-fa-1364p,2026-05-07T14:10:00,2026-05-07T14:02:00Z,-8.0,0.0,0,0,2026-05-07T18:15:42.440993+00:00,DL1212,N943DZ,DL,MCI,ATL
EDV5070-1777913821-fa-2785p,,2026-05-07T14:02:00Z,8.0,2.0,0,0,2026-05-07T18:19:35.499352+00:00,,,,,
EDV5422-1777935396-fa-845p,,2026-05-07T14:01:00Z,43.0,27.0,0,0,2026-05-07T18:19:35.499352+00:00,,,,,
DAL3091-1777955153-fa-979p,,2026-05-07T14:01:00Z,21.0,12.0,0,0,2026-05-07T18:19:35.499352+00:00,,,,,
EDV5497-1777959953-airline-471p,2026-05-07T14:03:00,2026-05-07T14:00:00Z,-3.0,-12.0,0,0,2026-05-07T18:15:42.440993+00:00,9E5497,N929XJ,9E,XNA,ATL
FFT1563-1777963115-airline-1398p,2026-05-07T13:52:00,2026-05-07T14:00:00Z,8.0,-4.0,0,0,2026-05-07T18:15:42.440993+00:00,F91563,N609FR,F9,MCO,ATL
DAL1315-1777954195-fa-1444p,2026-05-07T14:08:00,2026-05-07T13:58:00Z,-10.0,-4.0,0,0,2026-05-07T18:15:42.440993+00:00,DL1315,N348DN,DL,IAH,ATL
DAL1089-1777955075-fa-1536p,2026-05-07T13:47:00,2026-05-07T13:58:00Z,11.0,-1.0,0,0,2026-05-07T18:19:35.499352+00:00,DL1089,N692DL,DL,ATL,RSW
SWA2270-1777961333-airline-585p,,2026-05-07T13:58:00Z,8.0,-2.0,0,0,2026-05-07T18:19:35.499352+00:00,,,,,
SWA1191-1777961456-airline-1577p,2026-05-07T13:50:00,2026-05-07T13:56:00Z,6.0,-2.0,0,0,2026-05-07T18:19:35.499352+00:00,WN1191,N8748Q,WN,ATL,MDW
DAL1066-1777954328-fa-1787p,2026-05-07T14:16:00,2026-05-07T13:55:00Z,-21.0,-4.0,0,0,2026-05-07T18:15:42.440993+00:00,DL1066,N114DN,DL,SAT,ATL
DAL1338-1777955087-fa-76p,2026-05-07T13:56:00,2026-05-07T13:55:00Z,-1.0,3.0,0,0,2026-05-07T18:15:42.440993+00:00,DL1338,N696DL,DL,ORF,ATL
DAL839-1777954126-fa-1314p,,2026-05-07T13:55:00Z,5.0,-3.0,0,0,2026-05-07T18:19:35.499352+00:00,,,,,
DAL61-1777867585-fa-1246p,,2026-05-07T13:54:00Z,39.0,54.0,0,0,2026-05-07T18:19:35.499352+00:00,,,,,
DAL101-1777868072-fa-336p,,2026-05-07T13:53:00Z,68.0,35.0,0,0,2026-05-07T18:19:35.499352+00:00,,,,,
DAL2522-1777954895-fa-858p,2026-05-07T14:06:00,2026-05-07T13:52:00Z,-14.0,-7.0,0,0,2026-05-07T18:15:42.440993+00:00,DL2522,N931DQ,DL,MSY,ATL
DAL1530-1777954914-fa-1348p,2026-05-07T13:59:00,2026-05-07T13:52:00Z,-7.0,-6.0,0,0,2026-05-07T18:15:42.440993+00:00,DL1530,N939DZ,DL,RDU,ATL
DAL349-1777954480-fa-130p,2026-05-07T14:00:00,2026-05-07T13:52:00Z,-8.0,-4.0,0,0,2026-05-07T18:15:42.440993+00:00,DL349,N343NW,DL,CLE,ATL
DAL1619-1777954831-fa-853p,2026-05-07T13:51:00,2026-05-07T13:52:00Z,1.0,-3.0,0,0,2026-05-07T18:15:42.440993+00:00,DL1619,N870DN,DL,GSP,ATL
DAL3103-1777955152-fa-1088p,2026-05-07T13:30:00,2026-05-07T13:52:00Z,22.0,-5.0,0,0,2026-05-07T18:19:35.499352+00:00,DL3103,N929AT,DL,ATL,PNS
DAL342-1777954303-fa-1005p,2026-05-07T13:26:00,2026-05-07T13:51:00Z,25.0,1.0,0,0,2026-05-07T18:15:42.440993+00:00,DL342,N372DN,DL,LGA,ATL
DAL3051-1777955134-fa-947p,2026-05-07T13:30:00,2026-05-07T13:51:00Z,21.0,-6.0,0,0,2026-05-07T18:19:35.499352+00:00,DL3051,N955AT,DL,ATL,VPS
SWA2647-1777957840-airline-1179p,,2026-05-07T13:51:00Z,11.0,-5.0,0,0,2026-05-07T18:19:35.499352+00:00,,,,,
DAL1536-1777954780-fa-1233p,2026-05-07T13:39:00,2026-05-07T13:50:00Z,11.0,12.0,0,0,2026-05-07T18:15:42.440993+00:00,DL1536,N940DU,DL,STL,ATL
DAL2161-1777954837-fa-1457p,2026-05-07T14:04:00,2026-05-07T13:50:00Z,-14.0,-10.0,0,0,2026-05-07T18:15:42.440993+00:00,DL2161,N876DN,DL,GRR,ATL
DAL695-1777955089-fa-1418p,2026-05-07T13:38:00,2026-05-07T13:50:00Z,12.0,-10.0,0,0,2026-05-07T18:15:42.440993+00:00,DL695,N707TW,DL,BOS,ATL
DAL2116-1777955150-fa-1523p,2026-05-07T13:20:00,2026-05-07T13:50:00Z,30.0,-9.0,0,0,2026-05-07T18:15:42.440993+00:00,DL2116,N957AT,DL,TLH,ATL
DAL3033-1777955136-fa-1312p,2026-05-07T13:47:00,2026-05-07T13:50:00Z,3.0,-2.0,0,0,2026-05-07T18:19:35.499352+00:00,DL3033,N608AT,DL,ATL,LIT
DAL9960-1777868738-fa-1062p,2026-05-07T03:29:00,2026-05-07T13:49:00Z,620.0,618.0,0,0,2026-05-07T18:15:42.440993+00:00,DL9960,N970AT,DL,MSP,ATL
SKW3690-1777948154-fa-1390p,2026-05-07T14:05:00,2026-05-07T13:49:00Z,-16.0,-12.0,0,0,2026-05-07T18:15:42.440993+00:00,OO3690,N299SY,OO,FAR,ATL
JBU1698-1777965984-airline-979p,2026-05-07T13:31:00,2026-05-07T13:48:00Z,17.0,-11.0,0,0,2026-05-07T18:15:42.440993+00:00,B61698,N556JB,B6,FLL,ATL
DAL2793-1777955150-fa-163p,2026-05-07T13:25:00,2026-05-07T13:48:00Z,23.0,2.0,0,0,2026-05-07T18:19:35.499352+00:00,DL2793,N927AT,DL,ATL,GNV
DAL2294-1777954167-fa-1269p,2026-05-07T13:33:00,2026-05-07T13:47:00Z,14.0,0.0,0,0,2026-05-07T18:15:42.440993+00:00,DL2294,N328DN,DL,DTW,ATL
FFT1082-1777963115-airline-1287p,2026-05-07T14:12:00,2026-05-07T13:47:00Z,-25.0,-6.0,0,0,2026-05-07T18:19:35.499352+00:00,F91082,N660FR,F9,ATL,IAD
DAL1376-1777954216-fa-1017p,2026-05-07T11:55:00,2026-05-07T13:46:00Z,111.0,99.0,0,0,2026-05-07T18:15:42.440993+00:00,DL1376,N350DN,DL,PBI,ATL
DAL1072-1777954406-fa-3290p,2026-05-07T13:42:00,2026-05-07T13:46:00Z,4.0,-2.0,0,0,2026-05-07T18:15:42.440993+00:00,DL1072,N301NB,DL,EYW,ATL
DAL3048-1777955147-fa-1231p,,2026-05-07T13:46:00Z,16.0,-2.0,0,0,2026-05-07T18:19:35.499352+00:00,,,,,
DAL1625-1777955147-fa-18p,2026-05-07T13:53:00,2026-05-07T13:44:00Z,-9.0,-3.0,0,0,2026-05-07T18:15:42.440993+00:00,DL1625,N959AT,DL,MEM,ATL
DAL3069-1777954953-fa-345p,,2026-05-07T13:44:00Z,9.0,-10.0,0,0,2026-05-07T18:19:35.499352+00:00,,,,,
SWA251-1777961333-airline-878p,2026-05-07T13:30:00,2026-05-07T13:44:00Z,14.0,1.0,0,0,2026-05-07T18:19:35.499352+00:00,WN251,N228WN,WN,ATL,MCO
DAL2836-1777955053-fa-153p,,2026-05-07T13:43:00Z,14.0,-2.0,0,0,2026-05-07T18:19:35.499352+00:00,,,,,
DAL1673-1777954183-fa-1038p,2026-05-07T13:29:00,2026-05-07T13:42:00Z,13.0,5.0,0,0,2026-05-07T18:15:42.440993+00:00,DL1673,N123DW,DL,EWR,ATL
DAL3183-1777955149-fa-181p,2026-05-07T13:55:00,2026-05-07T13:40:00Z,-15.0,-4.0,0,0,2026-05-07T18:15:42.440993+00:00,DL3183,N939AT,DL,JAN,ATL
JIA5015-1777958659-airline-1264p,2026-05-07T13:26:00,2026-05-07T13:39:00Z,13.0,-4.0,0,0,2026-05-07T18:15:42.440993+00:00,OH5015,N645NN,OH,PHL,ATL
DAL1211-1777954339-fa-675p,,2026-05-07T13:39:00Z,27.0,-1.0,0,0,2026-05-07T18:15:42.440993+00:00,,,,,
DAL1486-1777954182-fa-1385p,,2026-05-07T13:39:00Z,7.0,-2.0,0,0,2026-05-07T18:15:42.440993+00:00,,,,,
FFT3085-1777960821-airline-967p,,2026-05-07T13:38:00Z,30.0,-5.0,0,0,2026-05-07T18:15:42.440993+00:00,,,,,
DAL3165-1777954518-fa-3034p,,2026-05-07T13:37:00Z,-15.0,-8.0,0,0,2026-05-07T18:15:42.440993+00:00,,,,,
DAL1044-1777955152-fa-1097p,2026-05-07T13:40:00,2026-05-07T13:37:00Z,-3.0,-5.0,0,0,2026-05-07T18:19:35.499352+00:00,DL1044,N923AT,DL,ATL,ILM
DAL2802-1777955133-fa-670p,2026-05-07T13:44:00,2026-05-07T13:36:00Z,-8.0,-8.0,0,0,2026-05-07T18:15:42.440993+00:00,DL2802,N920AT,DL,BNA,ATL
DAL1488-1777954032-fa-927p,,2026-05-07T13:35:00Z,27.0,3.0,0,0,2026-05-07T18:15:42.440993+00:00,,,,,
DAL2579-1777954871-fa-1234p,,2026-05-07T13:35:00Z,38.0,-4.0,0,0,2026-05-07T18:15:42.440993+00:00,,,,,
DAL686-1777954932-fa-906p,,2026-05-07T13:35:00Z,10.0,-3.0,0,0,2026-05-07T18:15:42.440993+00:00,,,,,
DAL36-1777867587-fa-155p,,2026-05-07T13:35:00Z,80.0,127.0,0,0,2026-05-07T18:19:35.499352+00:00,,,,,
DAL1178-1777954828-fa-918p,,2026-05-07T13:34:00Z,-5.0,-2.0,0,0,2026-05-07T18:19:35.499352+00:00,,,,,
EDV4930-1777907749-fa-2385p,,2026-05-07T13:34:00Z,-14.0,-3.0,0,0,2026-05-07T18:19:35.499352+00:00,,,,,
FFT2551-1777963115-airline-1587p,,2026-05-07T13:33:00Z,32.0,17.0,0,0,2026-05-07T18:15:42.440993+00:00,,,,,
DAL2569-1777954170-fa-502p,,2026-05-07T13:32:00Z,17.0,-5.0,0,0,2026-05-07T18:15:42.440993+00:00,,,,,
DAL1258-1777954122-fa-551p,,2026-05-07T13:32:00Z,-19.0,-6.0,0,0,2026-05-07T18:15:42.440993+00:00,,,,,
DAL3156-1777955140-fa-1689p,,2026-05-07T13:32:00Z,7.0,-8.0,0,0,2026-05-07T18:15:42.440993+00:00,,,,,
EDV5169-1777939330-fa-4076p,2026-05-07T13:11:00,2026-05-07T13:32:00Z,21.0,4.0,0,0,2026-05-07T18:19:35.499352+00:00,9E5169,N292PQ,9E,ATL,HSV
DAL3173-1777955143-fa-827p,2026-05-07T13:22:00,2026-05-07T13:32:00Z,10.0,-2.0,0,0,2026-05-07T18:19:35.499352+00:00,DL3173,N978AT,DL,ATL,GSO
ENY4085-1777963333-airline-471p,,2026-05-07T13:31:00Z,12.0,18.0,0,0,2026-05-07T18:15:42.440993+00:00,,,,,
DAL1515-1777954163-fa-663p,,2026-05-07T13:31:00Z,31.0,-1.0,0,0,2026-05-07T18:15:42.440993+00:00,,,,,
DAL2451-1777954922-fa-1037p,,2026-05-07T13:31:00Z,11.0,-5.0,0,0,2026-05-07T18:15:42.440993+00:00,,,,,
FFT3287-1777960821-airline-1001p,,2026-05-07T13:31:00Z,13.0,-9.0,0,0,2026-05-07T18:15:42.440993+00:00,,,,,
DAL323-1777954756-fa-1760p,,2026-05-07T13:31:00Z,-12.0,-3.0,0,0,2026-05-07T18:19:35.499352+00:00,,,,,
DAL2325-1777954186-fa-1119p,,2026-05-07T13:31:00Z,6.0,0.0,0,0,2026-05-07T18:19:35.499352+00:00,,,,,
DAL1285-1777954531-fa-395p,,2026-05-07T13:30:00Z,4.0,-2.0,0,0,2026-05-07T18:15:42.440993+00:00,,,,,
DAL330-1777954437-fa-4783p,,2026-05-07T13:30:00Z,31.0,-5.0,0,0,2026-05-07T18:15:42.440993+00:00,,,,,
SWA169-1777959632-airline-1065p,,2026-05-07T13:29:00Z,9.0,-6.0,0,0,2026-05-07T18:15:42.440993+00:00,,,,,
DAL1290-1777955142-fa-2409p,,2026-05-07T13:29:00Z,-5.0,-5.0,0,0,2026-05-07T18:19:35.499352+00:00,,,,,
DAL3100-1777954941-fa-1304p,,2026-05-07T13:29:00Z,2.0,-5.0,0,0,2026-05-07T18:19:35.499352+00:00,,,,,
KAL33-1777938751-schedule-1251p,,2026-05-07T13:28:00Z,-7.0,1.0,0,0,2026-05-07T18:15:42.440993+00:00,,,,,
DAL3129-1777954947-fa-323p,,2026-05-07T13:25:00Z,5.0,-2.0,0,0,2026-05-07T18:15:42.440993+00:00,,,,,
DAL1292-1777955152-fa-1096p,2026-05-07T13:30:00,2026-05-07T13:25:00Z,-5.0,-4.0,0,0,2026-05-07T18:19:35.499352+00:00,DL1292,N906AT,DL,ATL,MOB
DAL1085-1777955149-fa-1052p,,2026-05-07T13:24:00Z,4.0,-8.0,0,0,2026-05-07T18:15:42.440993+00:00,,,,,
DAL1062-1777953963-fa-1543p,,2026-05-07T13:24:00Z,37.0,-2.0,0,0,2026-05-07T18:15:42.440993+00:00,,,,,
EDV5067-1777956924-airline-638p,2026-05-07T13:35:00,2026-05-07T13:23:00Z,-12.0,-6.0,0,0,2026-05-07T18:19:35.499352+00:00,9E5067,N315PQ,9E,ATL,AVL
EDV5513-1777914151-fa-1271p,2026-05-07T13:31:00,2026-05-07T13:23:00Z,-8.0,-7.0,0,0,2026-05-07T18:19:35.499352+00:00,9E5513,N305PQ,9E,ATL,TRI
JIA5587-1777960296-airline-1353p,,2026-05-07T13:22:00Z,40.0,-6.0,0,0,2026-05-07T18:15:42.440993+00:00,,,,,
DAL2523-1777954842-fa-1478p,,2026-05-07T13:22:00Z,5.0,-3.0,0,0,2026-05-07T18:19:35.499352+00:00,,,,,
DAL987-1777955097-fa-1473p,,2026-05-07T13:22:00Z,-24.0,-1.0,0,0,2026-05-07T18:19:35.499352+00:00,,,,,
SKW3504-1777916800-fa-5906p,,2026-05-07T13:21:00Z,25.0,-3.0,0,0,2026-05-07T18:15:42.440993+00:00,,,,,
DAL1666-1777955147-fa-1227p,,2026-05-07T13:20:00Z,26.0,-8.0,0,0,2026-05-07T18:15:42.440993+00:00,,,,,
EDV5145-1777901981-fa-2599p,2026-05-07T13:20:00,2026-05-07T13:20:00Z,0.0,-5.0,0,0,2026-05-07T18:19:35.499352+00:00,9E5145,N582CA,9E,ATL,CAE
DAL2838-1777954816-fa-1279p,,2026-05-07T13:19:00Z,19.0,-7.0,0,0,2026-05-07T18:15:42.440993+00:00,,,,,
DAL1215-1777954107-fa-469p,,2026-05-07T13:19:00Z,49.0,-6.0,0,0,2026-05-07T18:15:42.440993+00:00,,,,,
DAL1524-1777954205-fa-1936p,,2026-05-07T13:19:00Z,37.0,26.0,0,0,2026-05-07T18:15:42.440993+00:00,,,,,
DAL926-1777954521-fa-851p,,2026-05-07T13:19:00Z,3.0,-2.0,0,0,2026-05-07T18:19:35.499352+00:00,,,,,
EDV5309-1777928471-fa-2030p,,2026-05-07T13:18:00Z,-3.0,0.0,0,0,2026-05-07T18:19:35.499352+00:00,,,,,
DAL1646-1777955052-fa-273p,,2026-05-07T13:18:00Z,-8.0,-4.0,0,0,2026-05-07T18:19:35.499352+00:00,,,,,
DAL2286-1777955020-fa-1635p,,2026-05-07T13:17:00Z,18.0,-5.0,0,0,2026-05-07T18:15:42.440993+00:00,,,,,
DAL1069-1777954228-fa-512p,,2026-05-07T13:17:00Z,18.0,1.0,0,0,2026-05-07T18:15:42.440993+00:00,,,,,
DAL1445-1777954764-fa-844p,,2026-05-07T13:17:00Z,34.0,-1.0,0,0,2026-05-07T18:15:42.440993+00:00,,,,,
EDV4961-1777909002-fa-1936p,,2026-05-07T13:17:00Z,34.0,-8.0,0,0,2026-05-07T18:15:42.440993+00:00,,,,,
DAL3106-1777954750-fa-86p,,2026-05-07T13:16:00Z,16.0,-2.0,0,0,2026-05-07T18:15:42.440993+00:00,,,,,
DAL1352-1777954244-fa-1317p,,2026-05-07T13:15:00Z,21.0,2.0,0,0,2026-05-07T18:15:42.440993+00:00,,,,,
DAL2557-1777954552-fa-1167p,,2026-05-07T13:14:00Z,6.0,-10.0,0,0,2026-05-07T18:15:42.440993+00:00,,,,,
UAL745-1777926041-fa-2198p,,2026-05-07T13:13:00Z,21.0,3.0,0,0,2026-05-07T18:15:42.440993+00:00,,,,,
FFT2633-1777960821-airline-892p,,2026-05-07T13:13:00Z,12.0,-7.0,0,0,2026-05-07T18:15:42.440993+00:00,,,,,
FFT2911-1777960821-airline-933p,2026-05-07T13:01:00,2026-05-07T13:12:00Z,11.0,-10.0,0,0,2026-05-07T18:15:42.440993+00:00,F92911,N371FR,F9,TPA,ATL
DAL2486-1777955098-fa-128p,,2026-05-07T13:12:00Z,31.0,-4.0,0,0,2026-05-07T18:19:35.499352+00:00,,,,,
UAL532-1777893853-fa-459p,,2026-05-07T13:12:00Z,-9.0,-9.0,0,0,2026-05-07T18:19:35.499352+00:00,,,,,
DAL2909-1777954944-fa-119p,,2026-05-07T13:11:00Z,21.0,-13.0,0,0,2026-05-07T18:15:42.440993+00:00,,,,,
DAL1592-1777954942-fa-1015p,,2026-05-07T13:10:00Z,-13.0,-4.0,0,0,2026-05-07T18:19:35.499352+00:00,,,,,
DAL1324-1777954503-fa-361p,,2026-05-07T13:10:00Z,-6.0,-8.0,0,0,2026-05-07T18:19:35.499352+00:00,,,,,
DAL1334-1777954202-fa-945p,,2026-05-07T13:10:00Z,19.0,20.0,0,0,2026-05-07T18:19:35.499352+00:00,,,,,
SWA1468-1777961456-airline-1880p,,2026-05-07T13:09:00Z,9.0,-2.0,0,0,2026-05-07T18:15:42.440993+00:00,,,,,
DAL2232-1777955138-fa-975p,2026-05-07T13:21:00,2026-05-07T13:09:00Z,-12.0,-6.0,0,0,2026-05-07T18:19:35.499352+00:00,DL2232,N938AT,DL,ATL,LEX
DAL516-1777955147-fa-261p,,2026-05-07T13:08:00Z,-1.0,-3.0,0,0,2026-05-07T18:15:42.440993+00:00,,,,,
DAL1436-1777954497-fa-818p,,2026-05-07T13:08:00Z,17.0,-9.0,0,0,2026-05-07T18:15:42.440993+00:00,,,,,
DAL3009-1777955130-fa-872p,,2026-05-07T13:07:00Z,-11.0,-8.0,0,0,2026-05-07T18:15:42.440993+00:00,,,,,
DAL3085-1777954648-fa-178p,,2026-05-07T13:07:00Z,52.0,-7.0,0,0,2026-05-07T18:15:42.440993+00:00,,,,,
EDV5162-1777904866-fa-979p,,2026-05-07T13:07:00Z,8.0,13.0,0,0,2026-05-07T18:15:42.440993+00:00,,,,,
DAL1462-1777953969-fa-639p,,2026-05-07T13:07:00Z,4.0,1.0,0,0,2026-05-07T18:19:35.499352+00:00,,,,,
DAL3001-1777954892-fa-951p,,2026-05-07T13:06:00Z,34.0,-3.0,0,0,2026-05-07T18:15:42.440993+00:00,,,,,
DAL2080-1777955087-fa-858p,,2026-05-07T13:06:00Z,20.0,-3.0,0,0,2026-05-07T18:15:42.440993+00:00,,,,,
EDV5181-1777962646-airline-1209p,,2026-05-07T13:06:00Z,6.0,-9.0,0,0,2026-05-07T18:15:42.440993+00:00,,,,,
DAL3114-1777954758-fa-1881p,2026-05-07T12:17:00,2026-05-07T13:06:00Z,49.0,-10.0,0,0,2026-05-07T18:15:42.440993+00:00,DL3114,N864DN,DL,ECP,ATL
DAL1534-1777954841-fa-1001p,,2026-05-07T13:06:00Z,9.0,-7.0,0,0,2026-05-07T18:15:42.440993+00:00,,,,,
EDV5071-1777935419-fa-900p,,2026-05-07T13:05:00Z,21.0,-5.0,0,0,2026-05-07T18:15:42.440993+00:00,,,,,
DAL2353-1777954238-fa-1404p,,2026-05-07T13:05:00Z,33.0,24.0,0,0,2026-05-07T18:15:42.440993+00:00,,,,,
DAL2302-1777954806-fa-4552p,,2026-05-07T13:05:00Z,26.0,-4.0,0,0,2026-05-07T18:15:42.440993+00:00,,,,,
DAL2634-1777954328-fa-1790p,,2026-05-07T13:05:00Z,14.0,5.0,0,0,2026-05-07T18:19:35.499352+00:00,,,,,
DAL1424-1777954900-fa-99p,,2026-05-07T13:05:00Z,1.0,-5.0,0,0,2026-05-07T18:19:35.499352+00:00,,,,,
DAL1571-1777954851-fa-702p,,2026-05-07T13:05:00Z,-5.0,-5.0,0,0,2026-05-07T18:19:35.499352+00:00,,,,,
EDV4708-1777911801-fa-1743p,,2026-05-07T13:04:00Z,4.0,-8.0,0,0,2026-05-07T18:15:42.440993+00:00,,,,,
DAL963-1777954492-fa-185p,,2026-05-07T13:04:00Z,3.0,-1.0,0,0,2026-05-07T18:19:35.499352+00:00,,,,,
FFT2292-1777963115-airline-1520p,,2026-05-07T13:03:00Z,-6.0,-5.0,0,0,2026-05-07T18:15:42.440993+00:00,,,,,
DAL3155-1777955153-fa-974p,,2026-05-07T13:03:00Z,4.0,-1.0,0,0,2026-05-07T18:15:42.440993+00:00,,,,,
FFT1441-1777958344-airline-206p,,2026-05-07T13:03:00Z,8.0,-18.0,0,0,2026-05-07T18:19:35.499352+00:00,,,,,
DAL3089-1777954913-fa-1341p,2026-05-07T13:04:00,2026-05-07T13:02:00Z,-2.0,-4.0,0,0,2026-05-07T18:19:35.499352+00:00,DL3089,N938DZ,DL,ATL,GSP
ACA1222-1777966566-airline-1221p,,2026-05-07T13:01:00Z,-20.0,-8.0,0,0,2026-05-07T18:19:35.499352+00:00,,,,,
DAL1183-1777955136-fa-1329p,2026-05-07T12:44:00,2026-05-07T13:00:00Z,16.0,-6.0,0,0,2026-05-07T18:15:42.440993+00:00,DL1183,N990AT,DL,BTR,ATL
DAL3144-1777955147-fa-17p,,2026-05-07T13:00:00Z,4.0,-5.0,0,0,2026-05-07T18:19:35.499352+00:00,,,,,
DAL2153-1777954150-fa-2245p,,2026-05-07T13:00:00Z,-27.0,-6.0,0,0,2026-05-07T18:19:35.499352+00:00,,,,,
DAL1259-1777955133-fa-662p,,2026-05-07T12:59:00Z,-4.0,-6.0,0,0,2026-05-07T18:15:42.440993+00:00,,,,,
DAL3019-1777954831-fa-755p,,2026-05-07T12:59:00Z,40.0,-3.0,0,0,2026-05-07T18:15:42.440993+00:00,,,,,
FFT1263-1777963115-airline-1325p,,2026-05-07T12:59:00Z,-9.0,-4.0,0,0,2026-05-07T18:15:42.440993+00:00,,,,,
DAL2429-1777954018-fa-383p,,2026-05-07T12:58:00Z,10.0,-7.0,0,0,2026-05-07T18:15:42.440993+00:00,,,,,
EDV4912-1777956924-airline-664p,,2026-05-07T12:58:00Z,41.0,-14.0,0,0,2026-05-07T18:15:42.440993+00:00,,,,,
DAL1152-1777954263-fa-1234p,,2026-05-07T12:58:00Z,13.0,-8.0,0,0,2026-05-07T18:15:42.440993+00:00,,,,,
DAL2518-1777954672-fa-1614p,,2026-05-07T12:58:00Z,10.0,0.0,0,0,2026-05-07T18:15:42.440993+00:00,,,,,
DAL1221-1777954334-fa-1321p,2026-05-07T12:28:00,2026-05-07T12:58:00Z,30.0,11.0,0,0,2026-05-07T18:15:42.440993+00:00,DL1221,N393DN,DL,MKE,ATL
DAL1237-1777954414-fa-1141p,,2026-05-07T12:57:00Z,-3.0,-11.0,0,0,2026-05-07T18:15:42.440993+00:00,,,,,
DAL1023-1777954418-fa-844p,,2026-05-07T12:57:00Z,10.0,-5.0,0,0,2026-05-07T18:15:42.440993+00:00,,,,,
DAL3125-1777954838-fa-190p,,2026-05-07T12:57:00Z,-8.0,-4.0,0,0,2026-05-07T18:19:35.499352+00:00,,,,,
DAL2933-1777954774-fa-2400p,2026-05-07T12:32:00,2026-05-07T12:56:00Z,24.0,0.0,0,0,2026-05-07T18:15:42.440993+00:00,DL2933,N820DN,DL,BDL,ATL
DAL2450-1777955083-fa-164p,2026-05-07T12:24:00,2026-05-07T12:56:00Z,32.0,-3.0,0,0,2026-05-07T18:15:42.440993+00:00,DL2450,N699DL,DL,JAX,ATL
DAL1136-1777954347-fa-1234p,2026-05-07T12:49:00,2026-05-07T12:56:00Z,7.0,-7.0,0,0,2026-05-07T18:15:42.440993+00:00,DL1136,N315NB,DL,OMA,ATL
DAL2691-1777954461-fa-1847p,,2026-05-07T12:55:00Z,15.0,-1.0,0,0,2026-05-07T18:15:42.440993+00:00,,,,,
EDV4937-1777922247-fa-8p,2026-05-07T13:00:00,2026-05-07T12:55:00Z,-5.0,-13.0,0,0,2026-05-07T18:15:42.440993+00:00,9E4937,N272PQ,9E,MLI,ATL
DAL1361-1777953968-fa-1188p,2026-05-07T12:34:00,2026-05-07T12:55:00Z,21.0,-4.0,0,0,2026-05-07T18:15:42.440993+00:00,DL1361,N684DA,DL,RSW,ATL
AAL2132-1777965014-airline-1296p,,2026-05-07T12:55:00Z,-30.0,-7.0,0,0,2026-05-07T18:19:35.499352+00:00,,,,,
DAL1073-1777954105-fa-1065p,2026-05-07T12:53:00,2026-05-07T12:54:00Z,1.0,-7.0,0,0,2026-05-07T18:15:42.440993+00:00,DL1073,N346DN,DL,SAT,ATL
RPA4595-1777958754-airline-1545p,,2026-05-07T12:53:00Z,19.0,-3.0,0,0,2026-05-07T18:15:42.440993+00:00,,,,,
DAL2242-1777954079-fa-340p,,2026-05-07T12:52:00Z,23.0,-1.0,0,0,2026-05-07T18:15:42.440993+00:00,,,,,
DAL1249-1777955081-fa-280p,2026-05-07T12:06:00,2026-05-07T12:52:00Z,46.0,-6.0,0,0,2026-05-07T18:15:42.440993+00:00,DL1249,N6714Q,DL,MIA,ATL
DAL2664-1777954084-fa-949p,2026-05-07T12:29:00,2026-05-07T12:51:00Z,22.0,-3.0,0,0,2026-05-07T18:15:42.440993+00:00,DL2664,N304DN,DL,BUF,ATL
DAL1336-1777954846-fa-1435p,,2026-05-07T12:51:00Z,-11.0,0.0,0,0,2026-05-07T18:19:35.499352+00:00,,,,,
EDV5383-1777922873-fa-474p,,2026-05-07T12:50:00Z,-7.0,-5.0,0,0,2026-05-07T18:15:42.440993+00:00,,,,,
DAL401-1777954080-fa-818p,2026-05-07T12:43:00,2026-05-07T12:50:00Z,7.0,2.0,0,0,2026-05-07T18:15:42.440993+00:00,DL401,N308DN,DL,DFW,ATL
FFT2173-1777963115-airline-1496p,2026-05-07T12:19:00,2026-05-07T12:50:00Z,31.0,-6.0,0,0,2026-05-07T18:15:42.440993+00:00,F92173,N656FR,F9,FLL,ATL
DAL1383-1777954888-fa-741p,2026-05-07T12:34:00,2026-05-07T12:49:00Z,15.0,-3.0,0,0,2026-05-07T18:15:42.440993+00:00,DL1383,N923DZ,DL,PIT,ATL
DAL1610-1777954674-fa-1547p,2026-05-07T12:39:00,2026-05-07T12:49:00Z,10.0,-5.0,0,0,2026-05-07T18:15:42.440993+00:00,DL1610,N372DA,DL,SDF,ATL
DAL1380-1777954756-fa-52p,,2026-05-07T12:49:00Z,-13.0,-4.0,0,0,2026-05-07T18:19:35.499352+00:00,,,,,
EDV5317-1777910364-fa-2492p,2026-05-07T12:37:00,2026-05-07T12:48:00Z,11.0,-10.0,0,0,2026-05-07T18:15:42.440993+00:00,9E5317,N903XJ,9E,TYS,ATL
DAL2605-1777955083-fa-2127p,,2026-05-07T12:47:00Z,-6.0,-4.0,0,0,2026-05-07T18:19:35.499352+00:00,,,,,
DAL550-1777954297-fa-140p,2026-05-07T12:20:00,2026-05-07T12:46:00Z,26.0,-2.0,0,0,2026-05-07T18:15:42.440993+00:00,DL550,N115DN,DL,LGA,ATL
DAL1523-1777955131-fa-2200p,,2026-05-07T12:46:00Z,-10.0,-7.0,0,0,2026-05-07T18:19:35.499352+00:00,,,,,
EDV5525-1777893434-fa-1335p,,2026-05-07T12:45:00Z,-8.0,-14.0,0,0,2026-05-07T18:15:42.440993+00:00,,,,,
DAL3058-1777954820-fa-345p,2026-05-07T12:34:00,2026-05-07T12:45:00Z,11.0,-4.0,0,0,2026-05-07T18:15:42.440993+00:00,DL3058,N823DN,DL,LEX,ATL
DAL2379-1777955129-fa-841p,,2026-05-07T12:44:00Z,17.0,-4.0,0,0,2026-05-07T18:15:42.440993+00:00,,,,,
FFT2409-1777963115-airline-1545p,2026-05-07T13:01:00,2026-05-07T12:44:00Z,-17.0,-9.0,0,0,2026-05-07T18:15:42.440993+00:00,F92409,N350FR,F9,CLE,ATL
DAL150-1777954560-fa-1561p,,2026-05-07T12:43:00Z,33.0,-4.0,0,0,2026-05-07T18:15:42.440993+00:00,,,,,
DAL2453-1777954801-fa-1416p,2026-05-07T12:13:00,2026-05-07T12:43:00Z,30.0,12.0,0,0,2026-05-07T18:15:42.440993+00:00,DL2453,N845DN,DL,GRR,ATL
DAL1160-1777955133-fa-677p,2026-05-07T13:00:00,2026-05-07T12:42:00Z,-18.0,-10.0,0,0,2026-05-07T18:15:42.440993+00:00,DL1160,N979AT,DL,MSN,ATL
FFT4601-1777960821-airline-1187p,2026-05-07T12:37:00,2026-05-07T12:42:00Z,5.0,-3.0,0,0,2026-05-07T18:15:42.440993+00:00,F94601,N405FR,F9,EWR,ATL
EDV5085-1777917855-fa-1730p,,2026-05-07T12:42:00Z,-4.0,-3.0,0,0,2026-05-07T18:19:35.499352+00:00,,,,,
EDV5475-1777937767-fa-552p,,2026-05-07T12:40:00Z,-3.0,-1.0,0,0,2026-05-07T18:19:35.499352+00:00,,,,,
DAL1266-1777954189-fa-289p,,2026-05-07T12:40:00Z,-15.0,-5.0,0,0,2026-05-07T18:19:35.499352+00:00,,,,,
SWA2629-1777957840-airline-1154p,,2026-05-07T12:40:00Z,-5.0,-6.0,0,0,2026-05-07T18:19:35.499352+00:00,,,,,
DAL1200-1777954195-fa-1443p,2026-05-07T12:17:00,2026-05-07T12:39:00Z,22.0,0.0,0,0,2026-05-07T18:15:42.440993+00:00,DL1200,N394DX,DL,ROC,ATL
DAL1618-1777955153-fa-985p,2026-05-07T12:42:00,2026-05-07T12:39:00Z,-3.0,-7.0,0,0,2026-05-07T18:15:42.440993+00:00,DL1618,N998AT,DL,BHM,ATL
DAL1479-1777954337-fa-1719p,,2026-05-07T12:38:00Z,-27.0,-7.0,0,0,2026-05-07T18:19:35.499352+00:00,,,,,
DAL2204-1777954095-fa-443p,,2026-05-07T12:36:00Z,-11.0,-5.0,0,0,2026-05-07T18:19:35.499352+00:00,,,,,
DAL857-1777955070-fa-1064p,2026-05-07T11:34:00,2026-05-07T12:34:00Z,60.0,36.0,0,0,2026-05-07T18:15:42.440993+00:00,DL857,N592NW,DL,LAS,ATL
DAL2662-1777954463-fa-1206p,,2026-05-07T12:33:00Z,-13.0,-4.0,0,0,2026-05-07T18:15:42.440993+00:00,,,,,
DAL1108-1777954139-fa-733p,2026-05-07T12:25:00,2026-05-07T12:31:00Z,6.0,-5.0,0,0,2026-05-07T18:15:42.440993+00:00,DL1108,N320DN,DL,SYR,ATL
DAL2216-1777955138-fa-979p,2026-05-07T13:00:00,2026-05-07T12:31:00Z,-29.0,-13.0,0,0,2026-05-07T18:15:42.440993+00:00,DL2216,N896AT,DL,ICT,ATL
DAL690-1777894798-fa-1353p,2026-05-07T11:37:00,2026-05-07T12:31:00Z,54.0,58.0,0,0,2026-05-07T18:15:42.440993+00:00,DL690,N6705Y,DL,SFO,ATL
DAL2250-1777955140-fa-1697p,,2026-05-07T12:31:00Z,-6.0,-1.0,0,0,2026-05-07T18:19:35.499352+00:00,,,,,
FFT3512-1777960821-airline-1054p,,2026-05-07T12:31:00Z,-13.0,11.0,0,0,2026-05-07T18:19:35.499352+00:00,,,,,
DAL1664-1777954899-fa-40p,2026-05-07T12:42:00,2026-05-07T12:30:00Z,-12.0,-11.0,0,0,2026-05-07T18:15:42.440993+00:00,DL1664,N960DZ,DL,CHS,ATL
FFT2410-1777963115-airline-1547p,,2026-05-07T12:30:00Z,-23.0,-10.0,0,0,2026-05-07T18:19:35.499352+00:00,,,,,
DAL1382-1777954708-fa-98p,2026-05-07T12:16:00,2026-05-07T12:29:00Z,13.0,-1.0,0,0,2026-05-07T18:15:42.440993+00:00,DL1382,N3750D,DL,BTV,ATL
DAL1204-1777954918-fa-2224p,2026-05-07T12:44:00,2026-05-07T12:27:00Z,-17.0,-8.0,0,0,2026-05-07T18:15:42.440993+00:00,DL1204,N824DN,DL,MCI,ATL
DAL3061-1777955132-fa-1078p,2026-05-07T11:52:00,2026-05-07T12:26:00Z,34.0,36.0,0,0,2026-05-07T18:15:42.440993+00:00,DL3061,N966AT,DL,CAE,ATL
SWA268-1777957840-airline-1220p,,2026-05-07T12:25:00Z,-15.0,-9.0,0,0,2026-05-07T18:19:35.499352+00:00,,,,,
EDV4673-1777956924-airline-644p,,2026-05-07T12:23:00Z,6.0,-6.0,0,0,2026-05-07T18:15:42.440993+00:00,,,,,
DAL1402-1777953968-fa-736p,2026-05-07T12:30:00,2026-05-07T12:23:00Z,-7.0,-11.0,0,0,2026-05-07T18:15:42.440993+00:00,DL1402,N690DL,DL,RIC,ATL
DAL3158-1777955140-fa-1703p,2026-05-07T12:14:00,2026-05-07T12:22:00Z,8.0,0.0,0,0,2026-05-07T18:15:42.440993+00:00,DL3158,N933AT,DL,CLT,ATL
FFT2399-1777958344-airline-318p,,2026-05-07T12:22:00Z,-12.0,-12.0,0,0,2026-05-07T18:19:35.499352+00:00,,,,,
AAL2770-1777959569-airline-1413p,,2026-05-07T12:22:00Z,-18.0,-10.0,0,0,2026-05-07T18:19:35.499352+00:00,,,,,
RPA4782-1777963926-airline-990p,2026-05-07T12:05:00,2026-05-07T12:21:00Z,16.0,-5.0,0,0,2026-05-07T18:15:42.440993+00:00,YX4782,N122HQ,YX,DCA,ATL
DAL1344-1777954087-fa-411p,2026-05-07T12:45:00,2026-05-07T12:20:00Z,-25.0,-6.0,0,0,2026-05-07T18:15:42.440993+00:00,DL1344,N306DN,DL,AUS,ATL
DAL1184-1777954477-fa-77p,2026-05-07T12:52:00,2026-05-07T12:19:00Z,-33.0,-8.0,0,0,2026-05-07T18:15:42.440993+00:00,DL1184,N370NW,DL,OKC,ATL
DAL84-1777867585-fa-94p,,2026-05-07T12:19:00Z,109.0,94.0,0,0,2026-05-07T18:19:35.499352+00:00,,,,,
SWA207-1777959632-airline-1503p,,2026-05-07T12:17:00Z,-18.0,-5.0,0,0,2026-05-07T18:19:35.499352+00:00,,,,,
RPA4570-1777958754-airline-1515p,,2026-05-07T12:16:00Z,-17.0,-6.0,0,0,2026-05-07T18:19:35.499352+00:00,,,,,
DAL1364-1777953963-fa-1538p,2026-05-07T12:10:00,2026-05-07T12:15:00Z,5.0,7.0,0,0,2026-05-07T18:15:42.440993+00:00,DL1364,N67171,DL,ORF,ATL
DAL2727-1777955137-fa-760p,2026-05-07T12:39:00,2026-05-07T12:14:00Z,-25.0,-8.0,0,0,2026-05-07T18:15:42.440993+00:00,DL2727,N950AT,DL,DSM,ATL
SWA3113-1777957840-airline-1649p,,2026-05-07T12:14:00Z,-6.0,-6.0,0,0,2026-05-07T18:19:35.499352+00:00,,,,,
DAL1611-1777954319-fa-368p,,2026-05-07T12:13:00Z,-4.0,-3.0,0,0,2026-05-07T18:15:42.440993+00:00,,,,,
DAL1726-1777953975-fa-320p,2026-05-07T12:10:00,2026-05-07T12:12:00Z,2.0,-1.0,0,0,2026-05-07T18:15:42.440993+00:00,DL1726,N659DL,DL,TPA,ATL
AAL1753-1777966432-airline-1402p,,2026-05-07T12:12:00Z,-13.0,-6.0,0,0,2026-05-07T18:19:35.499352+00:00,,,,,
DAL1565-1777954709-fa-796p,,2026-05-07T12:09:00Z,12.0,18.0,0,0,2026-05-07T18:15:42.440993+00:00,,,,,
DAL404-1777954283-fa-1329p,,2026-05-07T12:06:00Z,-8.0,-8.0,0,0,2026-05-07T18:19:35.499352+00:00,,,,,
DAL2950-1777954199-fa-532p,,2026-05-07T12:05:00Z,7.0,8.0,0,0,2026-05-07T18:15:42.440993+00:00,,,,,
EDV4691-1777895386-fa-319p,,2026-05-07T12:05:00Z,6.0,-4.0,0,0,2026-05-07T18:15:42.440993+00:00,,,,,
DAL1255-1777955149-fa-1044p,,2026-05-07T12:04:00Z,0.0,3.0,0,0,2026-05-07T18:15:42.440993+00:00,,,,,
EDV4927-1777937762-fa-2738p,,2026-05-07T12:04:00Z,-17.0,-13.0,0,0,2026-05-07T18:15:42.440993+00:00,,,,,
DAL3041-1777955135-fa-795p,,2026-05-07T12:03:00Z,0.0,-5.0,0,0,2026-05-07T18:15:42.440993+00:00,,,,,
SKW4107-1777916796-fa-2572p,,2026-05-07T12:00:00Z,2.0,7.0,0,0,2026-05-07T18:15:42.440993+00:00,,,,,
DAL1547-1777954906-fa-1982p,,2026-05-07T12:00:00Z,13.0,-2.0,0,0,2026-05-07T18:15:42.440993+00:00,,,,,
DAL410-1777954490-fa-1449p,,2026-05-07T12:00:00Z,10.0,-4.0,0,0,2026-05-07T18:15:42.440993+00:00,,,,,
JBU696-1777958441-airline-353p,,2026-05-07T11:59:00Z,-31.0,-9.0,0,0,2026-05-07T18:19:35.499352+00:00,,,,,
DAL3181-1777955150-fa-1515p,,2026-05-07T11:55:00Z,-4.0,-3.0,0,0,2026-05-07T18:15:42.440993+00:00,,,,,
JIA5348-1777963926-airline-1578p,,2026-05-07T11:55:00Z,-24.0,-1.0,0,0,2026-05-07T18:19:35.499352+00:00,,,,,
UAL299-1777929505-fa-6330p,,2026-05-07T11:54:00Z,-23.0,-4.0,0,0,2026-05-07T18:19:35.499352+00:00,,,,,
DAL1192-1777954782-fa-802p,,2026-05-07T11:53:00Z,-4.0,-3.0,0,0,2026-05-07T18:15:42.440993+00:00,,,,,
AAL3150-1777960637-airline-1941p,,2026-05-07T11:53:00Z,-6.0,2.0,0,0,2026-05-07T18:19:35.499352+00:00,,,,,
DAL9768-1777955078-fa-2676p,,2026-05-07T11:53:00Z,-2.0,-2.0,0,0,2026-05-07T18:19:35.499352+00:00,,,,,
DAL2127-1777954496-fa-450p,,2026-05-07T11:51:00Z,-9.0,-7.0,0,0,2026-05-07T18:15:42.440993+00:00,,,,,
EDV5560-1777913818-fa-353p,,2026-05-07T11:51:00Z,12.0,-8.0,0,0,2026-05-07T18:15:42.440993+00:00,,,,,
DAL1494-1777953997-fa-462p,,2026-05-07T11:51:00Z,-6.0,-2.0,0,0,2026-05-07T18:15:42.440993+00:00,,,,,
DAL3004-1777955144-fa-922p,,2026-05-07T11:46:00Z,-19.0,-9.0,0,0,2026-05-07T18:15:42.440993+00:00,,,,,
FFT4797-1777960821-airline-1220p,,2026-05-07T11:46:00Z,-21.0,-15.0,0,0,2026-05-07T18:15:42.440993+00:00,,,,,
DAL1702-1777954951-fa-4235p,,2026-05-07T11:45:00Z,-1.0,-4.0,0,0,2026-05-07T18:15:42.440993+00:00,,,,,
DAL3039-1777955134-fa-941p,,2026-05-07T11:45:00Z,-12.0,-7.0,0,0,2026-05-07T18:15:42.440993+00:00,,,,,
DAL1146-1777954771-fa-889p,,2026-05-07T11:44:00Z,-6.0,-4.0,0,0,2026-05-07T18:15:42.440993+00:00,,,,,
DAL2734-1777954860-fa-1370p,,2026-05-07T11:43:00Z,-9.0,-6.0,0,0,2026-05-07T18:15:42.440993+00:00,,,,,
DAL1624-1777955142-fa-2176p,,2026-05-07T11:43:00Z,-7.0,-2.0,0,0,2026-05-07T18:15:42.440993+00:00,,,,,
DAL561-1777955153-fa-132p,,2026-05-07T11:42:00Z,-17.0,-10.0,0,0,2026-05-07T18:15:42.440993+00:00,,,,,
DAL2469-1777954818-fa-361p,,2026-05-07T11:38:00Z,-5.0,-5.0,0,0,2026-05-07T18:15:42.440993+00:00,,,,,
SKW3758-1777916554-fa-967p,,2026-05-07T11:38:00Z,13.0,-2.0,0,0,2026-05-07T18:15:42.440993+00:00,,,,,
DAL2637-1777955152-fa-1093p,,2026-05-07T11:37:00Z,7.0,0.0,0,0,2026-05-07T18:15:42.440993+00:00,,,,,
DAL3187-1777955154-fa-3p,,2026-05-07T11:35:00Z,-1.0,-7.0,0,0,2026-05-07T18:15:42.440993+00:00,,,,,
UAL641-1777939449-fa-283p,,2026-05-07T11:35:00Z,18.0,32.0,0,0,2026-05-07T18:19:35.499352+00:00,,,,,
DAL3140-1777955129-fa-1722p,,2026-05-07T11:32:00Z,-10.0,1.0,0,0,2026-05-07T18:15:42.440993+00:00,,,,,
DAL1499-1777954832-fa-839p,,2026-05-07T11:32:00Z,-6.0,-3.0,0,0,2026-05-07T18:15:42.440993+00:00,,,,,
EDV5225-1777961581-airline-1223p,,2026-05-07T11:31:00Z,7.0,-3.0,0,0,2026-05-07T18:15:42.440993+00:00,,,,,
DAL3105-1777954487-fa-919p,,2026-05-07T11:30:00Z,-10.0,-8.0,0,0,2026-05-07T18:15:42.440993+00:00,,,,,
KLM622-1777881188-airline-494p,,2026-05-07T11:30:00Z,20.0,28.0,0,0,2026-05-07T18:19:35.499352+00:00,,,,,
DAL1727-1777955150-fa-161p,,2026-05-07T11:29:00Z,4.0,-8.0,0,0,2026-05-07T18:15:42.440993+00:00,,,,,
FFT2510-1777963115-airline-1574p,,2026-05-07T11:28:00Z,-15.0,-7.0,0,0,2026-05-07T18:19:35.499352+00:00,,,,,
DAL1168-1777954260-fa-309p,,2026-05-07T11:27:00Z,-4.0,-1.0,0,0,2026-05-07T18:15:42.440993+00:00,,,,,
DAL1504-1777954854-fa-500p,,2026-05-07T11:26:00Z,1.0,0.0,0,0,2026-05-07T18:15:42.440993+00:00,,,,,
EDV5349-1777928471-fa-1632p,,2026-05-07T11:26:00Z,-8.0,-5.0,0,0,2026-05-07T18:15:42.440993+00:00,,,,,
DAL3038-1777954535-fa-390p,,2026-05-07T11:26:00Z,41.0,24.0,0,0,2026-05-07T18:15:42.440993+00:00,,,,,
JIA5050-1777963926-airline-1221p,,2026-05-07T11:26:00Z,-33.0,-7.0,0,0,2026-05-07T18:19:35.499352+00:00,,,,,
DAL1269-1777954197-fa-2732p,,2026-05-07T11:25:00Z,-5.0,-5.0,0,0,2026-05-07T18:15:42.440993+00:00,,,,,
EDV4661-1777956924-airline-662p,,2026-05-07T11:22:00Z,-12.0,-9.0,0,0,2026-05-07T18:15:42.440993+00:00,,,,,
DAL3162-1777954890-fa-1030p,,2026-05-07T11:21:00Z,-1.0,-1.0,0,0,2026-05-07T18:15:42.440993+00:00,,,,,
DAL2124-1777954835-fa-1816p,,2026-05-07T11:21:00Z,-7.0,-6.0,0,0,2026-05-07T18:15:42.440993+00:00,,,,,
EDV5255-1777907747-fa-2788p,,2026-05-07T11:19:00Z,-4.0,-4.0,0,0,2026-05-07T18:15:42.440993+00:00,,,,,
DAL1460-1777954210-fa-1694p,,2026-05-07T11:19:00Z,-1.0,-3.0,0,0,2026-05-07T18:15:42.440993+00:00,,,,,
DAL104-1777868035-fa-537p,,2026-05-07T11:19:00Z,-29.0,9.0,0,0,2026-05-07T18:15:42.440993+00:00,,,,,
DAL2441-1777954951-fa-5479p,,2026-05-07T11:16:00Z,-4.0,4.0,0,0,2026-05-07T18:15:42.440993+00:00,,,,,
DAL3154-1777954940-fa-732p,,2026-05-07T11:13:00Z,-15.0,-4.0,0,0,2026-05-07T18:15:42.440993+00:00,,,,,
EDV5403-1777893373-fa-5708p,2026-05-07T11:17:00,2026-05-07T11:12:00Z,-5.0,-8.0,0,0,2026-05-07T18:15:42.440993+00:00,9E5403,N582CA,9E,CSG,ATL
DAL1385-1777955046-fa-3795p,,2026-05-07T11:11:00Z,-14.0,-8.0,0,0,2026-05-07T18:15:42.440993+00:00,,,,,
EDV5462-1777914182-fa-1088p,,2026-05-07T11:10:00Z,-15.0,-8.0,0,0,2026-05-07T18:15:42.440993+00:00,,,,,
DAL2440-1777953968-fa-734p,,2026-05-07T11:10:00Z,-10.0,-4.0,0,0,2026-05-07T18:15:42.440993+00:00,,,,,
DAL2966-1777953983-fa-1320p,2026-05-07T11:04:00,2026-05-07T11:08:00Z,4.0,1.0,0,0,2026-05-07T18:15:42.440993+00:00,DL2966,N692DL,DL,ORF,ATL
DAL391-1777875506-airline-1435p,,2026-05-07T11:08:00Z,39.0,44.0,0,0,2026-05-07T18:15:42.440993+00:00,,,,,
DAL2407-1777954672-fa-1613p,,2026-05-07T11:07:00Z,-21.0,-9.0,0,0,2026-05-07T18:15:42.440993+00:00,,,,,
DAL2184-1777955136-fa-1306p,,2026-05-07T11:06:00Z,-17.0,-5.0,0,0,2026-05-07T18:15:42.440993+00:00,,,,,
EDV5440-1777893440-fa-1912p,,2026-05-07T11:06:00Z,-8.0,-3.0,0,0,2026-05-07T18:15:42.440993+00:00,,,,,
DAL2953-1777954397-fa-158p,,2026-05-07T11:06:00Z,-21.0,-7.0,0,0,2026-05-07T18:15:42.440993+00:00,,,,,
DAL1979-1777955005-fa-99p,,2026-05-07T11:04:00Z,-11.0,-9.0,0,0,2026-05-07T18:15:42.440993+00:00,,,,,
DAL632-1777954045-fa-845p,,2026-05-07T11:04:00Z,-9.0,-7.0,0,0,2026-05-07T18:15:42.440993+00:00,,,,,
UAL1603-1777876008-airline-4566p,,2026-05-07T11:02:00Z,0.0,33.0,0,0,2026-05-07T18:15:42.440993+00:00,,,,,
DAL2375-1777955047-fa-1219p,,2026-05-07T10:59:00Z,-1.0,-2.0,0,0,2026-05-07T18:15:42.440993+00:00,,,,,
FFT1242-1777961985-airline-745p,,2026-05-07T10:54:00Z,14.0,12.0,0,0,2026-05-07T18:19:35.499352+00:00,,,,,
FFT3210-1777960821-airline-981p,,2026-05-07T10:54:00Z,-18.0,-6.0,0,0,2026-05-07T18:19:35.499352+00:00,,,,,
DAL2330-1777954098-fa-1146p,2026-05-07T11:00:00,2026-05-07T10:51:00Z,-9.0,0.0,0,0,2026-05-07T18:15:42.440993+00:00,DL2330,N309DN,DL,TPA,ATL
FFT2428-1777880967-airline-1403p,,2026-05-07T10:50:00Z,-13.0,12.0,0,0,2026-05-07T18:15:42.440993+00:00,,,,,
DAL652-1777877096-airline-582p,,2026-05-07T10:49:00Z,-1.0,14.0,0,0,2026-05-07T18:15:42.440993+00:00,,,,,
DAL1548-1777954230-fa-4806p,,2026-05-07T10:45:00Z,-22.0,-7.0,0,0,2026-05-07T18:15:42.440993+00:00,,,,,
DAL365-1777875506-airline-1093p,2026-05-07T10:09:00,2026-05-07T10:43:00Z,34.0,37.0,0,0,2026-05-07T18:15:42.440993+00:00,DL365,N933DZ,DL,SFO,ATL
DAL3028-1777955140-fa-1696p,,2026-05-07T10:39:00Z,0.0,-7.0,0,0,2026-05-07T18:15:42.440993+00:00,,,,,
DAL3186-1777955137-fa-777p,2026-05-07T10:45:00,2026-05-07T10:39:00Z,-6.0,-4.0,0,0,2026-05-07T18:15:42.440993+00:00,DL3186,N938AT,DL,CLT,ATL
EDV5291-1777937767-fa-547p,,2026-05-07T10:37:00Z,-8.0,-7.0,0,0,2026-05-07T18:15:42.440993+00:00,,,,,
DAL1552-1777954913-fa-1342p,2026-05-07T10:44:00,2026-05-07T10:36:00Z,-8.0,-5.0,0,0,2026-05-07T18:15:42.440993+00:00,DL1552,N938DZ,DL,RDU,ATL
FFT2608-1777880967-airline-1429p,,2026-05-07T10:34:00Z,10.0,50.0,0,0,2026-05-07T18:15:42.440993+00:00,,,,,
DAL2712-1777955131-fa-2199p,,2026-05-07T10:32:00Z,-12.0,-7.0,0,0,2026-05-07T18:15:42.440993+00:00,,,,,
DAL3018-1777955144-fa-928p,,2026-05-07T10:32:00Z,-13.0,-6.0,0,0,2026-05-07T18:15:42.440993+00:00,,,,,
DAL929-1777889707-fa-298p,,2026-05-07T10:30:00Z,1.0,14.0,0,0,2026-05-07T18:15:42.440993+00:00,,,,,
DAL146-1777868141-fa-182p,,2026-05-07T10:30:00Z,9.0,-5.0,0,0,2026-05-07T18:15:42.440993+00:00,,,,,
DAL3015-1777954729-fa-1047p,,2026-05-07T10:30:00Z,-6.0,-9.0,0,0,2026-05-07T18:15:42.440993+00:00,,,,,
FFT3216-1777877850-airline-1174p,,2026-05-07T10:29:00Z,-26.0,4.0,0,0,2026-05-07T18:15:42.440993+00:00,,,,,
WJA1606-1777881901-airline-2005p,,2026-05-07T10:29:00Z,-26.0,-9.0,0,0,2026-05-07T18:15:42.440993+00:00,,,,,
DAL3098-1777954741-fa-702p,,2026-05-07T10:25:00Z,-13.0,-7.0,0,0,2026-05-07T18:15:42.440993+00:00,,,,,
DAL1507-1777955153-fa-131p,,2026-05-07T10:24:00Z,-7.0,-6.0,0,0,2026-05-07T18:15:42.440993+00:00,,,,,
LPE2483-1777879471-airline-221p,,2026-05-07T10:24:00Z,24.0,-5.0,0,0,2026-05-07T18:19:35.499352+00:00,,,,,
WJA1992-1777962744-airline-11p,,2026-05-07T10:22:00Z,-33.0,-9.0,0,0,2026-05-07T18:15:42.440993+00:00,,,,,
DAL2722-1777954190-fa-893p,,2026-05-07T10:22:00Z,5.0,-7.0,0,0,2026-05-07T18:15:42.440993+00:00,,,,,
DAL888-1777907398-fa-1523p,,2026-05-07T10:18:00Z,-22.0,-4.0,0,0,2026-05-07T18:15:42.440993+00:00,,,,,
DAL3055-1777954828-fa-580p,2026-05-07T10:30:00,2026-05-07T10:18:00Z,-12.0,-8.0,0,0,2026-05-07T18:15:42.440993+00:00,DL3055,N908DN,DL,CHS,ATL
DAL722-1777882554-airline-1164p,,2026-05-07T10:11:00Z,7.0,11.0,0,0,2026-05-07T18:15:42.440993+00:00,,,,,
SWA3739-1777963397-airline-573p,2026-05-07T10:05:00,2026-05-07T10:02:00Z,-3.0,8.0,0,0,2026-05-07T18:15:42.440993+00:00,WN3739,N8748Q,WN,PHX,ATL
DAL687-1777877630-airline-2032p,,2026-05-07T10:02:00Z,3.0,23.0,0,0,2026-05-07T18:15:42.440993+00:00,,,,,
DAL309-1777868055-fa-501p,,2026-05-07T10:01:00Z,-11.0,-4.0,0,0,2026-05-07T18:15:42.440993+00:00,,,,,
SWA2535-1777876911-airline-811p,2026-05-07T10:10:00,2026-05-07T10:00:00Z,-10.0,4.0,0,0,2026-05-07T18:15:42.440993+00:00,WN2535,N228WN,WN,LAS,ATL
FFT1448-1777880967-airline-1299p,,2026-05-07T09:57:00Z,-18.0,0.0,0,0,2026-05-07T18:15:42.440993+00:00,,,,,
DAL899-1777960738-schedule-782p,2026-05-07T10:08:00,2026-05-07T09:51:00Z,-17.0,-3.0,0,0,2026-05-07T18:15:42.440993+00:00,DL899,N111DC,DL,LAX,ATL
DAL783-1777877126-airline-1653p,,2026-05-07T09:49:00Z,46.0,42.0,0,0,2026-05-07T18:15:42.440993+00:00,,,,,
DAL1357-1777906999-fa-2278p,,2026-05-07T09:44:00Z,34.0,44.0,0,0,2026-05-07T18:15:42.440993+00:00,,,,,
DAL704-1777877630-airline-2079p,,2026-05-07T09:42:00Z,1.0,14.0,0,0,2026-05-07T18:15:42.440993+00:00,,,,,
DAL819-1777877126-airline-1753p,,2026-05-07T09:39:00Z,-6.0,3.0,0,0,2026-05-07T18:15:42.440993+00:00,,,,,
DAL769-1777873906-airline-1637p,,2026-05-07T09:35:00Z,-18.0,-5.0,0,0,2026-05-07T18:15:42.440993+00:00,,,,,
DAL567-1777879470-airline-1805p,,2026-05-07T09:33:00Z,-5.0,7.0,0,0,2026-05-07T18:15:42.440993+00:00,,,,,
DAL110-1777868096-fa-1341p,,2026-05-07T09:29:00Z,4.0,-14.0,0,0,2026-05-07T18:15:42.440993+00:00,,,,,
DAL2823-1777868580-fa-1146p,,2026-05-07T09:21:00Z,86.0,70.0,0,0,2026-05-07T18:19:35.499352+00:00,,,,,
DAL66-1777868098-fa-1104p,2026-05-07T08:50:00,2026-05-07T09:15:00Z,25.0,3.0,0,0,2026-05-08T02:20:24.278861+00:00,DL66,N436DX,DL,ATL,FCO
DAL447-1777873906-airline-1468p,,2026-05-07T09:12:00Z,-10.0,-1.0,0,0,2026-05-07T18:15:42.440993+00:00,,,,,
DAL54-1777868060-fa-138p,2026-05-07T08:45:00,2026-05-07T09:04:00Z,19.0,30.0,0,0,2026-05-08T02:20:24.278861+00:00,DL54,N407DX,DL,ATL,LOS
ASA727-1777876224-airline-356p,,2026-05-07T09:00:00Z,-40.0,-1.0,0,0,2026-05-07T18:15:42.440993+00:00,,,,,
DAL932-1777874213-airline-147p,2026-05-07T09:02:00,2026-05-07T08:52:00Z,-10.0,9.0,0,0,2026-05-07T18:15:42.440993+00:00,DL932,N108DN,DL,SAN,ATL
FFT1450-1777880967-airline-1300p,,2026-05-07T08:49:00Z,-9.0,11.0,0,0,2026-05-07T18:15:42.440993+00:00,,,,,
DAL105-1777868049-fa-972p,2026-05-07T08:40:00,2026-05-07T08:49:00Z,9.0,6.0,0,0,2026-05-08T02:20:24.278861+00:00,DL105,N805NW,DL,ATL,GRU
DAL417-1777878038-airline-831p,,2026-05-07T08:48:00Z,-16.0,-3.0,0,0,2026-05-07T18:15:42.440993+00:00,,,,,
DAL912-1777873906-airline-1595p,,2026-05-07T08:43:00Z,-19.0,-3.0,0,0,2026-05-07T18:15:42.440993+00:00,,,,,
DAL222-1777868094-fa-563p,2026-05-07T08:00:00,2026-05-07T08:01:00Z,1.0,-4.0,0,0,2026-05-08T02:20:24.278861+00:00,DL222,N423DX,DL,ATL,ATH
UAL1635-1777876008-airline-4607p,,2026-05-07T07:58:00Z,239.0,243.0,0,0,2026-05-07T18:15:42.440993+00:00,,,,,
DAL956-1777867782-fa-210p,,2026-05-07T07:57:00Z,81.0,62.0,0,0,2026-05-07T18:19:35.499352+00:00,,,,,
DAL9754-1777954335-fa-1285p,,2026-05-07T07:27:00Z,15.0,3.0,0,0,2026-05-07T18:15:42.440993+00:00,,,,,
DAL174-1777867574-fa-1166p,2026-05-07T07:25:00,2026-05-07T07:21:00Z,-4.0,9.0,0,0,2026-05-08T02:20:24.278861+00:00,DL174,N827MH,DL,ATL,MXP
DAL14-1777868068-fa-3050p,2026-05-07T06:55:00,2026-05-07T07:11:00Z,16.0,11.0,0,0,2026-05-08T02:20:24.278861+00:00,DL14,N858NW,DL,ATL,FRA
SKW4109-1777873937-airline-680p,,2026-05-07T06:59:00Z,321.0,230.0,0,0,2026-05-07T18:19:35.499352+00:00,,,,,
DAL1310-1777867533-fa-617p,,2026-05-07T06:49:00Z,86.0,24.0,0,0,2026-05-07T18:19:35.499352+00:00,,,,,
FFT3086-1777877850-airline-1158p,,2026-05-07T06:47:00Z,83.0,66.0,0,0,2026-05-07T18:19:35.499352+00:00,,,,,
DAL2495-1777867846-fa-997p,,2026-05-07T06:43:00Z,78.0,46.0,0,0,2026-05-07T18:19:35.499352+00:00,,,,,
DAL192-1777868061-fa-367p,2026-05-07T06:55:00,2026-05-07T06:38:00Z,-17.0,-7.0,0,0,2026-05-08T02:20:24.278861+00:00,DL192,N803NW,DL,ATL,VCE
FFT4712-1777877850-airline-1314p,,2026-05-07T06:37:00Z,220.0,226.0,0,0,2026-05-07T18:19:35.499352+00:00,,,,,
DAL100-1777867576-fa-2035p,2026-05-07T06:40:00,2026-05-07T06:37:00Z,-3.0,-5.0,0,0,2026-05-08T02:20:24.278861+00:00,DL100,N836MH,DL,ATL,CDG
SKW3811-1777870860-airline-542p,,2026-05-07T06:28:00Z,197.0,202.0,0,0,2026-05-07T18:19:35.499352+00:00,,,,,
DAL2940-1777867685-fa-1249p,,2026-05-07T06:28:00Z,104.0,100.0,0,0,2026-05-07T18:19:35.499352+00:00,,,,,
SKW4633-1777881031-airline-225p,,2026-05-07T06:27:00Z,202.0,163.0,0,0,2026-05-07T18:19:35.499352+00:00,,,,,
DAL130-1777867582-fa-781p,2026-05-07T06:25:00,2026-05-07T06:21:00Z,-4.0,-5.0,0,0,2026-05-08T02:20:24.278861+00:00,DL130,N837MH,DL,ATL,MUC
DAL1104-1777868738-fa-159p,,2026-05-07T06:18:00Z,165.0,142.0,0,0,2026-05-07T18:19:35.499352+00:00,,,,,
DAL1508-1777867547-fa-145p,,2026-05-07T06:16:00Z,30.0,-4.0,0,0,2026-05-07T18:19:35.499352+00:00,,,,,
DAL3153-1777867991-fa-272p,,2026-05-07T06:10:00Z,89.0,99.0,0,0,2026-05-07T18:19:35.499352+00:00,,,,,
FFT2900-1777877850-airline-1136p,,2026-05-07T06:08:00Z,89.0,55.0,0,0,2026-05-07T18:19:35.499352+00:00,,,,,
DAL72-1777868035-fa-80p,2026-05-07T05:45:00,2026-05-07T06:08:00Z,23.0,31.0,0,0,2026-05-08T02:20:24.278861+00:00,DL72,N829NW,DL,ATL,AMS
DAL1403-1777868503-fa-191p,,2026-05-07T06:07:00Z,92.0,67.0,0,0,2026-05-07T18:19:35.499352+00:00,,,,,
SKW3918-1777873937-airline-726p,,2026-05-07T06:06:00Z,211.0,217.0,0,0,2026-05-07T18:19:35.499352+00:00,,,,,
DAL2642-1777867629-fa-1025p,,2026-05-07T06:04:00Z,65.0,43.0,0,0,2026-05-07T18:19:35.499352+00:00,,,,,
DAL1601-1777867694-fa-1187p,,2026-05-07T06:04:00Z,65.0,50.0,0,0,2026-05-07T18:19:35.499352+00:00,,,,,
VIR104-1777871402-airline-535p,2026-05-07T06:15:00,2026-05-07T06:04:00Z,-11.0,6.0,0,0,2026-05-08T02:20:24.278861+00:00,VS104,G-VPRD,VS,ATL,LHR
DAL2435-1777867842-fa-1710p,,2026-05-07T06:03:00Z,133.0,125.0,0,0,2026-05-07T18:19:35.499352+00:00,,,,,
FFT2174-1777880967-airline-1378p,,2026-05-07T06:02:00Z,78.0,33.0,0,0,2026-05-07T18:19:35.499352+00:00,,,,,
DAL90-1777867518-fa-825p,2026-05-07T06:05:00,2026-05-07T06:00:00Z,-5.0,-5.0,0,0,2026-05-08T02:20:24.278861+00:00,DL90,N180DN,DL,ATL,ZRH
VIR110-1777871402-airline-539p,2026-05-07T06:15:00,2026-05-07T05:59:00Z,-16.0,0.0,0,0,2026-05-08T02:20:24.278861+00:00,VS110,G-VLUV,VS,ATL,MAN
DAL2224-1777868290-fa-52p,,2026-05-07T05:54:00Z,78.0,0.0,0,0,2026-05-07T18:19:35.499352+00:00,,,,,
DAL818-1777867637-fa-620p,,2026-05-07T05:53:00Z,21.0,2.0,0,0,2026-05-07T18:19:35.499352+00:00,,,,,
DAL2938-1777868566-fa-614p,,2026-05-07T05:49:00Z,91.0,47.0,0,0,2026-05-07T18:19:35.499352+00:00,,,,,
DAL3097-1777868165-fa-1755p,,2026-05-07T05:49:00Z,90.0,5.0,0,0,2026-05-07T18:19:35.499352+00:00,,,,,
SWA233-1777876911-airline-618p,,2026-05-07T05:46:00Z,181.0,173.0,0,0,2026-05-07T18:19:35.499352+00:00,,,,,
DAL2948-1777867940-fa-3975p,,2026-05-07T05:45:00Z,103.0,68.0,0,0,2026-05-07T18:19:35.499352+00:00,,,,,
DAL140-1777867574-fa-1163p,2026-05-07T05:40:00,2026-05-07T05:45:00Z,5.0,3.0,0,0,2026-05-08T02:20:24.278861+00:00,DL140,N826MH,DL,ATL,BRU
DAL3167-1777868726-fa-1597p,,2026-05-07T05:44:00Z,87.0,18.0,0,0,2026-05-07T18:19:35.499352+00:00,,,,,
DAL1459-1777868421-fa-5189p,,2026-05-07T05:44:00Z,62.0,38.0,0,0,2026-05-07T18:19:35.499352+00:00,,,,,
FFT2779-1777877850-airline-1123p,,2026-05-07T05:43:00Z,161.0,113.0,0,0,2026-05-07T18:19:35.499352+00:00,,,,,
DAL1229-1777867692-fa-268p,,2026-05-07T05:41:00Z,63.0,8.0,0,0,2026-05-07T18:19:35.499352+00:00,,,,,
DAL1175-1777868506-fa-26p,,2026-05-07T05:39:00Z,59.0,34.0,0,0,2026-05-07T18:19:35.499352+00:00,,,,,
DAL3177-1777868730-fa-1175p,,2026-05-07T05:37:00Z,101.0,89.0,0,0,2026-05-07T18:19:35.499352+00:00,,,,,
DAL9961-1777867607-fa-153p,,2026-05-07T05:36:00Z,0.0,25.0,0,0,2026-05-07T18:15:42.440993+00:00,,,,,
EDV5438-1778120847-fa-113p,,2026-05-07T05:35:00Z,85.0,27.0,0,0,2026-05-07T18:19:35.499352+00:00,,,,,
DAL1199-1777868361-fa-926p,,2026-05-07T05:35:00Z,37.0,-3.0,0,0,2026-05-07T18:19:35.499352+00:00,,,,,
DAL1283-1777868741-fa-3973p,,2026-05-07T05:33:00Z,94.0,44.0,0,0,2026-05-07T18:19:35.499352+00:00,,,,,
DAL1589-1777868694-fa-616p,,2026-05-07T05:32:00Z,38.0,1.0,0,0,2026-05-07T18:19:35.499352+00:00,,,,,
DAL2083-1777868282-fa-1193p,,2026-05-07T05:31:00Z,42.0,-3.0,0,0,2026-05-07T18:19:35.499352+00:00,,,,,
FFT4347-1777877850-airline-1280p,,2026-05-07T05:30:00Z,65.0,42.0,0,0,2026-05-07T18:15:42.440993+00:00,,,,,
DAL3074-1777868475-fa-778p,,2026-05-07T05:30:00Z,76.0,49.0,0,0,2026-05-07T18:19:35.499352+00:00,,,,,
DAL2386-1777868167-fa-37p,,2026-05-07T05:29:00Z,41.0,30.0,0,0,2026-05-07T18:19:35.499352+00:00,,,,,
FFT4602-1777877850-airline-1300p,,2026-05-07T05:27:00Z,9.0,40.0,0,0,2026-05-07T18:19:35.499352+00:00,,,,,
FFT1670-1777880967-airline-1321p,,2026-05-07T05:26:00Z,53.0,16.0,0,0,2026-05-07T18:19:35.499352+00:00,,,,,
EDV5473-1777870860-airline-549p,,2026-05-07T05:25:00Z,150.0,114.0,0,0,2026-05-07T18:19:35.499352+00:00,,,,,
DAL1217-1777867533-fa-620p,,2026-05-07T05:25:00Z,37.0,-1.0,0,0,2026-05-07T18:19:35.499352+00:00,,,,,
DAL3034-1777868556-fa-336p,,2026-05-07T05:22:00Z,83.0,19.0,0,0,2026-05-07T18:19:35.499352+00:00,,,,,
DAL9979-1777867265-fa-890p,,2026-05-07T05:21:00Z,-20.0,-3.0,0,0,2026-05-07T18:15:42.440993+00:00,,,,,
DAL1560-1777867650-fa-874p,,2026-05-07T05:19:00Z,52.0,14.0,0,0,2026-05-07T18:19:35.499352+00:00,,,,,
DAL2501-1777868735-fa-563p,,2026-05-07T05:18:00Z,52.0,42.0,0,0,2026-05-07T18:19:35.499352+00:00,,,,,
DAL1351-1777868483-fa-169p,,2026-05-07T05:18:00Z,44.0,-7.0,0,0,2026-05-07T18:19:35.499352+00:00,,,,,
DAL9971-1777867740-fa-1175p,,2026-05-07T05:17:00Z,-18.0,-4.0,0,0,2026-05-07T18:15:42.440993+00:00,,,,,
DAL3086-1777868547-fa-2465p,,2026-05-07T05:16:00Z,53.0,-7.0,0,0,2026-05-07T18:19:35.499352+00:00,,,,,
DAL2860-1777868310-fa-740p,,2026-05-07T05:14:00Z,75.0,51.0,0,0,2026-05-07T18:19:35.499352+00:00,,,,,
DAL3178-1777868742-fa-415p,,2026-05-07T05:14:00Z,121.0,65.0,0,0,2026-05-07T18:19:35.499352+00:00,,,,,
DAL1320-1777868419-fa-621p,,2026-05-07T05:12:00Z,38.0,-4.0,0,0,2026-05-07T18:19:35.499352+00:00,,,,,
DAL2549-1777868711-fa-909p,,2026-05-07T05:11:00Z,29.0,-2.0,0,0,2026-05-07T18:19:35.499352+00:00,,,,,
DAL3131-1777868477-fa-196p,,2026-05-07T05:10:00Z,58.0,0.0,0,0,2026-05-07T18:19:35.499352+00:00,,,,,
DAL30-1777867574-fa-957p,2026-05-07T05:25:00,2026-05-07T05:09:00Z,-16.0,-6.0,0,0,2026-05-08T02:20:24.278861+00:00,DL30,N842MH,DL,ATL,LHR
DAL2037-1777868735-fa-576p,,2026-05-07T05:06:00Z,342.0,289.0,0,0,2026-05-07T18:19:35.499352+00:00,,,,,
DAL1569-1777868732-fa-1594p,,2026-05-07T05:04:00Z,152.0,100.0,0,0,2026-05-07T18:19:35.499352+00:00,,,,,
DAL495-1777868694-fa-608p,2026-05-07T03:24:00,2026-05-07T05:02:00Z,98.0,57.0,0,0,2026-05-08T02:20:24.278861+00:00,DL495,N6705Y,DL,ATL,SFO
DAL2997-1777868509-fa-1428p,,2026-05-07T05:00:00Z,27.0,-2.0,0,0,2026-05-07T18:19:35.499352+00:00,,,,,
DAL3071-1777868723-fa-711p,,2026-05-07T04:58:00Z,145.0,90.0,0,0,2026-05-07T18:19:35.499352+00:00,,,,,
EDV4910-1777869363-fa-675p,,2026-05-07T04:53:00Z,190.0,136.0,0,0,2026-05-07T18:19:35.499352+00:00,,,,,
DAL500-1777868128-fa-63p,2026-05-07T03:30:00,2026-05-07T04:51:00Z,81.0,27.0,0,0,2026-05-08T02:20:24.278861+00:00,DL500,N523DN,DL,ATL,LAX
FFT1157-1777880967-airline-1252p,,2026-05-07T04:48:00Z,-20.0,-15.0,0,0,2026-05-07T18:15:42.440993+00:00,,,,,
EDV4923-1777870516-airline-1421p,,2026-05-07T04:48:00Z,37.0,10.0,0,0,2026-05-07T18:19:35.499352+00:00,,,,,
DAL2850-1777868508-fa-723p,,2026-05-07T04:47:00Z,57.0,23.0,0,0,2026-05-07T18:19:35.499352+00:00,,,,,
AFR31-1777876875-airline-1141p,2026-05-07T04:50:00,2026-05-07T04:46:00Z,-4.0,-4.0,0,0,2026-05-08T02:20:24.278861+00:00,AF31,F-GSQG,AF,ATL,CDG
EDV5182-1777871079-airline-546p,,2026-05-07T04:45:00Z,63.0,55.0,0,0,2026-05-07T18:19:35.499352+00:00,,,,,
DAL2034-1777868728-fa-106p,,2026-05-07T04:42:00Z,47.0,25.0,0,0,2026-05-07T18:19:35.499352+00:00,,,,,
DAL3121-1777868742-fa-255p,,2026-05-07T04:42:00Z,46.0,12.0,0,0,2026-05-07T18:19:35.499352+00:00,,,,,
DAL731-1777868673-fa-965p,2026-05-07T04:20:00,2026-05-07T04:42:00Z,22.0,-6.0,0,0,2026-05-08T02:20:24.278861+00:00,DL731,N6703D,DL,ATL,SAN
DAL825-1777868514-fa-112p,2026-05-07T04:06:00,2026-05-07T04:37:00Z,31.0,-5.0,0,0,2026-05-08T02:20:24.278861+00:00,DL825,N833DN,DL,ATL,LAS
SWA1933-1777880845-airline-1026p,,2026-05-07T04:35:00Z,115.0,128.0,0,0,2026-05-07T18:15:42.440993+00:00,,,,,
FFT4106-1777870984-airline-705p,,2026-05-07T04:35:00Z,26.0,14.0,0,0,2026-05-07T18:15:42.440993+00:00,,,,,
DAL9755-1777868660-fa-846p,,2026-05-07T04:27:00Z,-8.0,3.0,0,0,2026-05-07T18:15:42.440993+00:00,,,,,
EDV5564-1777906675-fa-1549p,,2026-05-07T04:26:00Z,1.0,-9.0,0,0,2026-05-07T18:15:42.440993+00:00,,,,,
DAL1316-1777868726-fa-309p,,2026-05-07T04:26:00Z,33.0,2.0,0,0,2026-05-07T18:19:35.499352+00:00,,,,,
DAL900-1777867846-fa-1000p,,2026-05-07T04:16:00Z,33.0,17.0,0,0,2026-05-07T18:15:42.440993+00:00,,,,,
EDV5569-1778009194-fa-1641p,,2026-05-07T04:12:00Z,122.0,74.0,0,0,2026-05-07T18:15:42.440993+00:00,,,,,
DAL779-1777867609-fa-751p,2026-05-07T04:00:00,2026-05-07T04:11:00Z,11.0,-1.0,0,0,2026-05-08T02:20:24.278861+00:00,DL779,N343DN,DL,ATL,ONT
ASA783-1777874812-airline-1169p,2026-05-07T03:35:00,2026-05-07T04:06:00Z,31.0,-11.0,0,0,2026-05-08T02:20:24.278861+00:00,AS783,N979AK,AS,ATL,PDX
AAL659-1777871247-airline-1210p,,2026-05-07T04:05:00Z,6.0,6.0,0,0,2026-05-07T18:15:42.440993+00:00,,,,,
DAL9968-1777867799-fa-2114p,,2026-05-07T04:04:00Z,11.0,6.0,0,0,2026-05-07T18:15:42.440993+00:00,,,,,
AAL1075-1777882835-airline-870p,,2026-05-07T04:04:00Z,5.0,-3.0,0,0,2026-05-07T18:15:42.440993+00:00,,,,,
FFT1099-1777870984-airline-426p,2026-05-07T03:33:00,2026-05-07T03:59:00Z,26.0,-3.0,0,0,2026-05-08T02:20:24.278861+00:00,F91099,,F9,ATL,PHX
UAL1287-1777876008-airline-4140p,,2026-05-07T03:52:00Z,8.0,-9.0,0,0,2026-05-07T18:15:42.440993+00:00,,,,,
DAL8793-1777867596-fa-1285p,,2026-05-07T03:52:00Z,61.0,56.0,0,0,2026-05-07T18:15:42.440993+00:00,,,,,
DAL1032-1777868532-fa-1347p,,2026-05-07T03:51:00Z,1.0,7.0,0,0,2026-05-07T18:15:42.440993+00:00,,,,,
FFT3923-1777877850-airline-1247p,2026-05-07T03:51:00,2026-05-07T03:50:00Z,-1.0,-7.0,0,0,2026-05-08T02:20:24.278861+00:00,F93923,N655FR,F9,ATL,LAS
FFT2509-1777880967-airline-1417p,,2026-05-07T03:49:00Z,20.0,-10.0,0,0,2026-05-07T18:15:42.440993+00:00,,,,,
DAL8848-1777914050-fa-1171p,2026-05-07T02:30:00,2026-05-07T03:48:00Z,78.0,4.0,0,0,2026-05-08T02:20:24.278861+00:00,DL8848,N664DN,DL,ATL,LAS
DAL1430-1777867944-fa-285p,,2026-05-07T03:47:00Z,107.0,119.0,0,0,2026-05-07T18:15:42.440993+00:00,,,,,
DAL919-1777868062-fa-1585p,2026-05-07T02:56:00,2026-05-07T03:47:00Z,51.0,4.0,0,0,2026-05-08T02:20:24.278861+00:00,DL919,N851NW,DL,ATL,LAS
AAL2749-1777871343-airline-781p,,2026-05-07T03:46:00Z,-5.0,5.0,0,0,2026-05-07T18:15:42.440993+00:00,,,,,
EDV5563-1777917855-fa-1731p,,2026-05-07T03:45:00Z,-45.0,-60.0,0,0,2026-05-07T18:15:42.440993+00:00,,,,,
UAL1591-1777863217-fa-21p,,2026-05-07T03:36:00Z,21.0,6.0,0,0,2026-05-07T18:15:42.440993+00:00,,,,,
DAL1007-1777867989-fa-865p,,2026-05-07T03:36:00Z,115.0,67.0,0,0,2026-05-07T18:15:42.440993+00:00,,,,,
DAL1140-1777867950-fa-19p,,2026-05-07T03:34:00Z,55.0,-4.0,0,0,2026-05-07T18:15:42.440993+00:00,,,,,
FFT3083-1777877850-airline-1156p,,2026-05-07T03:34:00Z,219.0,-11.0,0,0,2026-05-07T18:15:42.440993+00:00,,,,,
DAL560-1777868406-fa-1008p,,2026-05-07T03:32:00Z,-23.0,2.0,0,0,2026-05-07T18:15:42.440993+00:00,,,,,
JIA5560-1777872223-airline-791p,,2026-05-07T03:32:00Z,36.0,-7.0,0,0,2026-05-07T18:15:42.440993+00:00,,,,,
DAL1329-1777867639-fa-355p,,2026-05-07T03:28:00Z,89.0,45.0,0,0,2026-05-07T18:15:42.440993+00:00,,,,,
DAL1653-1777868681-fa-121p,,2026-05-07T03:26:00Z,-3.0,-5.0,0,0,2026-05-07T18:15:42.440993+00:00,,,,,
DAL301-1777868634-fa-655p,2026-05-07T02:40:00,2026-05-07T03:26:00Z,46.0,20.0,0,0,2026-05-08T02:20:24.278861+00:00,DL301,N502DX,DL,ATL,LAX
FFT4316-1777870984-airline-713p,,2026-05-07T03:23:00Z,14.0,42.0,0,0,2026-05-07T18:15:42.440993+00:00,,,,,
SWA3049-1777871111-airline-466p,,2026-05-07T03:23:00Z,168.0,113.0,0,0,2026-05-07T18:15:42.440993+00:00,,,,,
SKW3843-1777875506-airline-1346p,,2026-05-07T03:20:00Z,165.0,174.0,0,0,2026-05-07T18:15:42.440993+00:00,,,,,
DAL905-1777867538-fa-67p,,2026-05-07T03:20:00Z,22.0,37.0,0,0,2026-05-07T18:15:42.440993+00:00,,,,,
DAL517-1777868678-fa-1144p,2026-05-07T02:07:00,2026-05-07T03:17:00Z,70.0,50.0,0,0,2026-05-08T02:20:24.278861+00:00,DL517,N557NW,DL,ATL,SFO
AAL3212-1777876411-airline-254p,,2026-05-07T03:12:00Z,74.0,96.0,0,0,2026-05-07T18:15:42.440993+00:00,,,,,
DAL2879-1777868542-fa-472p,,2026-05-07T03:12:00Z,9.0,3.0,0,0,2026-05-07T18:15:42.440993+00:00,,,,,
AAL1805-1777875601-airline-1748p,2026-05-07T02:16:00,2026-05-07T03:11:00Z,55.0,-11.0,0,0,2026-05-08T02:20:24.278861+00:00,AA1805,N583UW,AA,ATL,PHX
FFT1949-1777880967-airline-1348p,2026-05-07T02:34:00,2026-05-07T03:10:00Z,36.0,-3.0,0,0,2026-05-08T02:20:24.278861+00:00,F91949,N614FR,F9,ATL,SFO
UAL1305-1777853112-fa-1088p,,2026-05-07T03:06:00Z,21.0,29.0,0,0,2026-05-07T18:15:42.440993+00:00,,,,,
DAL975-1777867789-fa-1548p,,2026-05-07T03:05:00Z,24.0,5.0,0,0,2026-05-07T18:15:42.440993+00:00,,,,,
SKW3744-1777870954-airline-550p,,2026-05-07T03:04:00Z,626.0,636.0,0,0,2026-05-07T18:15:42.440993+00:00,,,,,
SKW3762-1777835918-fa-1037p,,2026-05-07T03:04:00Z,470.0,442.0,0,0,2026-05-07T18:15:42.440993+00:00,,,,,
DAL826-1777868699-fa-240p,2026-05-07T02:47:00,2026-05-07T03:03:00Z,16.0,-6.0,0,0,2026-05-08T02:20:24.278861+00:00,DL826,N721TW,DL,ATL,SNA
DAL2902-1777867843-fa-3647p,,2026-05-07T03:02:00Z,99.0,-10.0,0,0,2026-05-07T18:15:42.440993+00:00,,,,,
DAL1661-1777867665-fa-361p,2026-05-07T02:11:00,2026-05-07T03:00:00Z,49.0,-5.0,0,0,2026-05-08T02:20:24.278861+00:00,DL1661,N323DN,DL,ATL,PHX
AAL2779-1777871343-airline-819p,,2026-05-07T02:59:00Z,36.0,50.0,0,0,2026-05-07T18:15:42.440993+00:00,,,,,
SWA3072-1777871111-airline-486p,,2026-05-07T02:59:00Z,94.0,57.0,0,0,2026-05-07T18:15:42.440993+00:00,,,,,
DAL653-1777868654-fa-6p,2026-05-07T02:00:00,2026-05-07T02:59:00Z,59.0,19.0,0,0,2026-05-08T02:20:24.278861+00:00,DL653,N586DT,DL,ATL,SLC
DAL2190-1777868472-fa-1549p,,2026-05-07T02:58:00Z,13.0,-4.0,0,0,2026-05-07T18:15:42.440993+00:00,,,,,
EDV5105-1777855120-fa-1574p,,2026-05-07T02:56:00Z,117.0,69.0,0,0,2026-05-07T18:15:42.440993+00:00,,,,,
DAL1742-1777868361-fa-925p,,2026-05-07T02:55:00Z,147.0,-2.0,0,0,2026-05-07T18:15:42.440993+00:00,,,,,
DAL9769-1777867617-fa-196p,,2026-05-07T02:53:00Z,-28.0,-5.0,0,0,2026-05-07T18:15:42.440993+00:00,,,,,
UAL1398-1777853113-fa-467p,,2026-05-07T02:52:00Z,55.0,61.0,0,0,2026-05-07T18:15:42.440993+00:00,,,,,
RPA4574-1777871812-airline-463p,,2026-05-07T02:52:00Z,73.0,59.0,0,0,2026-05-07T18:15:42.440993+00:00,,,,,
DAL2128-1778112690-sw-1458p,,2026-05-07T02:51:00Z,137.0,27.0,0,0,2026-05-07T18:15:42.440993+00:00,,,,,
SWA569-1777872785-airline-1043p,2026-05-07T02:10:00,2026-05-07T02:50:00Z,40.0,19.0,0,0,2026-05-08T02:20:24.278861+00:00,WN569,N8613K,WN,ATL,LAS
DAL971-1777868435-fa-1684p,2026-05-07T02:20:00,2026-05-07T02:49:00Z,29.0,-6.0,0,0,2026-05-08T02:20:24.278861+00:00,DL971,N858DZ,DL,ATL,COS
DAL746-1777867760-fa-753p,2026-05-07T02:19:00,2026-05-07T02:49:00Z,30.0,-6.0,0,0,2026-05-08T02:20:24.278861+00:00,DL746,N365DN,DL,ATL,DEN
DAL2464-1777868582-fa-1278p,,2026-05-07T02:47:00Z,53.0,41.0,0,0,2026-05-07T18:15:42.440993+00:00,,,,,
SWA362-1777870925-airline-496p,,2026-05-07T02:44:00Z,44.0,23.0,0,0,2026-05-07T18:15:42.440993+00:00,,,,,
FFT2871-1777877850-airline-1130p,,2026-05-07T02:43:00Z,68.0,83.0,0,0,2026-05-07T18:15:42.440993+00:00,,,,,
AAL1256-1777870047-airline-1152p,2026-05-07T01:38:00,2026-05-07T02:42:00Z,64.0,60.0,0,0,2026-05-08T02:20:24.278861+00:00,AA1256,N144AN,AA,ATL,LAX
DAL3043-1777868738-fa-162p,,2026-05-07T02:41:00Z,132.0,22.0,0,0,2026-05-07T18:15:42.440993+00:00,,,,,
DAL151-1777868040-fa-912p,2026-05-07T02:55:00,2026-05-07T02:41:00Z,-14.0,12.0,0,0,2026-05-08T02:20:24.278861+00:00,DL151,N815NW,DL,ATL,LIM
DAL3056-1777868475-fa-779p,,2026-05-07T02:37:00Z,108.0,65.0,0,0,2026-05-07T18:15:42.440993+00:00,,,,,
DAL850-1777867951-fa-1080p,,2026-05-07T02:36:00Z,155.0,24.0,0,0,2026-05-07T18:15:42.440993+00:00,,,,,
SWA3745-1777870925-airline-619p,,2026-05-07T02:35:00Z,-25.0,-1.0,0,0,2026-05-07T18:15:42.440993+00:00,,,,,
SKW5703-1777875348-airline-1297p,,2026-05-07T02:34:00Z,160.0,94.0,0,0,2026-05-07T18:15:42.440993+00:00,,,,,
DAL2799-1777868500-fa-1748p,,2026-05-07T02:34:00Z,61.0,41.0,0,0,2026-05-07T18:15:42.440993+00:00,,,,,
SWA1249-1777873095-airline-1146p,2026-05-07T01:30:00,2026-05-07T02:33:00Z,63.0,48.0,0,0,2026-05-08T02:20:24.278861+00:00,WN1249,N8769Q,WN,ATL,DEN
DAL1491-1777867605-fa-1015p,,2026-05-07T02:29:00Z,36.0,44.0,0,0,2026-05-07T18:15:42.440993+00:00,,,,,
DAL1497-1777868700-fa-1411p,,2026-05-07T02:29:00Z,50.0,36.0,0,0,2026-05-07T18:15:42.440993+00:00,,,,,
DAL1093-1777867929-fa-1235p,,2026-05-07T02:29:00Z,115.0,113.0,0,0,2026-05-07T18:15:42.440993+00:00,,,,,
DAL585-1777868164-fa-439p,2026-05-07T01:40:00,2026-05-07T02:28:00Z,48.0,4.0,0,0,2026-05-08T02:20:24.278861+00:00,DL585,N3757D,DL,ATL,MEX
EDV5247-1777871079-airline-551p,,2026-05-07T02:27:00Z,58.0,42.0,0,0,2026-05-07T18:15:42.440993+00:00,,,,,
DAL2294-1777868578-fa-414p,,2026-05-07T02:27:00Z,36.0,29.0,0,0,2026-05-07T18:15:42.440993+00:00,,,,,
EDV5059-1777871079-airline-563p,,2026-05-07T02:27:00Z,37.0,13.0,0,0,2026-05-07T18:15:42.440993+00:00,,,,,
DAL2006-1777868742-fa-414p,,2026-05-07T02:21:00Z,39.0,59.0,0,0,2026-05-07T18:15:42.440993+00:00,,,,,
DAL8785-1777868231-fa-688p,2026-05-07T01:51:00,2026-05-07T02:19:00Z,28.0,12.0,0,0,2026-05-08T02:20:24.278861+00:00,DL8785,N3737C,DL,ATL,AUS
DAL395-1777867547-fa-144p,,2026-05-07T02:18:00Z,20.0,40.0,0,0,2026-05-07T18:15:42.440993+00:00,,,,,
DAL1280-1777868700-fa-1419p,2026-05-07T01:44:00,2026-05-07T02:18:00Z,34.0,-4.0,0,0,2026-05-08T02:20:24.278861+00:00,DL1280,N706TW,DL,ATL,MSP
DAL714-1777868522-fa-969p,2026-05-07T01:54:00,2026-05-07T02:17:00Z,23.0,5.0,0,0,2026-05-08T02:20:24.278861+00:00,DL714,N814DN,DL,ATL,SEA
ASA263-1777878069-airline-551p,2026-05-07T01:58:00,2026-05-07T02:15:00Z,17.0,-5.0,0,0,2026-05-08T02:20:24.278861+00:00,AS263,N268AK,AS,ATL,SEA
DAL503-1777868483-fa-177p,2026-05-07T02:05:00,2026-05-07T02:05:00Z,0.0,-5.0,0,0,2026-05-08T02:20:24.278861+00:00,DL503,N839DN,DL,ATL,PDX
DAL2894-1777867718-fa-211p,2026-05-07T01:16:00,2026-05-07T01:57:00Z,41.0,-1.0,0,0,2026-05-08T02:20:24.278861+00:00,DL2894,N334DN,DL,ATL,ORD
SWA241-1777876911-airline-698p,2026-05-07T00:50:00,2026-05-07T01:56:00Z,66.0,28.0,0,0,2026-05-08T02:20:24.278861+00:00,WN241,N8685B,WN,ATL,HOU
UAL1359-1777853041-fa-1326p,2026-05-07T01:33:00,2026-05-07T01:52:00Z,19.0,-3.0,0,0,2026-05-08T02:20:24.278861+00:00,UA1359,N14704,UA,ATL,IAH
DAL715-1777867517-fa-552p,2026-05-07T01:44:00,2026-05-07T01:51:00Z,7.0,7.0,0,0,2026-05-07T13:32:42.113068+00:00,DL715,N177DN,DL,SFO,ATL
DAL2707-1777868723-fa-684p,2026-05-07T01:30:00,2026-05-07T01:50:00Z,20.0,-5.0,0,0,2026-05-08T02:20:24.278861+00:00,DL2707,N945AT,DL,ATL,OMA
AAL2391-1777880317-airline-506p,2026-05-07T02:08:00,2026-05-07T01:49:00Z,-19.0,-5.0,0,0,2026-05-07T12:02:24.677653+00:00,AA2391,N915NN,AA,PHX,ATL
DAL2891-1777867680-fa-1006p,2026-05-07T01:33:00,2026-05-07T01:49:00Z,16.0,2.0,0,0,2026-05-08T02:20:24.278861+00:00,DL2891,N349DX,DL,ATL,ONT
DAL743-1777868370-fa-623p,2026-05-07T01:56:00,2026-05-07T01:49:00Z,-7.0,-9.0,0,0,2026-05-08T02:20:24.278861+00:00,DL743,N919DU,DL,ATL,SMF
SKW3753-1777875506-airline-1201p,2026-05-06T23:45:00,2026-05-07T01:47:00Z,122.0,86.0,0,0,2026-05-08T02:20:24.278861+00:00,OO3753,N264SY,OO,ATL,XNA
DAL2893-1777867600-fa-679p,2026-05-07T01:30:00,2026-05-07T01:47:00Z,17.0,0.0,0,0,2026-05-08T02:20:24.278861+00:00,DL2893,N346DN,DL,ATL,SAT
AAL1811-1777875601-airline-1753p,2026-05-07T01:15:00,2026-05-07T01:45:00Z,30.0,21.0,0,0,2026-05-08T02:20:24.278861+00:00,AA1811,N343SY,AA,ATL,DFW
DAL712-1777867750-fa-1049p,2026-05-07T01:39:00,2026-05-07T01:43:00Z,4.0,-2.0,0,0,2026-05-08T02:20:24.278861+00:00,DL712,N108DN,DL,ATL,SAN
DAL711-1777867535-fa-1191p,2026-05-07T01:23:00,2026-05-07T01:41:00Z,18.0,15.0,0,0,2026-05-08T02:20:24.278861+00:00,DL711,N544US,DL,ATL,LAS
JBU819-1777880345-airline-2880p,2026-05-07T01:40:00,2026-05-07T01:40:00Z,0.0,-13.0,0,0,2026-05-08T02:20:24.278861+00:00,B6819,N615JB,B6,ATL,JFK
SWA2604-1777876911-airline-883p,2026-05-07T00:35:00,2026-05-07T01:36:00Z,61.0,35.0,0,0,2026-05-08T02:20:24.278861+00:00,WN2604,N8566Z,WN,ATL,PHX
DAL1309-1777868183-fa-1680p,2026-05-07T00:52:00,2026-05-07T01:15:00Z,23.0,-7.0,0,0,2026-05-08T02:20:24.278861+00:00,DL1309,N3755D,DL,ATL,IAD
DAL1489-1777867615-fa-1251p,2026-05-07T01:21:00,2026-05-07T01:14:00Z,-7.0,-7.0,0,0,2026-05-08T02:20:24.278861+00:00,DL1489,N321DH,DL,ATL,FLL
DAL8775-1777868070-fa-81p,2026-05-07T01:11:00,2026-05-07T01:14:00Z,3.0,-5.0,0,0,2026-05-08T02:20:24.278861+00:00,DL8775,N860NW,DL,ATL,DTW
FFT1158-1777880967-airline-1253p,2026-05-07T01:29:00,2026-05-07T01:13:00Z,-16.0,0.0,0,0,2026-05-08T02:20:24.278861+00:00,F91158,N341FR,F9,ATL,EWR
DAL2784-1777868742-fa-221p,2026-05-07T00:30:00,2026-05-07T01:13:00Z,43.0,-5.0,0,0,2026-05-08T02:20:24.278861+00:00,DL2784,N922AT,DL,ATL,OKC
FFT3458-1777877850-airline-1217p,2026-05-07T00:56:00,2026-05-07T01:12:00Z,16.0,16.0,0,0,2026-05-08T02:20:24.278861+00:00,F93458,N634FR,F9,ATL,LGA
DAL8818-1777868423-fa-1641p,2026-05-07T01:14:00,2026-05-07T01:12:00Z,-2.0,-2.0,0,0,2026-05-08T02:20:24.278861+00:00,DL8818,N821DN,DL,ATL,BDL
DAL1131-1777867669-fa-927p,2026-05-07T00:33:00,2026-05-07T01:12:00Z,39.0,8.0,0,0,2026-05-08T02:20:24.278861+00:00,DL1131,N348DN,DL,ATL,IAH
SWA224-1777880845-airline-1420p,2026-05-07T00:45:00,2026-05-07T01:07:00Z,22.0,0.0,0,0,2026-05-08T02:20:24.278861+00:00,WN224,N932WN,WN,ATL,DAL
DAL1939-1777868171-fa-1277p,2026-05-07T01:15:00,2026-05-07T01:06:00Z,-9.0,-8.0,0,0,2026-05-08T02:20:24.278861+00:00,DL1939,N381DN,DL,ATL,CUN
DAL3120-1777868551-fa-1116p,2026-05-07T00:46:00,2026-05-07T01:01:00Z,15.0,-6.0,0,0,2026-05-08T02:20:24.278861+00:00,DL3120,N942DZ,DL,ATL,IND
DAL2065-1777867722-fa-265p,2026-05-07T00:53:00,2026-05-07T01:00:00Z,7.0,0.0,0,0,2026-05-08T02:20:24.278861+00:00,DL2065,N392DN,DL,ATL,PHL
DAL2378-1777868692-fa-3031p,2026-05-07T00:32:00,2026-05-07T00:59:00Z,27.0,12.0,0,0,2026-05-08T02:20:24.278861+00:00,DL2378,N687DL,DL,ATL,JFK
DAL1060-1777867603-fa-282p,2026-05-07T00:46:00,2026-05-07T00:56:00Z,10.0,-5.0,0,0,2026-05-08T02:20:24.278861+00:00,DL1060,N314DN,DL,ATL,AUS
JIA5313-1777872223-airline-525p,2026-05-07T01:09:00,2026-05-07T00:55:00Z,-14.0,-9.0,0,0,2026-05-08T02:20:24.278861+00:00,OH5313,N630NN,OH,ATL,PHL
SWA1557-1777873095-airline-1451p,2026-05-07T00:45:00,2026-05-07T00:55:00Z,10.0,-5.0,0,0,2026-05-08T02:20:24.278861+00:00,WN1557,N8915Q,WN,ATL,MDW
DAL1457-1777868698-fa-456p,2026-05-07T00:50:00,2026-05-07T00:54:00Z,4.0,-3.0,0,0,2026-05-08T02:20:24.278861+00:00,DL1457,N900PC,DL,ATL,TPA
SKW3744-1777814942-fa-2024p,2026-05-06T14:10:00,2026-05-07T00:54:00Z,644.0,593.0,0,0,2026-05-08T02:20:24.278861+00:00,OO3744,N265SY,OO,ATL,XNA
DAL325-1777867949-fa-72p,2026-05-07T00:33:00,2026-05-07T00:51:00Z,18.0,13.0,0,0,2026-05-08T02:20:24.278861+00:00,DL325,N339NW,DL,ATL,DCA
DAL2786-1777868569-fa-340p,2026-05-07T00:32:00,2026-05-07T00:50:00Z,18.0,6.0,0,0,2026-05-08T02:20:24.278861+00:00,DL2786,N959DZ,DL,ATL,CMH
DAL2494-1777868561-fa-253p,2026-05-07T00:36:00,2026-05-07T00:48:00Z,12.0,-2.0,0,0,2026-05-08T02:20:24.278861+00:00,DL2494,N949DZ,DL,ATL,ECP
DAL836-1777867562-fa-872p,2026-05-07T00:40:00,2026-05-07T00:48:00Z,8.0,-6.0,0,0,2026-05-08T02:20:24.278861+00:00,DL836,N118DY,DL,ATL,PHX
DAL1960-1777867942-fa-786p,2026-05-06T22:51:00,2026-05-07T00:45:00Z,114.0,107.0,0,0,2026-05-08T02:20:24.278861+00:00,DL1960,N366NW,DL,ATL,IAH
DAL1906-1777868297-fa-794p,2026-05-07T01:00:00,2026-05-07T00:44:00Z,-16.0,-6.0,0,0,2026-05-08T02:20:24.278861+00:00,DL1906,N3764D,DL,ATL,KIN
DAL2241-1777868741-fa-4446p,2026-05-07T00:16:00,2026-05-07T00:42:00Z,26.0,26.0,0,0,2026-05-08T02:20:24.278861+00:00,DL2241,N927AT,DL,ATL,TLH
DAL1443-1777868735-fa-569p,2026-05-07T00:29:00,2026-05-07T00:41:00Z,12.0,-5.0,0,0,2026-05-08T02:20:24.278861+00:00,DL1443,N959AT,DL,ATL,MEM
EDV5203-1777871871-airline-1775p,2026-05-07T00:06:00,2026-05-07T00:38:00Z,32.0,-5.0,0,0,2026-05-08T02:20:24.278861+00:00,9E5203,N302PQ,9E,ATL,TYS
DAL1588-1777868561-fa-268p,2026-05-07T00:48:00,2026-05-07T00:35:00Z,-13.0,-6.0,0,0,2026-05-08T02:20:24.278861+00:00,DL1588,N822DN,DL,ATL,MIA
FFT3397-1777870984-airline-667p,2026-05-07T00:51:00,2026-05-07T00:35:00Z,-16.0,-3.0,0,0,2026-05-08T02:20:24.278861+00:00,F93397,N714FR,F9,ATL,ORD
DAL1058-1777867710-fa-850p,2026-05-07T00:34:00,2026-05-07T00:33:00Z,-1.0,-7.0,0,0,2026-05-08T02:20:24.278861+00:00,DL1058,N360DN,DL,ATL,PBI
DAL3171-1777868723-fa-707p,2026-05-07T00:16:00,2026-05-07T00:31:00Z,15.0,-3.0,0,0,2026-05-08T02:20:24.278861+00:00,DL3171,N946AT,DL,ATL,HSV
DAL1791-1777868495-fa-844p,2026-05-07T00:26:00,2026-05-07T00:30:00Z,4.0,11.0,0,0,2026-05-08T02:20:24.278861+00:00,DL1791,N910DU,DL,ATL,SJU
DAL1503-1777868271-fa-597p,2026-05-07T00:15:00,2026-05-07T00:29:00Z,14.0,-6.0,0,0,2026-05-08T02:20:24.278861+00:00,DL1503,N3749D,DL,ATL,CVG
DAL3044-1777868738-fa-156p,2026-05-06T23:57:00,2026-05-07T00:28:00Z,31.0,18.0,0,0,2026-05-08T02:20:24.278861+00:00,DL3044,N955AT,DL,ATL,BHM
DAL2928-1777867646-fa-842p,2026-05-07T00:17:00,2026-05-07T00:27:00Z,10.0,12.0,0,0,2026-05-08T02:20:24.278861+00:00,DL2928,N330DX,DL,ATL,BWI
DAL2265-1777867536-fa-958p,2026-05-07T00:12:00,2026-05-07T00:23:00Z,11.0,1.0,0,0,2026-05-08T02:20:24.278861+00:00,DL2265,N699DL,DL,ATL,JAX
DAL1490-1777868271-fa-471p,2026-05-06T23:24:00,2026-05-07T00:23:00Z,59.0,22.0,0,0,2026-05-08T02:20:24.278861+00:00,DL1490,N3760C,DL,ATL,BNA
DAL3180-1777868740-fa-211p,2026-05-06T23:49:00,2026-05-07T00:22:00Z,33.0,-5.0,0,0,2026-05-08T02:20:24.278861+00:00,DL3180,N939AT,DL,ATL,JAN
UAL235-1777853074-fa-835p,2026-05-07T00:12:00,2026-05-07T00:22:00Z,10.0,1.0,0,0,2026-05-08T02:20:24.278861+00:00,UA235,N850UA,UA,ATL,DEN
DAL436-1777867933-fa-671p,2026-05-07T00:04:00,2026-05-07T00:20:00Z,16.0,4.0,0,0,2026-05-08T02:20:24.278861+00:00,DL436,N360NW,DL,ATL,DFW
SWA1275-1777873095-airline-1176p,2026-05-06T23:40:00,2026-05-07T00:15:00Z,35.0,23.0,0,0,2026-05-08T02:20:24.278861+00:00,WN1275,N7738A,WN,ATL,MCO
AAL2737-1777871343-airline-763p,2026-05-07T00:07:00,2026-05-07T00:14:00Z,7.0,7.0,0,0,2026-05-08T02:20:24.278861+00:00,AA2737,N4005X,AA,ATL,ORD
FFT2972-1777877850-airline-1139p,2026-05-07T00:11:00,2026-05-07T00:14:00Z,3.0,-13.0,0,0,2026-05-08T02:22:15.086205+00:00,F92972,N673FR,F9,MSY,ATL
DAL2035-1777868690-fa-66p,2026-05-06T23:46:00,2026-05-07T00:12:00Z,26.0,24.0,0,0,2026-05-08T02:20:24.278861+00:00,DL2035,N6716C,DL,ATL,MCO
SWA4636-1777872785-airline-926p,2026-05-07T00:15:00,2026-05-07T00:12:00Z,-3.0,-6.0,0,0,2026-05-08T02:20:24.278861+00:00,WN4636,N431WN,WN,ATL,AUS
EDV5558-1777846310-fa-540p,2026-05-06T23:12:00,2026-05-07T00:08:00Z,56.0,27.0,0,0,2026-05-08T02:20:24.278861+00:00,9E5558,N376CA,9E,ATL,MSP
DAL32-1777867596-fa-939p,2026-05-06T23:30:00,2026-05-07T00:08:00Z,38.0,-2.0,0,0,2026-05-08T02:22:15.086205+00:00,DL32,N306DN,DL,DFW,ATL
SWA683-1777872785-airline-1123p,2026-05-07T00:05:00,2026-05-07T00:06:00Z,1.0,18.0,0,0,2026-05-08T02:20:24.278861+00:00,WN683,N8716B,WN,ATL,BWI
DAL434-1777867958-fa-947p,2026-05-07T00:14:00,2026-05-07T00:04:00Z,-10.0,-1.0,0,0,2026-05-08T02:20:24.278861+00:00,DL434,N361NW,DL,ATL,LGA
DAL3146-1777868357-fa-4573p,2026-05-06T23:53:00,2026-05-07T00:04:00Z,11.0,-7.0,0,0,2026-05-08T02:22:15.086205+00:00,DL3146,N898DN,DL,MSY,ATL
DAL874-1777868464-fa-1502p,2026-05-07T00:28:00,2026-05-07T00:03:00Z,-25.0,-5.0,0,0,2026-05-08T02:22:15.086205+00:00,DL874,N861DN,DL,BOI,ATL
DAL1458-1777867682-fa-1341p,2026-05-07T00:22:00,2026-05-07T00:02:00Z,-20.0,-17.0,0,0,2026-05-08T02:22:15.086205+00:00,DL1458,N350DN,DL,PBI,ATL
JIA5067-1777872223-airline-252p,2026-05-06T23:32:00,2026-05-07T00:02:00Z,30.0,11.0,0,0,2026-05-08T02:22:15.086205+00:00,OH5067,N595NN,OH,CLT,ATL
DAL2599-1777868742-fa-418p,2026-05-07T00:16:00,2026-05-07T00:02:00Z,-14.0,-11.0,0,0,2026-05-08T02:22:15.086205+00:00,DL2599,N925AT,DL,MSN,ATL
ACA1573-1777873842-airline-1866p,2026-05-07T00:12:00,2026-05-07T00:01:00Z,-11.0,-16.0,0,0,2026-05-08T02:22:15.086205+00:00,AC1573,C-GROV,AC,YUL,ATL
DAL2600-1777868427-fa-278p,2026-05-06T23:42:00,2026-05-07T00:01:00Z,19.0,10.0,0,0,2026-05-08T02:22:15.086205+00:00,DL2600,N827DN,DL,RDU,ATL
DAL2654-1777868458-fa-812p,2026-05-07T00:07:00,2026-05-06T23:56:00Z,-11.0,7.0,0,0,2026-05-08T02:20:24.278861+00:00,DL2654,N888DU,DL,ATL,MSP
SKW3843-1777875506-airline-1345p,2026-05-06T22:09:00,2026-05-06T23:54:00Z,105.0,81.0,0,0,2026-05-08T02:20:24.278861+00:00,OO3843,N304SY,OO,ATL,OAJ
DAL2879-1777868541-fa-1110p,2026-05-06T23:47:00,2026-05-06T23:54:00Z,7.0,2.0,0,0,2026-05-08T02:20:24.278861+00:00,DL2879,N879DN,DL,ATL,ORD
DAL796-1777867245-fa-1989p,2026-05-06T23:29:00,2026-05-06T23:54:00Z,25.0,11.0,0,0,2026-05-08T02:22:15.086205+00:00,DL796,N822DX,DL,PHX,ATL
DAL1956-1777868500-fa-1746p,2026-05-07T00:29:00,2026-05-06T23:54:00Z,-35.0,-23.0,0,0,2026-05-08T02:22:15.086205+00:00,DL1956,N810DN,DL,NAS,ATL
EDV5051-1777870516-airline-1386p,2026-05-06T23:52:00,2026-05-06T23:53:00Z,1.0,-7.0,0,0,2026-05-08T02:20:24.278861+00:00,9E5051,N355CA,9E,ATL,SGF
UAL2081-1777853112-fa-1087p,2026-05-06T23:21:00,2026-05-06T23:52:00Z,31.0,0.0,0,0,2026-05-08T02:22:15.086205+00:00,UA2081,N61886,UA,IAD,ATL
EDV5374-1777873937-airline-696p,2026-05-06T23:30:00,2026-05-06T23:52:00Z,22.0,13.0,0,0,2026-05-08T02:22:15.086205+00:00,9E5374,N292PQ,9E,CSG,ATL
EDV5161-1777870860-airline-539p,2026-05-06T22:45:00,2026-05-06T23:51:00Z,66.0,4.0,0,0,2026-05-08T02:20:24.278861+00:00,9E5161,N678CA,9E,ATL,MGM
DAL2006-1777868742-fa-263p,2026-05-06T22:45:00,2026-05-06T23:51:00Z,66.0,63.0,0,0,2026-05-08T02:20:24.278861+00:00,DL2006,N978AT,DL,ATL,DSM
EDV5559-1777931418-fa-825p,2026-05-06T23:57:00,2026-05-06T23:51:00Z,-6.0,-7.0,0,0,2026-05-08T02:20:24.278861+00:00,9E5559,N317CA,9E,ATL,MSP
DAL1516-1777868316-fa-179p,2026-05-06T23:51:00,2026-05-06T23:51:00Z,0.0,-1.0,0,0,2026-05-08T02:22:15.086205+00:00,DL1516,N397DA,DL,CVG,ATL
DAL904-1777868483-fa-168p,2026-05-06T23:57:00,2026-05-06T23:51:00Z,-6.0,-9.0,0,0,2026-05-08T02:22:15.086205+00:00,DL904,N894DN,DL,SMF,ATL
FFT4405-1777870984-airline-716p,2026-05-06T23:44:00,2026-05-06T23:50:00Z,6.0,14.0,0,0,2026-05-08T02:22:15.086205+00:00,F94405,N332FR,F9,MIA,ATL
DAL2131-1777867663-fa-892p,2026-05-06T23:30:00,2026-05-06T23:49:00Z,19.0,11.0,0,0,2026-05-08T02:22:15.086205+00:00,DL2131,N342DN,DL,PHL,ATL
DAL3027-1777868739-fa-1627p,2026-05-06T21:44:00,2026-05-06T23:49:00Z,125.0,112.0,0,0,2026-05-08T02:22:15.086205+00:00,DL3027,N950AT,DL,LIT,ATL
EDV5368-1777851802-fa-2430p,2026-05-07T00:04:00,2026-05-06T23:48:00Z,-16.0,-10.0,0,0,2026-05-08T02:20:24.278861+00:00,9E5368,N601LR,9E,ATL,ABY
DAL1695-1777868311-fa-1960p,2026-05-06T23:22:00,2026-05-06T23:48:00Z,26.0,1.0,0,0,2026-05-08T02:22:15.086205+00:00,DL1695,N3772H,DL,IAD,ATL
SWA2291-1777876911-airline-581p,2026-05-06T22:40:00,2026-05-06T23:48:00Z,68.0,45.0,0,0,2026-05-08T02:22:15.086205+00:00,WN2291,N489WN,WN,HOU,ATL
DAL937-1777868449-fa-1190p,2026-05-06T23:24:00,2026-05-06T23:47:00Z,23.0,2.0,0,0,2026-05-08T02:22:15.086205+00:00,DL937,N908DN,DL,TUS,ATL
DAL2718-1777868734-fa-2032p,2026-05-06T21:02:00,2026-05-06T23:47:00Z,165.0,138.0,0,0,2026-05-08T02:22:15.086205+00:00,DL2718,N607AT,DL,GPT,ATL
DAL1150-1777868694-fa-611p,2026-05-06T23:27:00,2026-05-06T23:46:00Z,19.0,14.0,0,0,2026-05-08T02:22:15.086205+00:00,DL1150,N553NW,DL,MCO,ATL
AAL1812-1777875601-airline-1756p,2026-05-06T23:37:00,2026-05-06T23:46:00Z,9.0,3.0,0,0,2026-05-08T02:22:15.086205+00:00,AA1812,N653AW,AA,DFW,ATL
DAL968-1777867781-fa-214p,2026-05-06T23:36:00,2026-05-06T23:45:00Z,9.0,12.0,0,0,2026-05-08T02:22:15.086205+00:00,DL968,N394DX,DL,LGA,ATL
DAL1124-1777867244-fa-1417p,2026-05-06T23:55:00,2026-05-06T23:44:00Z,-11.0,-7.0,0,0,2026-05-08T02:20:24.278861+00:00,DL1124,N684DA,DL,ATL,RSW
EDV5059-1777873937-airline-751p,2026-05-06T23:27:00,2026-05-06T23:44:00Z,17.0,1.0,0,0,2026-05-08T02:20:24.278861+00:00,9E5059,N293PQ,9E,ATL,BTR
DAL26-1777868130-fa-875p,2026-05-06T23:33:00,2026-05-06T23:44:00Z,11.0,10.0,0,0,2026-05-08T02:22:15.086205+00:00,DL26,N527DN,DL,ICN,ATL
JBU696-1777871714-airline-1692p,2026-05-06T23:42:00,2026-05-06T23:43:00Z,1.0,-7.0,0,0,2026-05-08T02:20:24.278861+00:00,B6696,N746JB,B6,ATL,BOS
DAL581-1777868561-fa-889p,2026-05-06T23:47:00,2026-05-06T23:43:00Z,-4.0,-6.0,0,0,2026-05-08T02:22:15.086205+00:00,DL581,N870DN,DL,AUA,ATL
DAL1506-1777868282-fa-1194p,2026-05-06T23:26:00,2026-05-06T23:43:00Z,17.0,-1.0,0,0,2026-05-08T02:22:15.086205+00:00,DL1506,N385DN,DL,VPS,ATL
AAL1855-1777875601-airline-1813p,2026-05-06T23:27:00,2026-05-06T23:42:00Z,15.0,10.0,0,0,2026-05-08T02:22:15.086205+00:00,AA1855,N764US,AA,ORD,ATL
DAL785-1777868577-fa-1121p,2026-05-06T23:48:00,2026-05-06T23:42:00Z,-6.0,-6.0,0,0,2026-05-08T02:22:15.086205+00:00,DL785,N514DE,DL,SFO,ATL
DAL1020-1777868009-fa-921p,2026-05-06T21:59:00,2026-05-06T23:41:00Z,102.0,57.0,0,0,2026-05-08T02:22:15.086205+00:00,DL1020,N355NW,DL,DCA,ATL
DAL1978-1777867535-fa-1190p,2026-05-06T23:39:00,2026-05-06T23:41:00Z,2.0,-1.0,0,0,2026-05-08T02:22:15.086205+00:00,DL1978,N689DL,DL,SAL,ATL
SKW3935-1777849946-fa-972p,2026-05-06T22:25:00,2026-05-06T23:40:00Z,75.0,73.0,0,0,2026-05-08T02:22:15.086205+00:00,OO3935,N244SY,OO,MOB,ATL
DAL3059-1777868572-fa-782p,2026-05-06T23:39:00,2026-05-06T23:39:00Z,0.0,-8.0,0,0,2026-05-08T02:20:24.278861+00:00,DL3059,N932DZ,DL,ATL,PNS
DAL55-1777868070-fa-907p,2026-05-06T23:24:00,2026-05-06T23:39:00Z,15.0,17.0,0,0,2026-05-08T02:22:15.086205+00:00,DL55,N853NW,DL,LOS,ATL
DAL1836-1777867600-fa-1238p,2026-05-06T23:50:00,2026-05-06T23:38:00Z,-12.0,-5.0,0,0,2026-05-08T02:22:15.086205+00:00,DL1836,N336DX,DL,PUJ,ATL
DAL3109-1777868424-fa-1504p,2026-05-06T23:47:00,2026-05-06T23:37:00Z,-10.0,-1.0,0,0,2026-05-08T02:22:15.086205+00:00,DL3109,N856DN,DL,SRQ,ATL
DAL1758-1777868373-fa-340p,2026-05-06T23:39:00,2026-05-06T23:37:00Z,-2.0,-9.0,0,0,2026-05-08T02:22:15.086205+00:00,DL1758,N826DN,DL,PTY,ATL
SLI979-1777877126-airline-1671p,2026-05-06T23:50:00,2026-05-06T23:36:00Z,-14.0,-9.0,0,0,2026-05-08T02:20:24.278861+00:00,5D979,XA-FAC,5D,ATL,MTY
EDV5389-1777871079-airline-536p,2026-05-06T23:10:00,2026-05-06T23:36:00Z,26.0,14.0,0,0,2026-05-08T02:22:15.086205+00:00,9E5389,N929XJ,9E,BMI,ATL
DAL1021-1777868733-fa-233p,2026-05-06T23:25:00,2026-05-06T23:35:00Z,10.0,1.0,0,0,2026-05-08T02:20:24.278861+00:00,DL1021,N997AT,DL,ATL,GSP
DAL37-1777867588-fa-3624p,2026-05-06T23:40:00,2026-05-06T23:35:00Z,-5.0,-23.0,0,0,2026-05-08T02:22:15.086205+00:00,DL37,N844MH,DL,LHR,ATL
DAL1353-1777867737-fa-1092p,2026-05-06T23:18:00,2026-05-06T23:35:00Z,17.0,14.0,0,0,2026-05-08T02:22:15.086205+00:00,DL1353,N387DN,DL,PIT,ATL
EDV5561-1777969543-fa-936p,2026-05-06T23:26:00,2026-05-06T23:34:00Z,8.0,-21.0,0,0,2026-05-08T02:22:15.086205+00:00,9E5561,N303PQ,9E,MSP,ATL
DAL759-1777867585-fa-1248p,2026-05-06T23:43:00,2026-05-06T23:33:00Z,-10.0,-6.0,0,0,2026-05-08T02:22:15.086205+00:00,DL759,N843MH,DL,TPA,ATL
EDV5539-1778067882-fa-1113p,2026-05-06T22:57:00,2026-05-06T23:33:00Z,36.0,43.0,0,0,2026-05-08T02:22:15.086205+00:00,9E5539,N390CA,9E,SBN,ATL
RPA4582-1777871812-airline-474p,2026-05-06T22:34:00,2026-05-06T23:33:00Z,59.0,56.0,0,0,2026-05-08T02:22:15.086205+00:00,YX4582,N406YX,YX,LGA,ATL
EDV5105-1777855121-fa-1486p,2026-05-06T22:24:00,2026-05-06T23:32:00Z,68.0,-8.0,0,0,2026-05-08T02:20:24.278861+00:00,9E5105,N690CA,9E,ATL,CRW
DAL1902-1777868696-fa-301p,2026-05-06T23:15:00,2026-05-06T23:32:00Z,17.0,15.0,0,0,2026-05-08T02:22:15.086205+00:00,DL1902,N693DL,DL,STT,ATL
DAL1325-1777868731-fa-442p,2026-05-06T23:49:00,2026-05-06T23:32:00Z,-17.0,-16.0,0,0,2026-05-08T02:22:15.086205+00:00,DL1325,N896AT,DL,TUL,ATL
DAL85-1777868040-fa-125p,2026-05-06T23:17:00,2026-05-06T23:31:00Z,14.0,-4.0,0,0,2026-05-08T02:22:15.086205+00:00,DL85,N807NW,DL,CDG,ATL
DAL945-1777867580-fa-1455p,2026-05-06T22:59:00,2026-05-06T23:31:00Z,32.0,47.0,0,0,2026-05-08T02:22:15.086205+00:00,DL945,N828MH,DL,LAS,ATL
SWA258-1777876911-airline-856p,2026-05-06T23:15:00,2026-05-06T23:29:00Z,14.0,-6.0,0,0,2026-05-08T02:20:24.278861+00:00,WN258,N8866H,WN,ATL,MDW
UAL2247-1777871746-fa-752p,2026-05-06T23:37:00,2026-05-06T23:28:00Z,-9.0,-6.0,0,0,2026-05-08T02:20:24.278861+00:00,UA2247,N816UA,UA,ATL,EWR
EDV5144-1777877538-airline-484p,2026-05-06T22:18:00,2026-05-06T23:27:00Z,69.0,66.0,0,0,2026-05-08T02:20:24.278861+00:00,9E5144,N279PQ,9E,ATL,EVV
AAL1810-1777875601-airline-1751p,2026-05-06T23:15:00,2026-05-06T23:27:00Z,12.0,18.0,0,0,2026-05-08T02:20:24.278861+00:00,AA1810,N162UW,AA,ATL,DFW
SWA1777-1777880845-airline-877p,2026-05-06T22:55:00,2026-05-06T23:27:00Z,32.0,18.0,0,0,2026-05-08T02:22:15.086205+00:00,WN1777,N8855Q,WN,DEN,ATL
FFT2050-1777880967-airline-1360p,2026-05-06T23:32:00,2026-05-06T23:26:00Z,-6.0,1.0,0,0,2026-05-08T02:20:24.278861+00:00,F92050,N349FR,F9,ATL,MCO
DAL832-1777867949-fa-75p,2026-05-06T23:34:00,2026-05-06T23:26:00Z,-8.0,-4.0,0,0,2026-05-08T02:20:24.278861+00:00,DL832,N353NW,DL,ATL,DCA
DAL3026-1777868737-fa-1760p,2026-05-06T23:29:00,2026-05-06T23:25:00Z,-4.0,-13.0,0,0,2026-05-08T02:22:15.086205+00:00,DL3026,N992AT,DL,HSV,ATL
DAL2815-1777867849-fa-1088p,2026-05-06T23:40:00,2026-05-06T23:24:00Z,-16.0,-8.0,0,0,2026-05-08T02:20:24.278861+00:00,DL2815,N301NB,DL,ATL,EYW
DAL3101-1777868742-fa-222p,2026-05-06T23:13:00,2026-05-06T23:24:00Z,11.0,12.0,0,0,2026-05-08T02:22:15.086205+00:00,DL3101,N906AT,DL,AVL,ATL
DAL1729-1777868730-fa-1173p,2026-05-06T22:58:00,2026-05-06T23:24:00Z,26.0,32.0,0,0,2026-05-08T02:22:15.086205+00:00,DL1729,N894AT,DL,TYS,ATL
EDV5112-1777850409-fa-1678p,2026-05-06T23:01:00,2026-05-06T23:23:00Z,22.0,-1.0,0,0,2026-05-08T02:20:24.278861+00:00,9E5112,N324PQ,9E,ATL,TYS
DAL3094-1777868562-fa-250p,2026-05-06T23:22:00,2026-05-06T23:23:00Z,1.0,-11.0,0,0,2026-05-08T02:22:15.086205+00:00,DL3094,N954DZ,DL,ECP,ATL
JIA5049-1777872223-airline-236p,2026-05-06T22:04:00,2026-05-06T23:22:00Z,78.0,88.0,0,0,2026-05-08T02:20:24.278861+00:00,OH5049,N550NN,OH,ATL,CLT
DAL1329-1777867637-fa-618p,2026-05-06T22:23:00,2026-05-06T23:22:00Z,59.0,44.0,0,0,2026-05-08T02:20:24.278861+00:00,DL1329,N117DX,DL,ATL,PHL
DAL879-1777868434-fa-747p,2026-05-06T23:30:00,2026-05-06T23:22:00Z,-8.0,-2.0,0,0,2026-05-08T02:22:15.086205+00:00,DL879,N867DN,DL,PDX,ATL
DAL1670-1777867655-fa-505p,2026-05-06T23:34:00,2026-05-06T23:20:00Z,-14.0,-2.0,0,0,2026-05-08T02:20:24.278861+00:00,DL1670,N338DN,DL,ATL,FLL
DAL1465-1777867784-fa-1526p,2026-05-06T23:09:00,2026-05-06T23:20:00Z,11.0,4.0,0,0,2026-05-08T02:20:24.278861+00:00,DL1465,N114DN,DL,ATL,SAT
DAL1292-1777867706-fa-1996p,2026-05-06T23:25:00,2026-05-06T23:20:00Z,-5.0,-3.0,0,0,2026-05-08T02:22:15.086205+00:00,DL1292,N357DN,DL,FLL,ATL
DAL2266-1777867659-fa-1573p,2026-05-06T23:11:00,2026-05-06T23:20:00Z,9.0,0.0,0,0,2026-05-08T02:22:15.086205+00:00,DL2266,N341DN,DL,BUF,ATL
EDV5282-1777850061-fa-689p,2026-05-06T23:29:00,2026-05-06T23:19:00Z,-10.0,3.0,0,0,2026-05-08T02:20:24.278861+00:00,9E5282,N297PQ,9E,ATL,AGS
DAL1235-1777868742-fa-424p,2026-05-06T23:10:00,2026-05-06T23:19:00Z,9.0,-8.0,0,0,2026-05-08T02:20:24.278861+00:00,DL1235,N937AT,DL,ATL,LEX
DAL1820-1777867255-fa-963p,2026-05-06T23:27:00,2026-05-06T23:19:00Z,-8.0,-15.0,0,0,2026-05-08T02:22:15.086205+00:00,DL1820,N123DW,DL,LIR,ATL
EDV5266-1777869362-fa-669p,2026-05-06T23:52:00,2026-05-06T23:19:00Z,-33.0,-14.0,0,0,2026-05-08T02:22:15.086205+00:00,9E5266,N181GJ,9E,CHO,ATL
DAL2329-1777868549-fa-2896p,2026-05-06T23:27:00,2026-05-06T23:19:00Z,-8.0,-7.0,0,0,2026-05-08T02:22:15.086205+00:00,DL2329,N939DZ,DL,ORF,ATL
DAL2193-1777868723-fa-730p,2026-05-06T23:29:00,2026-05-06T23:18:00Z,-11.0,-11.0,0,0,2026-05-08T02:20:24.278861+00:00,DL2193,N966AT,DL,ATL,CAE
EDV5193-1777849060-fa-501p,2026-05-06T23:23:00,2026-05-06T23:15:00Z,-8.0,-7.0,0,0,2026-05-08T02:20:24.278861+00:00,9E5193,N313PQ,9E,ATL,MOB
DAL1186-1777868726-fa-1596p,2026-05-06T23:03:00,2026-05-06T23:15:00Z,12.0,4.0,0,0,2026-05-08T02:20:24.278861+00:00,DL1186,N915AT,DL,ATL,TUL
EDV5281-1777870892-airline-1888p,2026-05-06T23:26:00,2026-05-06T23:15:00Z,-11.0,-10.0,0,0,2026-05-08T02:22:15.086205+00:00,9E5281,N928XJ,9E,CHA,ATL
DAL1848-1777868525-fa-476p,2026-05-06T23:23:00,2026-05-06T23:15:00Z,-8.0,-9.0,0,0,2026-05-08T02:22:15.086205+00:00,DL1848,N902DN,DL,SJD,ATL
DAL1126-1777868473-fa-1336p,2026-05-06T23:15:00,2026-05-06T23:15:00Z,0.0,0.0,0,0,2026-05-08T02:22:15.086205+00:00,DL1126,N830DN,DL,SDF,ATL
AAL1045-1777882835-airline-837p,2026-05-06T23:17:00,2026-05-06T23:15:00Z,-2.0,-4.0,0,0,2026-05-08T02:22:15.086205+00:00,AA1045,N756US,AA,MIA,ATL
DAL2939-1777868739-fa-217p,2026-05-06T23:19:00,2026-05-06T23:14:00Z,-5.0,-7.0,0,0,2026-05-08T02:20:24.278861+00:00,DL2939,N960AT,DL,ATL,MEM
DAL1328-1777867534-fa-808p,2026-05-06T22:35:00,2026-05-06T23:14:00Z,39.0,44.0,0,0,2026-05-08T02:20:24.278861+00:00,DL1328,N6714Q,DL,ATL,MIA
EDV5287-1777871014-airline-327p,2026-05-06T23:29:00,2026-05-06T23:14:00Z,-15.0,-14.0,0,0,2026-05-08T02:22:15.086205+00:00,9E5287,N272PQ,9E,ABY,ATL
DAL3025-1777868728-fa-117p,2026-05-06T23:21:00,2026-05-06T23:13:00Z,-8.0,-6.0,0,0,2026-05-08T02:20:24.278861+00:00,DL3025,N965AT,DL,ATL,LIT
JZA8508-1777873561-airline-850p,2026-05-06T23:17:00,2026-05-06T23:13:00Z,-4.0,-3.0,0,0,2026-05-08T02:20:24.278861+00:00,QK8508,C-FJGZ,QK,ATL,YYZ
DAL1379-1777868699-fa-231p,2026-05-06T23:23:00,2026-05-06T23:13:00Z,-10.0,-4.0,0,0,2026-05-08T02:22:15.086205+00:00,DL1379,N819DX,DL,RSW,ATL
DAL2772-1777868730-fa-1164p,2026-05-06T23:24:00,2026-05-06T23:12:00Z,-12.0,-9.0,0,0,2026-05-08T02:22:15.086205+00:00,DL2772,N717JL,DL,GSO,ATL
DAL3017-1777868741-fa-3976p,2026-05-06T23:13:00,2026-05-06T23:11:00Z,-2.0,-5.0,0,0,2026-05-08T02:20:24.278861+00:00,DL3017,N926AT,DL,ATL,GSO
EDV5537-1777861715-fa-3237p,2026-05-06T23:28:00,2026-05-06T23:11:00Z,-17.0,-15.0,0,0,2026-05-08T02:22:15.086205+00:00,9E5537,N582CA,9E,AGS,ATL
DAL2104-1777867636-fa-115p,2026-05-06T22:53:00,2026-05-06T23:10:00Z,17.0,0.0,0,0,2026-05-08T02:22:15.086205+00:00,DL2104,N351DN,DL,AUS,ATL
DAL1125-1777868727-fa-823p,2026-05-06T23:16:00,2026-05-06T23:07:00Z,-9.0,-5.0,0,0,2026-05-08T02:22:15.086205+00:00,DL1125,N961AT,DL,OMA,ATL
SWA3933-1777870925-airline-787p,2026-05-06T22:50:00,2026-05-06T23:06:00Z,16.0,16.0,0,0,2026-05-08T02:20:24.278861+00:00,WN3933,N927WN,WN,ATL,MSY
DAL543-1777868565-fa-848p,2026-05-06T23:16:00,2026-05-06T23:06:00Z,-10.0,-7.0,0,0,2026-05-08T02:22:15.086205+00:00,DL543,N957DZ,DL,STL,ATL
DAL3150-1777868270-fa-894p,2026-05-06T20:35:00,2026-05-06T23:06:00Z,151.0,155.0,0,0,2026-05-08T02:22:15.086205+00:00,DL3150,N3732J,DL,CVG,ATL
DAL2174-1777868723-fa-741p,2026-05-06T23:19:00,2026-05-06T23:04:00Z,-15.0,-3.0,0,0,2026-05-08T02:22:15.086205+00:00,DL2174,N953AT,DL,CHS,ATL
DAL512-1777868728-fa-2771p,2026-05-06T22:58:00,2026-05-06T23:03:00Z,5.0,-2.0,0,0,2026-05-08T02:22:15.086205+00:00,DL512,N608AT,DL,DAL,ATL
DAL1002-1777868209-fa-903p,2026-05-06T22:21:00,2026-05-06T23:02:00Z,41.0,24.0,0,0,2026-05-08T02:22:15.086205+00:00,DL1002,N372DA,DL,ELP,ATL
EDV5247-1777846772-fa-2821p,2026-05-06T23:05:00,2026-05-06T22:59:00Z,-6.0,-4.0,0,0,2026-05-08T02:20:24.278861+00:00,9E5247,N901XJ,9E,ATL,ROA
DAL2735-1777867670-fa-698p,2026-05-06T23:10:00,2026-05-06T22:59:00Z,-11.0,-4.0,0,0,2026-05-08T02:20:24.278861+00:00,DL2735,N347DN,DL,ATL,BDL
DAL1278-1777868736-fa-216p,2026-05-06T23:24:00,2026-05-06T22:59:00Z,-25.0,-6.0,0,0,2026-05-08T02:22:15.086205+00:00,DL1278,N895AT,DL,JAN,ATL
DAL942-1777868726-fa-1600p,2026-05-06T22:47:00,2026-05-06T22:59:00Z,12.0,3.0,0,0,2026-05-08T02:22:15.086205+00:00,DL942,N920AT,DL,SGF,ATL
DAL997-1777867764-fa-5230p,2026-05-06T22:41:00,2026-05-06T22:58:00Z,17.0,26.0,0,0,2026-05-08T02:20:24.278861+00:00,DL997,N396DN,DL,ATL,LGA
DAL906-1777867561-fa-365p,2026-05-06T22:56:00,2026-05-06T22:58:00Z,2.0,6.0,0,0,2026-05-08T02:22:15.086205+00:00,DL906,N390DN,DL,SLC,ATL
DAL2720-1777867597-fa-948p,2026-05-06T22:54:00,2026-05-06T22:57:00Z,3.0,-2.0,0,0,2026-05-08T02:22:15.086205+00:00,DL2720,N325DN,DL,JAX,ATL
DAL1545-1777868741-fa-4444p,2026-05-06T22:25:00,2026-05-06T22:55:00Z,30.0,26.0,0,0,2026-05-08T02:22:15.086205+00:00,DL1545,N927AT,DL,TLH,ATL
DAL554-1777868662-fa-182p,2026-05-06T22:58:00,2026-05-06T22:55:00Z,-3.0,5.0,0,0,2026-05-08T02:22:15.086205+00:00,DL554,N593DX,DL,SEA,ATL
DAL838-1777867683-fa-938p,2026-05-06T22:50:00,2026-05-06T22:55:00Z,5.0,0.0,0,0,2026-05-08T02:22:15.086205+00:00,DL838,N331DN,DL,PBI,ATL
FFT4025-1777870984-airline-703p,2026-05-06T23:02:00,2026-05-06T22:55:00Z,-7.0,-7.0,0,0,2026-05-08T02:22:15.086205+00:00,F94025,N236FR,F9,MCO,ATL
DAL3122-1777868567-fa-125p,2026-05-06T22:39:00,2026-05-06T22:54:00Z,15.0,2.0,0,0,2026-05-08T02:20:24.278861+00:00,DL3122,N958DZ,DL,ATL,PIT
DAL1393-1777868574-fa-505p,2026-05-06T22:44:00,2026-05-06T22:54:00Z,10.0,-2.0,0,0,2026-05-08T02:20:24.278861+00:00,DL1393,N963DZ,DL,ATL,STL
DAL1348-1777868700-fa-1416p,2026-05-06T22:50:00,2026-05-06T22:52:00Z,2.0,5.0,0,0,2026-05-08T02:20:24.278861+00:00,DL1348,N820DX,DL,ATL,RIC
DAL327-1777868700-fa-225p,2026-05-06T23:05:00,2026-05-06T22:52:00Z,-13.0,0.0,0,0,2026-05-08T02:22:15.086205+00:00,DL327,N723TW,DL,SNA,ATL
EDV4993-1777861598-fa-13p,2026-05-06T23:06:00,2026-05-06T22:52:00Z,-14.0,-16.0,0,0,2026-05-08T02:22:15.086205+00:00,9E4993,N340CA,9E,VLD,ATL
DAL399-1777867623-fa-849p,2026-05-06T22:54:00,2026-05-06T22:52:00Z,-2.0,-9.0,0,0,2026-05-08T02:22:15.086205+00:00,DL399,N327DN,DL,BOS,ATL
DAL2892-1777868199-fa-400p,2026-05-06T22:41:00,2026-05-06T22:52:00Z,11.0,1.0,0,0,2026-05-08T02:22:15.086205+00:00,DL2892,N3754A,DL,CMH,ATL
DAL2364-1777868742-fa-225p,2026-05-06T22:49:00,2026-05-06T22:51:00Z,2.0,-2.0,0,0,2026-05-08T02:20:24.278861+00:00,DL2364,N919AT,DL,ATL,OMA
DAL1555-1777867260-fa-931p,2026-05-06T20:19:00,2026-05-06T22:51:00Z,152.0,146.0,0,0,2026-05-08T02:22:15.086205+00:00,DL1555,N361DN,DL,TPA,ATL
DAL2050-1777867774-fa-708p,2026-05-06T22:35:00,2026-05-06T22:50:00Z,15.0,2.0,0,0,2026-05-08T02:20:24.278861+00:00,DL2050,N375DN,DL,ATL,BUF
DAL3142-1777868186-fa-1029p,2026-05-06T22:25:00,2026-05-06T22:49:00Z,24.0,20.0,0,0,2026-05-08T02:22:15.086205+00:00,DL3142,N3773D,DL,BNA,ATL
DAL1097-1777867540-fa-995p,2026-05-06T22:54:00,2026-05-06T22:46:00Z,-8.0,-5.0,0,0,2026-05-08T02:20:24.278861+00:00,DL1097,N318DX,DL,ATL,RDU
DAL2780-1777868732-fa-540p,2026-05-06T22:50:00,2026-05-06T22:46:00Z,-4.0,-7.0,0,0,2026-05-08T02:20:24.278861+00:00,DL2780,N985AT,DL,ATL,DAL
DAL1148-1777868721-fa-488p,2026-05-06T21:41:00,2026-05-06T22:46:00Z,65.0,46.0,0,0,2026-05-08T02:22:15.086205+00:00,DL1148,N944AT,DL,TYS,ATL
FFT3053-1777877850-airline-1147p,2026-05-06T22:55:00,2026-05-06T22:45:00Z,-10.0,-10.0,0,0,2026-05-08T02:22:15.086205+00:00,F93053,N337FR,F9,TPA,ATL
DAL2067-1777868579-fa-297p,2026-05-06T22:39:00,2026-05-06T22:44:00Z,5.0,-5.0,0,0,2026-05-08T02:20:24.278861+00:00,DL2067,N504DZ,DL,ATL,DTW
DAL527-1777868561-fa-265p,2026-05-06T22:54:00,2026-05-06T22:43:00Z,-11.0,-2.0,0,0,2026-05-08T02:20:24.278861+00:00,DL527,N950DZ,DL,ATL,SAV
DAL1470-1777868558-fa-249p,2026-05-06T22:41:00,2026-05-06T22:43:00Z,2.0,0.0,0,0,2026-05-08T02:20:24.278861+00:00,DL1470,N947DZ,DL,ATL,MCI
DAL3179-1777868538-fa-949p,2026-05-06T22:52:00,2026-05-06T22:42:00Z,-10.0,-5.0,0,0,2026-05-08T02:20:24.278861+00:00,DL3179,N960DZ,DL,ATL,CHS
SWA1473-1777873095-airline-1366p,2026-05-06T22:35:00,2026-05-06T22:42:00Z,7.0,2.0,0,0,2026-05-08T02:20:24.278861+00:00,WN1473,N8662F,WN,ATL,DAL
DAL9768-1777867792-fa-1581p,2026-05-06T22:30:00,2026-05-06T22:42:00Z,12.0,-1.0,0,0,2026-05-08T02:22:15.086205+00:00,DL9768,N393DN,DL,MSP,ATL
DAL3095-1777868485-fa-1774p,2026-05-06T22:54:00,2026-05-06T22:42:00Z,-12.0,-3.0,0,0,2026-05-08T02:22:15.086205+00:00,DL3095,N928DU,DL,GSP,ATL
DAL1594-1777867656-fa-2022p,2026-05-06T22:50:00,2026-05-06T22:41:00Z,-9.0,-2.0,0,0,2026-05-08T02:20:24.278861+00:00,DL1594,N339DN,DL,ATL,TPA
DAL1323-1777867530-fa-371p,2026-05-06T22:48:00,2026-05-06T22:41:00Z,-7.0,-1.0,0,0,2026-05-08T02:22:15.086205+00:00,DL1323,N556NW,DL,MIA,ATL
DAL1132-1777868726-fa-302p,2026-05-06T22:38:00,2026-05-06T22:40:00Z,2.0,-2.0,0,0,2026-05-08T02:20:24.278861+00:00,DL1132,N967AT,DL,ATL,BHM
DAL3115-1777868558-fa-245p,2026-05-06T22:53:00,2026-05-06T22:40:00Z,-13.0,-5.0,0,0,2026-05-08T02:20:24.278861+00:00,DL3115,N948DZ,DL,ATL,SRQ
DAL1497-1777868700-fa-1410p,2026-05-06T22:45:00,2026-05-06T22:40:00Z,-5.0,-3.0,0,0,2026-05-08T02:20:24.278861+00:00,DL1497,N823DX,DL,ATL,MCO
DAL1962-1777867621-fa-155p,2026-05-06T22:56:00,2026-05-06T22:40:00Z,-16.0,-10.0,0,0,2026-05-08T02:22:15.086205+00:00,DL1962,N301DV,DL,CUN,ATL
AAL1796-1777875601-airline-1737p,2026-05-06T22:55:00,2026-05-06T22:39:00Z,-16.0,-2.0,0,0,2026-05-08T02:20:24.278861+00:00,AA1796,N4032T,AA,ATL,MIA
DAL2438-1777868564-fa-995p,2026-05-06T21:05:00,2026-05-06T22:37:00Z,92.0,94.0,0,0,2026-05-08T02:22:15.086205+00:00,DL2438,N955DZ,DL,SRQ,ATL
DAL1831-1777867246-fa-1040p,2026-05-06T22:39:00,2026-05-06T22:37:00Z,-2.0,-4.0,0,0,2026-05-08T02:22:15.086205+00:00,DL1831,N551NW,DL,GUA,ATL
EDV5377-1777871079-airline-529p,2026-05-06T22:43:00,2026-05-06T22:35:00Z,-8.0,-7.0,0,0,2026-05-08T02:20:24.278861+00:00,9E5377,N133EV,9E,ATL,DHN
EDV5508-1777850069-fa-1819p,2026-05-06T22:39:00,2026-05-06T22:35:00Z,-4.0,3.0,0,0,2026-05-08T02:20:24.278861+00:00,9E5508,N138EV,9E,ATL,TRI
EDV4958-1777869347-fa-526p,2026-05-06T21:28:00,2026-05-06T22:35:00Z,67.0,28.0,0,0,2026-05-08T02:20:24.278861+00:00,9E4958,N195PQ,9E,ATL,MLI
DAL1036-1777868433-fa-520p,2026-05-06T22:25:00,2026-05-06T22:35:00Z,10.0,7.0,0,0,2026-05-08T02:22:15.086205+00:00,DL1036,N921DU,DL,MSP,ATL
FFT3499-1777877850-airline-1219p,2026-05-06T22:29:00,2026-05-06T22:34:00Z,5.0,-3.0,0,0,2026-05-08T02:20:24.278861+00:00,F93499,N656FR,F9,ATL,MCI
DAL2730-1777868733-fa-237p,2026-05-06T22:35:00,2026-05-06T22:34:00Z,-1.0,4.0,0,0,2026-05-08T02:22:15.086205+00:00,DL2730,N980AT,DL,BTR,ATL
DAL969-1777867556-fa-1958p,2026-05-06T22:30:00,2026-05-06T22:34:00Z,4.0,-1.0,0,0,2026-05-08T02:22:15.086205+00:00,DL969,N386DN,DL,LGA,ATL
DAL587-1777868175-fa-583p,2026-05-06T22:41:00,2026-05-06T22:33:00Z,-8.0,-5.0,0,0,2026-05-08T02:22:15.086205+00:00,DL587,N377DA,DL,MEX,ATL
SKW3890-1777873157-airline-1209p,2026-05-06T21:05:00,2026-05-06T22:32:00Z,87.0,72.0,0,0,2026-05-08T02:22:15.086205+00:00,OO3890,N264SY,OO,ROA,ATL
DAL1295-1777867641-fa-829p,2026-05-06T22:28:00,2026-05-06T22:31:00Z,3.0,12.0,0,0,2026-05-08T02:20:24.278861+00:00,DL1295,N356DN,DL,ATL,FLL
RPA4611-1777871812-airline-502p,2026-05-06T22:14:00,2026-05-06T22:31:00Z,17.0,23.0,0,0,2026-05-08T02:20:24.278861+00:00,YX4611,N137HQ,YX,ATL,LGA
RPA5830-1777879471-airline-33p,2026-05-06T19:20:00,2026-05-06T22:30:00Z,190.0,195.0,0,0,2026-05-08T02:20:24.278861+00:00,YX5830,N860RW,YX,ATL,HHH
DAL3134-1777868570-fa-893p,2026-05-06T22:39:00,2026-05-06T22:30:00Z,-9.0,-1.0,0,0,2026-05-08T02:22:15.086205+00:00,DL3134,N962DZ,DL,IND,ATL
DAL693-1777868240-fa-531p,2026-05-06T22:29:00,2026-05-06T22:29:00Z,0.0,-6.0,0,0,2026-05-08T02:20:24.278861+00:00,DL693,N775DE,DL,ATL,CMH
DAL2750-1777868169-fa-1506p,2026-05-06T22:42:00,2026-05-06T22:29:00Z,-13.0,-8.0,0,0,2026-05-08T02:20:24.278861+00:00,DL2750,N376DA,DL,ATL,CLE
SWA3331-1777871111-airline-738p,2026-05-06T22:20:00,2026-05-06T22:28:00Z,8.0,16.0,0,0,2026-05-08T02:20:24.278861+00:00,WN3331,N462WN,WN,ATL,BWI
DAL2322-1777868272-fa-744p,2026-05-06T21:48:00,2026-05-06T22:28:00Z,40.0,43.0,0,0,2026-05-08T02:22:15.086205+00:00,DL2322,N3737C,DL,EWR,ATL
DAL1437-1777868532-fa-544p,2026-05-06T22:24:00,2026-05-06T22:28:00Z,4.0,-7.0,0,0,2026-05-08T02:22:15.086205+00:00,DL1437,N920DU,DL,RIC,ATL
DAL950-1777867996-fa-1349p,2026-05-06T22:36:00,2026-05-06T22:27:00Z,-9.0,-2.0,0,0,2026-05-08T02:20:24.278861+00:00,DL950,N350NA,DL,ATL,DCA
DAL2427-1777868228-fa-3900p,2026-05-06T22:10:00,2026-05-06T22:27:00Z,17.0,11.0,0,0,2026-05-08T02:22:15.086205+00:00,DL2427,N399DA,DL,COS,ATL
DAL1572-1777867778-fa-78p,2026-05-06T22:04:00,2026-05-06T22:27:00Z,23.0,34.0,0,0,2026-05-08T02:22:15.086205+00:00,DL1572,N383DZ,DL,IAH,ATL
DAL1882-1777867568-fa-450p,2026-05-06T22:46:00,2026-05-06T22:26:00Z,-20.0,-7.0,0,0,2026-05-08T02:22:15.086205+00:00,DL1882,N199DN,DL,SJU,ATL
DAL959-1777867694-fa-438p,2026-05-06T22:28:00,2026-05-06T22:25:00Z,-3.0,5.0,0,0,2026-05-08T02:20:24.278861+00:00,DL959,N364DX,DL,ATL,PBI
DAL2340-1777867697-fa-326p,2026-05-06T21:39:00,2026-05-06T22:25:00Z,46.0,18.0,0,0,2026-05-08T02:20:24.278861+00:00,DL2340,N353DN,DL,ATL,EWR
SWA3001-1777871111-airline-431p,2026-05-06T21:55:00,2026-05-06T22:25:00Z,30.0,30.0,0,0,2026-05-08T02:22:15.086205+00:00,WN3001,N8685B,WN,MCI,ATL
FFT4210-1777877850-airline-1272p,2026-05-06T22:27:00,2026-05-06T22:24:00Z,-3.0,-6.0,0,0,2026-05-08T02:20:24.278861+00:00,F94210,N374FR,F9,ATL,CLE
DAL1919-1777867627-fa-959p,2026-05-06T22:41:00,2026-05-06T22:24:00Z,-17.0,-1.0,0,0,2026-05-08T02:22:15.086205+00:00,DL1919,N362DN,DL,PUJ,ATL
SWA232-1777876911-airline-607p,2026-05-06T22:10:00,2026-05-06T22:23:00Z,13.0,15.0,0,0,2026-05-08T02:20:24.278861+00:00,WN232,N8719Q,WN,ATL,DCA
DAL1167-1777868673-fa-966p,2026-05-06T22:32:00,2026-05-06T22:22:00Z,-10.0,-3.0,0,0,2026-05-08T02:22:15.086205+00:00,DL1167,N6703D,DL,TPA,ATL
DAL1347-1777868741-fa-3847p,2026-05-06T21:49:00,2026-05-06T22:20:00Z,31.0,29.0,0,0,2026-05-08T02:20:24.278861+00:00,DL1347,N954AT,DL,ATL,LIT
DAL1550-1777868559-fa-1021p,2026-05-06T22:25:00,2026-05-06T22:20:00Z,-5.0,0.0,0,0,2026-05-08T02:22:15.086205+00:00,DL1550,N949DZ,DL,RDU,ATL
ENY4087-1777872909-airline-1296p,2026-05-06T22:21:00,2026-05-06T22:19:00Z,-2.0,10.0,0,0,2026-05-08T02:20:24.278861+00:00,MQ4087,N276NN,MQ,ATL,DCA
DAL2902-1777867842-fa-1713p,2026-05-06T22:19:00,2026-05-06T22:19:00Z,0.0,-8.0,0,0,2026-05-08T02:20:24.278861+00:00,DL2902,N333NB,DL,ATL,IAD
DAL725-1777868688-fa-1458p,2026-05-06T22:18:00,2026-05-06T22:19:00Z,1.0,9.0,0,0,2026-05-08T02:22:15.086205+00:00,DL725,N692DL,DL,SAN,ATL
DAL1959-1777868194-fa-158p,2026-05-06T22:38:00,2026-05-06T22:19:00Z,-19.0,-20.0,0,0,2026-05-08T02:22:15.086205+00:00,DL1959,N3763D,DL,PLS,ATL
DAL3157-1777868515-fa-95p,2026-05-06T21:58:00,2026-05-06T22:18:00Z,20.0,23.0,0,0,2026-05-08T02:22:15.086205+00:00,DL3157,N891DN,DL,MSY,ATL
DAL1346-1777867532-fa-195p,2026-05-06T22:22:00,2026-05-06T22:16:00Z,-6.0,-3.0,0,0,2026-05-08T02:20:24.278861+00:00,DL1346,N67171,DL,ATL,ORF
DAL2799-1777868500-fa-1747p,2026-05-06T22:14:00,2026-05-06T22:16:00Z,2.0,0.0,0,0,2026-05-08T02:20:24.278861+00:00,DL2799,N803DN,DL,ATL,BWI
DAL1467-1777868349-fa-1526p,2026-05-06T22:25:00,2026-05-06T22:16:00Z,-9.0,-5.0,0,0,2026-05-08T02:22:15.086205+00:00,DL1467,N897DN,DL,DTW,ATL
DAL995-1777867770-fa-938p,2026-05-06T22:17:00,2026-05-06T22:16:00Z,-1.0,-4.0,0,0,2026-05-08T02:22:15.086205+00:00,DL995,N370DN,DL,DEN,ATL
DAL1029-1777868354-fa-1375p,2026-05-06T22:40:00,2026-05-06T22:14:00Z,-26.0,-6.0,0,0,2026-05-08T02:22:15.086205+00:00,DL1029,N833DN,DL,JFK,ATL
DAL1816-1777868389-fa-3340p,2026-05-06T22:48:00,2026-05-06T22:14:00Z,-34.0,-13.0,0,0,2026-05-08T02:22:15.086205+00:00,DL1816,N875DN,DL,PVR,ATL
EDV5185-1777851018-fa-1524p,2026-05-06T21:20:00,2026-05-06T22:12:00Z,52.0,44.0,0,0,2026-05-08T02:20:24.278861+00:00,9E5185,N669CA,9E,ATL,MLU
UAL555-1777875348-airline-1147p,2026-05-06T21:30:00,2026-05-06T22:12:00Z,42.0,-5.0,0,0,2026-05-08T02:20:24.278861+00:00,UA555,N66893,UA,ATL,EWR
DAL540-1777868732-fa-1593p,2026-05-06T22:20:00,2026-05-06T22:11:00Z,-9.0,-5.0,0,0,2026-05-08T02:20:24.278861+00:00,DL540,N981AT,DL,ATL,TLH
DAL3037-1777868723-fa-705p,2026-05-06T22:22:00,2026-05-06T22:11:00Z,-11.0,-9.0,0,0,2026-05-08T02:22:15.086205+00:00,DL3037,N946AT,DL,CLT,ATL
JIA5026-1777872223-airline-212p,2026-05-06T22:25:00,2026-05-06T22:11:00Z,-14.0,-6.0,0,0,2026-05-08T02:22:15.086205+00:00,OH5026,N630NN,OH,PHL,ATL
DAL1803-1777868472-fa-140p,2026-05-06T22:23:00,2026-05-06T22:10:00Z,-13.0,-6.0,0,0,2026-05-08T02:22:15.086205+00:00,DL1803,N884DN,DL,SDQ,ATL
DAL2314-1777867832-fa-344p,2026-05-06T22:24:00,2026-05-06T22:10:00Z,-14.0,-5.0,0,0,2026-05-08T02:22:15.086205+00:00,DL2314,N352NB,DL,PVD,ATL
DAL1372-1777867241-fa-1209p,2026-05-06T21:58:00,2026-05-06T22:09:00Z,11.0,3.0,0,0,2026-05-08T02:22:15.086205+00:00,DL1372,N699DL,DL,MCO,ATL
DAL3158-1777868732-fa-1915p,2026-05-06T22:11:00,2026-05-06T22:08:00Z,-3.0,-4.0,0,0,2026-05-08T02:20:24.278861+00:00,DL3158,N938AT,DL,ATL,CLT
DAL1093-1777867928-fa-218p,2026-05-06T22:06:00,2026-05-06T22:08:00Z,2.0,-2.0,0,0,2026-05-08T02:20:24.278861+00:00,DL1093,N349NW,DL,ATL,MYR
DAL3169-1777868444-fa-72p,2026-05-06T21:51:00,2026-05-06T22:08:00Z,17.0,27.0,0,0,2026-05-08T02:22:15.086205+00:00,DL3169,N838DN,DL,CVG,ATL
EDV5374-1777871079-airline-566p,2026-05-06T21:47:00,2026-05-06T22:06:00Z,19.0,30.0,0,0,2026-05-08T02:20:24.278861+00:00,9E5374,N292PQ,9E,ATL,CSG
DAL3133-1777868726-fa-1607p,2026-05-06T22:21:00,2026-05-06T22:06:00Z,-15.0,-4.0,0,0,2026-05-08T02:22:15.086205+00:00,DL3133,N991AT,DL,GNV,ATL
EDV5002-1777870954-airline-630p,2026-05-06T22:19:00,2026-05-06T22:05:00Z,-14.0,-7.0,0,0,2026-05-08T02:20:24.278861+00:00,9E5002,N607LR,9E,ATL,FAY
DAL3056-1777868475-fa-777p,2026-05-06T22:08:00,2026-05-06T22:05:00Z,-3.0,0.0,0,0,2026-05-08T02:20:24.278861+00:00,DL3056,N924DZ,DL,ATL,DAB
DAL3126-1777868395-fa-374p,2026-05-06T21:44:00,2026-05-06T22:05:00Z,21.0,1.0,0,0,2026-05-08T02:20:24.278861+00:00,DL3126,N841DN,DL,ATL,IND
DAL2220-1777868724-fa-177p,2026-05-06T22:17:00,2026-05-06T22:04:00Z,-13.0,-7.0,0,0,2026-05-08T02:20:24.278861+00:00,DL2220,N957AT,DL,ATL,GNV
DAL3063-1777868732-fa-1920p,2026-05-06T22:09:00,2026-05-06T22:03:00Z,-6.0,-5.0,0,0,2026-05-08T02:20:24.278861+00:00,DL3063,N994AT,DL,ATL,GPT
DAL3088-1777868735-fa-564p,2026-05-06T21:59:00,2026-05-06T22:03:00Z,4.0,-9.0,0,0,2026-05-08T02:20:24.278861+00:00,DL3088,N982AT,DL,ATL,DAY
DAL1804-1777868487-fa-2010p,2026-05-06T22:29:00,2026-05-06T22:03:00Z,-26.0,-8.0,0,0,2026-05-08T02:22:15.086205+00:00,DL1804,N899DN,DL,GDL,ATL
DAL3014-1777868422-fa-830p,2026-05-06T22:11:00,2026-05-06T22:02:00Z,-9.0,-14.0,0,0,2026-05-08T02:22:15.086205+00:00,DL3014,N855DN,DL,SAV,ATL
DAL67-1777868078-fa-843p,2026-05-06T22:13:00,2026-05-06T22:01:00Z,-12.0,-14.0,0,0,2026-05-08T02:22:15.086205+00:00,DL67,N419DX,DL,FCO,ATL
EDV5055-1777870860-airline-585p,2026-05-06T21:59:00,2026-05-06T22:00:00Z,1.0,-7.0,0,0,2026-05-08T02:20:24.278861+00:00,9E5055,N316PQ,9E,ATL,FWA
DAL1613-1777867701-fa-1498p,2026-05-06T22:20:00,2026-05-06T22:00:00Z,-20.0,-6.0,0,0,2026-05-08T02:22:15.086205+00:00,DL1613,N344DN,DL,FLL,ATL
DAL1772-1777868382-fa-2p,2026-05-06T22:14:00,2026-05-06T22:00:00Z,-14.0,-1.0,0,0,2026-05-08T02:22:15.086205+00:00,DL1772,N923DZ,DL,TQO,ATL
DAL1873-1777868696-fa-1317p,2026-05-06T22:04:00,2026-05-06T22:00:00Z,-4.0,6.0,0,0,2026-05-08T02:22:15.086205+00:00,DL1873,N6708D,DL,SXM,ATL
SWA3453-1777871111-airline-842p,2026-05-06T21:25:00,2026-05-06T21:59:00Z,34.0,30.0,0,0,2026-05-08T02:22:15.086205+00:00,WN3453,N8769Q,WN,MDW,ATL
DAL3163-1777868564-fa-999p,2026-05-06T22:25:00,2026-05-06T21:58:00Z,-27.0,-9.0,0,0,2026-05-08T02:22:15.086205+00:00,DL3163,N945DZ,DL,BHM,ATL
JBU220-1777872124-airline-244p,2026-05-06T22:17:00,2026-05-06T21:56:00Z,-21.0,-6.0,0,0,2026-05-08T02:22:15.086205+00:00,B6220,N615JB,B6,JFK,ATL
DAL1425-1777868697-fa-456p,2026-05-06T21:49:00,2026-05-06T21:55:00Z,6.0,4.0,0,0,2026-05-08T02:20:24.278861+00:00,DL1425,N659DL,DL,ATL,TPA
DAL1700-1777868556-fa-334p,2026-05-06T21:54:00,2026-05-06T21:54:00Z,0.0,-1.0,0,0,2026-05-08T02:20:24.278861+00:00,DL1700,N956DZ,DL,ATL,MEM
DAL3143-1777868720-fa-1126p,2026-05-06T22:24:00,2026-05-06T21:54:00Z,-30.0,-11.0,0,0,2026-05-08T02:22:15.086205+00:00,DL3143,N955AT,DL,LEX,ATL
DAL1381-1777868568-fa-794p,2026-05-06T21:53:00,2026-05-06T21:54:00Z,1.0,2.0,0,0,2026-05-08T02:22:15.086205+00:00,DL1381,N959DZ,DL,CHS,ATL
DAL528-1777867532-fa-786p,2026-05-06T21:46:00,2026-05-06T21:53:00Z,7.0,6.0,0,0,2026-05-08T02:22:15.086205+00:00,DL528,N6715C,DL,LAX,ATL
DAL2539-1777868735-fa-568p,2026-05-06T22:19:00,2026-05-06T21:53:00Z,-26.0,-6.0,0,0,2026-05-08T02:22:15.086205+00:00,DL2539,N959AT,DL,GSO,ATL
DAL2747-1777868551-fa-184p,2026-05-06T22:08:00,2026-05-06T21:52:00Z,-16.0,-8.0,0,0,2026-05-08T02:22:15.086205+00:00,DL2747,N942DZ,DL,MCI,ATL
EDV5308-1777840102-fa-1921p,2026-05-06T22:04:00,2026-05-06T21:52:00Z,-12.0,1.0,0,0,2026-05-08T02:22:15.086205+00:00,9E5308,N297PQ,9E,LFT,ATL
SWA286-1777876911-airline-1160p,2026-05-06T22:00:00,2026-05-06T21:51:00Z,-9.0,-4.0,0,0,2026-05-08T02:20:24.278861+00:00,WN286,N7732A,WN,ATL,TPA
EDV5503-1777846779-fa-500p,2026-05-06T22:13:00,2026-05-06T21:51:00Z,-22.0,-15.0,0,0,2026-05-08T02:22:15.086205+00:00,9E5503,N601LR,9E,XNA,ATL
UAL702-1777840155-fa-395p,2026-05-06T22:09:00,2026-05-06T21:49:00Z,-20.0,-2.0,0,0,2026-05-08T02:22:15.086205+00:00,UA702,N27323,UA,SFO,ATL
DAL1800-1777868277-fa-1392p,2026-05-06T22:15:00,2026-05-06T21:49:00Z,-26.0,-6.0,0,0,2026-05-08T02:22:15.086205+00:00,DL1800,N3751B,DL,MBJ,ATL
AAL1811-1777875601-airline-1754p,2026-05-06T21:34:00,2026-05-06T21:49:00Z,15.0,29.0,0,0,2026-05-08T02:22:15.086205+00:00,AA1811,N343SY,AA,DFW,ATL
DAL2627-1777868702-fa-1140p,2026-05-06T21:53:00,2026-05-06T21:48:00Z,-5.0,-3.0,0,0,2026-05-08T02:20:24.278861+00:00,DL2627,N821DX,DL,ATL,JAX
SWA4529-1777872785-airline-862p,2026-05-06T21:55:00,2026-05-06T21:48:00Z,-7.0,-6.0,0,0,2026-05-08T02:22:15.086205+00:00,WN4529,N8915Q,WN,TPA,ATL
DAL1693-1777868534-fa-369p,2026-05-06T21:50:00,2026-05-06T21:47:00Z,-3.0,-4.0,0,0,2026-05-08T02:20:24.278861+00:00,DL1693,N931DQ,DL,ATL,BNA
SWA1275-1777873095-airline-1177p,2026-05-06T21:35:00,2026-05-06T21:47:00Z,12.0,22.0,0,0,2026-05-08T02:22:15.086205+00:00,WN1275,N7738A,WN,DAL,ATL
UAL462-1777853112-fa-462p,2026-05-06T21:55:00,2026-05-06T21:46:00Z,-9.0,8.0,0,0,2026-05-08T02:22:15.086205+00:00,UA462,N14704,UA,IAH,ATL
DAL2211-1777868723-fa-714p,2026-05-06T21:40:00,2026-05-06T21:43:00Z,3.0,6.0,0,0,2026-05-08T02:20:24.278861+00:00,DL2211,N948AT,DL,ATL,PNS
SWA2088-1777880845-airline-1192p,2026-05-06T21:30:00,2026-05-06T21:43:00Z,13.0,10.0,0,0,2026-05-08T02:22:15.086205+00:00,WN2088,N8716B,WN,MCO,ATL
FFT1550-1777880967-airline-1312p,2026-05-06T21:35:00,2026-05-06T21:42:00Z,7.0,2.0,0,0,2026-05-08T02:20:24.278861+00:00,F91550,N630FR,F9,ATL,JAX
SKW3935-1777835841-fa-1925p,2026-05-06T20:24:00,2026-05-06T21:42:00Z,78.0,78.0,0,0,2026-05-08T02:20:24.278861+00:00,OO3935,N244SY,OO,ATL,MOB
DAL3043-1777868738-fa-161p,2026-05-06T21:58:00,2026-05-06T21:40:00Z,-18.0,-8.0,0,0,2026-05-08T02:20:24.278861+00:00,DL3043,N974AT,DL,ATL,MLB
DAL638-1777867674-fa-83p,2026-05-06T21:54:00,2026-05-06T21:39:00Z,-15.0,-3.0,0,0,2026-05-08T02:22:15.086205+00:00,DL638,N359DN,DL,BOS,ATL
DAL2990-1777868690-fa-935p,2026-05-06T21:10:00,2026-05-06T21:39:00Z,29.0,24.0,0,0,2026-05-08T02:22:15.086205+00:00,DL2990,N900PC,DL,JAX,ATL
DAL1246-1777868253-fa-944p,2026-05-06T21:51:00,2026-05-06T21:38:00Z,-13.0,-4.0,0,0,2026-05-08T02:22:15.086205+00:00,DL1246,N3752,DL,MKE,ATL
SWA461-1777872785-airline-912p,2026-05-06T21:45:00,2026-05-06T21:38:00Z,-7.0,2.0,0,0,2026-05-08T02:22:15.086205+00:00,WN461,N932WN,WN,STL,ATL
DAL1805-1777868184-fa-281p,2026-05-06T21:53:00,2026-05-06T21:38:00Z,-15.0,-6.0,0,0,2026-05-08T02:22:15.086205+00:00,DL1805,N3755D,DL,SAP,ATL
DAL2279-1777867721-fa-321p,2026-05-06T21:53:00,2026-05-06T21:36:00Z,-17.0,-4.0,0,0,2026-05-08T02:22:15.086205+00:00,DL2279,N334DN,DL,PHL,ATL
DAL2020-1777868454-fa-618p,2026-05-06T22:01:00,2026-05-06T21:35:00Z,-26.0,-10.0,0,0,2026-05-08T02:22:15.086205+00:00,DL2020,N821DN,DL,OKC,ATL
DAL2571-1777868735-fa-573p,2026-05-06T19:03:00,2026-05-06T21:34:00Z,151.0,22.0,0,0,2026-05-08T02:20:24.278861+00:00,DL2571,N892AT,DL,ATL,MYR
JIA5049-1777872223-airline-237p,2026-05-06T20:02:00,2026-05-06T21:34:00Z,92.0,91.0,0,0,2026-05-08T02:22:15.086205+00:00,OH5049,N550NN,OH,CLT,ATL
EDV5376-1777873906-airline-1675p,2026-05-06T21:44:00,2026-05-06T21:33:00Z,-11.0,-5.0,0,0,2026-05-08T02:20:24.278861+00:00,9E5376,N928XJ,9E,ATL,CHA
DAL3026-1777868738-fa-1052p,2026-05-06T21:42:00,2026-05-06T21:32:00Z,-10.0,-4.0,0,0,2026-05-08T02:20:24.278861+00:00,DL3026,N992AT,DL,ATL,HSV
EDV5245-1777871014-airline-309p,2026-05-06T20:51:00,2026-05-06T21:32:00Z,41.0,44.0,0,0,2026-05-08T02:20:24.278861+00:00,9E5245,N354CA,9E,ATL,BQK
DAL1834-1777868730-fa-1174p,2026-05-06T21:08:00,2026-05-06T21:32:00Z,24.0,-7.0,0,0,2026-05-08T02:20:24.278861+00:00,DL1834,N894AT,DL,ATL,TYS
DAL583-1777867879-fa-170p,2026-05-06T22:00:00,2026-05-06T21:32:00Z,-28.0,-14.0,0,0,2026-05-08T02:22:15.086205+00:00,DL583,N346NB,DL,BDA,ATL
DAL1823-1777867536-fa-955p,2026-05-06T21:32:00,2026-05-06T21:32:00Z,0.0,0.0,0,0,2026-05-08T02:22:15.086205+00:00,DL1823,N690DL,DL,STT,ATL
DAL3101-1777868742-fa-219p,2026-05-06T21:10:00,2026-05-06T21:31:00Z,21.0,15.0,0,0,2026-05-08T02:20:24.278861+00:00,DL3101,N906AT,DL,ATL,AVL
DAL1884-1777868293-fa-1491p,2026-05-06T21:28:00,2026-05-06T21:31:00Z,3.0,-3.0,0,0,2026-05-08T02:22:15.086205+00:00,DL1884,N3760C,DL,ORD,ATL
FFT2198-1777870984-airline-556p,2026-05-06T21:19:00,2026-05-06T21:30:00Z,11.0,-2.0,0,0,2026-05-08T02:22:15.086205+00:00,F92198,N655FR,F9,ORD,ATL
EDV5537-1777861715-fa-3238p,2026-05-06T21:41:00,2026-05-06T21:28:00Z,-13.0,-7.0,0,0,2026-05-08T02:20:24.278861+00:00,9E5537,N582CA,9E,ATL,AGS
DAL1579-1777867709-fa-1095p,2026-05-06T21:23:00,2026-05-06T21:28:00Z,5.0,14.0,0,0,2026-05-08T02:22:15.086205+00:00,DL1579,N360DN,DL,MIA,ATL
DAL2252-1777868738-fa-1064p,2026-05-06T21:32:00,2026-05-06T21:27:00Z,-5.0,7.0,0,0,2026-05-08T02:22:15.086205+00:00,DL2252,N930AT,DL,MEM,ATL
DAL1802-1777867661-fa-1303p,2026-05-06T21:45:00,2026-05-06T21:27:00Z,-18.0,-13.0,0,0,2026-05-08T02:22:15.086205+00:00,DL1802,N343DN,DL,BZE,ATL
AFR32-1777876875-airline-1142p,2026-05-06T21:25:00,2026-05-06T21:27:00Z,2.0,-6.0,0,0,2026-05-08T02:22:15.086205+00:00,AF32,F-GSPU,AF,CDG,ATL
DAL1742-1777868361-fa-924p,2026-05-06T21:40:00,2026-05-06T21:26:00Z,-14.0,-7.0,0,0,2026-05-08T02:20:24.278861+00:00,DL1742,N940DU,DL,ATL,MCO
DAL1976-1777867608-fa-1337p,2026-05-06T21:55:00,2026-05-06T21:25:00Z,-30.0,-16.0,0,0,2026-05-08T02:22:15.086205+00:00,DL1976,N317DN,DL,NAS,ATL
DAL974-1777867761-fa-166p,2026-05-06T21:36:00,2026-05-06T21:25:00Z,-11.0,8.0,0,0,2026-05-08T02:22:15.086205+00:00,DL974,N392DN,DL,LGA,ATL
DAL1554-1777867669-fa-928p,2026-05-06T21:13:00,2026-05-06T21:24:00Z,11.0,27.0,0,0,2026-05-08T02:22:15.086205+00:00,DL1554,N348DN,DL,FLL,ATL
DAL1195-1777868739-fa-1622p,2026-05-06T20:32:00,2026-05-06T21:24:00Z,52.0,60.0,0,0,2026-05-08T02:22:15.086205+00:00,DL1195,N929AT,DL,HOU,ATL
ETD13-1777872375-airline-4251p,2026-05-06T20:30:00,2026-05-06T21:24:00Z,54.0,-7.0,0,0,2026-05-08T02:22:15.086205+00:00,EY13,A6-BNE,EY,AUH,ATL
DAL597-1777867719-fa-317p,2026-05-06T21:35:00,2026-05-06T21:22:00Z,-13.0,0.0,0,0,2026-05-08T02:22:15.086205+00:00,DL597,N365DN,DL,CUN,ATL
DAL1866-1777868003-fa-425p,2026-05-06T21:40:00,2026-05-06T21:22:00Z,-18.0,-9.0,0,0,2026-05-08T02:22:15.086205+00:00,DL1866,N378NW,DL,MTY,ATL
DAL3112-1777868557-fa-336p,2026-05-06T21:31:00,2026-05-06T21:21:00Z,-10.0,-7.0,0,0,2026-05-08T02:20:24.278861+00:00,DL3112,N946DZ,DL,ATL,SAV
DAL2235-1777867976-fa-1270p,2026-05-06T20:38:00,2026-05-06T21:20:00Z,42.0,1.0,0,0,2026-05-08T02:22:15.086205+00:00,DL2235,N339NW,DL,DEN,ATL
DAL31-1777867580-fa-1456p,2026-05-06T21:45:00,2026-05-06T21:20:00Z,-25.0,-13.0,0,0,2026-05-08T02:22:15.086205+00:00,DL31,N825MH,DL,LHR,ATL
DAL2484-1777868734-fa-317p,2026-05-06T21:26:00,2026-05-06T21:17:00Z,-9.0,-3.0,0,0,2026-05-08T02:20:24.278861+00:00,DL2484,N998AT,DL,ATL,BHM
DAL1408-1777868033-fa-913p,2026-05-06T21:22:00,2026-05-06T21:16:00Z,-6.0,5.0,0,0,2026-05-08T02:22:15.086205+00:00,DL1408,N366NW,DL,SAT,ATL
EDV5325-1777870516-airline-1488p,2026-05-06T20:08:00,2026-05-06T21:15:00Z,67.0,70.0,0,0,2026-05-08T02:22:15.086205+00:00,9E5325,N279PQ,9E,TYS,ATL
DAL1720-1777868698-fa-460p,2026-05-06T21:28:00,2026-05-06T21:15:00Z,-13.0,-3.0,0,0,2026-05-08T02:22:15.086205+00:00,DL1720,N6716C,DL,TPA,ATL
DAL1266-1777867600-fa-676p,2026-05-06T21:41:00,2026-05-06T21:15:00Z,-26.0,-12.0,0,0,2026-05-08T02:22:15.086205+00:00,DL1266,N346DN,DL,PBI,ATL
DAL3032-1777868743-fa-881p,2026-05-06T20:59:00,2026-05-06T21:14:00Z,15.0,18.0,0,0,2026-05-08T02:20:24.278861+00:00,DL3032,N603AT,DL,ATL,CAE
DAL1302-1777868721-fa-491p,2026-05-06T21:30:00,2026-05-06T21:14:00Z,-16.0,-4.0,0,0,2026-05-08T02:22:15.086205+00:00,DL1302,N945AT,DL,CHA,ATL
FFT4702-1777877850-airline-1312p,2026-05-06T21:40:00,2026-05-06T21:14:00Z,-26.0,1.0,0,0,2026-05-08T02:22:15.086205+00:00,F94702,,F9,AUS,ATL
DAL2812-1777868730-fa-243p,2026-05-06T21:13:00,2026-05-06T21:12:00Z,-1.0,-6.0,0,0,2026-05-08T02:20:24.278861+00:00,DL2812,N717JL,DL,ATL,GSO
EDV5287-1777871014-airline-335p,2026-05-06T21:27:00,2026-05-06T21:08:00Z,-19.0,-13.0,0,0,2026-05-08T02:20:24.278861+00:00,9E5287,N272PQ,9E,ATL,ABY
EDV5364-1777870954-airline-592p,2026-05-06T21:05:00,2026-05-06T21:08:00Z,3.0,-7.0,0,0,2026-05-08T02:22:15.086205+00:00,9E5364,N293PQ,9E,HSV,ATL
EDV5339-1777850062-fa-612p,2026-05-06T21:47:00,2026-05-06T21:07:00Z,-40.0,-31.0,0,0,2026-05-08T02:22:15.086205+00:00,9E5339,N302PQ,9E,AVL,ATL
DAL3189-1777868723-fa-738p,2026-05-06T21:10:00,2026-05-06T21:06:00Z,-4.0,-1.0,0,0,2026-05-08T02:20:24.278861+00:00,DL3189,N953AT,DL,ATL,CHS
DAL1752-1777868367-fa-1689p,2026-05-06T21:29:00,2026-05-06T21:06:00Z,-23.0,-15.0,0,0,2026-05-08T02:22:15.086205+00:00,DL1752,N871DN,DL,AUA,ATL
EDV5194-1777850410-fa-1755p,2026-05-06T21:19:00,2026-05-06T21:06:00Z,-13.0,-7.0,0,0,2026-05-08T02:22:15.086205+00:00,9E5194,N313PQ,9E,JAN,ATL
EDV5263-1777870860-airline-593p,2026-05-06T21:05:00,2026-05-06T21:06:00Z,1.0,7.0,0,0,2026-05-08T02:22:15.086205+00:00,9E5263,N678CA,9E,AGS,ATL
FFT1407-1777880967-airline-1292p,2026-05-06T21:08:00,2026-05-06T21:05:00Z,-3.0,-6.0,0,0,2026-05-08T02:22:15.086205+00:00,F91407,N634FR,F9,BUF,ATL
FFT3975-1777877850-airline-1250p,2026-05-06T20:58:00,2026-05-06T21:05:00Z,7.0,12.0,0,0,2026-05-08T02:22:15.086205+00:00,F93975,N349FR,F9,MCO,ATL
SWA485-1777872785-airline-970p,2026-05-06T21:00:00,2026-05-06T21:04:00Z,4.0,9.0,0,0,2026-05-08T02:22:15.086205+00:00,WN485,N8613K,WN,BWI,ATL
DAL3083-1777868741-fa-4451p,2026-05-06T21:14:00,2026-05-06T21:03:00Z,-11.0,-9.0,0,0,2026-05-08T02:22:15.086205+00:00,DL3083,N922AT,DL,VPS,ATL
DAL3193-1777868741-fa-3978p,2026-05-06T21:10:00,2026-05-06T21:03:00Z,-7.0,-2.0,0,0,2026-05-08T02:22:15.086205+00:00,DL3193,N926AT,DL,CAE,ATL
DAL1317-1777868070-fa-80p,2026-05-06T21:28:00,2026-05-06T21:01:00Z,-27.0,-2.0,0,0,2026-05-08T02:22:15.086205+00:00,DL1317,N860NW,DL,PHX,ATL
DAL188-1777868128-fa-61p,2026-05-06T21:05:00,2026-05-06T21:00:00Z,-5.0,18.0,0,0,2026-05-08T02:22:15.086205+00:00,DL188,N521DN,DL,ICN,ATL
DAL75-1777868083-fa-923p,2026-05-06T20:52:00,2026-05-06T20:58:00Z,6.0,-2.0,0,0,2026-05-08T02:22:15.086205+00:00,DL75,N417DX,DL,AMS,ATL
DAL2011-1777867653-fa-42p,2026-05-06T21:11:00,2026-05-06T20:57:00Z,-14.0,0.0,0,0,2026-05-08T02:22:15.086205+00:00,DL2011,N330DX,DL,AUS,ATL
DAL927-1777868693-fa-1780p,2026-05-06T20:55:00,2026-05-06T20:57:00Z,2.0,3.0,0,0,2026-05-08T02:22:15.086205+00:00,DL927,N6705Y,DL,LAS,ATL
SWA799-1777881901-airline-1714p,2026-05-06T20:55:00,2026-05-06T20:56:00Z,1.0,-2.0,0,0,2026-05-08T02:22:15.086205+00:00,WN799,N431WN,WN,BNA,ATL
DAL1757-1777867245-fa-925p,2026-05-06T20:57:00,2026-05-06T20:55:00Z,-2.0,-1.0,0,0,2026-05-08T02:22:15.086205+00:00,DL1757,N687DL,DL,SJU,ATL
SKW3869-1777873157-airline-1190p,2026-05-06T20:00:00,2026-05-06T20:54:00Z,54.0,54.0,0,0,2026-05-08T02:22:15.086205+00:00,OO3869,N304SY,OO,OAJ,ATL
DAL1013-1777868742-fa-420p,2026-05-06T21:13:00,2026-05-06T20:54:00Z,-19.0,-12.0,0,0,2026-05-08T02:22:15.086205+00:00,DL1013,N937AT,DL,PNS,ATL
DAL1870-1777868468-fa-896p,2026-05-06T21:13:00,2026-05-06T20:53:00Z,-20.0,-15.0,0,0,2026-05-08T02:22:15.086205+00:00,DL1870,N883DN,DL,GCM,ATL
DAL1872-1777868172-fa-1112p,2026-05-06T21:18:00,2026-05-06T20:53:00Z,-25.0,-24.0,0,0,2026-05-08T02:22:15.086205+00:00,DL1872,N381DN,DL,PLS,ATL
DAL1082-1777867594-fa-1216p,2026-05-06T20:55:00,2026-05-06T20:52:00Z,-3.0,-6.0,0,0,2026-05-08T02:22:15.086205+00:00,DL1082,N323DN,DL,BDL,ATL
EDV5519-1777840105-fa-640p,2026-05-06T21:21:00,2026-05-06T20:51:00Z,-30.0,-16.0,0,0,2026-05-08T02:22:15.086205+00:00,9E5519,N324PQ,9E,TRI,ATL
DAL1549-1777868726-fa-305p,2026-05-06T20:58:00,2026-05-06T20:51:00Z,-7.0,-6.0,0,0,2026-05-08T02:22:15.086205+00:00,DL1549,N967AT,DL,TLH,ATL
AAL2737-1777871343-airline-764p,2026-05-06T20:53:00,2026-05-06T20:50:00Z,-3.0,-6.0,0,0,2026-05-08T02:22:15.086205+00:00,AA2737,N4005X,AA,ORD,ATL
EDV5163-1777846771-fa-1011p,2026-05-06T20:54:00,2026-05-06T20:48:00Z,-6.0,-3.0,0,0,2026-05-08T02:22:15.086205+00:00,9E5163,N901XJ,9E,CRW,ATL
DAL2692-1777868561-fa-891p,2026-05-06T20:40:00,2026-05-06T20:48:00Z,8.0,8.0,0,0,2026-05-08T02:22:15.086205+00:00,DL2692,N950DZ,DL,BNA,ATL
DAL2827-1777868561-fa-270p,2026-05-06T20:47:00,2026-05-06T20:48:00Z,1.0,0.0,0,0,2026-05-08T02:22:15.086205+00:00,DL2827,N822DN,DL,DAB,ATL
EDV5361-1777877538-airline-544p,2026-05-06T20:15:00,2026-05-06T20:47:00Z,32.0,34.0,0,0,2026-05-08T02:22:15.086205+00:00,9E5361,N292PQ,9E,CHA,ATL
RPA5817-1777870516-airline-1399p,2026-05-06T17:26:00,2026-05-06T20:46:00Z,200.0,215.0,0,0,2026-05-08T02:22:15.086205+00:00,YX5817,N860RW,YX,HHH,ATL
DAL409-1777868571-fa-2018p,2026-05-06T20:53:00,2026-05-06T20:45:00Z,-8.0,0.0,0,0,2026-05-08T02:22:15.086205+00:00,DL409,N932DZ,DL,MSY,ATL
DAL1755-1777867614-fa-1728p,2026-05-06T20:52:00,2026-05-06T20:44:00Z,-8.0,0.0,0,0,2026-05-08T02:22:15.086205+00:00,DL1755,N321DH,DL,PUJ,ATL
DAL2135-1777867950-fa-136p,2026-05-06T20:45:00,2026-05-06T20:43:00Z,-2.0,-5.0,0,0,2026-05-08T02:22:15.086205+00:00,DL2135,N353NW,DL,IAD,ATL
SWA279-1777876911-airline-1106p,2026-05-06T20:45:00,2026-05-06T20:43:00Z,-2.0,9.0,0,0,2026-05-08T02:22:15.086205+00:00,WN279,N927WN,WN,AUS,ATL
DAL322-1777867589-fa-1254p,2026-05-06T20:50:00,2026-05-06T20:42:00Z,-8.0,-5.0,0,0,2026-05-08T02:22:15.086205+00:00,DL322,N335DN,DL,BOS,ATL
DAL2620-1777868728-fa-118p,2026-05-06T20:52:00,2026-05-06T20:41:00Z,-11.0,7.0,0,0,2026-05-08T02:22:15.086205+00:00,DL2620,N965AT,DL,TUL,ATL
DAL885-1777868654-fa-8p,2026-05-06T20:31:00,2026-05-06T20:41:00Z,10.0,16.0,0,0,2026-05-08T02:22:15.086205+00:00,DL885,N586DT,DL,SLC,ATL
DAL1150-1777868694-fa-610p,,2026-05-06T20:36:00Z,-4.0,-1.0,0,0,2026-05-06T20:42:58.222769+00:00,,,,,
DAL1695-1777868309-fa-5516p,,2026-05-06T20:36:00Z,5.0,-6.0,0,0,2026-05-06T20:42:58.222769+00:00,,,,,
DAL1485-1777868564-fa-1004p,,2026-05-06T20:33:00Z,1.0,-8.0,0,0,2026-05-06T20:42:58.222769+00:00,,,,,
DAL759-1777867585-fa-1247p,,2026-05-06T20:32:00Z,-13.0,-7.0,0,0,2026-05-06T20:42:58.222769+00:00,,,,,
DAL1228-1777868700-fa-1408p,,2026-05-06T20:30:00Z,32.0,29.0,0,0,2026-05-06T20:37:55.193630+00:00,,,,,
AAL3295-1777876411-airline-348p,,2026-05-06T20:30:00Z,46.0,73.0,0,0,2026-05-06T20:37:55.193630+00:00,,,,,
FFT2171-1777880967-airline-1376p,,2026-05-06T20:30:00Z,-4.0,-11.0,0,0,2026-05-06T20:37:55.193630+00:00,,,,,
DAL2720-1777867596-fa-1281p,,2026-05-06T20:30:00Z,-4.0,-1.0,0,0,2026-05-06T20:42:58.222769+00:00,,,,,
DAL501-1777867547-fa-143p,,2026-05-06T20:30:00Z,0.0,-6.0,0,0,2026-05-06T20:42:58.222769+00:00,,,,,
SKW3648-1777835921-fa-1216p,,2026-05-06T20:29:00Z,85.0,78.0,0,0,2026-05-06T20:37:55.193630+00:00,,,,,
DAL3127-1777868733-fa-231p,,2026-05-06T20:27:00Z,-28.0,-13.0,0,0,2026-05-06T20:37:55.193630+00:00,,,,,
SWA4389-1777872785-airline-774p,,2026-05-06T20:27:00Z,17.0,-1.0,0,0,2026-05-06T20:42:58.222769+00:00,,,,,
DAL1928-1777868289-fa-1688p,,2026-05-06T20:26:00Z,-23.0,-12.0,0,0,2026-05-06T20:37:55.193630+00:00,,,,,
DAL3094-1777868562-fa-249p,,2026-05-06T20:26:00Z,0.0,0.0,0,0,2026-05-06T20:42:58.222769+00:00,,,,,
EDV5379-1777850067-fa-1293p,,2026-05-06T20:25:00Z,-23.0,-11.0,0,0,2026-05-06T20:37:55.193630+00:00,,,,,
SWA205-1777880845-airline-1146p,,2026-05-06T20:24:00Z,-1.0,-5.0,0,0,2026-05-06T20:42:58.222769+00:00,,,,,
DAL2200-1777867653-fa-356p,,2026-05-06T20:23:00Z,-17.0,-2.0,0,0,2026-05-06T20:37:55.193630+00:00,,,,,
DAL576-1777868298-fa-925p,,2026-05-06T20:23:00Z,-26.0,-5.0,0,0,2026-05-06T20:37:55.193630+00:00,,,,,
DAL2131-1777867662-fa-408p,,2026-05-06T20:23:00Z,12.0,0.0,0,0,2026-05-06T20:42:58.222769+00:00,,,,,
DAL2009-1777867588-fa-3621p,,2026-05-06T20:23:00Z,0.0,-5.0,0,0,2026-05-06T20:42:58.222769+00:00,,,,,
DAL3195-1777868723-fa-728p,,2026-05-06T20:22:00Z,-20.0,-14.0,0,0,2026-05-06T20:37:55.193630+00:00,,,,,
DAL988-1777868635-fa-378p,,2026-05-06T20:22:00Z,-5.0,-2.0,0,0,2026-05-06T20:37:55.193630+00:00,,,,,
JZA8506-1777874593-airline-507p,,2026-05-06T20:22:00Z,-19.0,-9.0,0,0,2026-05-06T20:42:58.222769+00:00,,,,,
DAL1048-1777868700-fa-1415p,,2026-05-06T20:21:00Z,9.0,9.0,0,0,2026-05-06T20:37:55.193630+00:00,,,,,
JZA8503-1777874593-airline-506p,,2026-05-06T20:20:00Z,0.0,-6.0,0,0,2026-05-06T20:37:55.193630+00:00,,,,,
DAL1353-1777867737-fa-1090p,,2026-05-06T20:20:00Z,1.0,-1.0,0,0,2026-05-06T20:42:58.222769+00:00,,,,,
DAL1153-1777867536-fa-89p,,2026-05-06T20:18:00Z,43.0,42.0,0,0,2026-05-06T20:37:55.193630+00:00,,,,,
SWA3462-1777871111-airline-850p,,2026-05-06T20:18:00Z,-22.0,4.0,0,0,2026-05-06T20:37:55.193630+00:00,,,,,
DAL2329-1777868547-fa-2463p,,2026-05-06T20:18:00Z,-6.0,-2.0,0,0,2026-05-06T20:42:58.222769+00:00,,,,,
DAL2763-1777868732-fa-1597p,,2026-05-06T20:16:00Z,-15.0,-13.0,0,0,2026-05-06T20:37:55.193630+00:00,,,,,
DAL414-1777867933-fa-669p,,2026-05-06T20:16:00Z,-20.0,0.0,0,0,2026-05-06T20:37:55.193630+00:00,,,,,
DAL3030-1777868742-fa-220p,,2026-05-06T20:15:00Z,51.0,62.0,0,0,2026-05-06T20:37:55.193630+00:00,,,,,
DAL3031-1777868736-fa-891p,,2026-05-06T20:15:00Z,-11.0,-6.0,0,0,2026-05-06T20:42:58.222769+00:00,,,,,
DAL665-1777867611-fa-511p,,2026-05-06T20:15:00Z,99.0,85.0,0,0,2026-05-06T20:42:58.222769+00:00,,,,,
DAL1947-1777868498-fa-1698p,,2026-05-06T20:14:00Z,-19.0,-2.0,0,0,2026-05-06T20:42:58.222769+00:00,,,,,
FFT1080-1777880967-airline-1239p,,2026-05-06T20:13:00Z,-9.0,0.0,0,0,2026-05-06T20:42:58.222769+00:00,,,,,
RPA4579-1777871812-airline-467p,,2026-05-06T20:13:00Z,-24.0,-5.0,0,0,2026-05-06T20:42:58.222769+00:00,,,,,
FFT1403-1777870984-airline-464p,,2026-05-06T20:13:00Z,0.0,-7.0,0,0,2026-05-06T20:42:58.222769+00:00,,,,,
DAL921-1777867596-fa-942p,,2026-05-06T20:13:00Z,-1.0,1.0,0,0,2026-05-06T20:42:58.222769+00:00,,,,,
DAL1273-1777868726-fa-313p,,2026-05-06T20:12:00Z,6.0,-5.0,0,0,2026-05-06T20:37:55.193630+00:00,,,,,
EDV4920-1777878038-airline-1105p,,2026-05-06T20:12:00Z,-8.0,-24.0,0,0,2026-05-06T20:37:55.193630+00:00,,,,,
DAL1379-1777868698-fa-1630p,,2026-05-06T20:12:00Z,-11.0,-3.0,0,0,2026-05-06T20:42:58.222769+00:00,,,,,
DAL1502-1777868130-fa-280p,,2026-05-06T20:11:00Z,-16.0,1.0,0,0,2026-05-06T20:37:55.193630+00:00,,,,,
DAL872-1777868726-fa-1601p,,2026-05-06T20:11:00Z,-3.0,-7.0,0,0,2026-05-06T20:42:58.222769+00:00,,,,,
DAL1067-1777868540-fa-200p,,2026-05-06T20:10:00Z,-16.0,-9.0,0,0,2026-05-06T20:37:55.193630+00:00,,,,,
DAL1946-1777868698-fa-458p,,2026-05-06T20:10:00Z,-13.0,-11.0,0,0,2026-05-06T20:42:58.222769+00:00,,,,,
SWA3237-1777871111-airline-640p,,2026-05-06T20:09:00Z,29.0,25.0,0,0,2026-05-06T20:37:55.193630+00:00,,,,,
DAL1099-1777867638-fa-256p,,2026-05-06T20:09:00Z,52.0,60.0,0,0,2026-05-06T20:37:55.193630+00:00,,,,,
SWA1395-1777873095-airline-1303p,,2026-05-06T20:09:00Z,-6.0,-4.0,0,0,2026-05-06T20:42:58.222769+00:00,,,,,
DAL2825-1777868674-fa-1271p,,2026-05-06T20:09:00Z,-14.0,-5.0,0,0,2026-05-06T20:42:58.222769+00:00,,,,,
DAL2711-1777868458-fa-811p,,2026-05-06T20:07:00Z,-7.0,-6.0,0,0,2026-05-06T20:37:55.193630+00:00,,,,,
DAL2730-1777868734-fa-310p,,2026-05-06T20:07:00Z,-8.0,-7.0,0,0,2026-05-06T20:42:58.222769+00:00,,,,,
DAL894-1777867533-fa-987p,,2026-05-06T20:07:00Z,7.0,0.0,0,0,2026-05-06T20:42:58.222769+00:00,,,,,
DAL1190-1777867658-fa-312p,,2026-05-06T20:06:00Z,-12.0,-2.0,0,0,2026-05-06T20:37:55.193630+00:00,,,,,
DAL1345-1777867539-fa-4282p,,2026-05-06T20:06:00Z,5.0,-1.0,0,0,2026-05-06T20:37:55.193630+00:00,,,,,
DAL3060-1777868724-fa-178p,,2026-05-06T20:05:00Z,-15.0,-17.0,0,0,2026-05-06T20:37:55.193630+00:00,,,,,
EDV5423-1777846254-fa-2155p,,2026-05-06T20:05:00Z,-13.0,-3.0,0,0,2026-05-06T20:37:55.193630+00:00,,,,,
DAL9976-1777867887-fa-903p,,2026-05-06T20:05:00Z,0.0,-2.0,0,0,2026-05-06T20:37:55.193630+00:00,,,,,
ENY4087-1777872909-airline-1297p,,2026-05-06T20:04:00Z,11.0,6.0,0,0,2026-05-06T20:37:55.193630+00:00,,,,,
DAL215-1777868093-fa-258p,,2026-05-06T20:04:00Z,83.0,77.0,0,0,2026-05-06T20:37:55.193630+00:00,,,,,
DAL1125-1777868727-fa-822p,,2026-05-06T20:04:00Z,-9.0,-7.0,0,0,2026-05-06T20:42:58.222769+00:00,,,,,
DAL1949-1777868290-fa-55p,,2026-05-06T20:03:00Z,-14.0,0.0,0,0,2026-05-06T20:42:58.222769+00:00,,,,,
DAL2438-1777868564-fa-993p,,2026-05-06T20:02:00Z,103.0,19.0,0,0,2026-05-06T20:42:58.222769+00:00,,,,,
DAL1420-1777868732-fa-1916p,,2026-05-06T20:00:00Z,-11.0,-2.0,0,0,2026-05-06T20:37:55.193630+00:00,,,,,
DAL1035-1777867665-fa-359p,,2026-05-06T20:00:00Z,-3.0,10.0,0,0,2026-05-06T20:37:55.193630+00:00,,,,,
DAL3163-1777868564-fa-1001p,,2026-05-06T20:00:00Z,-14.0,-10.0,0,0,2026-05-06T20:42:58.222769+00:00,,,,,
DAL3133-1777868726-fa-1610p,,2026-05-06T19:59:00Z,-10.0,-2.0,0,0,2026-05-06T20:42:58.222769+00:00,,,,,
DAL2539-1777868735-fa-571p,,2026-05-06T19:59:00Z,-11.0,-3.0,0,0,2026-05-06T20:42:58.222769+00:00,,,,,
DAL360-1777868011-fa-1067p,,2026-05-06T19:59:00Z,63.0,53.0,0,0,2026-05-06T20:42:58.222769+00:00,,,,,
DAL1945-1777868508-fa-1192p,,2026-05-06T19:59:00Z,-5.0,-6.0,0,0,2026-05-06T20:42:58.222769+00:00,,,,,
FFT4891-1777870984-airline-737p,,2026-05-06T19:59:00Z,6.0,-2.0,0,0,2026-05-06T20:42:58.222769+00:00,,,,,
UAL2345-1777853112-fa-453p,,2026-05-06T19:58:00Z,-18.0,-5.0,0,0,2026-05-06T20:37:55.193630+00:00,,,,,
DAL1137-1777867960-fa-260p,,2026-05-06T19:58:00Z,13.0,18.0,0,0,2026-05-06T20:37:55.193630+00:00,,,,,
AAL1810-1777875601-airline-1752p,,2026-05-06T19:58:00Z,12.0,26.0,0,0,2026-05-06T20:37:55.193630+00:00,,,,,
DAL512-1777868728-fa-2889p,,2026-05-06T19:58:00Z,-5.0,0.0,0,0,2026-05-06T20:42:58.222769+00:00,,,,,
DAL175-1777867574-fa-1164p,,2026-05-06T19:57:00Z,-4.0,-6.0,0,0,2026-05-06T20:37:55.193630+00:00,,,,,
DAL641-1777867588-fa-4782p,,2026-05-06T19:56:00Z,-30.0,-21.0,0,0,2026-05-06T20:37:55.193630+00:00,,,,,
SKW3890-1777871079-airline-550p,,2026-05-06T19:56:00Z,69.0,56.0,0,0,2026-05-06T20:42:58.222769+00:00,,,,,
DAL1292-1777867703-fa-472p,,2026-05-06T19:56:00Z,-20.0,-5.0,0,0,2026-05-06T20:42:58.222769+00:00,,,,,
DAL3092-1777868558-fa-246p,,2026-05-06T19:55:00Z,-13.0,-5.0,0,0,2026-05-06T20:37:55.193630+00:00,,,,,
AAL1796-1777875601-airline-1738p,,2026-05-06T19:55:00Z,-14.0,-6.0,0,0,2026-05-06T20:37:55.193630+00:00,,,,,
DAL3143-1777868720-fa-1125p,,2026-05-06T19:54:00Z,-13.0,-2.0,0,0,2026-05-06T20:42:58.222769+00:00,,,,,
DAL193-1777867576-fa-2036p,,2026-05-06T19:53:00Z,8.0,4.0,0,0,2026-05-06T20:37:55.193630+00:00,,,,,
EDV4953-1777855117-fa-1248p,,2026-05-06T19:53:00Z,-24.0,-7.0,0,0,2026-05-06T20:37:55.193630+00:00,,,,,
SWA3217-1777871111-airline-618p,,2026-05-06T19:53:00Z,13.0,8.0,0,0,2026-05-06T20:37:55.193630+00:00,,,,,
DAL2710-1777868155-fa-975p,,2026-05-06T19:53:00Z,11.0,-9.0,0,0,2026-05-06T20:37:55.193630+00:00,,,,,
DAL2401-1777868495-fa-845p,,2026-05-06T19:52:00Z,2.0,7.0,0,0,2026-05-06T20:37:55.193630+00:00,,,,,
DAL663-1777868325-fa-3551p,,2026-05-06T19:52:00Z,5.0,0.0,0,0,2026-05-06T20:42:58.222769+00:00,,,,,
DAL3078-1777868723-fa-712p,,2026-05-06T19:51:00Z,6.0,-5.0,0,0,2026-05-06T20:37:55.193630+00:00,,,,,
DAL1055-1777868242-fa-1134p,,2026-05-06T19:51:00Z,-5.0,-14.0,0,0,2026-05-06T20:37:55.193630+00:00,,,,,
UAL2424-1777853112-fa-455p,,2026-05-06T19:50:00Z,26.0,0.0,0,0,2026-05-06T20:37:55.193630+00:00,,,,,
DAL2157-1777868737-fa-133p,,2026-05-06T19:49:00Z,-8.0,14.0,0,0,2026-05-06T20:37:55.193630+00:00,,,,,
DAL1488-1777868699-fa-842p,,2026-05-06T19:49:00Z,-8.0,-2.0,0,0,2026-05-06T20:37:55.193630+00:00,,,,,
DAL2925-1777868576-fa-247p,,2026-05-06T19:49:00Z,-9.0,-2.0,0,0,2026-05-06T20:37:55.193630+00:00,,,,,
SWA853-1777881901-airline-1761p,,2026-05-06T19:49:00Z,-1.0,11.0,0,0,2026-05-06T20:37:55.193630+00:00,,,,,
DAL838-1777867684-fa-502p,,2026-05-06T19:49:00Z,3.0,9.0,0,0,2026-05-06T20:42:58.222769+00:00,,,,,
EDV5468-1777870516-airline-1424p,,2026-05-06T19:48:00Z,-17.0,-13.0,0,0,2026-05-06T20:37:55.193630+00:00,,,,,
DAL1550-1777868559-fa-302p,,2026-05-06T19:48:00Z,-3.0,-3.0,0,0,2026-05-06T20:42:58.222769+00:00,,,,,
DAL3157-1777868514-fa-114p,,2026-05-06T19:48:00Z,25.0,26.0,0,0,2026-05-06T20:42:58.222769+00:00,,,,,
RPA4420-1777871812-airline-291p,,2026-05-06T19:48:00Z,4.0,-4.0,0,0,2026-05-06T20:42:58.222769+00:00,,,,,
DAL1539-1777868723-fa-681p,,2026-05-06T19:47:00Z,0.0,8.0,0,0,2026-05-06T20:42:58.222769+00:00,,,,,
DAL2266-1777867659-fa-210p,,2026-05-06T19:46:00Z,-7.0,-2.0,0,0,2026-05-06T20:42:58.222769+00:00,,,,,
DAL824-1777868678-fa-91p,,2026-05-06T19:46:00Z,28.0,11.0,0,0,2026-05-06T20:42:58.222769+00:00,,,,,
DAL2417-1777868732-fa-543p,,2026-05-06T19:44:00Z,-1.0,0.0,0,0,2026-05-06T20:37:55.193630+00:00,,,,,
DAL876-1777868732-fa-1921p,,2026-05-06T19:44:00Z,-17.0,-1.0,0,0,2026-05-06T20:37:55.193630+00:00,,,,,
DAL2779-1777867689-fa-511p,,2026-05-06T19:44:00Z,8.0,-3.0,0,0,2026-05-06T20:37:55.193630+00:00,,,,,
DAL2892-1777868198-fa-11p,,2026-05-06T19:44:00Z,-14.0,-3.0,0,0,2026-05-06T20:42:58.222769+00:00,,,,,
DAL602-1777868697-fa-912p,,2026-05-06T19:44:00Z,-11.0,-1.0,0,0,2026-05-06T20:42:58.222769+00:00,,,,,
DAL406-1777867536-fa-956p,,2026-05-06T19:44:00Z,8.0,-5.0,0,0,2026-05-06T20:42:58.222769+00:00,,,,,
DAL531-1777867517-fa-549p,,2026-05-06T19:44:00Z,11.0,-3.0,0,0,2026-05-06T20:42:58.222769+00:00,,,,,
DAL566-1777868533-fa-2527p,,2026-05-06T19:42:00Z,6.0,0.0,0,0,2026-05-06T20:37:55.193630+00:00,,,,,
SKW3805-1777835919-fa-1861p,,2026-05-06T19:42:00Z,406.0,417.0,0,0,2026-05-06T20:37:55.193630+00:00,,,,,
EDV5308-1777838303-fa-2378p,,2026-05-06T19:41:00Z,8.0,-5.0,0,0,2026-05-06T20:42:58.222769+00:00,,,,,
DAL346-1777867765-fa-905p,,2026-05-06T19:40:00Z,20.0,-2.0,0,0,2026-05-06T20:37:55.193630+00:00,,,,,
DAL1030-1777868702-fa-1049p,,2026-05-06T19:40:00Z,1.0,12.0,0,0,2026-05-06T20:37:55.193630+00:00,,,,,
DAL3014-1777868422-fa-833p,,2026-05-06T19:40:00Z,-14.0,-6.0,0,0,2026-05-06T20:42:58.222769+00:00,,,,,
DAL737-1777867944-fa-286p,,2026-05-06T19:39:00Z,3.0,4.0,0,0,2026-05-06T20:37:55.193630+00:00,,,,,
VIR103-1777871402-airline-534p,,2026-05-06T19:39:00Z,14.0,16.0,0,0,2026-05-06T20:37:55.193630+00:00,,,,,
DAL2542-1777868566-fa-616p,,2026-05-06T19:39:00Z,-11.0,-5.0,0,0,2026-05-06T20:37:55.193630+00:00,,,,,
DAL2547-1777868483-fa-399p,,2026-05-06T19:37:00Z,-8.0,5.0,0,0,2026-05-06T20:37:55.193630+00:00,,,,,
EDV5288-1777835126-fa-2298p,,2026-05-06T19:36:00Z,-20.0,-6.0,0,0,2026-05-06T20:37:55.193630+00:00,,,,,
FFT4700-1777877850-airline-1311p,,2026-05-06T19:36:00Z,11.0,0.0,0,0,2026-05-06T20:37:55.193630+00:00,,,,,
DAL3169-1777868443-fa-100p,,2026-05-06T19:36:00Z,20.0,26.0,0,0,2026-05-06T20:42:58.222769+00:00,,,,,
UAL1396-1777834373-fa-523p,,2026-05-06T19:36:00Z,-10.0,-7.0,0,0,2026-05-06T20:42:58.222769+00:00,,,,,
DAL9934-1778078796-fa-560p,,2026-05-06T19:35:00Z,-20.0,31.0,0,0,2026-05-06T20:42:58.222769+00:00,,,,,
DAL2778-1777868742-fa-264p,,2026-05-06T19:34:00Z,-10.0,0.0,0,0,2026-05-06T20:37:55.193630+00:00,,,,,
DAL2629-1777867949-fa-71p,,2026-05-06T19:34:00Z,-13.0,-7.0,0,0,2026-05-06T20:37:55.193630+00:00,,,,,
DAL1359-1777868738-fa-157p,,2026-05-06T19:34:00Z,-10.0,-10.0,0,0,2026-05-06T20:37:55.193630+00:00,,,,,
DAL706-1777867558-fa-818p,,2026-05-06T19:34:00Z,2.0,-5.0,0,0,2026-05-06T20:42:58.222769+00:00,,,,,
DAL2147-1777867842-fa-1711p,,2026-05-06T19:33:00Z,-8.0,-8.0,0,0,2026-05-06T20:37:55.193630+00:00,,,,,
DAL1323-1777867530-fa-365p,,2026-05-06T19:33:00Z,-2.0,3.0,0,0,2026-05-06T20:42:58.222769+00:00,,,,,
EDV5503-1777833291-fa-1649p,,2026-05-06T19:32:00Z,-10.0,-5.0,0,0,2026-05-06T20:42:58.222769+00:00,,,,,
DAL460-1777867779-fa-4449p,,2026-05-06T19:32:00Z,-10.0,-9.0,0,0,2026-05-06T20:42:58.222769+00:00,,,,,
ACA1570-1777873842-airline-1865p,,2026-05-06T19:32:00Z,-41.0,-16.0,0,0,2026-05-06T20:42:58.222769+00:00,,,,,
DAL2885-1777867993-fa-801p,,2026-05-06T19:31:00Z,-14.0,-4.0,0,0,2026-05-06T20:37:55.193630+00:00,,,,,
EDV5082-1777873157-airline-1114p,,2026-05-06T19:31:00Z,115.0,125.0,0,0,2026-05-06T20:37:55.193630+00:00,,,,,
EDV5325-1777877318-airline-1123p,,2026-05-06T19:31:00Z,71.0,52.0,0,0,2026-05-06T20:42:58.222769+00:00,,,,,
EDV5157-1777832178-fa-1374p,,2026-05-06T19:30:00Z,-15.0,-5.0,0,0,2026-05-06T20:37:55.193630+00:00,,,,,
DAL640-1777867533-fa-619p,,2026-05-06T19:30:00Z,-8.0,-1.0,0,0,2026-05-06T20:37:55.193630+00:00,,,,,
DAL1167-1777868673-fa-10p,,2026-05-06T19:30:00Z,-18.0,-5.0,0,0,2026-05-06T20:42:58.222769+00:00,,,,,
DAL2104-1777867635-fa-22p,,2026-05-06T19:30:00Z,1.0,9.0,0,0,2026-05-06T20:42:58.222769+00:00,,,,,
SWA786-1777872785-airline-1215p,,2026-05-06T19:29:00Z,-1.0,10.0,0,0,2026-05-06T20:37:55.193630+00:00,,,,,
DAL994-1777867774-fa-905p,,2026-05-06T19:29:00Z,2.0,3.0,0,0,2026-05-06T20:37:55.193630+00:00,,,,,
DAL775-1777868538-fa-948p,,2026-05-06T19:29:00Z,-16.0,-9.0,0,0,2026-05-06T20:37:55.193630+00:00,,,,,
DAL1121-1777867680-fa-1005p,,2026-05-06T19:28:00Z,-17.0,-7.0,0,0,2026-05-06T20:37:55.193630+00:00,,,,,
DAL1031-1777868475-fa-781p,,2026-05-06T19:28:00Z,-5.0,-3.0,0,0,2026-05-06T20:42:58.222769+00:00,,,,,
FFT4731-1777877850-airline-1317p,,2026-05-06T19:27:00Z,-23.0,2.0,0,0,2026-05-06T20:37:55.193630+00:00,,,,,
JIA5168-1777872223-airline-369p,,2026-05-06T19:27:00Z,-14.0,-8.0,0,0,2026-05-06T20:42:58.222769+00:00,,,,,
DAL2179-1777868734-fa-314p,,2026-05-06T19:25:00Z,-13.0,-6.0,0,0,2026-05-06T20:37:55.193630+00:00,,,,,
DAL3134-1777868570-fa-1651p,,2026-05-06T19:25:00Z,-14.0,-5.0,0,0,2026-05-06T20:42:58.222769+00:00,,,,,
DAL2312-1777868419-fa-622p,,2026-05-06T19:25:00Z,1.0,-2.0,0,0,2026-05-06T20:42:58.222769+00:00,,,,,
DAL1437-1777868532-fa-1346p,,2026-05-06T19:24:00Z,-8.0,0.0,0,0,2026-05-06T20:42:58.222769+00:00,,,,,
DAL195-1777868061-fa-368p,,2026-05-06T19:23:00Z,19.0,3.0,0,0,2026-05-06T20:37:55.193630+00:00,,,,,
DAL2990-1777868690-fa-934p,,2026-05-06T19:23:00Z,31.0,36.0,0,0,2026-05-06T20:42:58.222769+00:00,,,,,
DAL774-1777868250-fa-184p,,2026-05-06T19:23:00Z,9.0,-1.0,0,0,2026-05-06T20:42:58.222769+00:00,,,,,
DAL1381-1777868567-fa-731p,,2026-05-06T19:22:00Z,-8.0,1.0,0,0,2026-05-06T20:42:58.222769+00:00,,,,,
DAL1159-1777868370-fa-701p,,2026-05-06T19:21:00Z,-17.0,-8.0,0,0,2026-05-06T20:37:55.193630+00:00,,,,,
EDV5263-1777877538-airline-582p,,2026-05-06T19:21:00Z,3.0,13.0,0,0,2026-05-06T20:42:58.222769+00:00,,,,,
DAL2270-1777867642-fa-156p,,2026-05-06T19:20:00Z,-8.0,2.0,0,0,2026-05-06T20:37:55.193630+00:00,,,,,
DAL1681-1777868738-fa-1065p,,2026-05-06T19:20:00Z,-7.0,-6.0,0,0,2026-05-06T20:42:58.222769+00:00,,,,,
DAL2322-1777868271-fa-595p,,2026-05-06T19:20:00Z,56.0,44.0,0,0,2026-05-06T20:42:58.222769+00:00,,,,,
DAL1965-1777867673-fa-190p,,2026-05-06T19:19:00Z,-16.0,-5.0,0,0,2026-05-06T20:37:55.193630+00:00,,,,,
DAL3012-1777868743-fa-876p,,2026-05-06T19:18:00Z,37.0,53.0,0,0,2026-05-06T20:37:55.193630+00:00,,,,,
EDV5292-1777877538-airline-536p,,2026-05-06T19:18:00Z,-14.0,-3.0,0,0,2026-05-06T20:37:55.193630+00:00,,,,,
RPA4592-1777871812-airline-485p,,2026-05-06T19:17:00Z,-1.0,13.0,0,0,2026-05-06T20:37:55.193630+00:00,,,,,
DAL3159-1777868742-fa-256p,,2026-05-06T19:17:00Z,-11.0,-2.0,0,0,2026-05-06T20:37:55.193630+00:00,,,,,
DAL349-1777868461-fa-961p,,2026-05-06T19:17:00Z,1.0,-1.0,0,0,2026-05-06T20:42:58.222769+00:00,,,,,
DAL1332-1777867535-fa-1189p,,2026-05-06T19:16:00Z,-2.0,7.0,0,0,2026-05-06T20:37:55.193630+00:00,,,,,
DAL562-1777868500-fa-1753p,,2026-05-06T19:16:00Z,2.0,7.0,0,0,2026-05-06T20:37:55.193630+00:00,,,,,
FFT2780-1777877850-airline-1124p,,2026-05-06T19:16:00Z,6.0,-2.0,0,0,2026-05-06T20:37:55.193630+00:00,,,,,
DAL782-1777868578-fa-413p,,2026-05-06T19:15:00Z,-16.0,-4.0,0,0,2026-05-06T20:37:55.193630+00:00,,,,,
DAL1682-1777867752-fa-1749p,,2026-05-06T19:15:00Z,-13.0,3.0,0,0,2026-05-06T20:37:55.193630+00:00,,,,,
DAL3013-1777868561-fa-266p,,2026-05-06T19:13:00Z,-11.0,-1.0,0,0,2026-05-06T20:37:55.193630+00:00,,,,,
DAL329-1777868699-fa-238p,,2026-05-06T19:12:00Z,11.0,-3.0,0,0,2026-05-06T20:42:58.222769+00:00,,,,,
DAL809-1777868506-fa-25p,,2026-05-06T19:12:00Z,-9.0,-5.0,0,0,2026-05-06T20:42:58.222769+00:00,,,,,
EDV5344-1777871014-airline-349p,,2026-05-06T19:10:00Z,-14.0,-6.0,0,0,2026-05-06T20:42:58.222769+00:00,,,,,
DAL2908-1777868555-fa-27p,,2026-05-06T19:09:00Z,-20.0,-1.0,0,0,2026-05-06T20:37:55.193630+00:00,,,,,
DAL2394-1777868735-fa-562p,,2026-05-06T19:09:00Z,-21.0,-2.0,0,0,2026-05-06T20:37:55.193630+00:00,,,,,
EDV4989-1777832133-fa-2049p,,2026-05-06T19:08:00Z,7.0,25.0,0,0,2026-05-06T20:37:55.193630+00:00,,,,,
EDV5194-1777850410-fa-1749p,,2026-05-06T19:08:00Z,-12.0,-9.0,0,0,2026-05-06T20:42:58.222769+00:00,,,,,
EDV5361-1777873937-airline-754p,,2026-05-06T19:07:00Z,35.0,23.0,0,0,2026-05-06T20:42:58.222769+00:00,,,,,
DAL3083-1777868741-fa-4448p,,2026-05-06T19:06:00Z,-7.0,-4.0,0,0,2026-05-06T20:42:58.222769+00:00,,,,,
DAL1937-1777868697-fa-907p,,2026-05-06T19:06:00Z,70.0,91.0,0,0,2026-05-06T20:42:58.222769+00:00,,,,,
DAL940-1777868740-fa-212p,,2026-05-06T19:04:00Z,-6.0,-6.0,0,0,2026-05-06T20:37:55.193630+00:00,,,,,
SLI2708-1777874213-airline-43p,,2026-05-06T19:04:00Z,4.0,16.0,0,0,2026-05-06T20:37:55.193630+00:00,,,,,
DAL1013-1777868742-fa-421p,,2026-05-06T19:04:00Z,-10.0,-8.0,0,0,2026-05-06T20:42:58.222769+00:00,,,,,
SWA2672-1777876911-airline-952p,,2026-05-06T19:04:00Z,-1.0,10.0,0,0,2026-05-06T20:42:58.222769+00:00,,,,,
DAL874-1777868463-fa-227p,,2026-05-06T19:04:00Z,-3.0,-4.0,0,0,2026-05-06T20:42:58.222769+00:00,,,,,
DAL2650-1777868474-fa-1799p,,2026-05-06T19:03:00Z,-15.0,-4.0,0,0,2026-05-06T20:37:55.193630+00:00,,,,,
DAL835-1777867784-fa-335p,,2026-05-06T19:03:00Z,-22.0,-4.0,0,0,2026-05-06T20:37:55.193630+00:00,,,,,
EDV5519-1777838305-fa-1229p,,2026-05-06T19:03:00Z,-19.0,-6.0,0,0,2026-05-06T20:42:58.222769+00:00,,,,,
DAL1372-1777867241-fa-29p,,2026-05-06T19:03:00Z,-7.0,3.0,0,0,2026-05-06T20:42:58.222769+00:00,,,,,
DAL1413-1777867267-fa-4487p,,2026-05-06T19:03:00Z,-9.0,-1.0,0,0,2026-05-06T20:42:58.222769+00:00,,,,,
DAL3151-1777868723-fa-744p,,2026-05-06T19:02:00Z,-11.0,5.0,0,0,2026-05-06T20:37:55.193630+00:00,,,,,
DAL2944-1777868736-fa-887p,,2026-05-06T19:02:00Z,-7.0,-5.0,0,0,2026-05-06T20:37:55.193630+00:00,,,,,
DAL3182-1777868731-fa-448p,,2026-05-06T19:02:00Z,-6.0,-5.0,0,0,2026-05-06T20:37:55.193630+00:00,,,,,
DAL3193-1777868741-fa-3977p,,2026-05-06T19:02:00Z,-14.0,-8.0,0,0,2026-05-06T20:42:58.222769+00:00,,,,,
EDV5241-1777870860-airline-532p,,2026-05-06T19:01:00Z,-10.0,2.0,0,0,2026-05-06T20:37:55.193630+00:00,,,,,
ASA784-1777874812-airline-1170p,,2026-05-06T19:01:00Z,-22.0,-6.0,0,0,2026-05-06T20:37:55.193630+00:00,,,,,
DAL895-1777867574-fa-956p,,2026-05-06T19:01:00Z,-3.0,-5.0,0,0,2026-05-06T20:42:58.222769+00:00,,,,,
EDV5312-1777878006-airline-1239p,,2026-05-06T19:00:00Z,6.0,9.0,0,0,2026-05-06T20:37:55.193630+00:00,,,,,
UAL1746-1777853112-fa-457p,,2026-05-06T18:59:00Z,-2.0,-5.0,0,0,2026-05-06T20:37:55.193630+00:00,,,,,
DAL1179-1777867562-fa-873p,,2026-05-06T18:58:00Z,-21.0,-2.0,0,0,2026-05-06T20:37:55.193630+00:00,,,,,
EDV5339-1777850060-fa-1651p,,2026-05-06T18:58:00Z,-26.0,-13.0,0,0,2026-05-06T20:42:58.222769+00:00,,,,,
DAL980-1777868697-fa-457p,,2026-05-06T18:56:00Z,-4.0,-5.0,0,0,2026-05-06T20:37:55.193630+00:00,,,,,
DAL3148-1777868518-fa-2304p,,2026-05-06T18:56:00Z,-11.0,0.0,0,0,2026-05-06T20:37:55.193630+00:00,,,,,
DAL223-1777868097-fa-474p,,2026-05-06T18:55:00Z,-5.0,-20.0,0,0,2026-05-06T20:37:55.193630+00:00,,,,,
FFT3511-1777877850-airline-1221p,,2026-05-06T18:55:00Z,-12.0,-3.0,0,0,2026-05-06T20:37:55.193630+00:00,,,,,
SWA392-1777870925-airline-783p,,2026-05-06T18:55:00Z,-5.0,1.0,0,0,2026-05-06T20:42:58.222769+00:00,,,,,
DAL1640-1777868556-fa-338p,,2026-05-06T18:54:00Z,-16.0,-8.0,0,0,2026-05-06T20:37:55.193630+00:00,,,,,
DAL3176-1777868730-fa-244p,,2026-05-06T18:53:00Z,-19.0,-5.0,0,0,2026-05-06T20:37:55.193630+00:00,,,,,
DAL2511-1777867929-fa-204p,,2026-05-06T18:53:00Z,-13.0,-17.0,0,0,2026-05-06T20:37:55.193630+00:00,,,,,
DAL2747-1777868549-fa-4204p,,2026-05-06T18:53:00Z,-5.0,-7.0,0,0,2026-05-06T20:42:58.222769+00:00,,,,,
DAL937-1777868448-fa-315p,,2026-05-06T18:53:00Z,13.0,-3.0,0,0,2026-05-06T20:42:58.222769+00:00,,,,,
DAL177-1777867577-fa-1367p,,2026-05-06T18:52:00Z,8.0,-6.0,0,0,2026-05-06T20:37:55.193630+00:00,,,,,
DAL1549-1777868726-fa-303p,,2026-05-06T18:52:00Z,-8.0,-3.0,0,0,2026-05-06T20:42:58.222769+00:00,,,,,
DAL2020-1777868453-fa-45p,,2026-05-06T18:52:00Z,1.0,-7.0,0,0,2026-05-06T20:42:58.222769+00:00,,,,,
DAL294-1777868123-fa-1202p,,2026-05-06T18:51:00Z,-4.0,0.0,0,0,2026-05-06T20:37:55.193630+00:00,,,,,
SWA3053-1777871111-airline-471p,,2026-05-06T18:51:00Z,-9.0,-1.0,0,0,2026-05-06T20:42:58.222769+00:00,,,,,
EDV5379-1777850066-fa-3891p,,2026-05-06T18:50:00Z,-12.0,-7.0,0,0,2026-05-06T20:42:58.222769+00:00,,,,,
DAL2086-1777868738-fa-154p,,2026-05-06T18:50:00Z,-5.0,-5.0,0,0,2026-05-06T20:42:58.222769+00:00,,,,,
JIA5605-1777872033-airline-931p,,2026-05-06T18:49:00Z,-3.0,-6.0,0,0,2026-05-06T20:42:58.222769+00:00,,,,,
DAL1053-1777867245-fa-1987p,,2026-05-06T18:49:00Z,9.0,-5.0,0,0,2026-05-06T20:42:58.222769+00:00,,,,,
UAL471-1777853111-fa-1446p,,2026-05-06T18:48:00Z,7.0,22.0,0,0,2026-05-06T20:37:55.193630+00:00,,,,,
SKW4097-1777834044-fa-2685p,,2026-05-06T18:48:00Z,51.0,53.0,0,0,2026-05-06T20:37:55.193630+00:00,,,,,
DAL664-1777868700-fa-1417p,,2026-05-06T18:46:00Z,11.0,19.0,0,0,2026-05-06T20:37:55.193630+00:00,,,,,
DAL593-1777868185-fa-1224p,,2026-05-06T18:46:00Z,47.0,61.0,0,0,2026-05-06T20:37:55.193630+00:00,,,,,
VIR109-1777871402-airline-538p,,2026-05-06T18:46:00Z,-9.0,-2.0,0,0,2026-05-06T20:37:55.193630+00:00,,,,,
DAL2890-1777867778-fa-98p,,2026-05-06T18:46:00Z,-5.0,-4.0,0,0,2026-05-06T20:42:58.222769+00:00,,,,,
DAL2182-1777868741-fa-3994p,,2026-05-06T18:45:00Z,-12.0,-7.0,0,0,2026-05-06T20:37:55.193630+00:00,,,,,
EDV4952-1777869364-fa-869p,,2026-05-06T18:45:00Z,-8.0,-6.0,0,0,2026-05-06T20:37:55.193630+00:00,,,,,
DAL787-1777868273-fa-926p,,2026-05-06T18:45:00Z,4.0,-1.0,0,0,2026-05-06T20:42:58.222769+00:00,,,,,
DAL1720-1777868698-fa-457p,,2026-05-06T18:44:00Z,-4.0,-1.0,0,0,2026-05-06T20:42:58.222769+00:00,,,,,
AAL1791-1777875601-airline-1730p,,2026-05-06T18:44:00Z,-9.0,-12.0,0,0,2026-05-06T20:42:58.222769+00:00,,,,,
DAL27-1777781722-fa-482p,,2026-05-06T18:44:00Z,-16.0,-4.0,0,0,2026-05-06T20:42:58.222769+00:00,,,,,
DAL2632-1777867818-fa-909p,,2026-05-06T18:43:00Z,-11.0,2.0,0,0,2026-05-06T20:37:55.193630+00:00,,,,,
DAL2681-1777868743-fa-85p,,2026-05-06T18:43:00Z,14.0,14.0,0,0,2026-05-06T20:37:55.193630+00:00,,,,,
SKW3762-1777835916-fa-1815p,,2026-05-06T18:42:00Z,118.0,101.0,0,0,2026-05-06T20:42:58.222769+00:00,,,,,
DAL131-1777867574-fa-1162p,,2026-05-06T18:41:00Z,4.0,-9.0,0,0,2026-05-06T20:37:55.193630+00:00,,,,,
EDV5033-1777873157-airline-1178p,,2026-05-06T18:41:00Z,7.0,-1.0,0,0,2026-05-06T20:37:55.193630+00:00,,,,,
DAL1195-1777868739-fa-216p,,2026-05-06T18:41:00Z,61.0,59.0,0,0,2026-05-06T20:42:58.222769+00:00,,,,,
DAL592-1777867622-fa-1234p,,2026-05-06T18:41:00Z,-20.0,-6.0,0,0,2026-05-06T20:42:58.222769+00:00,,,,,
DAL945-1777867581-fa-1150p,,2026-05-06T18:41:00Z,61.0,44.0,0,0,2026-05-06T20:42:58.222769+00:00,,,,,
DAL3040-1777868280-fa-2703p,,2026-05-06T18:40:00Z,-7.0,5.0,0,0,2026-05-06T20:37:55.193630+00:00,,,,,
EDV5365-1777861598-fa-14p,,2026-05-06T18:39:00Z,-30.0,-13.0,0,0,2026-05-06T20:37:55.193630+00:00,,,,,
DAL1910-1777867535-fa-1188p,,2026-05-06T18:39:00Z,0.0,-2.0,0,0,2026-05-06T20:42:58.222769+00:00,,,,,
DAL3130-1777868561-fa-264p,,2026-05-06T18:38:00Z,9.0,0.0,0,0,2026-05-06T20:42:58.222769+00:00,,,,,
DAL525-1777867767-fa-1754p,,2026-05-06T18:38:00Z,-2.0,-4.0,0,0,2026-05-06T20:42:58.222769+00:00,,,,,
DAL2314-1777867831-fa-358p,,2026-05-06T18:38:00Z,-4.0,-1.0,0,0,2026-05-06T20:42:58.222769+00:00,,,,,
DAL3192-1777868741-fa-3996p,,2026-05-06T18:37:00Z,26.0,10.0,0,0,2026-05-06T20:37:55.193630+00:00,,,,,
DAL1704-1777868729-fa-136p,,2026-05-06T18:37:00Z,-18.0,-4.0,0,0,2026-05-06T20:37:55.193630+00:00,,,,,
DAL1246-1777868252-fa-512p,,2026-05-06T18:37:00Z,-15.0,-6.0,0,0,2026-05-06T20:42:58.222769+00:00,,,,,
DAL1889-1777867242-fa-1619p,,2026-05-06T18:37:00Z,-11.0,-7.0,0,0,2026-05-06T20:42:58.222769+00:00,,,,,
DAL380-1777867971-fa-62p,,2026-05-06T18:36:00Z,18.0,21.0,0,0,2026-05-06T20:37:55.193630+00:00,,,,,
DAL961-1777867605-fa-1016p,,2026-05-06T18:36:00Z,-5.0,8.0,0,0,2026-05-06T20:37:55.193630+00:00,,,,,
SWA239-1777876911-airline-678p,,2026-05-06T18:36:00Z,-4.0,-8.0,0,0,2026-05-06T20:42:58.222769+00:00,,,,,
DAL2158-1777868726-fa-1603p,,2026-05-06T18:35:00Z,149.0,128.0,0,0,2026-05-06T20:37:55.193630+00:00,,,,,
DAL2901-1777867626-fa-745p,,2026-05-06T18:35:00Z,-20.0,-5.0,0,0,2026-05-06T20:42:58.222769+00:00,,,,,
DAL1002-1777868209-fa-289p,,2026-05-06T18:33:00Z,16.0,-8.0,0,0,2026-05-06T20:42:58.222769+00:00,,,,,
DAL1963-1777868678-fa-1145p,,2026-05-06T18:32:00Z,-13.0,6.0,0,0,2026-05-06T20:37:55.193630+00:00,,,,,
DAL741-1777868394-fa-573p,,2026-05-06T18:32:00Z,-1.0,-4.0,0,0,2026-05-06T20:37:55.193630+00:00,,,,,
DAL982-1777867247-fa-1262p,,2026-05-06T18:32:00Z,-8.0,-5.0,0,0,2026-05-06T20:42:58.222769+00:00,,,,,
DAL1341-1777867674-fa-85p,,2026-05-06T18:31:00Z,24.0,22.0,0,0,2026-05-06T20:42:58.222769+00:00,,,,,
DAL2279-1777867715-fa-1262p,,2026-05-06T18:31:00Z,-5.0,-2.0,0,0,2026-05-06T20:42:58.222769+00:00,,,,,
EDV5466-1777871014-airline-348p,,2026-05-06T18:30:00Z,-18.0,-10.0,0,0,2026-05-06T20:42:58.222769+00:00,,,,,
EDV5209-1777846770-fa-1004p,,2026-05-06T18:30:00Z,-12.0,-4.0,0,0,2026-05-06T20:42:58.222769+00:00,,,,,
DAL1527-1777867599-fa-177p,,2026-05-06T18:29:00Z,-23.0,-3.0,0,0,2026-05-06T20:37:55.193630+00:00,,,,,
EDV5557-1777937117-fa-2038p,,2026-05-06T18:29:00Z,-146.0,-160.0,0,0,2026-05-06T20:42:58.222769+00:00,,,,,
DAL1147-1777867729-fa-1773p,,2026-05-06T18:28:00Z,8.0,9.0,0,0,2026-05-06T20:37:55.193630+00:00,,,,,
DAL1537-1777868721-fa-485p,,2026-05-06T18:27:00Z,14.0,18.0,0,0,2026-05-06T20:37:55.193630+00:00,,,,,
DAL15-1777868062-fa-1586p,,2026-05-06T18:27:00Z,-20.0,-11.0,0,0,2026-05-06T20:37:55.193630+00:00,,,,,
DAL1477-1777868324-fa-95p,,2026-05-06T18:27:00Z,13.0,28.0,0,0,2026-05-06T20:42:58.222769+00:00,,,,,
DAL1444-1777867956-fa-4595p,,2026-05-06T18:26:00Z,-5.0,-6.0,0,0,2026-05-06T20:37:55.193630+00:00,,,,,
DAL1894-1777867539-fa-4280p,,2026-05-06T18:26:00Z,21.0,-5.0,0,0,2026-05-06T20:42:58.222769+00:00,,,,,
DAL1375-1777867945-fa-172p,,2026-05-06T18:25:00Z,1.0,-6.0,0,0,2026-05-06T20:37:55.193630+00:00,,,,,
DAL515-1777868630-fa-2052p,,2026-05-06T18:25:00Z,-4.0,0.0,0,0,2026-05-06T20:37:55.193630+00:00,,,,,
DAL2427-1777868230-fa-1192p,,2026-05-06T18:25:00Z,8.0,-4.0,0,0,2026-05-06T20:42:58.222769+00:00,,,,,
DAL1522-1777868320-fa-320p,,2026-05-06T18:24:00Z,-5.0,2.0,0,0,2026-05-06T20:37:55.193630+00:00,,,,,
DAL82-1777868357-fa-1541p,,2026-05-06T18:24:00Z,-11.0,-5.0,0,0,2026-05-06T20:37:55.193630+00:00,,,,,
FFT3976-1777870984-airline-694p,,2026-05-06T18:24:00Z,9.0,20.0,0,0,2026-05-06T20:42:58.222769+00:00,,,,,
EDV4955-1777869345-fa-1227p,,2026-05-06T18:23:00Z,-20.0,-3.0,0,0,2026-05-06T20:37:55.193630+00:00,,,,,
DAL73-1777868041-fa-1463p,,2026-05-06T18:23:00Z,24.0,8.0,0,0,2026-05-06T20:37:55.193630+00:00,,,,,
SKW3869-1777870954-airline-631p,,2026-05-06T18:23:00Z,43.0,48.0,0,0,2026-05-06T20:42:58.222769+00:00,,,,,
EDV4991-1777855188-fa-1511p,,2026-05-06T18:21:00Z,-8.0,-1.0,0,0,2026-05-06T20:37:55.193630+00:00,,,,,
DAL2380-1777868354-fa-1376p,,2026-05-06T18:21:00Z,-14.0,-2.0,0,0,2026-05-06T20:42:58.222769+00:00,,,,,
DAL350-1777867624-fa-502p,,2026-05-06T18:21:00Z,-24.0,-4.0,0,0,2026-05-06T20:42:58.222769+00:00,,,,,
DAL91-1777867585-fa-92p,,2026-05-06T18:20:00Z,-17.0,-6.0,0,0,2026-05-06T20:37:55.193630+00:00,,,,,
DAL2490-1777868006-fa-418p,,2026-05-06T18:19:00Z,-13.0,2.0,0,0,2026-05-06T20:37:55.193630+00:00,,,,,
DAL990-1777867545-fa-1960p,,2026-05-06T18:19:00Z,-12.0,-3.0,0,0,2026-05-06T20:37:55.193630+00:00,,,,,
DAL2397-1777868508-fa-721p,,2026-05-06T18:18:00Z,-3.0,-3.0,0,0,2026-05-06T20:37:55.193630+00:00,,,,,
DAL3030-1777868741-fa-4454p,,2026-05-06T18:18:00Z,62.0,64.0,0,0,2026-05-06T20:42:58.222769+00:00,,,,,
DAL1408-1777868032-fa-1121p,,2026-05-06T18:18:00Z,19.0,16.0,0,0,2026-05-06T20:42:58.222769+00:00,,,,,
DAL1266-1777867600-fa-677p,,2026-05-06T18:17:00Z,-20.0,-7.0,0,0,2026-05-06T20:42:58.222769+00:00,,,,,
DAL1916-1777867599-fa-1560p,,2026-05-06T18:17:00Z,-15.0,-4.0,0,0,2026-05-06T20:42:58.222769+00:00,,,,,
DAL1384-1777867695-fa-655p,,2026-05-06T18:16:00Z,-2.0,-3.0,0,0,2026-05-06T20:37:55.193630+00:00,,,,,
DAL2188-1777868698-fa-451p,,2026-05-06T18:16:00Z,11.0,-1.0,0,0,2026-05-06T20:37:55.193630+00:00,,,,,
DAL8838-1777867530-fa-368p,,2026-05-06T18:16:00Z,-10.0,-4.0,0,0,2026-05-06T20:42:58.222769+00:00,,,,,
DAL2620-1777868728-fa-115p,,2026-05-06T18:16:00Z,7.0,-8.0,0,0,2026-05-06T20:42:58.222769+00:00,,,,,
DAL2923-1777867632-fa-765p,,2026-05-06T18:15:00Z,-14.0,-5.0,0,0,2026-05-06T20:37:55.193630+00:00,,,,,
DAL3104-1777868426-fa-345p,,2026-05-06T18:15:00Z,-14.0,-3.0,0,0,2026-05-06T20:37:55.193630+00:00,,,,,
EDV4953-1777828873-fa-1149p,,2026-05-06T18:15:00Z,-4.0,-4.0,0,0,2026-05-06T20:42:58.222769+00:00,,,,,
DAL1815-1777868525-fa-478p,,2026-05-06T18:15:00Z,-16.0,-5.0,0,0,2026-05-06T20:42:58.222769+00:00,,,,,
SWA4144-1777870925-airline-937p,,2026-05-06T18:14:00Z,-21.0,-10.0,0,0,2026-05-06T20:37:55.193630+00:00,,,,,
DAL3195-1777868723-fa-724p,,2026-05-06T18:14:00Z,-17.0,-7.0,0,0,2026-05-06T20:42:58.222769+00:00,,,,,
DAL1271-1777868386-fa-1954p,,2026-05-06T18:13:00Z,-11.0,-5.0,0,0,2026-05-06T20:37:55.193630+00:00,,,,,
DAL973-1777867547-fa-150p,,2026-05-06T18:13:00Z,6.0,-1.0,0,0,2026-05-06T20:37:55.193630+00:00,,,,,
DAL8817-1777868423-fa-1647p,,2026-05-06T18:12:00Z,0.0,20.0,0,0,2026-05-06T20:42:58.222769+00:00,,,,,
DLH444-1777881679-airline-1554p,,2026-05-06T18:11:00Z,26.0,19.0,0,0,2026-05-06T20:37:55.193630+00:00,,,,,
EDV5288-1777833329-fa-1530p,,2026-05-06T18:11:00Z,1.0,7.0,0,0,2026-05-06T20:42:58.222769+00:00,,,,,
DAL8819-1777868486-fa-408p,,2026-05-06T18:11:00Z,23.0,20.0,0,0,2026-05-06T20:42:58.222769+00:00,,,,,
DAL3010-1777868726-fa-312p,,2026-05-06T18:10:00Z,-7.0,-7.0,0,0,2026-05-06T20:42:58.222769+00:00,,,,,
JBU1420-1777872124-airline-35p,,2026-05-06T18:10:00Z,-19.0,-1.0,0,0,2026-05-06T20:42:58.222769+00:00,,,,,
WJA1601-1777881901-airline-2004p,,2026-05-06T18:10:00Z,25.0,-6.0,0,0,2026-05-06T20:42:58.222769+00:00,,,,,
DAL904-1777868481-fa-661p,,2026-05-06T18:09:00Z,-3.0,-3.0,0,0,2026-05-06T20:42:58.222769+00:00,,,,,
DAL1587-1777867263-fa-1848p,,2026-05-06T18:08:00Z,-11.0,0.0,0,0,2026-05-06T20:37:55.193630+00:00,,,,,
FFT1116-1777880967-airline-1249p,,2026-05-06T18:08:00Z,13.0,-4.0,0,0,2026-05-06T20:37:55.193630+00:00,,,,,
FFT1669-1777880967-airline-1320p,,2026-05-06T18:07:00Z,-12.0,-11.0,0,0,2026-05-06T20:37:55.193630+00:00,,,,,
DAL3107-1777868425-fa-1822p,,2026-05-06T18:06:00Z,28.0,20.0,0,0,2026-05-06T20:37:55.193630+00:00,,,,,
DAL1400-1777867685-fa-1245p,,2026-05-06T18:06:00Z,-13.0,-7.0,0,0,2026-05-06T20:37:55.193630+00:00,,,,,
FFT1408-1777880967-airline-1293p,,2026-05-06T18:06:00Z,12.0,14.0,0,0,2026-05-06T20:42:58.222769+00:00,,,,,
DAL582-1777868561-fa-273p,,2026-05-06T18:06:00Z,-4.0,17.0,0,0,2026-05-06T20:42:58.222769+00:00,,,,,
DAL1637-1777868736-fa-892p,,2026-05-06T18:05:00Z,-24.0,0.0,0,0,2026-05-06T20:37:55.193630+00:00,,,,,
DAL409-1777868571-fa-2015p,,2026-05-06T18:05:00Z,-13.0,-6.0,0,0,2026-05-06T20:42:58.222769+00:00,,,,,
DAL995-1777867769-fa-1407p,,2026-05-06T18:05:00Z,1.0,-3.0,0,0,2026-05-06T20:42:58.222769+00:00,,,,,
DAL1902-1777868695-fa-124p,,2026-05-06T18:05:00Z,14.0,6.0,0,0,2026-05-06T20:42:58.222769+00:00,,,,,
SWA3391-1777871111-airline-790p,,2026-05-06T18:04:00Z,4.0,0.0,0,0,2026-05-06T20:42:58.222769+00:00,,,,,
EDV5425-1777829254-fa-667p,,2026-05-06T18:03:00Z,-20.0,-5.0,0,0,2026-05-06T20:37:55.193630+00:00,,,,,
DAL1481-1777868729-fa-1474p,,2026-05-06T18:03:00Z,-24.0,-10.0,0,0,2026-05-06T20:37:55.193630+00:00,,,,,
DAL2951-1777867682-fa-1346p,,2026-05-06T18:03:00Z,-15.0,-6.0,0,0,2026-05-06T20:37:55.193630+00:00,,,,,
AFR30-1777876875-airline-1140p,,2026-05-06T18:03:00Z,13.0,3.0,0,0,2026-05-06T20:37:55.193630+00:00,,,,,
DAL1067-1777868541-fa-159p,,2026-05-06T18:03:00Z,-10.0,-6.0,0,0,2026-05-06T20:42:58.222769+00:00,,,,,
DAL2827-1777868561-fa-267p,,2026-05-06T18:03:00Z,-14.0,-8.0,0,0,2026-05-06T20:42:58.222769+00:00,,,,,
DAL2135-1777867950-fa-135p,,2026-05-06T18:03:00Z,-1.0,-1.0,0,0,2026-05-06T20:42:58.222769+00:00,,,,,
DAL3060-1777868723-fa-747p,,2026-05-06T18:02:00Z,-9.0,-7.0,0,0,2026-05-06T20:42:58.222769+00:00,,,,,
DAL1938-1777867607-fa-403p,,2026-05-06T18:02:00Z,-1.0,-3.0,0,0,2026-05-06T20:42:58.222769+00:00,,,,,
FFT4211-1777877850-airline-1273p,,2026-05-06T18:02:00Z,-6.0,-3.0,0,0,2026-05-06T20:42:58.222769+00:00,,,,,
DAL1510-1777867565-fa-344p,,2026-05-06T18:01:00Z,-17.0,0.0,0,0,2026-05-06T20:37:55.193630+00:00,,,,,
DAL1424-1777868563-fa-910p,,2026-05-06T18:01:00Z,-9.0,0.0,0,0,2026-05-06T20:37:55.193630+00:00,,,,,
DAL2755-1777868484-fa-3285p,,2026-05-06T18:01:00Z,-32.0,-5.0,0,0,2026-05-06T20:37:55.193630+00:00,,,,,
DAL1579-1777867709-fa-210p,,2026-05-06T18:01:00Z,-11.0,-6.0,0,0,2026-05-06T20:42:58.222769+00:00,,,,,
DAL1996-1777868194-fa-157p,,2026-05-06T18:01:00Z,-9.0,-8.0,0,0,2026-05-06T20:42:58.222769+00:00,,,,,
DAL3127-1777868733-fa-230p,,2026-05-06T18:00:00Z,-19.0,-4.0,0,0,2026-05-06T20:42:58.222769+00:00,,,,,
DAL721-1777868694-fa-609p,,2026-05-06T17:59:00Z,-4.0,13.0,0,0,2026-05-06T20:37:55.193630+00:00,,,,,
DAL387-1777867558-fa-822p,,2026-05-06T17:59:00Z,-5.0,-4.0,0,0,2026-05-06T20:42:58.222769+00:00,,,,,
DAL1985-1777868219-fa-1515p,,2026-05-06T17:58:00Z,-22.0,0.0,0,0,2026-05-06T20:42:58.222769+00:00,,,,,
DAL2976-1777867953-fa-1029p,,2026-05-06T17:57:00Z,-13.0,-5.0,0,0,2026-05-06T20:37:55.193630+00:00,,,,,
DAL1830-1777867246-fa-1041p,,2026-05-06T17:57:00Z,11.0,4.0,0,0,2026-05-06T20:42:58.222769+00:00,,,,,
SWA1730-1777880845-airline-829p,,2026-05-06T17:56:00Z,-4.0,3.0,0,0,2026-05-06T20:37:55.193630+00:00,,,,,
FFT2082-1777880967-airline-1367p,,2026-05-06T17:56:00Z,-11.0,-2.0,0,0,2026-05-06T20:42:58.222769+00:00,,,,,
DAL2342-1777868423-fa-1643p,,2026-05-06T17:55:00Z,-27.0,-5.0,0,0,2026-05-06T20:37:55.193630+00:00,,,,,
DAL1576-1777868692-fa-3030p,,2026-05-06T17:55:00Z,-9.0,-4.0,0,0,2026-05-06T20:42:58.222769+00:00,,,,,
DAL898-1777867525-fa-349p,,2026-05-06T17:55:00Z,5.0,-3.0,0,0,2026-05-06T20:42:58.222769+00:00,,,,,
DAL2052-1777868547-fa-2462p,,2026-05-06T17:54:00Z,-24.0,-5.0,0,0,2026-05-06T20:37:55.193630+00:00,,,,,
SWA139-1777873095-airline-1298p,,2026-05-06T17:54:00Z,39.0,22.0,0,0,2026-05-06T20:37:55.193630+00:00,,,,,
AAL1777-1777875601-airline-1712p,,2026-05-06T17:54:00Z,139.0,108.0,0,0,2026-05-06T20:42:58.222769+00:00,,,,,
DAL1474-1777868726-fa-1606p,,2026-05-06T17:53:00Z,-19.0,-1.0,0,0,2026-05-06T20:37:55.193630+00:00,,,,,
DAL2754-1777868734-fa-311p,,2026-05-06T17:52:00Z,-6.0,2.0,0,0,2026-05-06T20:37:55.193630+00:00,,,,,
DAL677-1777867712-fa-460p,,2026-05-06T17:52:00Z,-10.0,-5.0,0,0,2026-05-06T20:37:55.193630+00:00,,,,,
EDV5275-1777870954-airline-670p,,2026-05-06T17:52:00Z,-14.0,-10.0,0,0,2026-05-06T20:37:55.193630+00:00,,,,,
DAL2157-1777868738-fa-163p,,2026-05-06T17:52:00Z,9.0,-5.0,0,0,2026-05-06T20:42:58.222769+00:00,,,,,
DAL3118-1777867875-fa-341p,,2026-05-06T17:50:00Z,-15.0,-8.0,0,0,2026-05-06T20:37:55.193630+00:00,,,,,
FFT3071-1777877850-airline-1154p,,2026-05-06T17:50:00Z,-24.0,-7.0,0,0,2026-05-06T20:37:55.193630+00:00,,,,,
UAL425-1777853034-fa-809p,,2026-05-06T17:50:00Z,-24.0,-8.0,0,0,2026-05-06T20:42:58.222769+00:00,,,,,
DAL1055-1777868242-fa-1130p,,2026-05-06T17:49:00Z,-7.0,-10.0,0,0,2026-05-06T20:42:58.222769+00:00,,,,,
EDV5423-1777828276-fa-1308p,,2026-05-06T17:49:00Z,-1.0,-8.0,0,0,2026-05-06T20:42:58.222769+00:00,,,,,
DAL467-1777867760-fa-261p,,2026-05-06T17:49:00Z,8.0,2.0,0,0,2026-05-06T20:42:58.222769+00:00,,,,,
EDV5468-1777871014-airline-320p,,2026-05-06T17:48:00Z,-4.0,0.0,0,0,2026-05-06T20:42:58.222769+00:00,,,,,
DAL761-1777867596-fa-1279p,,2026-05-06T17:47:00Z,-28.0,-7.0,0,0,2026-05-06T20:37:55.193630+00:00,,,,,
DAL2471-1777868564-fa-1002p,,2026-05-06T17:47:00Z,-3.0,-10.0,0,0,2026-05-06T20:37:55.193630+00:00,,,,,
DAL2763-1777868732-fa-1595p,,2026-05-06T17:47:00Z,-17.0,-5.0,0,0,2026-05-06T20:42:58.222769+00:00,,,,,
DAL1773-1777868381-fa-868p,,2026-05-06T17:47:00Z,-14.0,-6.0,0,0,2026-05-06T20:42:58.222769+00:00,,,,,
DAL3064-1777868735-fa-570p,,2026-05-06T17:46:00Z,-22.0,-12.0,0,0,2026-05-06T20:37:55.193630+00:00,,,,,
DAL1525-1777867645-fa-747p,,2026-05-06T17:46:00Z,-2.0,-1.0,0,0,2026-05-06T20:42:58.222769+00:00,,,,,
UAL2605-1777827580-fa-2490p,,2026-05-06T17:45:00Z,10.0,7.0,0,0,2026-05-06T20:37:55.193630+00:00,,,,,
DAL1642-1777868732-fa-536p,,2026-05-06T17:45:00Z,-24.0,-12.0,0,0,2026-05-06T20:37:55.193630+00:00,,,,,
DAL3054-1777868313-fa-536p,,2026-05-06T17:44:00Z,-2.0,-2.0,0,0,2026-05-06T20:37:55.193630+00:00,,,,,
DAL1898-1777867256-fa-711p,,2026-05-06T17:44:00Z,-16.0,-6.0,0,0,2026-05-06T20:42:58.222769+00:00,,,,,
DAL539-1777868433-fa-522p,,2026-05-06T17:44:00Z,3.0,-5.0,0,0,2026-05-06T20:42:58.222769+00:00,,,,,
DAL2200-1777867655-fa-1296p,,2026-05-06T17:43:00Z,-11.0,-5.0,0,0,2026-05-06T20:42:58.222769+00:00,,,,,
DAL1196-1777867603-fa-745p,,2026-05-06T17:43:00Z,-11.0,-3.0,0,0,2026-05-06T20:42:58.222769+00:00,,,,,
WJA1593-1778071352-fa-1568p,,2026-05-06T17:43:00Z,43.0,11.0,0,0,2026-05-06T20:42:58.222769+00:00,,,,,
DAL1248-1777868719-fa-645p,,2026-05-06T17:42:00Z,-22.0,-7.0,0,0,2026-05-06T20:37:55.193630+00:00,,,,,
DAL662-1777868472-fa-660p,,2026-05-06T17:42:00Z,-17.0,-6.0,0,0,2026-05-06T20:37:55.193630+00:00,,,,,
EDV5526-1777877538-airline-585p,,2026-05-06T17:42:00Z,-29.0,-11.0,0,0,2026-05-06T20:37:55.193630+00:00,,,,,
DAL1759-1777868373-fa-341p,,2026-05-06T17:42:00Z,-20.0,-9.0,0,0,2026-05-06T20:42:58.222769+00:00,,,,,
DAL1676-1777867930-fa-790p,,2026-05-06T17:41:00Z,-19.0,-3.0,0,0,2026-05-06T20:37:55.193630+00:00,,,,,
DAL785-1777868577-fa-433p,,2026-05-06T17:41:00Z,4.0,-4.0,0,0,2026-05-06T20:42:58.222769+00:00,,,,,
DAL1281-1777867844-fa-2115p,,2026-05-06T17:40:00Z,-12.0,-17.0,0,0,2026-05-06T20:37:55.193630+00:00,,,,,
SKW3875-1777834049-fa-1217p,,2026-05-06T17:40:00Z,-4.0,-8.0,0,0,2026-05-06T20:37:55.193630+00:00,,,,,
SKW3643-1777835920-fa-6379p,,2026-05-06T17:40:00Z,70.0,65.0,0,0,2026-05-06T20:42:58.222769+00:00,,,,,
UAL745-1777842565-fa-931p,,2026-05-06T17:40:00Z,-7.0,-7.0,0,0,2026-05-06T20:42:58.222769+00:00,,,,,
DAL598-1777867723-fa-159p,,2026-05-06T17:39:00Z,-1.0,3.0,0,0,2026-05-06T20:42:58.222769+00:00,,,,,
DAL1992-1777868487-fa-2012p,,2026-05-06T17:39:00Z,2.0,-1.0,0,0,2026-05-06T20:42:58.222769+00:00,,,,,
DAL1509-1777867940-fa-4568p,,2026-05-06T17:38:00Z,-11.0,1.0,0,0,2026-05-06T20:37:55.193630+00:00,,,,,
FFT2498-1777880967-airline-1414p,,2026-05-06T17:38:00Z,-27.0,-10.0,0,0,2026-05-06T20:37:55.193630+00:00,,,,,
UAL255-1777839237-fa-1696p,,2026-05-06T17:38:00Z,-5.0,-5.0,0,0,2026-05-06T20:42:58.222769+00:00,,,,,
SWA3300-1777871111-airline-712p,,2026-05-06T17:38:00Z,13.0,-3.0,0,0,2026-05-06T20:42:58.222769+00:00,,,,,
DAL1801-1777868277-fa-1602p,,2026-05-06T17:38:00Z,-16.0,3.0,0,0,2026-05-06T20:42:58.222769+00:00,,,,,
DAL1860-1777868675-fa-39p,,2026-05-06T17:38:00Z,-24.0,0.0,0,0,2026-05-06T20:42:58.222769+00:00,,,,,
DAL1182-1777868739-fa-1623p,,2026-05-06T17:37:00Z,40.0,49.0,0,0,2026-05-06T20:37:55.193630+00:00,,,,,
DAL2778-1777868742-fa-260p,,2026-05-06T17:37:00Z,-2.0,0.0,0,0,2026-05-06T20:42:58.222769+00:00,,,,,
DAL1420-1777868732-fa-1601p,,2026-05-06T17:37:00Z,-13.0,-6.0,0,0,2026-05-06T20:42:58.222769+00:00,,,,,
DAL901-1777867547-fa-142p,,2026-05-06T17:36:00Z,-10.0,0.0,0,0,2026-05-06T20:37:55.193630+00:00,,,,,
AAL1793-1777875601-airline-1734p,,2026-05-06T17:36:00Z,48.0,54.0,0,0,2026-05-06T20:37:55.193630+00:00,,,,,
DAL200-1777781717-fa-2385p,,2026-05-06T17:36:00Z,-4.0,1.0,0,0,2026-05-06T20:42:58.222769+00:00,,,,,
DAL2835-1777868170-fa-1607p,,2026-05-06T17:35:00Z,-10.0,-5.0,0,0,2026-05-06T20:37:55.193630+00:00,,,,,
DAL1472-1777867848-fa-951p,,2026-05-06T17:35:00Z,-9.0,-13.0,0,0,2026-05-06T20:42:58.222769+00:00,,,,,
DAL3092-1777868558-fa-243p,,2026-05-06T17:34:00Z,-13.0,-7.0,0,0,2026-05-06T20:42:58.222769+00:00,,,,,
DAL876-1777868732-fa-1918p,,2026-05-06T17:34:00Z,-4.0,-2.0,0,0,2026-05-06T20:42:58.222769+00:00,,,,,
DAL2978-1777868472-fa-1550p,,2026-05-06T17:33:00Z,-15.0,-4.0,0,0,2026-05-06T20:37:55.193630+00:00,,,,,
DAL897-1777868636-fa-1009p,,2026-05-06T17:33:00Z,-16.0,-1.0,0,0,2026-05-06T20:37:55.193630+00:00,,,,,
DAL3012-1777868743-fa-874p,,2026-05-06T17:33:00Z,42.0,51.0,0,0,2026-05-06T20:42:58.222769+00:00,,,,,
DAL1941-1777868389-fa-4609p,,2026-05-06T17:33:00Z,-22.0,-6.0,0,0,2026-05-06T20:42:58.222769+00:00,,,,,
DAL801-1777868552-fa-465p,,2026-05-06T17:32:00Z,-18.0,-9.0,0,0,2026-05-06T20:37:55.193630+00:00,,,,,
DAL33-1777867584-fa-214p,,2026-05-06T17:32:00Z,-2.0,-9.0,0,0,2026-05-06T20:37:55.193630+00:00,,,,,
DAL1359-1777868738-fa-1055p,,2026-05-06T17:32:00Z,-9.0,-4.0,0,0,2026-05-06T20:42:58.222769+00:00,,,,,
DAL2011-1777867650-fa-979p,,2026-05-06T17:31:00Z,-13.0,-1.0,0,0,2026-05-06T20:42:58.222769+00:00,,,,,
EDV5418-1777877538-airline-586p,,2026-05-06T17:30:00Z,-10.0,-4.0,0,0,2026-05-06T20:37:55.193630+00:00,,,,,
DAL862-1777867667-fa-656p,,2026-05-06T17:30:00Z,-15.0,-4.0,0,0,2026-05-06T20:42:58.222769+00:00,,,,,
DAL1658-1777868698-fa-461p,,2026-05-06T17:29:00Z,-9.0,-2.0,0,0,2026-05-06T20:37:55.193630+00:00,,,,,
DAL1153-1777867535-fa-1192p,,2026-05-06T17:29:00Z,53.0,54.0,0,0,2026-05-06T20:42:58.222769+00:00,,,,,
DAL839-1777867777-fa-50p,,2026-05-06T17:28:00Z,27.0,37.0,0,0,2026-05-06T20:37:55.193630+00:00,,,,,
DAL1099-1777867636-fa-3499p,,2026-05-06T17:28:00Z,49.0,60.0,0,0,2026-05-06T20:42:58.222769+00:00,,,,,
DAL1324-1777868241-fa-1074p,,2026-05-06T17:26:00Z,83.0,97.0,0,0,2026-05-06T20:37:55.193630+00:00,,,,,
DAL1363-1777868566-fa-615p,,2026-05-06T17:26:00Z,-19.0,-8.0,0,0,2026-05-06T20:37:55.193630+00:00,,,,,
EDV5353-1777871014-airline-340p,,2026-05-06T17:26:00Z,-16.0,-5.0,0,0,2026-05-06T20:42:58.222769+00:00,,,,,
DAL570-1777868507-fa-1458p,,2026-05-06T17:25:00Z,-11.0,-2.0,0,0,2026-05-06T20:37:55.193630+00:00,,,,,
SLI2710-1777874213-airline-47p,,2026-05-06T17:25:00Z,-30.0,-1.0,0,0,2026-05-06T20:37:55.193630+00:00,,,,,
DAL3159-1777868742-fa-254p,,2026-05-06T17:25:00Z,1.0,0.0,0,0,2026-05-06T20:42:58.222769+00:00,,,,,
DAL3078-1777868723-fa-710p,,2026-05-06T17:25:00Z,-9.0,-7.0,0,0,2026-05-06T20:42:58.222769+00:00,,,,,
DAL1929-1777867998-fa-665p,,2026-05-06T17:25:00Z,-15.0,-14.0,0,0,2026-05-06T20:42:58.222769+00:00,,,,,
SWA700-1777872785-airline-1141p,,2026-05-06T17:24:00Z,9.0,19.0,0,0,2026-05-06T20:37:55.193630+00:00,,,,,
SWA267-1777876911-airline-950p,,2026-05-06T17:24:00Z,-6.0,7.0,0,0,2026-05-06T20:37:55.193630+00:00,,,,,
DAL588-1777868175-fa-585p,,2026-05-06T17:24:00Z,-26.0,-3.0,0,0,2026-05-06T20:42:58.222769+00:00,,,,,
ACA7304-1777880998-airline-834p,,2026-05-06T17:23:00Z,58.0,43.0,0,0,2026-05-06T20:37:55.193630+00:00,,,,,
DAL1488-1777868699-fa-840p,,2026-05-06T17:22:00Z,1.0,-5.0,0,0,2026-05-06T20:42:58.222769+00:00,,,,,
DAL414-1777867933-fa-111p,,2026-05-06T17:22:00Z,-9.0,-7.0,0,0,2026-05-06T20:42:58.222769+00:00,,,,,
DAL569-1777868421-fa-5192p,,2026-05-06T17:21:00Z,-20.0,-3.0,0,0,2026-05-06T20:37:55.193630+00:00,,,,,
DAL1155-1777868343-fa-1524p,,2026-05-06T17:20:00Z,-6.0,-2.0,0,0,2026-05-06T20:37:55.193630+00:00,,,,,
AAL1816-1777875601-airline-1759p,,2026-05-06T17:20:00Z,-10.0,-9.0,0,0,2026-05-06T20:42:58.222769+00:00,,,,,
SKW3811-1777784419-airline-757p,,2026-05-06T17:19:00Z,848.0,849.0,0,0,2026-05-06T20:42:58.222769+00:00,,,,,
DAL2179-1777868734-fa-315p,,2026-05-06T17:18:00Z,-17.0,-4.0,0,0,2026-05-06T20:42:58.222769+00:00,,,,,
RPA4580-1777871812-airline-470p,,2026-05-06T17:18:00Z,-22.0,-6.0,0,0,2026-05-06T20:42:58.222769+00:00,,,,,
DAL993-1777867731-fa-17p,,2026-05-06T17:17:00Z,-16.0,-1.0,0,0,2026-05-06T20:37:55.193630+00:00,,,,,
EDV5365-1777830312-fa-1294p,,2026-05-06T17:17:00Z,-11.0,0.0,0,0,2026-05-06T20:42:58.222769+00:00,,,,,
DAL2598-1777868741-fa-3975p,,2026-05-06T17:16:00Z,-6.0,3.0,0,0,2026-05-06T20:37:55.193630+00:00,,,,,
EDV4989-1777830322-fa-2409p,,2026-05-06T17:16:00Z,13.0,-3.0,0,0,2026-05-06T20:42:58.222769+00:00,,,,,
DAL1063-1777868723-fa-688p,,2026-05-06T17:15:00Z,-24.0,-5.0,0,0,2026-05-06T20:37:55.193630+00:00,,,,,
EDV5352-1777850065-fa-3751p,,2026-05-06T17:15:00Z,-5.0,-5.0,0,0,2026-05-06T20:37:55.193630+00:00,,,,,
DAL926-1777868011-fa-207p,,2026-05-06T17:15:00Z,68.0,31.0,0,0,2026-05-06T20:37:55.193630+00:00,,,,,
FFT3021-1777870984-airline-623p,,2026-05-06T17:15:00Z,-5.0,-7.0,0,0,2026-05-06T20:42:58.222769+00:00,,,,,
DAL729-1777867543-fa-1466p,,2026-05-06T17:14:00Z,-19.0,-3.0,0,0,2026-05-06T20:37:55.193630+00:00,,,,,
DAL441-1777868741-fa-4449p,,2026-05-06T17:14:00Z,-5.0,-7.0,0,0,2026-05-06T20:37:55.193630+00:00,,,,,
DAL2542-1777868567-fa-730p,,2026-05-06T17:14:00Z,-1.0,4.0,0,0,2026-05-06T20:42:58.222769+00:00,,,,,
DAL584-1777867878-fa-520p,,2026-05-06T17:14:00Z,-17.0,-6.0,0,0,2026-05-06T20:42:58.222769+00:00,,,,,
DAL3052-1777868726-fa-1599p,,2026-05-06T17:13:00Z,-18.0,-8.0,0,0,2026-05-06T20:37:55.193630+00:00,,,,,
EDV5302-1777838305-fa-1228p,,2026-05-06T17:13:00Z,-16.0,-3.0,0,0,2026-05-06T20:37:55.193630+00:00,,,,,
DAL1082-1777867592-fa-1311p,,2026-05-06T17:13:00Z,-3.0,0.0,0,0,2026-05-06T20:42:58.222769+00:00,,,,,
JBU896-1777871714-airline-1694p,,2026-05-06T17:13:00Z,-23.0,-8.0,0,0,2026-05-06T20:42:58.222769+00:00,,,,,
DAL3198-1777868558-fa-1856p,,2026-05-06T17:12:00Z,-6.0,-4.0,0,0,2026-05-06T20:37:55.193630+00:00,,,,,
DAL3151-1777868723-fa-743p,,2026-05-06T17:12:00Z,4.0,5.0,0,0,2026-05-06T20:42:58.222769+00:00,,,,,
EDV5157-1777827125-fa-2632p,,2026-05-06T17:12:00Z,-11.0,-6.0,0,0,2026-05-06T20:42:58.222769+00:00,,,,,
RPA4579-1777871812-airline-468p,,2026-05-06T17:11:00Z,-29.0,-9.0,0,0,2026-05-06T20:37:55.193630+00:00,,,,,
FFT3059-1777877850-airline-1151p,,2026-05-06T17:11:00Z,-23.0,-10.0,0,0,2026-05-06T20:37:55.193630+00:00,,,,,
DAL1030-1777868702-fa-1048p,,2026-05-06T17:11:00Z,16.0,14.0,0,0,2026-05-06T20:42:58.222769+00:00,,,,,
DAL1882-1777867568-fa-1268p,,2026-05-06T17:11:00Z,-14.0,-1.0,0,0,2026-05-06T20:42:58.222769+00:00,,,,,
DAL725-1777868688-fa-1457p,,2026-05-06T17:11:00Z,22.0,6.0,0,0,2026-05-06T20:42:58.222769+00:00,,,,,
DAL444-1777868660-fa-3840p,,2026-05-06T17:11:00Z,9.0,0.0,0,0,2026-05-06T20:42:58.222769+00:00,,,,,
DAL35-1777867565-fa-347p,,2026-05-06T17:10:00Z,21.0,-8.0,0,0,2026-05-06T20:37:55.193630+00:00,,,,,
DAL2417-1777868732-fa-538p,,2026-05-06T17:10:00Z,3.0,-3.0,0,0,2026-05-06T20:42:58.222769+00:00,,,,,
DAL1046-1777867599-fa-178p,,2026-05-06T17:09:00Z,-15.0,-5.0,0,0,2026-05-06T20:37:55.193630+00:00,,,,,
EDV5082-1777871014-airline-353p,,2026-05-06T17:09:00Z,125.0,-6.0,0,0,2026-05-06T20:42:58.222769+00:00,,,,,
DAL1782-1777868185-fa-396p,,2026-05-06T17:09:00Z,-11.0,-4.0,0,0,2026-05-06T20:42:58.222769+00:00,,,,,
DAL1094-1777867705-fa-1027p,,2026-05-06T17:08:00Z,-14.0,-6.0,0,0,2026-05-06T20:37:55.193630+00:00,,,,,
DAL2711-1777868458-fa-810p,,2026-05-06T17:08:00Z,-5.0,-6.0,0,0,2026-05-06T20:42:58.222769+00:00,,,,,
DAL1240-1777868700-fa-1409p,,2026-05-06T17:08:00Z,8.0,-4.0,0,0,2026-05-06T20:42:58.222769+00:00,,,,,
DAL83-1777868046-fa-687p,,2026-05-06T17:07:00Z,5.0,-3.0,0,0,2026-05-06T20:37:55.193630+00:00,,,,,
DAL1656-1777867669-fa-924p,,2026-05-06T17:07:00Z,-9.0,-8.0,0,0,2026-05-06T20:42:58.222769+00:00,,,,,
DAL1796-1777867628-fa-996p,,2026-05-06T17:06:00Z,-15.0,-6.0,0,0,2026-05-06T20:42:58.222769+00:00,,,,,
DAL2999-1777868567-fa-729p,,2026-05-06T17:05:00Z,-10.0,-1.0,0,0,2026-05-06T20:37:55.193630+00:00,,,,,
DAL1592-1777868435-fa-1682p,,2026-05-06T17:05:00Z,26.0,22.0,0,0,2026-05-06T20:37:55.193630+00:00,,,,,
SKW4210-1778031224-fa-1370p,,2026-05-06T17:05:00Z,135.0,68.0,0,0,2026-05-06T20:42:58.222769+00:00,,,,,
FFT1081-1777880967-airline-1240p,,2026-05-06T17:04:00Z,-16.0,-6.0,0,0,2026-05-06T20:37:55.193630+00:00,,,,,
EDV5312-1777827066-fa-3177p,,2026-05-06T17:04:00Z,12.0,20.0,0,0,2026-05-06T20:42:58.222769+00:00,,,,,
JIA5436-1777872223-airline-655p,,2026-05-06T17:04:00Z,-9.0,-10.0,0,0,2026-05-06T20:42:58.222769+00:00,,,,,
DAL1311-1777867660-fa-1017p,,2026-05-06T17:03:00Z,-2.0,4.0,0,0,2026-05-06T20:37:55.193630+00:00,,,,,
SWA3206-1777871111-airline-607p,,2026-05-06T17:03:00Z,-7.0,-3.0,0,0,2026-05-06T20:42:58.222769+00:00,,,,,
DAL1102-1777868533-fa-2526p,,2026-05-06T17:03:00Z,7.0,11.0,0,0,2026-05-06T20:42:58.222769+00:00,,,,,
EDV5278-1777830435-fa-2319p,,2026-05-06T17:03:00Z,-22.0,-8.0,0,0,2026-05-06T20:42:58.222769+00:00,,,,,
WJA1590-1777881901-airline-2001p,,2026-05-06T17:02:00Z,-23.0,-4.0,0,0,2026-05-06T20:37:55.193630+00:00,,,,,
DAL2991-1777868497-fa-1291p,,2026-05-06T17:01:00Z,-4.0,-5.0,0,0,2026-05-06T20:37:55.193630+00:00,,,,,
DAL1286-1777868742-fa-423p,,2026-05-06T17:01:00Z,-19.0,-6.0,0,0,2026-05-06T20:37:55.193630+00:00,,,,,
SWA2813-1777876911-airline-1126p,,2026-05-06T17:01:00Z,1.0,2.0,0,0,2026-05-06T20:37:55.193630+00:00,,,,,
DAL1034-1777868597-fa-790p,,2026-05-06T17:01:00Z,61.0,54.0,0,0,2026-05-06T20:42:58.222769+00:00,,,,,
DAL1190-1777867658-fa-311p,,2026-05-06T17:00:00Z,-14.0,-8.0,0,0,2026-05-06T20:42:58.222769+00:00,,,,,
FFT4406-1777870984-airline-717p,,2026-05-06T16:59:00Z,-21.0,-9.0,0,0,2026-05-06T20:42:58.222769+00:00,,,,,
DAL390-1777868598-fa-91p,,2026-05-06T16:58:00Z,-16.0,-2.0,0,0,2026-05-06T20:37:55.193630+00:00,,,,,
DAL71-1777868089-fa-279p,,2026-05-06T16:58:00Z,16.0,-2.0,0,0,2026-05-06T20:37:55.193630+00:00,,,,,
DAL1345-1777867539-fa-4281p,,2026-05-06T16:58:00Z,-3.0,-4.0,0,0,2026-05-06T20:42:58.222769+00:00,,,,,
DAL940-1777868740-fa-210p,,2026-05-06T16:57:00Z,-11.0,-8.0,0,0,2026-05-06T20:42:58.222769+00:00,,,,,
FFT4874-1777877850-airline-1325p,,2026-05-06T16:57:00Z,-17.0,-6.0,0,0,2026-05-06T20:42:58.222769+00:00,,,,,
DAL1743-1777868728-fa-2770p,,2026-05-06T16:56:00Z,-8.0,-4.0,0,0,2026-05-06T20:37:55.193630+00:00,,,,,
DAL3164-1777868735-fa-575p,,2026-05-06T16:56:00Z,-6.0,6.0,0,0,2026-05-06T20:37:55.193630+00:00,,,,,
DAL535-1777867795-fa-884p,,2026-05-06T16:56:00Z,-17.0,-4.0,0,0,2026-05-06T20:37:55.193630+00:00,,,,,
DAL1841-1777868198-fa-10p,,2026-05-06T16:55:00Z,-14.0,-6.0,0,0,2026-05-06T20:37:55.193630+00:00,,,,,
DAL2944-1777868736-fa-886p,,2026-05-06T16:55:00Z,-19.0,-6.0,0,0,2026-05-06T20:42:58.222769+00:00,,,,,
DAL2925-1777868575-fa-1104p,,2026-05-06T16:55:00Z,-2.0,-5.0,0,0,2026-05-06T20:42:58.222769+00:00,,,,,
DAL2071-1777868570-fa-894p,,2026-05-06T16:54:00Z,-10.0,-3.0,0,0,2026-05-06T20:37:55.193630+00:00,,,,,
DAL1958-1777868472-fa-141p,,2026-05-06T16:54:00Z,-18.0,-2.0,0,0,2026-05-06T20:42:58.222769+00:00,,,,,
DAL1699-1777868547-fa-387p,,2026-05-06T16:53:00Z,-7.0,-2.0,0,0,2026-05-06T20:37:55.193630+00:00,,,,,
DAL2182-1777868741-fa-3992p,,2026-05-06T16:53:00Z,-17.0,-10.0,0,0,2026-05-06T20:42:58.222769+00:00,,,,,
DAL3176-1777868730-fa-241p,,2026-05-06T16:53:00Z,-10.0,-4.0,0,0,2026-05-06T20:42:58.222769+00:00,,,,,
ENY4085-1777870704-airline-634p,,2026-05-06T16:53:00Z,15.0,26.0,0,0,2026-05-06T20:42:58.222769+00:00,,,,,
EDV5313-1777850409-fa-1677p,,2026-05-06T16:52:00Z,-20.0,-17.0,0,0,2026-05-06T20:37:55.193630+00:00,,,,,
DAL3045-1777868739-fa-1621p,,2026-05-06T16:51:00Z,-17.0,-13.0,0,0,2026-05-06T20:37:55.193630+00:00,,,,,
JIA5326-1777872223-airline-539p,,2026-05-06T16:49:00Z,-4.0,-3.0,0,0,2026-05-06T20:37:55.193630+00:00,,,,,
DAL1585-1777867698-fa-784p,,2026-05-06T16:49:00Z,-5.0,-2.0,0,0,2026-05-06T20:37:55.193630+00:00,,,,,
DAL2325-1777868478-fa-105p,,2026-05-06T16:49:00Z,-24.0,0.0,0,0,2026-05-06T20:37:55.193630+00:00,,,,,
DAL1640-1777868558-fa-247p,,2026-05-06T16:49:00Z,-4.0,-7.0,0,0,2026-05-06T20:42:58.222769+00:00,,,,,
EDV4955-1777869347-fa-527p,,2026-05-06T16:48:00Z,-8.0,5.0,0,0,2026-05-06T20:42:58.222769+00:00,,,,,
DAL1512-1777867665-fa-363p,,2026-05-06T16:48:00Z,-9.0,0.0,0,0,2026-05-06T20:42:58.222769+00:00,,,,,
DAL3128-1777868673-fa-963p,,2026-05-06T16:47:00Z,-18.0,-7.0,0,0,2026-05-06T20:37:55.193630+00:00,,,,,
DAL1227-1777867241-fa-1210p,,2026-05-06T16:47:00Z,8.0,26.0,0,0,2026-05-06T20:37:55.193630+00:00,,,,,
DAL2547-1777868483-fa-179p,,2026-05-06T16:46:00Z,15.0,-4.0,0,0,2026-05-06T20:42:58.222769+00:00,,,,,
DAL3108-1777868726-fa-308p,,2026-05-06T16:45:00Z,-23.0,-13.0,0,0,2026-05-06T20:37:55.193630+00:00,,,,,
FFT3782-1777877850-airline-1236p,,2026-05-06T16:45:00Z,10.0,24.0,0,0,2026-05-06T20:42:58.222769+00:00,,,,,
DAL737-1777867942-fa-787p,,2026-05-06T16:45:00Z,5.0,-5.0,0,0,2026-05-06T20:42:58.222769+00:00,,,,,
EDV5011-1777833290-fa-1080p,,2026-05-06T16:44:00Z,-16.0,-6.0,0,0,2026-05-06T20:37:55.193630+00:00,,,,,
DAL3035-1777868532-fa-1344p,,2026-05-06T16:43:00Z,-7.0,-3.0,0,0,2026-05-06T20:37:55.193630+00:00,,,,,
DAL775-1777868537-fa-1487p,,2026-05-06T16:43:00Z,-5.0,-8.0,0,0,2026-05-06T20:42:58.222769+00:00,,,,,
DAL600-1777868467-fa-718p,,2026-05-06T16:43:00Z,-17.0,-13.0,0,0,2026-05-06T20:42:58.222769+00:00,,,,,
DAL2090-1777868700-fa-1413p,,2026-05-06T16:43:00Z,0.0,-4.0,0,0,2026-05-06T20:42:58.222769+00:00,,,,,
DAL348-1777868069-fa-2746p,,2026-05-06T16:43:00Z,21.0,-1.0,0,0,2026-05-06T20:42:58.222769+00:00,,,,,
DAL1178-1777867658-fa-314p,,2026-05-06T16:42:00Z,-9.0,1.0,0,0,2026-05-06T20:37:55.193630+00:00,,,,,
DAL1089-1777867530-fa-366p,,2026-05-06T16:42:00Z,-13.0,-4.0,0,0,2026-05-06T20:37:55.193630+00:00,,,,,
DAL907-1777867518-fa-826p,,2026-05-06T16:42:00Z,-8.0,-1.0,0,0,2026-05-06T20:37:55.193630+00:00,,,,,
EDV5319-1777838303-fa-2377p,,2026-05-06T16:41:00Z,-9.0,-6.0,0,0,2026-05-06T20:37:55.193630+00:00,,,,,
EDV5372-1777833302-fa-1875p,,2026-05-06T16:40:00Z,7.0,16.0,0,0,2026-05-06T20:37:55.193630+00:00,,,,,
DAL3182-1777868731-fa-444p,,2026-05-06T16:40:00Z,-17.0,-7.0,0,0,2026-05-06T20:42:58.222769+00:00,,,,,
EDV5039-1777878038-airline-1253p,,2026-05-06T16:40:00Z,-26.0,-14.0,0,0,2026-05-06T20:42:58.222769+00:00,,,,,
DAL855-1777867590-fa-894p,,2026-05-06T16:40:00Z,-10.0,-4.0,0,0,2026-05-06T20:42:58.222769+00:00,,,,,
EDV5534-1777870860-airline-594p,,2026-05-06T16:39:00Z,-16.0,-6.0,0,0,2026-05-06T20:37:55.193630+00:00,,,,,
DAL187-1777867585-fa-95p,,2026-05-06T16:39:00Z,-12.0,-63.0,0,0,2026-05-06T20:37:55.193630+00:00,,,,,
EDV5129-1777873906-airline-1747p,,2026-05-06T16:39:00Z,-2.0,-2.0,0,0,2026-05-06T20:37:55.193630+00:00,,,,,
FFT4699-1777877850-airline-1310p,,2026-05-06T16:39:00Z,25.0,29.0,0,0,2026-05-06T20:42:58.222769+00:00,,,,,
ASA377-1777877692-airline-700p,,2026-05-06T16:39:00Z,-1.0,9.0,0,0,2026-05-06T20:42:58.222769+00:00,,,,,
SWA1445-1777873095-airline-1344p,,2026-05-06T16:37:00Z,7.0,1.0,0,0,2026-05-06T20:37:55.193630+00:00,,,,,
SWA4427-1777872785-airline-799p,,2026-05-06T16:37:00Z,-13.0,-3.0,0,0,2026-05-06T20:37:55.193630+00:00,,,,,
AAL1799-1777875601-airline-1741p,,2026-05-06T16:37:00Z,-23.0,-2.0,0,0,2026-05-06T20:42:58.222769+00:00,,,,,
DAL996-1777867531-fa-706p,2026-05-06T16:25:00,2026-05-06T16:37:00Z,12.0,-5.0,0,0,2026-05-06T20:42:58.222769+00:00,DL996,N6715C,DL,ATL,LAX
DAL371-1777867550-fa-1035p,,2026-05-06T16:36:00Z,-4.0,-8.0,0,0,2026-05-06T20:42:58.222769+00:00,,,,,
DAL1290-1777868734-fa-2033p,,2026-05-06T16:35:00Z,-12.0,-4.0,0,0,2026-05-06T20:37:55.193630+00:00,,,,,
JIA5168-1777872223-airline-370p,,2026-05-06T16:35:00Z,-23.0,-6.0,0,0,2026-05-06T20:37:55.193630+00:00,,,,,
DAL2401-1777868494-fa-411p,,2026-05-06T16:35:00Z,13.0,-7.0,0,0,2026-05-06T20:42:58.222769+00:00,,,,,
DAL1137-1777867959-fa-549p,,2026-05-06T16:35:00Z,22.0,-1.0,0,0,2026-05-06T20:42:58.222769+00:00,,,,,
EDV5555-1777915134-fa-1484p,,2026-05-06T16:33:00Z,16.0,-7.0,0,0,2026-05-06T20:37:55.193630+00:00,,,,,
DAL1100-1777867595-fa-1094p,,2026-05-06T16:33:00Z,-9.0,1.0,0,0,2026-05-06T20:37:55.193630+00:00,,,,,
DAL2856-1777868515-fa-100p,,2026-05-06T16:32:00Z,-2.0,4.0,0,0,2026-05-06T20:37:55.193630+00:00,,,,,
FFT1596-1777870984-airline-494p,,2026-05-06T16:31:00Z,-8.0,8.0,0,0,2026-05-06T20:37:55.193630+00:00,,,,,
DAL1974-1777868721-fa-486p,,2026-05-06T16:31:00Z,10.0,20.0,0,0,2026-05-06T20:42:58.222769+00:00,,,,,
JIA5039-1777872223-airline-223p,,2026-05-06T16:31:00Z,-17.0,10.0,0,0,2026-05-06T20:42:58.222769+00:00,,,,,
DAL3013-1777868558-fa-250p,,2026-05-06T16:31:00Z,-10.0,-7.0,0,0,2026-05-06T20:42:58.222769+00:00,,,,,
RPA4420-1777871812-airline-292p,,2026-05-06T16:30:00Z,-15.0,-3.0,0,0,2026-05-06T20:37:55.193630+00:00,,,,,
DAL2801-1777868728-fa-70p,,2026-05-06T16:29:00Z,-9.0,-5.0,0,0,2026-05-06T20:37:55.193630+00:00,,,,,
DAL2836-1777867538-fa-68p,,2026-05-06T16:29:00Z,-8.0,-4.0,0,0,2026-05-06T20:37:55.193630+00:00,,,,,
DAL2326-1777868674-fa-1273p,,2026-05-06T16:28:00Z,-11.0,-5.0,0,0,2026-05-06T20:37:55.193630+00:00,,,,,
DAL755-1777868049-fa-190p,,2026-05-06T16:27:00Z,-28.0,-9.0,0,0,2026-05-06T20:37:55.193630+00:00,,,,,
DAL3036-1777868741-fa-4455p,,2026-05-06T16:27:00Z,68.0,81.0,0,0,2026-05-06T20:37:55.193630+00:00,,,,,
DAL3147-1777868726-fa-1595p,,2026-05-06T16:27:00Z,127.0,0.0,0,0,2026-05-06T20:42:58.222769+00:00,,,,,
UAL340-1777839133-fa-2740p,,2026-05-06T16:26:00Z,-4.0,-7.0,0,0,2026-05-06T20:42:58.222769+00:00,,,,,
DAL1213-1777868689-fa-1497p,,2026-05-06T16:23:00Z,-15.0,-3.0,0,0,2026-05-06T20:37:55.193630+00:00,,,,,
SKW3820-1777871079-airline-576p,,2026-05-06T16:23:00Z,48.0,56.0,0,0,2026-05-06T20:37:55.193630+00:00,,,,,
DAL2908-1777868555-fa-29p,,2026-05-06T16:23:00Z,3.0,-7.0,0,0,2026-05-06T20:42:58.222769+00:00,,,,,
EDV5165-1777846769-fa-2054p,,2026-05-06T16:22:00Z,-18.0,-16.0,0,0,2026-05-06T20:37:55.193630+00:00,,,,,
JZA8501-1777874593-airline-505p,,2026-05-06T16:22:00Z,-10.0,-8.0,0,0,2026-05-06T20:37:55.193630+00:00,,,,,
DAL3040-1777868279-fa-534p,,2026-05-06T16:22:00Z,4.0,2.0,0,0,2026-05-06T20:42:58.222769+00:00,,,,,
DAL2549-1777782282-fa-158p,,2026-05-06T16:21:00Z,699.0,681.0,0,0,2026-05-06T20:42:58.222769+00:00,,,,,
DAL1571-1777867588-fa-3619p,,2026-05-06T16:20:00Z,-12.0,-3.0,0,0,2026-05-06T20:37:55.193630+00:00,,,,,
DAL989-1777867553-fa-205p,,2026-05-06T16:20:00Z,-17.0,-4.0,0,0,2026-05-06T20:37:55.193630+00:00,,,,,
DAL1004-1777868423-fa-1640p,,2026-05-06T16:20:00Z,2.0,-5.0,0,0,2026-05-06T20:42:58.222769+00:00,,,,,
FFT3294-1777874685-airline-716p,,2026-05-06T16:18:00Z,45.0,-6.0,0,0,2026-05-06T20:37:55.193630+00:00,,,,,
DAL590-1777868290-fa-51p,,2026-05-06T16:17:00Z,-3.0,-5.0,0,0,2026-05-06T20:37:55.193630+00:00,,,,,
DAL8801-1777868427-fa-279p,,2026-05-06T16:17:00Z,15.0,-8.0,0,0,2026-05-06T20:42:58.222769+00:00,,,,,
DAL2883-1777868154-fa-789p,,2026-05-06T16:17:00Z,-2.0,-1.0,0,0,2026-05-06T20:42:58.222769+00:00,,,,,
DAL664-1777868700-fa-1418p,,2026-05-06T16:16:00Z,21.0,13.0,0,0,2026-05-06T20:42:58.222769+00:00,,,,,
DAL2650-1777868477-fa-195p,,2026-05-06T16:16:00Z,-7.0,-4.0,0,0,2026-05-06T20:42:58.222769+00:00,,,,,
EDV5241-1777881216-airline-625p,,2026-05-06T16:16:00Z,4.0,-9.0,0,0,2026-05-06T20:42:58.222769+00:00,,,,,
DAL830-1777867522-fa-1158p,,2026-05-06T16:16:00Z,12.0,-3.0,0,0,2026-05-06T20:42:58.222769+00:00,,,,,
DAL3033-1777868737-fa-130p,,2026-05-06T16:15:00Z,15.0,19.0,0,0,2026-05-06T20:37:55.193630+00:00,,,,,
DAL3149-1777868522-fa-968p,,2026-05-06T16:15:00Z,-15.0,-6.0,0,0,2026-05-06T20:42:58.222769+00:00,,,,,
DAL1151-1777868369-fa-1209p,,2026-05-06T16:15:00Z,-12.0,-8.0,0,0,2026-05-06T20:42:58.222769+00:00,,,,,
DAL385-1777867701-fa-1083p,,2026-05-06T16:14:00Z,-11.0,-10.0,0,0,2026-05-06T20:37:55.193630+00:00,,,,,
EDV5425-1777829255-fa-2089p,,2026-05-06T16:14:00Z,-19.0,-5.0,0,0,2026-05-06T20:42:58.222769+00:00,,,,,
DAL2270-1777867641-fa-234p,,2026-05-06T16:14:00Z,0.0,0.0,0,0,2026-05-06T20:42:58.222769+00:00,,,,,
DAL1869-1777868171-fa-213p,,2026-05-06T16:14:00Z,-26.0,-9.0,0,0,2026-05-06T20:42:58.222769+00:00,,,,,
SWA781-1777872785-airline-1209p,,2026-05-06T16:12:00Z,-18.0,0.0,0,0,2026-05-06T20:37:55.193630+00:00,,,,,
DAL1115-1777868735-fa-561p,,2026-05-06T16:12:00Z,-20.0,-10.0,0,0,2026-05-06T20:42:58.222769+00:00,,,,,
DAL586-1777867588-fa-4781p,,2026-05-06T16:10:00Z,-20.0,-6.0,0,0,2026-05-06T20:42:58.222769+00:00,,,,,
UAL1486-1777834373-fa-520p,,2026-05-06T16:09:00Z,-2.0,-5.0,0,0,2026-05-06T20:37:55.193630+00:00,,,,,
DAL3196-1777868561-fa-890p,,2026-05-06T16:08:00Z,-12.0,-9.0,0,0,2026-05-06T20:37:55.193630+00:00,,,,,
DAL1052-1777867633-fa-261p,,2026-05-06T16:08:00Z,25.0,0.0,0,0,2026-05-06T20:37:55.193630+00:00,,,,,
DAL3199-1777868723-fa-735p,,2026-05-06T16:07:00Z,-22.0,-8.0,0,0,2026-05-06T20:37:55.193630+00:00,,,,,
JBU2097-1777872124-airline-228p,,2026-05-06T16:07:00Z,-8.0,-6.0,0,0,2026-05-06T20:42:58.222769+00:00,,,,,
DAL3089-1777868743-fa-879p,,2026-05-06T16:06:00Z,63.0,79.0,0,0,2026-05-06T20:37:55.193630+00:00,,,,,
DAL2937-1777868356-fa-531p,,2026-05-06T16:06:00Z,-6.0,-5.0,0,0,2026-05-06T20:42:58.222769+00:00,,,,,
DAL1997-1777868289-fa-355p,,2026-05-06T16:06:00Z,-23.0,-2.0,0,0,2026-05-06T20:42:58.222769+00:00,,,,,
DAL1462-1777868698-fa-454p,,2026-05-06T16:05:00Z,-10.0,-4.0,0,0,2026-05-06T20:37:55.193630+00:00,,,,,
DAL1327-1777868692-fa-3033p,2026-05-06T15:52:00,2026-05-06T16:05:00Z,13.0,-1.0,0,0,2026-05-06T20:42:58.222769+00:00,DL1327,N6705Y,DL,ATL,LAS
DAL886-1777868475-fa-780p,,2026-05-06T16:04:00Z,-23.0,1.0,0,0,2026-05-06T20:37:55.193630+00:00,,,,,
SLI978-1777874467-airline-1186p,,2026-05-06T16:04:00Z,-11.0,2.0,0,0,2026-05-06T20:37:55.193630+00:00,,,,,
DAL2923-1777867631-fa-534p,,2026-05-06T16:04:00Z,-5.0,1.0,0,0,2026-05-06T20:42:58.222769+00:00,,,,,
DAL1380-1777868541-fa-1109p,,2026-05-06T16:03:00Z,-4.0,-2.0,0,0,2026-05-06T20:37:55.193630+00:00,,,,,
EDV4952-1777869362-fa-668p,,2026-05-06T16:03:00Z,-16.0,-6.0,0,0,2026-05-06T20:42:58.222769+00:00,,,,,
EDV5142-1777827073-fa-2472p,,2026-05-06T16:02:00Z,-24.0,-15.0,0,0,2026-05-06T20:37:55.193630+00:00,,,,,
EDV5033-1777873906-airline-1697p,,2026-05-06T16:02:00Z,1.0,-6.0,0,0,2026-05-06T20:42:58.222769+00:00,,,,,
FFT2291-1777880967-airline-1389p,,2026-05-06T16:02:00Z,-7.0,-10.0,0,0,2026-05-06T20:42:58.222769+00:00,,,,,
DAL1682-1777867751-fa-335p,,2026-05-06T16:02:00Z,-12.0,-5.0,0,0,2026-05-06T20:42:58.222769+00:00,,,,,
DAL431-1777867779-fa-1145p,,2026-05-06T16:01:00Z,6.0,-3.0,0,0,2026-05-06T20:37:55.193630+00:00,,,,,
DAL1121-1777867680-fa-1004p,,2026-05-06T16:01:00Z,-20.0,-9.0,0,0,2026-05-06T20:42:58.222769+00:00,,,,,
DAL918-1777867683-fa-937p,,2026-05-06T15:59:00Z,-22.0,1.0,0,0,2026-05-06T20:37:55.193630+00:00,,,,,
SKW3860-1777814974-fa-2359p,,2026-05-06T15:59:00Z,277.0,296.0,0,0,2026-05-06T20:37:55.193630+00:00,,,,,
DAL1522-1777868317-fa-138p,,2026-05-06T15:59:00Z,8.0,-7.0,0,0,2026-05-06T20:42:58.222769+00:00,,,,,
DAL1332-1777867533-fa-989p,,2026-05-06T15:59:00Z,-12.0,-7.0,0,0,2026-05-06T20:42:58.222769+00:00,,,,,
EDV4991-1777855188-fa-1518p,,2026-05-06T15:58:00Z,-3.0,-3.0,0,0,2026-05-06T20:42:58.222769+00:00,,,,,
DAL2886-1777867936-fa-1000p,,2026-05-06T15:58:00Z,-17.0,-3.0,0,0,2026-05-06T20:42:58.222769+00:00,,,,,
DAL1631-1777867270-fa-766p,,2026-05-06T15:57:00Z,-20.0,-6.0,0,0,2026-05-06T20:37:55.193630+00:00,,,,,
DAL3096-1777868726-fa-1605p,,2026-05-06T15:57:00Z,11.0,-3.0,0,0,2026-05-06T20:42:58.222769+00:00,,,,,
EDV5275-1777871014-airline-345p,,2026-05-06T15:56:00Z,-15.0,-8.0,0,0,2026-05-06T20:42:58.222769+00:00,,,,,
DAL1642-1777868732-fa-535p,,2026-05-06T15:55:00Z,-4.0,2.0,0,0,2026-05-06T20:42:58.222769+00:00,,,,,
DAL3064-1777868735-fa-567p,,2026-05-06T15:54:00Z,-17.0,-8.0,0,0,2026-05-06T20:42:58.222769+00:00,,,,,
UAL632-1777853045-fa-1100p,,2026-05-06T15:54:00Z,8.0,8.0,0,0,2026-05-06T20:42:58.222769+00:00,,,,,
DAL3091-1777868726-fa-301p,,2026-05-06T15:52:00Z,-19.0,-6.0,0,0,2026-05-06T20:37:55.193630+00:00,,,,,
DAL1500-1777868561-fa-269p,,2026-05-06T15:52:00Z,-6.0,-4.0,0,0,2026-05-06T20:37:55.193630+00:00,,,,,
JIA5051-1777872223-airline-240p,,2026-05-06T15:52:00Z,-7.0,-9.0,0,0,2026-05-06T20:42:58.222769+00:00,,,,,
DAL2632-1777867818-fa-908p,,2026-05-06T15:52:00Z,9.0,-8.0,0,0,2026-05-06T20:42:58.222769+00:00,,,,,
DAL1688-1777868419-fa-618p,,2026-05-06T15:50:00Z,-17.0,-5.0,0,0,2026-05-06T20:37:55.193630+00:00,,,,,
DAL1444-1777867959-fa-548p,,2026-05-06T15:50:00Z,8.0,-11.0,0,0,2026-05-06T20:42:58.222769+00:00,,,,,
DAL1704-1777868729-fa-137p,,2026-05-06T15:50:00Z,-15.0,-10.0,0,0,2026-05-06T20:42:58.222769+00:00,,,,,
FFT1241-1777880967-airline-1263p,,2026-05-06T15:49:00Z,5.0,17.0,0,0,2026-05-06T20:37:55.193630+00:00,,,,,
EDV5513-1777873937-airline-738p,,2026-05-06T15:49:00Z,7.0,-6.0,0,0,2026-05-06T20:37:55.193630+00:00,,,,,
DAL1481-1777868729-fa-1473p,,2026-05-06T15:49:00Z,-22.0,-9.0,0,0,2026-05-06T20:42:58.222769+00:00,,,,,
UAL2289-1777838928-fa-6330p,,2026-05-06T15:48:00Z,18.0,-7.0,0,0,2026-05-06T20:42:58.222769+00:00,,,,,
DAL1336-1777868361-fa-1918p,,2026-05-06T15:47:00Z,-8.0,-1.0,0,0,2026-05-06T20:37:55.193630+00:00,,,,,
DAL2681-1777868742-fa-425p,,2026-05-06T15:46:00Z,14.0,6.0,0,0,2026-05-06T20:42:58.222769+00:00,,,,,
DAL2147-1777867842-fa-1709p,,2026-05-06T15:46:00Z,-15.0,-6.0,0,0,2026-05-06T20:42:58.222769+00:00,,,,,
DAL3069-1777868733-fa-232p,,2026-05-06T15:45:00Z,-4.0,3.0,0,0,2026-05-06T20:37:55.193630+00:00,,,,,
EDV4701-1777871014-airline-346p,,2026-05-06T15:45:00Z,-14.0,-7.0,0,0,2026-05-06T20:37:55.193630+00:00,,,,,
DAL2052-1777868544-fa-4068p,,2026-05-06T15:44:00Z,2.0,-4.0,0,0,2026-05-06T20:42:58.222769+00:00,,,,,
DAL557-1777867271-fa-1363p,,2026-05-06T15:44:00Z,1.0,3.0,0,0,2026-05-06T20:42:58.222769+00:00,,,,,
DAL2511-1777867928-fa-216p,,2026-05-06T15:41:00Z,-12.0,-10.0,0,0,2026-05-06T20:42:58.222769+00:00,,,,,
DAL2232-1777868738-fa-158p,,2026-05-06T15:40:00Z,-13.0,-4.0,0,0,2026-05-06T20:37:55.193630+00:00,,,,,
DAL577-1777868296-fa-2318p,,2026-05-06T15:40:00Z,-15.0,8.0,0,0,2026-05-06T20:42:58.222769+00:00,,,,,
DAL3104-1777868426-fa-1211p,,2026-05-06T15:38:00Z,-1.0,1.0,0,0,2026-05-06T20:42:58.222769+00:00,,,,,
DAL1149-1777868734-fa-316p,,2026-05-06T15:37:00Z,-5.0,0.0,0,0,2026-05-06T20:37:55.193630+00:00,,,,,
EDV5304-1777821080-fa-756p,,2026-05-06T15:36:00Z,-14.0,-8.0,0,0,2026-05-06T20:37:55.193630+00:00,,,,,
DAL2597-1777867949-fa-73p,,2026-05-06T15:36:00Z,-2.0,-5.0,0,0,2026-05-06T20:42:58.222769+00:00,,,,,
DAL380-1777867969-fa-137p,,2026-05-06T15:35:00Z,10.0,14.0,0,0,2026-05-06T20:42:58.222769+00:00,,,,,
FFT4732-1777877850-airline-1318p,,2026-05-06T15:35:00Z,-4.0,1.0,0,0,2026-05-06T20:42:58.222769+00:00,,,,,
DAL961-1777867605-fa-1014p,,2026-05-06T15:35:00Z,6.0,-2.0,0,0,2026-05-06T20:42:58.222769+00:00,,,,,
DAL3125-1777868571-fa-2017p,,2026-05-06T15:33:00Z,-8.0,0.0,0,0,2026-05-06T20:37:55.193630+00:00,,,,,
DAL1479-1777868563-fa-1327p,,2026-05-06T15:33:00Z,-11.0,1.0,0,0,2026-05-06T20:37:55.193630+00:00,,,,,
SWA4528-1777872785-airline-861p,,2026-05-06T15:33:00Z,-12.0,1.0,0,0,2026-05-06T20:37:55.193630+00:00,,,,,
DAL1400-1777867685-fa-1243p,,2026-05-06T15:33:00Z,-1.0,-3.0,0,0,2026-05-06T20:42:58.222769+00:00,,,,,
DAL1486-1777868549-fa-4203p,,2026-05-06T15:32:00Z,-13.0,-5.0,0,0,2026-05-06T20:37:55.193630+00:00,,,,,
EDV5352-1777850066-fa-3890p,,2026-05-06T15:32:00Z,-11.0,-3.0,0,0,2026-05-06T20:42:58.222769+00:00,,,,,
DAL1074-1777868272-fa-745p,,2026-05-06T15:31:00Z,21.0,-1.0,0,0,2026-05-06T20:37:55.193630+00:00,,,,,
RPA4595-1777871812-airline-487p,,2026-05-06T15:31:00Z,2.0,-6.0,0,0,2026-05-06T20:42:58.222769+00:00,,,,,
DAL1637-1777868736-fa-889p,,2026-05-06T15:31:00Z,-2.0,1.0,0,0,2026-05-06T20:42:58.222769+00:00,,,,,
DAL2432-1777867685-fa-1247p,,2026-05-06T15:31:00Z,-4.0,0.0,0,0,2026-05-06T20:42:58.222769+00:00,,,,,
DAL1757-1777867245-fa-923p,,2026-05-06T15:31:00Z,-14.0,0.0,0,0,2026-05-06T20:42:58.222769+00:00,,,,,
DAL1527-1777867596-fa-1284p,,2026-05-06T15:30:00Z,-15.0,-7.0,0,0,2026-05-06T20:42:58.222769+00:00,,,,,
DAL2490-1777868005-fa-941p,,2026-05-06T15:30:00Z,-1.0,-3.0,0,0,2026-05-06T20:42:58.222769+00:00,,,,,
DAL1741-1777868321-fa-885p,,2026-05-06T15:29:00Z,28.0,38.0,0,0,2026-05-06T20:37:55.193630+00:00,,,,,
DAL2204-1777868694-fa-617p,,2026-05-06T15:29:00Z,-6.0,-3.0,0,0,2026-05-06T20:37:55.193630+00:00,,,,,
DAL1452-1777867668-fa-4905p,,2026-05-06T15:28:00Z,13.0,5.0,0,0,2026-05-06T20:37:55.193630+00:00,,,,,
EDV5270-1777869343-fa-894p,,2026-05-06T15:28:00Z,18.0,-8.0,0,0,2026-05-06T20:37:55.193630+00:00,,,,,
SWA204-1777880845-airline-1133p,,2026-05-06T15:28:00Z,3.0,-6.0,0,0,2026-05-06T20:42:58.222769+00:00,,,,,
DAL3047-1777868737-fa-1762p,,2026-05-06T15:27:00Z,-22.0,-16.0,0,0,2026-05-06T20:37:55.193630+00:00,,,,,
EDV5413-1777871079-airline-556p,,2026-05-06T15:27:00Z,5.0,4.0,0,0,2026-05-06T20:37:55.193630+00:00,,,,,
DAL992-1777867778-fa-92p,,2026-05-06T15:27:00Z,-8.0,-3.0,0,0,2026-05-06T20:37:55.193630+00:00,,,,,
DAL1944-1777867672-fa-259p,,2026-05-06T15:27:00Z,-21.0,-5.0,0,0,2026-05-06T20:42:58.222769+00:00,,,,,
UAL1687-1777839084-fa-485p,,2026-05-06T15:27:00Z,-12.0,-12.0,0,0,2026-05-06T20:42:58.222769+00:00,,,,,
DAL963-1777868447-fa-1296p,,2026-05-06T15:26:00Z,-9.0,3.0,0,0,2026-05-06T20:37:55.193630+00:00,,,,,
DAL609-1777868252-fa-313p,,2026-05-06T15:26:00Z,-16.0,-4.0,0,0,2026-05-06T20:37:55.193630+00:00,,,,,
DAL1590-1777868741-fa-3980p,,2026-05-06T15:26:00Z,-3.0,-8.0,0,0,2026-05-06T20:42:58.222769+00:00,,,,,
DAL346-1777867764-fa-5228p,,2026-05-06T15:26:00Z,1.0,-9.0,0,0,2026-05-06T20:42:58.222769+00:00,,,,,
DAL1751-1777868369-fa-1065p,,2026-05-06T15:25:00Z,-30.0,-12.0,0,0,2026-05-06T20:42:58.222769+00:00,,,,,
DAL3051-1777868732-fa-1914p,,2026-05-06T15:24:00Z,-8.0,-5.0,0,0,2026-05-06T20:37:55.193630+00:00,,,,,
DAL3054-1777868310-fa-382p,,2026-05-06T15:24:00Z,-6.0,-4.0,0,0,2026-05-06T20:42:58.222769+00:00,,,,,
SWA3011-1777871111-airline-440p,,2026-05-06T15:24:00Z,34.0,-1.0,0,0,2026-05-06T20:42:58.222769+00:00,,,,,
DAL1424-1777868562-fa-248p,,2026-05-06T15:23:00Z,-11.0,-9.0,0,0,2026-05-06T20:42:58.222769+00:00,,,,,
EDV5526-1777879282-airline-232p,,2026-05-06T15:23:00Z,-21.0,-8.0,0,0,2026-05-06T20:42:58.222769+00:00,,,,,
DAL2960-1777868336-fa-770p,,2026-05-06T15:23:00Z,2.0,-1.0,0,0,2026-05-06T20:42:58.222769+00:00,,,,,
DAL3090-1777868723-fa-709p,,2026-05-06T15:22:00Z,-14.0,-10.0,0,0,2026-05-06T20:37:55.193630+00:00,,,,,
DAL3052-1777868726-fa-1602p,,2026-05-06T15:22:00Z,-5.0,-10.0,0,0,2026-05-06T20:42:58.222769+00:00,,,,,
SKW3906-1777816738-fa-939p,,2026-05-06T15:22:00Z,4.0,7.0,0,0,2026-05-06T20:42:58.222769+00:00,,,,,
DAL1624-1777868727-fa-821p,,2026-05-06T15:21:00Z,98.0,110.0,0,0,2026-05-06T20:37:55.193630+00:00,,,,,
UAL2669-1777853112-fa-454p,,2026-05-06T15:21:00Z,-7.0,-3.0,0,0,2026-05-06T20:37:55.193630+00:00,,,,,
DAL1763-1777868698-fa-453p,,2026-05-06T15:21:00Z,-10.0,-4.0,0,0,2026-05-06T20:37:55.193630+00:00,,,,,
EDV5214-1777828276-fa-1309p,,2026-05-06T15:21:00Z,-14.0,-9.0,0,0,2026-05-06T20:37:55.193630+00:00,,,,,
DAL3164-1777868735-fa-574p,,2026-05-06T15:21:00Z,9.0,24.0,0,0,2026-05-06T20:42:58.222769+00:00,,,,,
DAL1587-1777867262-fa-1046p,,2026-05-06T15:21:00Z,-10.0,-3.0,0,0,2026-05-06T20:42:58.222769+00:00,,,,,
DAL3103-1777868732-fa-1592p,,2026-05-06T15:20:00Z,-8.0,-14.0,0,0,2026-05-06T20:37:55.193630+00:00,,,,,
DAL2754-1777868733-fa-236p,,2026-05-06T15:19:00Z,4.0,-5.0,0,0,2026-05-06T20:42:58.222769+00:00,,,,,
AAL1791-1777875601-airline-1731p,,2026-05-06T15:18:00Z,-14.0,2.0,0,0,2026-05-06T20:37:55.193630+00:00,,,,,
EDV5418-1777881216-airline-643p,,2026-05-06T15:18:00Z,1.0,5.0,0,0,2026-05-06T20:42:58.222769+00:00,,,,,
DAL2605-1777868691-fa-647p,,2026-05-06T15:17:00Z,-15.0,-6.0,0,0,2026-05-06T20:37:55.193630+00:00,,,,,
DAL2899-1777867600-fa-674p,,2026-05-06T15:16:00Z,-19.0,-2.0,0,0,2026-05-06T20:37:55.193630+00:00,,,,,
DAL3173-1777868736-fa-213p,,2026-05-06T15:16:00Z,-11.0,-4.0,0,0,2026-05-06T20:37:55.193630+00:00,,,,,
DAL3011-1777868742-fa-226p,,2026-05-06T15:14:00Z,-13.0,-10.0,0,0,2026-05-06T20:37:55.193630+00:00,,,,,
DAL2793-1777868741-fa-4445p,,2026-05-06T15:14:00Z,-16.0,-9.0,0,0,2026-05-06T20:37:55.193630+00:00,,,,,
DAL3118-1777867864-fa-1934p,,2026-05-06T15:14:00Z,-14.0,-7.0,0,0,2026-05-06T20:42:58.222769+00:00,,,,,
DAL3048-1777868742-fa-259p,,2026-05-06T15:13:00Z,-16.0,-10.0,0,0,2026-05-06T20:37:55.193630+00:00,,,,,
DAL3110-1777868557-fa-455p,,2026-05-06T15:12:00Z,-1.0,-9.0,0,0,2026-05-06T20:37:55.193630+00:00,,,,,
EDV5313-1777850408-fa-1553p,,2026-05-06T15:12:00Z,-11.0,-3.0,0,0,2026-05-06T20:42:58.222769+00:00,,,,,
DAL3145-1777868732-fa-1919p,,2026-05-06T15:11:00Z,-9.0,-6.0,0,0,2026-05-06T20:37:55.193630+00:00,,,,,
DAL1743-1777868728-fa-2776p,,2026-05-06T15:11:00Z,-6.0,-4.0,0,0,2026-05-06T20:42:58.222769+00:00,,,,,
DAL1374-1777868723-fa-740p,,2026-05-06T15:10:00Z,6.0,10.0,0,0,2026-05-06T20:37:55.193630+00:00,,,,,
DAL1396-1777868732-fa-534p,,2026-05-06T15:10:00Z,85.0,95.0,0,0,2026-05-06T20:37:55.193630+00:00,,,,,
DAL1760-1777867614-fa-1727p,,2026-05-06T15:10:00Z,-25.0,-5.0,0,0,2026-05-06T20:42:58.222769+00:00,,,,,
DAL456-1777867715-fa-1261p,,2026-05-06T15:09:00Z,-14.0,-7.0,0,0,2026-05-06T20:37:55.193630+00:00,,,,,
KAL35-1777858676-schedule-2220p,,2026-05-06T15:08:00Z,-17.0,7.0,0,0,2026-05-06T20:37:55.193630+00:00,,,,,
DAL1286-1777868742-fa-419p,,2026-05-06T15:08:00Z,-5.0,-7.0,0,0,2026-05-06T20:42:58.222769+00:00,,,,,
DAL3107-1777868425-fa-1820p,,2026-05-06T15:07:00Z,-13.0,-8.0,0,0,2026-05-06T20:42:58.222769+00:00,,,,,
DAL2563-1777868728-fa-2772p,,2026-05-06T15:06:00Z,-15.0,-6.0,0,0,2026-05-06T20:37:55.193630+00:00,,,,,
DAL1394-1777867655-fa-1295p,,2026-05-06T15:05:00Z,-6.0,-2.0,0,0,2026-05-06T20:37:55.193630+00:00,,,,,
DAL1155-1777868343-fa-687p,,2026-05-06T15:05:00Z,-8.0,-8.0,0,0,2026-05-06T20:42:58.222769+00:00,,,,,
DAL1147-1777867726-fa-93p,,2026-05-06T15:05:00Z,-4.0,-1.0,0,0,2026-05-06T20:42:58.222769+00:00,,,,,
SWA2931-1777871111-airline-361p,,2026-05-06T15:04:00Z,4.0,-3.0,0,0,2026-05-06T20:37:55.193630+00:00,,,,,
DAL1290-1777868734-fa-324p,,2026-05-06T15:04:00Z,-3.0,-2.0,0,0,2026-05-06T20:42:58.222769+00:00,,,,,
DAL1182-1777868739-fa-1625p,,2026-05-06T15:04:00Z,1.0,7.0,0,0,2026-05-06T20:42:58.222769+00:00,,,,,
DAL3045-1777868739-fa-215p,,2026-05-06T15:04:00Z,-11.0,-10.0,0,0,2026-05-06T20:42:58.222769+00:00,,,,,
DAL2755-1777868484-fa-664p,,2026-05-06T15:04:00Z,-10.0,-3.0,0,0,2026-05-06T20:42:58.222769+00:00,,,,,
JIA5039-1777872223-airline-224p,,2026-05-06T15:03:00Z,15.0,5.0,0,0,2026-05-06T20:37:55.193630+00:00,,,,,
FFT4427-1777877850-airline-1292p,,2026-05-06T15:03:00Z,-4.0,0.0,0,0,2026-05-06T20:37:55.193630+00:00,,,,,
EDV5302-1777838304-fa-53p,,2026-05-06T15:03:00Z,3.0,4.0,0,0,2026-05-06T20:42:58.222769+00:00,,,,,
AAL1567-1777870047-airline-1483p,,2026-05-06T15:02:00Z,7.0,-8.0,0,0,2026-05-06T20:42:58.222769+00:00,,,,,
DAL1375-1777867945-fa-171p,,2026-05-06T15:01:00Z,-7.0,-5.0,0,0,2026-05-06T20:42:58.222769+00:00,,,,,
DAL998-1777867644-fa-1029p,,2026-05-06T15:00:00Z,-19.0,-4.0,0,0,2026-05-06T20:37:55.193630+00:00,,,,,
EDV5303-1777830322-fa-2406p,,2026-05-06T15:00:00Z,-11.0,-8.0,0,0,2026-05-06T20:37:55.193630+00:00,,,,,
EDV5319-1777838303-fa-570p,,2026-05-06T15:00:00Z,-7.0,2.0,0,0,2026-05-06T20:42:58.222769+00:00,,,,,
DAL3160-1777868148-fa-4175p,,2026-05-06T15:00:00Z,-15.0,-9.0,0,0,2026-05-06T20:42:58.222769+00:00,,,,,
DAL2867-1777868721-fa-487p,,2026-05-06T14:59:00Z,19.0,13.0,0,0,2026-05-06T20:37:55.193630+00:00,,,,,
DAL2486-1777868678-fa-1142p,,2026-05-06T14:58:00Z,-11.0,-2.0,0,0,2026-05-06T20:37:55.193630+00:00,,,,,
JBU797-1777871714-airline-1695p,,2026-05-06T14:58:00Z,-10.0,-9.0,0,0,2026-05-06T20:37:55.193630+00:00,,,,,
EDV5534-1777879282-airline-240p,,2026-05-06T14:58:00Z,-11.0,-9.0,0,0,2026-05-06T20:42:58.222769+00:00,,,,,
DAL3036-1777868741-fa-4453p,,2026-05-06T14:58:00Z,90.0,92.0,0,0,2026-05-06T20:42:58.222769+00:00,,,,,
DAL1709-1777868386-fa-1956p,,2026-05-06T14:58:00Z,-22.0,-3.0,0,0,2026-05-06T20:42:58.222769+00:00,,,,,
DAL2777-1777867624-fa-1333p,,2026-05-06T14:57:00Z,0.0,1.0,0,0,2026-05-06T20:37:55.193630+00:00,,,,,
DAL1509-1777867939-fa-2254p,,2026-05-06T14:56:00Z,-2.0,-6.0,0,0,2026-05-06T20:42:58.222769+00:00,,,,,
DAL550-1777867550-fa-1348p,,2026-05-06T14:55:00Z,145.0,-4.0,0,0,2026-05-06T20:37:55.193630+00:00,,,,,
DAL3190-1777868738-fa-1059p,,2026-05-06T14:54:00Z,-17.0,-7.0,0,0,2026-05-06T20:42:58.222769+00:00,,,,,
DAL1324-1777868238-fa-943p,,2026-05-06T14:53:00Z,98.0,-3.0,0,0,2026-05-06T20:42:58.222769+00:00,,,,,
DAL1505-1777868697-fa-911p,,2026-05-06T14:52:00Z,14.0,-2.0,0,0,2026-05-06T20:37:55.193630+00:00,,,,,
DAL3100-1777868739-fa-1629p,,2026-05-06T14:52:00Z,-24.0,-13.0,0,0,2026-05-06T20:37:55.193630+00:00,,,,,
DAL1158-1777867949-fa-74p,,2026-05-06T14:52:00Z,-12.0,-9.0,0,0,2026-05-06T20:37:55.193630+00:00,,,,,
DAL1248-1777868719-fa-646p,,2026-05-06T14:52:00Z,-19.0,-8.0,0,0,2026-05-06T20:42:58.222769+00:00,,,,,
SKW3697-1777835914-fa-1735p,,2026-05-06T14:51:00Z,44.0,-12.0,0,0,2026-05-06T20:37:55.193630+00:00,,,,,
DAL1298-1777868698-fa-450p,,2026-05-06T14:51:00Z,-11.0,-2.0,0,0,2026-05-06T20:42:58.222769+00:00,,,,,
DAL2365-1777868423-fa-1645p,,2026-05-06T14:50:00Z,-14.0,-5.0,0,0,2026-05-06T20:37:55.193630+00:00,,,,,
DAL3198-1777868561-fa-272p,,2026-05-06T14:50:00Z,-12.0,-6.0,0,0,2026-05-06T20:42:58.222769+00:00,,,,,
DAL1063-1777868721-fa-1881p,,2026-05-06T14:50:00Z,-6.0,-4.0,0,0,2026-05-06T20:42:58.222769+00:00,,,,,
DAL2976-1777867953-fa-242p,,2026-05-06T14:50:00Z,-10.0,-5.0,0,0,2026-05-06T20:42:58.222769+00:00,,,,,
DAL455-1777867765-fa-907p,,2026-05-06T14:49:00Z,-10.0,0.0,0,0,2026-05-06T20:37:55.193630+00:00,,,,,
DAL2562-1777867709-fa-1103p,,2026-05-06T14:48:00Z,-10.0,-10.0,0,0,2026-05-06T20:37:55.193630+00:00,,,,,
EDV5372-1777833302-fa-2881p,,2026-05-06T14:48:00Z,24.0,-9.0,0,0,2026-05-06T20:42:58.222769+00:00,,,,,
SWA245-1777876911-airline-731p,,2026-05-06T14:47:00Z,7.0,-3.0,0,0,2026-05-06T20:42:58.222769+00:00,,,,,
DAL1322-1777868730-fa-238p,,2026-05-06T14:46:00Z,-6.0,-6.0,0,0,2026-05-06T20:37:55.193630+00:00,,,,,
DAL341-1777867558-fa-819p,,2026-05-06T14:46:00Z,4.0,-7.0,0,0,2026-05-06T20:37:55.193630+00:00,,,,,
DAL801-1777868551-fa-1117p,,2026-05-06T14:46:00Z,-7.0,-6.0,0,0,2026-05-06T20:42:58.222769+00:00,,,,,
FFT3072-1777877850-airline-1155p,,2026-05-06T14:45:00Z,-26.0,-10.0,0,0,2026-05-06T20:42:58.222769+00:00,,,,,
DAL1384-1777867695-fa-1179p,,2026-05-06T14:45:00Z,-16.0,-2.0,0,0,2026-05-06T20:42:58.222769+00:00,,,,,
DAL2471-1777868564-fa-998p,,2026-05-06T14:45:00Z,2.0,-5.0,0,0,2026-05-06T20:42:58.222769+00:00,,,,,
SKW4211-1778031046-fa-496p,,2026-05-06T14:44:00Z,104.0,32.0,0,0,2026-05-06T20:37:55.193630+00:00,,,,,
DAL201-1777781721-fa-125p,,2026-05-06T14:44:00Z,119.0,118.0,0,0,2026-05-06T20:37:55.193630+00:00,,,,,
DAL2397-1777868508-fa-722p,,2026-05-06T14:44:00Z,-11.0,-6.0,0,0,2026-05-06T20:42:58.222769+00:00,,,,,
DAL1964-1777868679-fa-183p,,2026-05-06T14:44:00Z,-11.0,13.0,0,0,2026-05-06T20:42:58.222769+00:00,,,,,
FFT1853-1777880967-airline-1341p,,2026-05-06T14:42:00Z,37.0,-15.0,0,0,2026-05-06T20:37:55.193630+00:00,,,,,
DAL1180-1777867623-fa-847p,,2026-05-06T14:41:00Z,-10.0,-6.0,0,0,2026-05-06T20:37:55.193630+00:00,,,,,
DAL2709-1777867604-fa-4713p,,2026-05-06T14:41:00Z,-27.0,-11.0,0,0,2026-05-06T20:37:55.193630+00:00,,,,,
FFT2497-1777880967-airline-1413p,,2026-05-06T14:41:00Z,-22.0,-9.0,0,0,2026-05-06T20:42:58.222769+00:00,,,,,
DAL1039-1777867608-fa-878p,,2026-05-06T14:40:00Z,9.0,-1.0,0,0,2026-05-06T20:37:55.193630+00:00,,,,,
EDV5143-1777827122-fa-1088p,,2026-05-06T14:40:00Z,-24.0,-12.0,0,0,2026-05-06T20:37:55.193630+00:00,,,,,
DAL2071-1777868571-fa-2016p,,2026-05-06T14:39:00Z,4.0,9.0,0,0,2026-05-06T20:42:58.222769+00:00,,,,,
SWA3391-1777871111-airline-791p,,2026-05-06T14:38:00Z,-12.0,-1.0,0,0,2026-05-06T20:37:55.193630+00:00,,,,,
EDV5324-1777817267-fa-1502p,,2026-05-06T14:38:00Z,-23.0,-13.0,0,0,2026-05-06T20:37:55.193630+00:00,,,,,
DAL2978-1777868473-fa-2153p,,2026-05-06T14:38:00Z,-17.0,-16.0,0,0,2026-05-06T20:42:58.222769+00:00,,,,,
DAL357-1777867814-fa-410p,,2026-05-06T14:35:00Z,-3.0,-2.0,0,0,2026-05-06T20:42:58.222769+00:00,,,,,
DAL513-1777867545-fa-1961p,,2026-05-06T14:34:00Z,-8.0,0.0,0,0,2026-05-06T20:42:58.222769+00:00,,,,,
DAL1625-1777868566-fa-561p,,2026-05-06T14:33:00Z,-7.0,-12.0,0,0,2026-05-06T20:37:55.193630+00:00,,,,,
DAL1676-1777867932-fa-628p,,2026-05-06T14:33:00Z,-13.0,-6.0,0,0,2026-05-06T20:42:58.222769+00:00,,,,,
DAL1658-1777868699-fa-228p,,2026-05-06T14:32:00Z,-11.0,1.0,0,0,2026-05-06T20:42:58.222769+00:00,,,,,
DAL1363-1777868564-fa-1003p,,2026-05-06T14:32:00Z,-12.0,-9.0,0,0,2026-05-06T20:42:58.222769+00:00,,,,,
UAL1030-1777853111-fa-1443p,,2026-05-06T14:31:00Z,-12.0,0.0,0,0,2026-05-06T20:37:55.193630+00:00,,,,,
DAL1281-1777867845-fa-709p,,2026-05-06T14:31:00Z,-15.0,-6.0,0,0,2026-05-06T20:42:58.222769+00:00,,,,,
DAL1510-1777867565-fa-342p,,2026-05-06T14:30:00Z,-16.0,-4.0,0,0,2026-05-06T20:42:58.222769+00:00,,,,,
JIA5587-1777872033-airline-908p,,2026-05-06T14:29:00Z,-16.0,-12.0,0,0,2026-05-06T20:42:58.222769+00:00,,,,,
DAL2951-1777867682-fa-1345p,,2026-05-06T14:29:00Z,-11.0,-6.0,0,0,2026-05-06T20:42:58.222769+00:00,,,,,
DAL1236-1777868533-fa-4421p,,2026-05-06T14:26:00Z,22.0,20.0,0,0,2026-05-06T20:37:55.193630+00:00,,,,,
EDV5309-1777829253-fa-1128p,,2026-05-06T14:26:00Z,-21.0,-9.0,0,0,2026-05-06T20:37:55.193630+00:00,,,,,
DAL3108-1777868726-fa-304p,,2026-05-06T14:26:00Z,-17.0,-8.0,0,0,2026-05-06T20:42:58.222769+00:00,,,,,
DAL3128-1777868673-fa-9p,,2026-05-06T14:25:00Z,-2.0,-1.0,0,0,2026-05-06T20:42:58.222769+00:00,,,,,
EDV5497-1777850067-fa-1292p,,2026-05-06T14:24:00Z,15.0,-1.0,0,0,2026-05-06T20:37:55.193630+00:00,,,,,
FFT2551-1777880967-airline-1426p,,2026-05-06T14:24:00Z,14.0,8.0,0,0,2026-05-06T20:37:55.193630+00:00,,,,,
EDV5011-1777833290-fa-1438p,,2026-05-06T14:24:00Z,-22.0,-7.0,0,0,2026-05-06T20:42:58.222769+00:00,,,,,
DAL2554-1777867621-fa-154p,,2026-05-06T14:23:00Z,-10.0,-2.0,0,0,2026-05-06T20:37:55.193630+00:00,,,,,
DAL1699-1777868545-fa-821p,,2026-05-06T14:23:00Z,-4.0,-7.0,0,0,2026-05-06T20:42:58.222769+00:00,,,,,
SWA2647-1777876911-airline-925p,2026-05-06T14:10:00,2026-05-06T14:23:00Z,13.0,-3.0,0,0,2026-05-06T20:42:58.222769+00:00,WN2647,N8788L,WN,ATL,DEN
SWA3424-1777871111-airline-817p,,2026-05-06T14:22:00Z,-8.0,-3.0,0,0,2026-05-06T20:37:55.193630+00:00,,,,,
EDV5129-1777873906-airline-1647p,,2026-05-06T14:22:00Z,-6.0,4.0,0,0,2026-05-06T20:42:58.222769+00:00,,,,,
RPA4580-1777871812-airline-471p,,2026-05-06T14:21:00Z,-20.0,1.0,0,0,2026-05-06T20:37:55.193630+00:00,,,,,
DAL2227-1777868587-fa-1002p,,2026-05-06T14:20:00Z,-23.0,-1.0,0,0,2026-05-06T20:37:55.193630+00:00,,,,,
DAL2952-1777868499-fa-268p,,2026-05-06T14:20:00Z,-4.0,-2.0,0,0,2026-05-06T20:42:58.222769+00:00,,,,,
DAL3099-1777868730-fa-1172p,,2026-05-06T14:19:00Z,-1.0,-5.0,0,0,2026-05-06T20:37:55.193630+00:00,,,,,
DAL3199-1777868723-fa-727p,,2026-05-06T14:19:00Z,-5.0,0.0,0,0,2026-05-06T20:42:58.222769+00:00,,,,,
DAL441-1777868741-fa-4447p,,2026-05-06T14:19:00Z,-12.0,-7.0,0,0,2026-05-06T20:42:58.222769+00:00,,,,,
DAL1536-1777867651-fa-709p,,2026-05-06T14:18:00Z,14.0,6.0,0,0,2026-05-06T20:37:55.193630+00:00,,,,,
DAL1674-1777868739-fa-214p,,2026-05-06T14:15:00Z,-16.0,-7.0,0,0,2026-05-06T20:37:55.193630+00:00,,,,,
DAL1879-1777867533-fa-240p,,2026-05-06T14:15:00Z,-3.0,-4.0,0,0,2026-05-06T20:37:55.193630+00:00,,,,,
DAL3089-1777868743-fa-875p,,2026-05-06T14:15:00Z,66.0,-8.0,0,0,2026-05-06T20:42:58.222769+00:00,,,,,
DAL1592-1777868435-fa-1680p,2026-05-06T13:36:00,2026-05-06T14:14:00Z,38.0,4.0,0,0,2026-05-06T20:42:58.222769+00:00,DL1592,N838DN,DL,ATL,BWI
UAL2249-1777817074-fa-2502p,,2026-05-06T14:13:00Z,-6.0,3.0,0,0,2026-05-06T20:37:55.193630+00:00,,,,,
DAL2192-1777868556-fa-337p,,2026-05-06T14:13:00Z,-2.0,1.0,0,0,2026-05-06T20:37:55.193630+00:00,,,,,
ENY4085-1777872909-airline-1294p,,2026-05-06T14:11:00Z,24.0,-2.0,0,0,2026-05-06T20:37:55.193630+00:00,,,,,
DAL1415-1777867536-fa-88p,,2026-05-06T14:11:00Z,18.0,16.0,0,0,2026-05-06T20:37:55.193630+00:00,,,,,
FFT2483-1777880967-airline-1412p,,2026-05-06T14:11:00Z,-14.0,-10.0,0,0,2026-05-06T20:37:55.193630+00:00,,,,,
DAL1507-1777868726-fa-1612p,,2026-05-06T14:11:00Z,-15.0,-9.0,0,0,2026-05-06T20:42:58.222769+00:00,,,,,
RPA4782-1777871812-airline-691p,,2026-05-06T14:11:00Z,-19.0,-10.0,0,0,2026-05-06T20:42:58.222769+00:00,,,,,
DAL1157-1777868031-fa-851p,,2026-05-06T14:10:00Z,-10.0,-13.0,0,0,2026-05-06T20:37:55.193630+00:00,,,,,
DAL1571-1777867588-fa-3620p,,2026-05-06T14:10:00Z,40.0,-3.0,0,0,2026-05-06T20:42:58.222769+00:00,,,,,
DAL1212-1777868558-fa-248p,,2026-05-06T14:09:00Z,4.0,-4.0,0,0,2026-05-06T20:37:55.193630+00:00,,,,,
DAL2957-1777868166-fa-970p,,2026-05-06T14:09:00Z,-10.0,0.0,0,0,2026-05-06T20:42:58.222769+00:00,,,,,
DAL839-1777867775-fa-613p,2026-05-06T13:50:00,2026-05-06T14:09:00Z,19.0,-9.0,0,0,2026-05-06T20:42:58.222769+00:00,DL839,N127DN,DL,ATL,DFW
DAL1261-1777867242-fa-1617p,,2026-05-06T14:08:00Z,-1.0,-3.0,0,0,2026-05-06T20:37:55.193630+00:00,,,,,
AAL1799-1777875601-airline-1742p,,2026-05-06T14:07:00Z,-11.0,-4.0,0,0,2026-05-06T20:37:55.193630+00:00,,,,,
EDV5142-1777814817-fa-2217p,,2026-05-06T14:07:00Z,-9.0,-2.0,0,0,2026-05-06T20:42:58.222769+00:00,,,,,
DAL535-1777867797-fa-102p,,2026-05-06T14:07:00Z,-11.0,-2.0,0,0,2026-05-06T20:42:58.222769+00:00,,,,,
DAL2420-1777868479-fa-71p,,2026-05-06T14:07:00Z,-8.0,-2.0,0,0,2026-05-06T20:42:58.222769+00:00,,,,,
DAL2161-1777868521-fa-618p,,2026-05-06T14:06:00Z,6.0,-9.0,0,0,2026-05-06T20:37:55.193630+00:00,,,,,
DAL2326-1777868674-fa-1272p,,2026-05-06T14:06:00Z,-8.0,-7.0,0,0,2026-05-06T20:42:58.222769+00:00,,,,,
DAL3035-1777868532-fa-1342p,,2026-05-06T14:06:00Z,-10.0,-6.0,0,0,2026-05-06T20:42:58.222769+00:00,,,,,
EDV5165-1777814104-fa-397p,,2026-05-06T14:05:00Z,-15.0,-9.0,0,0,2026-05-06T20:42:58.222769+00:00,,,,,
UAL1862-1777839061-fa-2357p,,2026-05-06T14:04:00Z,-16.0,-6.0,0,0,2026-05-06T20:42:58.222769+00:00,,,,,
DAL2343-1777867704-fa-412p,,2026-05-06T14:02:00Z,-15.0,0.0,0,0,2026-05-06T20:42:58.222769+00:00,,,,,
DAL364-1777868325-fa-3553p,,2026-05-06T14:01:00Z,-30.0,-10.0,0,0,2026-05-06T20:37:55.193630+00:00,,,,,
DAL3067-1777868573-fa-1697p,,2026-05-06T14:01:00Z,-17.0,-8.0,0,0,2026-05-06T20:37:55.193630+00:00,,,,,
DAL2522-1777867536-fa-960p,,2026-05-06T13:59:00Z,-21.0,-8.0,0,0,2026-05-06T20:37:55.193630+00:00,,,,,
DAL3069-1777868733-fa-229p,,2026-05-06T13:59:00Z,7.0,-2.0,0,0,2026-05-06T20:42:58.222769+00:00,,,,,
DAL1530-1777867540-fa-1429p,,2026-05-06T13:58:00Z,-3.0,0.0,0,0,2026-05-06T20:37:55.193630+00:00,,,,,
DAL744-1777868701-fa-412p,,2026-05-06T13:58:00Z,-13.0,-3.0,0,0,2026-05-06T20:37:55.193630+00:00,,,,,
FFT4707-1777877850-airline-1313p,,2026-05-06T13:58:00Z,11.0,-4.0,0,0,2026-05-06T20:37:55.193630+00:00,,,,,
SWA2794-1777876911-airline-1110p,,2026-05-06T13:58:00Z,-7.0,0.0,0,0,2026-05-06T20:42:58.222769+00:00,,,,,
DAL1453-1777868382-fa-1p,,2026-05-06T13:57:00Z,2.0,-5.0,0,0,2026-05-06T20:37:55.193630+00:00,,,,,
SWA1191-1777873095-airline-1089p,,2026-05-06T13:56:00Z,-9.0,-2.0,0,0,2026-05-06T20:42:58.222769+00:00,,,,,
DAL2999-1777868567-fa-732p,,2026-05-06T13:56:00Z,-9.0,-5.0,0,0,2026-05-06T20:42:58.222769+00:00,,,,,
DAL893-1777867658-fa-301p,,2026-05-06T13:55:00Z,-25.0,-5.0,0,0,2026-05-06T20:37:55.193630+00:00,,,,,
FFT1082-1777880967-airline-1241p,,2026-05-06T13:54:00Z,-18.0,-10.0,0,0,2026-05-06T20:42:58.222769+00:00,,,,,
DAL1338-1777868508-fa-1191p,,2026-05-06T13:53:00Z,-17.0,-3.0,0,0,2026-05-06T20:37:55.193630+00:00,,,,,
DAL2668-1777867712-fa-838p,,2026-05-06T13:53:00Z,-15.0,-7.0,0,0,2026-05-06T20:42:58.222769+00:00,,,,,
JIA5028-1777872223-airline-214p,,2026-05-06T13:52:00Z,-36.0,-8.0,0,0,2026-05-06T20:37:55.193630+00:00,,,,,
DAL1619-1777868227-fa-162p,,2026-05-06T13:52:00Z,-6.0,10.0,0,0,2026-05-06T20:37:55.193630+00:00,,,,,
EDV5304-1777821081-fa-897p,,2026-05-06T13:52:00Z,-12.0,-3.0,0,0,2026-05-06T20:42:58.222769+00:00,,,,,
DAL3033-1777868737-fa-1763p,,2026-05-06T13:50:00Z,7.0,-6.0,0,0,2026-05-06T20:42:58.222769+00:00,,,,,
DAL1326-1777867663-fa-893p,,2026-05-06T13:48:00Z,-15.0,-4.0,0,0,2026-05-06T20:37:55.193630+00:00,,,,,
DAL1311-1777867659-fa-1571p,,2026-05-06T13:48:00Z,-16.0,-2.0,0,0,2026-05-06T20:42:58.222769+00:00,,,,,
DAL1585-1777867695-fa-653p,,2026-05-06T13:48:00Z,6.0,-8.0,0,0,2026-05-06T20:42:58.222769+00:00,,,,,
DAL3091-1777868724-fa-179p,,2026-05-06T13:47:00Z,-22.0,-7.0,0,0,2026-05-06T20:42:58.222769+00:00,,,,,
FFT4473-1777877850-airline-1295p,,2026-05-06T13:47:00Z,-8.0,-13.0,0,0,2026-05-06T20:42:58.222769+00:00,,,,,
JBU519-1777872124-airline-478p,,2026-05-06T13:46:00Z,-21.0,-4.0,0,0,2026-05-06T20:37:55.193630+00:00,,,,,
AAL1816-1777875601-airline-1760p,,2026-05-06T13:46:00Z,-24.0,-7.0,0,0,2026-05-06T20:37:55.193630+00:00,,,,,
DAL880-1777868193-fa-335p,,2026-05-06T13:46:00Z,-15.0,-5.0,0,0,2026-05-06T20:37:55.193630+00:00,,,,,
DAL1085-1777867830-fa-1498p,,2026-05-06T13:45:00Z,0.0,17.0,0,0,2026-05-06T20:37:55.193630+00:00,,,,,
DAL1301-1777867592-fa-257p,,2026-05-06T13:44:00Z,-13.0,-7.0,0,0,2026-05-06T20:37:55.193630+00:00,,,,,
DAL2643-1777867932-fa-631p,,2026-05-06T13:44:00Z,-14.0,-10.0,0,0,2026-05-06T20:37:55.193630+00:00,,,,,
EDV5279-1777873937-airline-744p,,2026-05-06T13:43:00Z,-14.0,-8.0,0,0,2026-05-06T20:37:55.193630+00:00,,,,,
DAL2802-1777868285-fa-773p,,2026-05-06T13:42:00Z,1.0,-11.0,0,0,2026-05-06T20:37:55.193630+00:00,,,,,
DAL323-1777867733-fa-1439p,2026-05-06T13:39:00,2026-05-06T13:41:00Z,2.0,11.0,0,0,2026-05-06T20:42:58.222769+00:00,DL323,N387DN,DL,ATL,LGA
AAL3190-1777876411-airline-224p,,2026-05-06T13:39:00Z,-20.0,-11.0,0,0,2026-05-06T20:42:58.222769+00:00,,,,,
DAL1178-1777867658-fa-313p,2026-05-06T13:40:00,2026-05-06T13:39:00Z,-1.0,-2.0,0,0,2026-05-06T20:42:58.222769+00:00,DL1178,N341DN,DL,ATL,ORD
DAL1369-1777868735-fa-566p,,2026-05-06T13:36:00Z,-29.0,-14.0,0,0,2026-05-06T20:37:55.193630+00:00,,,,,
FFT1404-1777870984-airline-466p,,2026-05-06T13:36:00Z,32.0,1.0,0,0,2026-05-06T20:37:55.193630+00:00,,,,,
DAL2569-1777868700-fa-1407p,,2026-05-06T13:35:00Z,-18.0,-9.0,0,0,2026-05-06T20:37:55.193630+00:00,,,,,
DAL1089-1777867528-fa-2822p,,2026-05-06T13:35:00Z,-24.0,-10.0,0,0,2026-05-06T20:42:58.222769+00:00,,,,,
DAL965-1777867547-fa-149p,,2026-05-06T13:34:00Z,-8.0,-6.0,0,0,2026-05-06T20:37:55.193630+00:00,,,,,
DAL1072-1777867848-fa-622p,,2026-05-06T13:34:00Z,-11.0,-3.0,0,0,2026-05-06T20:37:55.193630+00:00,,,,,
DAL1149-1777868734-fa-313p,,2026-05-06T13:34:00Z,-1.0,7.0,0,0,2026-05-06T20:42:58.222769+00:00,,,,,
DAL1315-1777867636-fa-3500p,,2026-05-06T13:33:00Z,-31.0,-11.0,0,0,2026-05-06T20:37:55.193630+00:00,,,,,
DAL2299-1777868477-fa-193p,,2026-05-06T13:33:00Z,-7.0,-2.0,0,0,2026-05-06T20:37:55.193630+00:00,,,,,
DAL1066-1777867597-fa-945p,,2026-05-06T13:33:00Z,-10.0,-3.0,0,0,2026-05-06T20:37:55.193630+00:00,,,,,
DAL1227-1777867240-fa-1733p,,2026-05-06T13:33:00Z,-20.0,-8.0,0,0,2026-05-06T20:42:58.222769+00:00,,,,,
DAL1213-1777868689-fa-1498p,,2026-05-06T13:33:00Z,-11.0,-2.0,0,0,2026-05-06T20:42:58.222769+00:00,,,,,
FFT2292-1777880967-airline-1390p,,2026-05-06T13:32:00Z,23.0,-12.0,0,0,2026-05-06T20:37:55.193630+00:00,,,,,
DAL2325-1777868477-fa-194p,2026-05-06T13:29:00,2026-05-06T13:32:00Z,3.0,-2.0,0,0,2026-05-06T20:42:58.222769+00:00,DL2325,N864DN,DL,ATL,EWR
DAL3183-1777868741-fa-3974p,,2026-05-06T13:31:00Z,-7.0,-8.0,0,0,2026-05-06T20:37:55.193630+00:00,,,,,
DAL3173-1777868736-fa-214p,,2026-05-06T13:31:00Z,10.0,-3.0,0,0,2026-05-06T20:42:58.222769+00:00,,,,,
DAL1673-1777868483-fa-176p,,2026-05-06T13:29:00Z,-5.0,8.0,0,0,2026-05-06T20:37:55.193630+00:00,,,,,
DAL3197-1777868536-fa-1161p,,2026-05-06T13:29:00Z,-15.0,-4.0,0,0,2026-05-06T20:37:55.193630+00:00,,,,,
DAL9974-1778030559-fa-1124p,,2026-05-06T13:27:00Z,-3.0,-11.0,0,0,2026-05-06T20:37:55.193630+00:00,,,,,
AAL3222-1777876411-airline-266p,2026-05-06T13:40:00,2026-05-06T13:27:00Z,-13.0,-9.0,0,0,2026-05-06T20:42:58.222769+00:00,AA3222,N9002U,AA,ATL,PHL
DAL1463-1777867534-fa-809p,,2026-05-06T13:26:00Z,-16.0,-6.0,0,0,2026-05-06T20:37:55.193630+00:00,,,,,
DAL987-1777868700-fa-222p,2026-05-06T13:34:00,2026-05-06T13:26:00Z,-8.0,-5.0,0,0,2026-05-06T20:42:58.222769+00:00,DL987,N722TW,DL,ATL,BOS
DAL1395-1777868677-fa-5029p,,2026-05-06T13:25:00Z,-18.0,-7.0,0,0,2026-05-06T20:37:55.193630+00:00,,,,,
DAL2853-1777868735-fa-572p,,2026-05-06T13:25:00Z,-5.0,-4.0,0,0,2026-05-06T20:37:55.193630+00:00,,,,,
DAL2153-1777867595-fa-1093p,2026-05-06T13:25:00,2026-05-06T13:25:00Z,0.0,-8.0,0,0,2026-05-06T20:42:58.222769+00:00,DL2153,N306DN,DL,ATL,PHL
DAL3047-1777868737-fa-134p,,2026-05-06T13:24:00Z,-16.0,-12.0,0,0,2026-05-06T20:42:58.222769+00:00,,,,,
DAL1258-1777867630-fa-1336p,,2026-05-06T13:23:00Z,-22.0,-6.0,0,0,2026-05-06T20:37:55.193630+00:00,,,,,
EDV5513-1777882245-airline-1414p,,2026-05-06T13:23:00Z,-22.0,-10.0,0,0,2026-05-06T20:42:58.222769+00:00,,,,,
DAL3090-1777868723-fa-708p,,2026-05-06T13:23:00Z,-10.0,-6.0,0,0,2026-05-06T20:42:58.222769+00:00,,,,,
SWA2629-1777876911-airline-908p,,2026-05-06T13:23:00Z,-12.0,-7.0,0,0,2026-05-06T20:42:58.222769+00:00,,,,,
DAL2233-1777867675-fa-392p,,2026-05-06T13:22:00Z,-15.0,-7.0,0,0,2026-05-06T20:37:55.193630+00:00,,,,,
DAL923-1777868699-fa-239p,,2026-05-06T13:22:00Z,-19.0,-13.0,0,0,2026-05-06T20:37:55.193630+00:00,,,,,
DAL3048-1777868742-fa-261p,,2026-05-06T13:22:00Z,-13.0,-6.0,0,0,2026-05-06T20:42:58.222769+00:00,,,,,
DAL926-1777868007-fa-1189p,2026-05-06T13:09:00,2026-05-06T13:22:00Z,13.0,-5.0,0,0,2026-05-06T20:42:58.222769+00:00,DL926,N355NW,DL,ATL,DCA
DAL2579-1777868463-fa-226p,,2026-05-06T13:21:00Z,21.0,29.0,0,0,2026-05-06T20:37:55.193630+00:00,,,,,
DAL3011-1777868742-fa-224p,,2026-05-06T13:20:00Z,-7.0,-7.0,0,0,2026-05-06T20:42:58.222769+00:00,,,,,
EDV5214-1777828281-fa-404p,,2026-05-06T13:20:00Z,-12.0,-7.0,0,0,2026-05-06T20:42:58.222769+00:00,,,,,
SWA251-1777876911-airline-788p,,2026-05-06T13:20:00Z,-5.0,-1.0,0,0,2026-05-06T20:42:58.222769+00:00,,,,,
JBU1698-1777872124-airline-133p,,2026-05-06T13:19:00Z,-12.0,-10.0,0,0,2026-05-06T20:37:55.193630+00:00,,,,,
FFT3287-1777877850-airline-1186p,,2026-05-06T13:18:00Z,0.0,-1.0,0,0,2026-05-06T20:37:55.193630+00:00,,,,,
UAL745-1777816192-fa-456p,,2026-05-06T13:17:00Z,25.0,29.0,0,0,2026-05-06T20:37:55.193630+00:00,,,,,
DAL342-1777867768-fa-1387p,,2026-05-06T13:17:00Z,-16.0,-10.0,0,0,2026-05-06T20:37:55.193630+00:00,,,,,
DAL2232-1777868738-fa-155p,,2026-05-06T13:16:00Z,-19.0,-8.0,0,0,2026-05-06T20:42:58.222769+00:00,,,,,
DAL1374-1777868723-fa-736p,,2026-05-06T13:16:00Z,24.0,27.0,0,0,2026-05-06T20:42:58.222769+00:00,,,,,
DAL3196-1777868561-fa-271p,,2026-05-06T13:16:00Z,-18.0,-7.0,0,0,2026-05-06T20:42:58.222769+00:00,,,,,
DAL1380-1777868540-fa-199p,,2026-05-06T13:16:00Z,1.0,-6.0,0,0,2026-05-06T20:42:58.222769+00:00,,,,,
DAL1462-1777868698-fa-455p,,2026-05-06T13:15:00Z,-5.0,-1.0,0,0,2026-05-06T20:42:58.222769+00:00,,,,,
JIA5015-1777872223-airline-201p,,2026-05-06T13:14:00Z,-12.0,-1.0,0,0,2026-05-06T20:37:55.193630+00:00,,,,,
DAL2563-1777868728-fa-122p,,2026-05-06T13:14:00Z,-9.0,-6.0,0,0,2026-05-06T20:42:58.222769+00:00,,,,,
DAL2451-1777868354-fa-1374p,,2026-05-06T13:13:00Z,-14.0,-6.0,0,0,2026-05-06T20:37:55.193630+00:00,,,,,
DAL3051-1777868732-fa-1600p,,2026-05-06T13:13:00Z,-19.0,-10.0,0,0,2026-05-06T20:42:58.222769+00:00,,,,,
SKW3758-1777814938-fa-1616p,,2026-05-06T13:12:00Z,12.0,0.0,0,0,2026-05-06T20:37:55.193630+00:00,,,,,
DAL686-1777868452-fa-243p,,2026-05-06T13:12:00Z,-11.0,-10.0,0,0,2026-05-06T20:37:55.193630+00:00,,,,,
DAL3129-1777868369-fa-1207p,,2026-05-06T13:12:00Z,-6.0,-4.0,0,0,2026-05-06T20:37:55.193630+00:00,,,,,
SWA169-1777880845-airline-783p,,2026-05-06T13:11:00Z,-9.0,-7.0,0,0,2026-05-06T20:37:55.193630+00:00,,,,,
EDV5303-1777830318-fa-3825p,,2026-05-06T13:11:00Z,-11.0,-6.0,0,0,2026-05-06T20:42:58.222769+00:00,,,,,
DAL3001-1777868738-fa-1061p,,2026-05-06T13:10:00Z,26.0,-5.0,0,0,2026-05-06T20:37:55.193630+00:00,,,,,
DAL1646-1777868511-fa-1361p,,2026-05-06T13:10:00Z,-13.0,-7.0,0,0,2026-05-06T20:42:58.222769+00:00,,,,,
DAL1534-1777867245-fa-1985p,,2026-05-06T13:09:00Z,-11.0,-1.0,0,0,2026-05-06T20:37:55.193630+00:00,,,,,
DAL1211-1777868696-fa-302p,,2026-05-06T13:09:00Z,0.0,-7.0,0,0,2026-05-06T20:37:55.193630+00:00,,,,,
DAL3100-1777868740-fa-213p,,2026-05-06T13:09:00Z,-13.0,-5.0,0,0,2026-05-06T20:42:58.222769+00:00,,,,,
DAL3009-1777868726-fa-1598p,,2026-05-06T13:08:00Z,-15.0,-8.0,0,0,2026-05-06T20:37:55.193630+00:00,,,,,
EDV4937-1777873937-airline-669p,,2026-05-06T13:08:00Z,9.0,-2.0,0,0,2026-05-06T20:37:55.193630+00:00,,,,,
DAL3103-1777868732-fa-1591p,,2026-05-06T13:07:00Z,-23.0,-8.0,0,0,2026-05-06T20:42:58.222769+00:00,,,,,
UAL532-1777839175-fa-734p,,2026-05-06T13:07:00Z,-14.0,-10.0,0,0,2026-05-06T20:42:58.222769+00:00,,,,,
DAL330-1777867942-fa-788p,,2026-05-06T13:06:00Z,-2.0,-3.0,0,0,2026-05-06T20:37:55.193630+00:00,,,,,
EDV5383-1777811331-fa-736p,,2026-05-06T13:05:00Z,8.0,-8.0,0,0,2026-05-06T20:37:55.193630+00:00,,,,,
EDV4701-1777870892-airline-1838p,,2026-05-06T13:05:00Z,-29.0,-10.0,0,0,2026-05-06T20:42:58.222769+00:00,,,,,
DAL2836-1777867537-fa-823p,2026-05-06T13:18:00,2026-05-06T13:05:00Z,-13.0,-7.0,0,0,2026-05-06T20:42:58.222769+00:00,DL2836,N554NW,DL,ATL,MIA
FFT1441-1777870984-airline-474p,,2026-05-06T13:05:00Z,10.0,-11.0,0,0,2026-05-06T20:42:58.222769+00:00,,,,,
DAL2793-1777868741-fa-4443p,,2026-05-06T13:04:00Z,-20.0,-11.0,0,0,2026-05-06T20:42:58.222769+00:00,,,,,
DAL3087-1777868309-fa-5513p,,2026-05-06T13:03:00Z,-14.0,-11.0,0,0,2026-05-06T20:37:55.193630+00:00,,,,,
DAL2867-1777868721-fa-484p,,2026-05-06T13:03:00Z,19.0,6.0,0,0,2026-05-06T20:42:58.222769+00:00,,,,,
DAL1334-1777867270-fa-175p,2026-05-06T13:13:00,2026-05-06T13:03:00Z,-10.0,-6.0,0,0,2026-05-06T20:42:58.222769+00:00,DL1334,N354DN,DL,ATL,FLL
DAL3156-1777868729-fa-1470p,,2026-05-06T13:02:00Z,-30.0,-16.0,0,0,2026-05-06T20:37:55.193630+00:00,,,,,
EDV5422-1777814844-fa-1192p,,2026-05-06T13:02:00Z,-14.0,-4.0,0,0,2026-05-06T20:42:58.222769+00:00,,,,,
EDV5300-1777869344-fa-910p,,2026-05-06T13:02:00Z,-12.0,0.0,0,0,2026-05-06T20:42:58.222769+00:00,,,,,
DAL2523-1777868563-fa-911p,,2026-05-06T13:02:00Z,-6.0,-8.0,0,0,2026-05-06T20:42:58.222769+00:00,,,,,
DAL1726-1777867533-fa-990p,,2026-05-06T13:01:00Z,-8.0,-2.0,0,0,2026-05-06T20:37:55.193630+00:00,,,,,
DAL1524-1777867611-fa-510p,,2026-05-06T13:01:00Z,21.0,-6.0,0,0,2026-05-06T20:37:55.193630+00:00,,,,,
DAL1436-1777868316-fa-101p,,2026-05-06T13:00:00Z,10.0,-8.0,0,0,2026-05-06T20:37:55.193630+00:00,,,,,
DAL2634-1777868551-fa-1114p,,2026-05-06T13:00:00Z,-11.0,-3.0,0,0,2026-05-06T20:42:58.222769+00:00,,,,,
ACA1222-1777873842-airline-1820p,,2026-05-06T13:00:00Z,-21.0,-17.0,0,0,2026-05-06T20:42:58.222769+00:00,,,,,
DAL2909-1777868202-fa-950p,,2026-05-06T12:59:00Z,-1.0,-8.0,0,0,2026-05-06T20:37:55.193630+00:00,,,,,
DAL404-1777867545-fa-1906p,,2026-05-06T12:58:00Z,19.0,28.0,0,0,2026-05-06T20:42:58.222769+00:00,,,,,
DAL1152-1777867716-fa-5273p,,2026-05-06T12:57:00Z,-21.0,-6.0,0,0,2026-05-06T20:37:55.193630+00:00,,,,,
DAL1237-1777867877-fa-512p,,2026-05-06T12:57:00Z,-3.0,0.0,0,0,2026-05-06T20:37:55.193630+00:00,,,,,
EDV5324-1777815469-fa-1702p,,2026-05-06T12:56:00Z,-15.0,-5.0,0,0,2026-05-06T20:42:58.222769+00:00,,,,,
DAL2026-1777868460-fa-1366p,,2026-05-06T12:55:00Z,-5.0,-4.0,0,0,2026-05-06T20:37:55.193630+00:00,,,,,
DAL516-1777868734-fa-2031p,,2026-05-06T12:55:00Z,-17.0,-4.0,0,0,2026-05-06T20:37:55.193630+00:00,,,,,
DAL194-1777781659-fa-1640p,,2026-05-06T12:55:00Z,125.0,9.0,0,0,2026-05-06T20:42:58.222769+00:00,,,,,
FFT4601-1777877850-airline-1299p,,2026-05-06T12:53:00Z,16.0,26.0,0,0,2026-05-06T20:37:55.193630+00:00,,,,,
EDV4940-1777871079-airline-580p,,2026-05-06T12:53:00Z,8.0,15.0,0,0,2026-05-06T20:37:55.193630+00:00,,,,,
DAL963-1777868446-fa-188p,,2026-05-06T12:52:00Z,-2.0,-5.0,0,0,2026-05-06T20:42:58.222769+00:00,,,,,
DAL1136-1777867954-fa-654p,,2026-05-06T12:50:00Z,2.0,6.0,0,0,2026-05-06T20:37:55.193630+00:00,,,,,
DAL1204-1777868555-fa-28p,,2026-05-06T12:50:00Z,3.0,-10.0,0,0,2026-05-06T20:37:55.193630+00:00,,,,,
AAL2132-1777880317-airline-165p,,2026-05-06T12:50:00Z,-9.0,-9.0,0,0,2026-05-06T20:42:58.222769+00:00,,,,,
DAL1352-1777867589-fa-1253p,,2026-05-06T12:49:00Z,-5.0,-2.0,0,0,2026-05-06T20:37:55.193630+00:00,,,,,
EDV5309-1777829251-fa-2920p,,2026-05-06T12:49:00Z,-15.0,-9.0,0,0,2026-05-06T20:42:58.222769+00:00,,,,,
DAL1336-1777868361-fa-927p,,2026-05-06T12:49:00Z,-10.0,-6.0,0,0,2026-05-06T20:42:58.222769+00:00,,,,,
DAL1666-1777868742-fa-416p,,2026-05-06T12:48:00Z,7.0,-5.0,0,0,2026-05-06T20:37:55.193630+00:00,,,,,
DAL2838-1777868495-fa-843p,,2026-05-06T12:48:00Z,-12.0,-10.0,0,0,2026-05-06T20:37:55.193630+00:00,,,,,
DAL2216-1777868735-fa-560p,,2026-05-06T12:47:00Z,-7.0,-6.0,0,0,2026-05-06T20:37:55.193630+00:00,,,,,
DAL2486-1777868678-fa-1140p,,2026-05-06T12:47:00Z,-3.0,0.0,0,0,2026-05-06T20:42:58.222769+00:00,,,,,
DAL2302-1777868486-fa-1010p,,2026-05-06T12:46:00Z,-10.0,-1.0,0,0,2026-05-06T20:37:55.193630+00:00,,,,,
DAL1364-1777868507-fa-1457p,,2026-05-06T12:46:00Z,-6.0,0.0,0,0,2026-05-06T20:37:55.193630+00:00,,,,,
DAL2691-1777868152-fa-311p,,2026-05-06T12:46:00Z,11.0,-5.0,0,0,2026-05-06T20:37:55.193630+00:00,,,,,
DAL2557-1777867958-fa-945p,,2026-05-06T12:45:00Z,-14.0,-1.0,0,0,2026-05-06T20:37:55.193630+00:00,,,,,
EDV5162-1777809560-fa-204p,,2026-05-06T12:45:00Z,-13.0,-3.0,0,0,2026-05-06T20:37:55.193630+00:00,,,,,
SWA207-1777880845-airline-1172p,2026-05-06T13:00:00,2026-05-06T12:45:00Z,-15.0,-4.0,0,0,2026-05-06T20:42:58.222769+00:00,WN207,N486WN,WN,ATL,BWI
DAL3140-1777868741-fa-4452p,,2026-05-06T12:44:00Z,61.0,66.0,0,0,2026-05-06T20:37:55.193630+00:00,,,,,
EDV5063-1777871079-airline-554p,,2026-05-06T12:44:00Z,-15.0,-6.0,0,0,2026-05-06T20:37:55.193630+00:00,,,,,
EDV5525-1777869363-fa-673p,,2026-05-06T12:44:00Z,-14.0,6.0,0,0,2026-05-06T20:37:55.193630+00:00,,,,,
DAL2450-1777867262-fa-1043p,,2026-05-06T12:44:00Z,-6.0,-2.0,0,0,2026-05-06T20:37:55.193630+00:00,,,,,
DAL3125-1777868571-fa-2014p,,2026-05-06T12:44:00Z,-16.0,-7.0,0,0,2026-05-06T20:42:58.222769+00:00,,,,,
DAL1062-1777867246-fa-1039p,,2026-05-06T12:43:00Z,-10.0,-6.0,0,0,2026-05-06T20:37:55.193630+00:00,,,,,
FFT2633-1777880967-airline-1433p,,2026-05-06T12:43:00Z,-18.0,-5.0,0,0,2026-05-06T20:37:55.193630+00:00,,,,,
DAL401-1777867640-fa-1040p,,2026-05-06T12:43:00Z,-17.0,0.0,0,0,2026-05-06T20:37:55.193630+00:00,,,,,
SWA1542-1777873095-airline-1435p,,2026-05-06T12:43:00Z,23.0,20.0,0,0,2026-05-06T20:42:58.222769+00:00,,,,,
FFT1270-1777870984-airline-446p,,2026-05-06T12:42:00Z,-27.0,-6.0,0,0,2026-05-06T20:37:55.193630+00:00,,,,,
DAL1383-1777868544-fa-4065p,,2026-05-06T12:40:00Z,-20.0,-5.0,0,0,2026-05-06T20:37:55.193630+00:00,,,,,
DAL1445-1777868426-fa-344p,,2026-05-06T12:40:00Z,-7.0,-3.0,0,0,2026-05-06T20:37:55.193630+00:00,,,,,
DAL1449-1777868730-fa-240p,,2026-05-06T12:40:00Z,-8.0,-4.0,0,0,2026-05-06T20:42:58.222769+00:00,,,,,
DAL3058-1777868739-fa-1624p,,2026-05-06T12:39:00Z,-20.0,-6.0,0,0,2026-05-06T20:37:55.193630+00:00,,,,,
DAL2727-1777868738-fa-1058p,,2026-05-06T12:39:00Z,-15.0,-8.0,0,0,2026-05-06T20:37:55.193630+00:00,,,,,
FFT3085-1777877850-airline-1157p,,2026-05-06T12:38:00Z,-30.0,-8.0,0,0,2026-05-06T20:37:55.193630+00:00,,,,,
DAL1479-1777868564-fa-624p,,2026-05-06T12:38:00Z,-22.0,-8.0,0,0,2026-05-06T20:42:58.222769+00:00,,,,,
JIA5587-1777872033-airline-909p,,2026-05-06T12:37:00Z,-5.0,-5.0,0,0,2026-05-06T20:37:55.193630+00:00,,,,,
DAL3106-1777868468-fa-3552p,,2026-05-06T12:37:00Z,-15.0,-5.0,0,0,2026-05-06T20:37:55.193630+00:00,,,,,
DAL2353-1777868525-fa-479p,,2026-05-06T12:37:00Z,6.0,-11.0,0,0,2026-05-06T20:37:55.193630+00:00,,,,,
DAL101-1777781695-fa-392p,,2026-05-06T12:37:00Z,-8.0,-11.0,0,0,2026-05-06T20:42:58.222769+00:00,,,,,
DAL2286-1777868699-fa-237p,,2026-05-06T12:34:00Z,-17.0,-4.0,0,0,2026-05-06T20:37:55.193630+00:00,,,,,
EDV5453-1777830435-fa-2318p,,2026-05-06T12:34:00Z,-19.0,-13.0,0,0,2026-05-06T20:37:55.193630+00:00,,,,,
EDV5180-1777873937-airline-693p,,2026-05-06T12:34:00Z,-23.0,-13.0,0,0,2026-05-06T20:37:55.193630+00:00,,,,,
SWA3243-1777871111-airline-647p,,2026-05-06T12:34:00Z,-11.0,-1.0,0,0,2026-05-06T20:42:58.222769+00:00,,,,,
DAL2605-1777868690-fa-936p,2026-05-06T12:52:00,2026-05-06T12:33:00Z,-19.0,-4.0,0,0,2026-05-06T20:42:58.222769+00:00,DL2605,N696DL,DL,ATL,TPA
DAL1285-1777868001-fa-117p,,2026-05-06T12:32:00Z,-28.0,-12.0,0,0,2026-05-06T20:37:55.193630+00:00,,,,,
DAL3144-1777868730-fa-1167p,,2026-05-06T12:32:00Z,-14.0,-7.0,0,0,2026-05-06T20:42:58.222769+00:00,,,,,
DAL1610-1777868560-fa-453p,,2026-05-06T12:31:00Z,-7.0,-13.0,0,0,2026-05-06T20:37:55.193630+00:00,,,,,
DAL1264-1777867271-fa-1360p,,2026-05-06T12:30:00Z,15.0,-1.0,0,0,2026-05-06T20:37:55.193630+00:00,,,,,
DAL1221-1777868276-fa-752p,,2026-05-06T12:30:00Z,-8.0,-10.0,0,0,2026-05-06T20:37:55.193630+00:00,,,,,
DAL1200-1777867254-fa-1106p,,2026-05-06T12:30:00Z,-4.0,-6.0,0,0,2026-05-06T20:37:55.193630+00:00,,,,,
SWA3113-1777871111-airline-526p,,2026-05-06T12:30:00Z,-5.0,-5.0,0,0,2026-05-06T20:42:58.222769+00:00,,,,,
DAL1108-1777867684-fa-5846p,,2026-05-06T12:29:00Z,-15.0,-2.0,0,0,2026-05-06T20:37:55.193630+00:00,,,,,
DAL2204-1777868694-fa-614p,2026-05-06T12:42:00,2026-05-06T12:29:00Z,-13.0,-4.0,0,0,2026-05-06T20:42:58.222769+00:00,DL2204,N6716C,DL,ATL,MCO
JBU1797-1777872124-airline-165p,2026-05-06T12:48:00,2026-05-06T12:29:00Z,-19.0,-5.0,0,0,2026-05-06T20:42:58.222769+00:00,B61797,N828JB,B6,ATL,FLL
AAL2770-1777871343-airline-810p,,2026-05-06T12:29:00Z,-11.0,-6.0,0,0,2026-05-06T20:42:58.222769+00:00,,,,,
DAL2080-1777868700-fa-1412p,,2026-05-06T12:27:00Z,-16.0,-2.0,0,0,2026-05-06T20:37:55.193630+00:00,,,,,
DAL1664-1777868561-fa-892p,,2026-05-06T12:27:00Z,-18.0,-12.0,0,0,2026-05-06T20:37:55.193630+00:00,,,,,
DAL1344-1777867661-fa-1302p,,2026-05-06T12:27:00Z,-15.0,-4.0,0,0,2026-05-06T20:37:55.193630+00:00,,,,,
DAL2518-1777868272-fa-746p,,2026-05-06T12:26:00Z,-23.0,-9.0,0,0,2026-05-06T20:37:55.193630+00:00,,,,,
DAL1259-1777868743-fa-83p,,2026-05-06T12:26:00Z,-19.0,-12.0,0,0,2026-05-06T20:37:55.193630+00:00,,,,,
EDV5317-1777870892-airline-1682p,,2026-05-06T12:25:00Z,-14.0,-4.0,0,0,2026-05-06T20:37:55.193630+00:00,,,,,
DAL2933-1777867679-fa-843p,,2026-05-06T12:25:00Z,-13.0,-4.0,0,0,2026-05-06T20:37:55.193630+00:00,,,,,
DAL1073-1777867558-fa-820p,,2026-05-06T12:25:00Z,-19.0,-8.0,0,0,2026-05-06T20:37:55.193630+00:00,,,,,
DAL1183-1777868728-fa-121p,,2026-05-06T12:24:00Z,-13.0,-1.0,0,0,2026-05-06T20:37:55.193630+00:00,,,,,
FFT1263-1777880967-airline-1268p,,2026-05-06T12:24:00Z,11.0,-10.0,0,0,2026-05-06T20:37:55.193630+00:00,,,,,
RPA4595-1777871812-airline-488p,,2026-05-06T12:21:00Z,-13.0,-5.0,0,0,2026-05-06T20:37:55.193630+00:00,,,,,
DAL1215-1777867596-fa-1283p,,2026-05-06T12:21:00Z,-25.0,-10.0,0,0,2026-05-06T20:37:55.193630+00:00,,,,,
EDV5271-1777855221-fa-992p,,2026-05-06T12:21:00Z,21.0,-15.0,0,0,2026-05-06T20:37:55.193630+00:00,,,,,
EDV5181-1777871079-airline-548p,,2026-05-06T12:20:00Z,-14.0,-10.0,0,0,2026-05-06T20:37:55.193630+00:00,,,,,
EDV5337-1777870954-airline-549p,,2026-05-06T12:20:00Z,9.0,8.0,0,0,2026-05-06T20:37:55.193630+00:00,,,,,
DAL3155-1777868728-fa-2901p,,2026-05-06T12:20:00Z,-5.0,-3.0,0,0,2026-05-06T20:37:55.193630+00:00,,,,,
DAL1184-1777867927-fa-278p,,2026-05-06T12:20:00Z,-10.0,-8.0,0,0,2026-05-06T20:37:55.193630+00:00,,,,,
DAL2662-1777868176-fa-71p,,2026-05-06T12:19:00Z,-25.0,-5.0,0,0,2026-05-06T20:37:55.193630+00:00,,,,,
DAL1160-1777868726-fa-311p,,2026-05-06T12:17:00Z,-23.0,-12.0,0,0,2026-05-06T20:37:55.193630+00:00,,,,,
DAL1402-1777868697-fa-910p,,2026-05-06T12:17:00Z,-9.0,-2.0,0,0,2026-05-06T20:37:55.193630+00:00,,,,,
RPA4570-1777871812-airline-460p,,2026-05-06T12:17:00Z,-16.0,-7.0,0,0,2026-05-06T20:42:58.222769+00:00,,,,,
DAL1611-1777867536-fa-961p,,2026-05-06T12:16:00Z,-15.0,-6.0,0,0,2026-05-06T20:37:55.193630+00:00,,,,,
AAL1753-1777875601-airline-1683p,,2026-05-06T12:16:00Z,-9.0,-9.0,0,0,2026-05-06T20:42:58.222769+00:00,,,,,
DAL1382-1777867964-fa-360p,,2026-05-06T12:13:00Z,-22.0,-5.0,0,0,2026-05-06T20:37:55.193630+00:00,,,,,
FFT3512-1777877850-airline-1222p,,2026-05-06T12:13:00Z,-26.0,-10.0,0,0,2026-05-06T20:42:58.222769+00:00,,,,,
DAL695-1777867630-fa-642p,,2026-05-06T12:11:00Z,-21.0,-6.0,0,0,2026-05-06T20:37:55.193630+00:00,,,,,
DAL1069-1777867756-fa-1322p,,2026-05-06T12:10:00Z,-19.0,-10.0,0,0,2026-05-06T20:37:55.193630+00:00,,,,,
DAL1023-1777867842-fa-811p,,2026-05-06T12:09:00Z,-15.0,-4.0,0,0,2026-05-06T20:37:55.193630+00:00,,,,,
DAL1618-1777868719-fa-643p,,2026-05-06T12:08:00Z,-26.0,-5.0,0,0,2026-05-06T20:37:55.193630+00:00,,,,,
DAL2116-1777868726-fa-1611p,,2026-05-06T12:08:00Z,-12.0,-6.0,0,0,2026-05-06T20:37:55.193630+00:00,,,,,
FFT2173-1777880967-airline-1377p,,2026-05-06T12:08:00Z,-11.0,-8.0,0,0,2026-05-06T20:37:55.193630+00:00,,,,,
DAL2525-1777868723-fa-746p,,2026-05-06T12:06:00Z,6.0,-8.0,0,0,2026-05-06T20:37:55.193630+00:00,,,,,
EDV4927-1777807155-fa-2165p,,2026-05-06T12:04:00Z,-16.0,-8.0,0,0,2026-05-06T20:37:55.193630+00:00,,,,,
EDV4912-1777810737-fa-710p,,2026-05-06T12:04:00Z,-9.0,-11.0,0,0,2026-05-06T20:37:55.193630+00:00,,,,,
DAL3085-1777868387-fa-1843p,,2026-05-06T12:04:00Z,-11.0,-6.0,0,0,2026-05-06T20:37:55.193630+00:00,,,,,
DAL418-1777867588-fa-3625p,,2026-05-06T12:03:00Z,-19.0,-3.0,0,0,2026-05-06T20:37:55.193630+00:00,,,,,
DAL1249-1777868361-fa-923p,,2026-05-06T12:03:00Z,-5.0,-5.0,0,0,2026-05-06T20:37:55.193630+00:00,,,,,
DAL1565-1777868487-fa-2008p,,2026-05-06T12:02:00Z,-7.0,1.0,0,0,2026-05-06T20:37:55.193630+00:00,,,,,
JIA5050-1777872223-airline-239p,,2026-05-06T12:02:00Z,3.0,-10.0,0,0,2026-05-06T20:42:58.222769+00:00,,,,,
DAL1721-1777868733-fa-234p,,2026-05-06T12:00:00Z,-24.0,-6.0,0,0,2026-05-06T20:37:55.193630+00:00,,,,,
JIA5348-1777872223-airline-565p,,2026-05-06T11:59:00Z,-20.0,-12.0,0,0,2026-05-06T20:42:58.222769+00:00,,,,,
DAL2664-1777868004-fa-895p,,2026-05-06T11:58:00Z,-17.0,-7.0,0,0,2026-05-06T20:37:55.193630+00:00,,,,,
FFT4797-1777877850-airline-1321p,,2026-05-06T11:58:00Z,-9.0,-14.0,0,0,2026-05-06T20:37:55.193630+00:00,,,,,
DAL3019-1777868376-fa-977p,,2026-05-06T11:57:00Z,-18.0,-8.0,0,0,2026-05-06T20:37:55.193630+00:00,,,,,
UAL299-1777838121-fa-1223p,,2026-05-06T11:57:00Z,-20.0,-5.0,0,0,2026-05-06T20:42:58.222769+00:00,,,,,
DAL150-1777868056-fa-158p,,2026-05-06T11:56:00Z,-14.0,-11.0,0,0,2026-05-06T20:37:55.193630+00:00,,,,,
DAL3004-1777868480-fa-880p,,2026-05-06T11:53:00Z,-10.0,-13.0,0,0,2026-05-06T20:37:55.193630+00:00,,,,,
DAL3039-1777868733-fa-235p,,2026-05-06T11:52:00Z,-3.0,-7.0,0,0,2026-05-06T20:37:55.193630+00:00,,,,,
DAL3061-1777868721-fa-1878p,,2026-05-06T11:52:00Z,-7.0,4.0,0,0,2026-05-06T20:37:55.193630+00:00,,,,,
DAL2453-1777868469-fa-1816p,,2026-05-06T11:52:00Z,-19.0,-8.0,0,0,2026-05-06T20:37:55.193630+00:00,,,,,
DAL1146-1777868547-fa-2464p,,2026-05-06T11:51:00Z,-6.0,-3.0,0,0,2026-05-06T20:37:55.193630+00:00,,,,,
DAL36-1777781245-fa-1186p,,2026-05-06T11:51:00Z,-24.0,2.0,0,0,2026-05-06T20:42:58.222769+00:00,,,,,
DAL3041-1777868723-fa-715p,,2026-05-06T11:50:00Z,-9.0,-11.0,0,0,2026-05-06T20:37:55.193630+00:00,,,,,
DAL1702-1777868553-fa-1053p,,2026-05-06T11:49:00Z,-11.0,-2.0,0,0,2026-05-06T20:37:55.193630+00:00,,,,,
DAL1255-1777868736-fa-888p,,2026-05-06T11:48:00Z,-14.0,-9.0,0,0,2026-05-06T20:37:55.193630+00:00,,,,,
AAL3150-1777871343-airline-1284p,,2026-05-06T11:48:00Z,-26.0,-6.0,0,0,2026-05-06T20:42:58.222769+00:00,,,,,
FFT1168-1777880967-airline-1255p,,2026-05-06T11:47:00Z,-17.0,-4.0,0,0,2026-05-06T20:42:58.222769+00:00,,,,,
DAL651-1777868530-fa-100p,,2026-05-06T11:47:00Z,-8.0,-7.0,0,0,2026-05-06T20:42:58.222769+00:00,,,,,
EDV4699-1777807989-fa-1503p,,2026-05-06T11:46:00Z,-16.0,5.0,0,0,2026-05-06T20:37:55.193630+00:00,,,,,
RPA4782-1777871812-airline-692p,,2026-05-06T11:45:00Z,-20.0,-6.0,0,0,2026-05-06T20:37:55.193630+00:00,,,,,
DAL1547-1777868355-fa-1567p,,2026-05-06T11:45:00Z,-17.0,-4.0,0,0,2026-05-06T20:37:55.193630+00:00,,,,,
DAL1504-1777867605-fa-1012p,,2026-05-06T11:43:00Z,-11.0,-4.0,0,0,2026-05-06T20:37:55.193630+00:00,,,,,
DAL3114-1777868219-fa-1513p,,2026-05-06T11:42:00Z,-18.0,-8.0,0,0,2026-05-06T20:37:55.193630+00:00,,,,,
DAL1475-1777868545-fa-820p,,2026-05-06T11:42:00Z,8.0,2.0,0,0,2026-05-06T20:37:55.193630+00:00,,,,,
DAL1456-1777868699-fa-227p,2026-05-06T11:55:00,2026-05-06T11:42:00Z,-13.0,-5.0,0,0,2026-05-06T20:37:55.193630+00:00,DL1456,N819DX,DL,TPA,ATL
DAL1499-1777867727-fa-1051p,,2026-05-06T11:40:00Z,-2.0,-3.0,0,0,2026-05-06T20:37:55.193630+00:00,,,,,
DAL1494-1777868674-fa-1275p,2026-05-06T11:52:00,2026-05-06T11:39:00Z,-13.0,-1.0,0,0,2026-05-06T20:37:55.193630+00:00,DL1494,N698DL,DL,MCO,ATL
DAL2127-1777868246-fa-1542p,,2026-05-06T11:38:00Z,-16.0,-4.0,0,0,2026-05-06T20:37:55.193630+00:00,,,,,
DAL410-1777867944-fa-667p,2026-05-06T11:54:00,2026-05-06T11:38:00Z,-16.0,-2.0,0,0,2026-05-06T20:37:55.193630+00:00,DL410,N361NW,DL,DCA,ATL
DAL2124-1777868497-fa-808p,,2026-05-06T11:38:00Z,-4.0,-11.0,0,0,2026-05-06T20:37:55.193630+00:00,,,,,
DAL2950-1777868483-fa-401p,,2026-05-06T11:37:00Z,-24.0,-8.0,0,0,2026-05-06T20:37:55.193630+00:00,,,,,
DAL1376-1777867674-fa-81p,,2026-05-06T11:36:00Z,-14.0,-9.0,0,0,2026-05-06T20:37:55.193630+00:00,,,,,
EDV5062-1777804283-fa-320p,,2026-05-06T11:36:00Z,-19.0,-2.0,0,0,2026-05-06T20:37:55.193630+00:00,,,,,
DAL1192-1777868566-fa-562p,,2026-05-06T11:31:00Z,-20.0,-3.0,0,0,2026-05-06T20:37:55.193630+00:00,,,,,
DAL2953-1777867818-fa-907p,,2026-05-06T11:30:00Z,-9.0,-5.0,0,0,2026-05-06T20:37:55.193630+00:00,,,,,
DAL2637-1777868570-fa-892p,,2026-05-06T11:29:00Z,-5.0,-2.0,0,0,2026-05-06T20:37:55.193630+00:00,,,,,
DAL2440-1777868698-fa-449p,,2026-05-06T11:29:00Z,-16.0,-6.0,0,0,2026-05-06T20:37:55.193630+00:00,,,,,
DAL2966-1777868423-fa-1638p,,2026-05-06T11:28:00Z,-17.0,-6.0,0,0,2026-05-06T20:37:55.193630+00:00,,,,,
DAL690-1777878663-schedule-22p,,2026-05-06T11:26:00Z,-11.0,5.0,0,0,2026-05-06T20:37:55.193630+00:00,,,,,
DAL104-1777781664-fa-1193p,,2026-05-06T11:26:00Z,-22.0,-8.0,0,0,2026-05-06T20:37:55.193630+00:00,,,,,
DAL2184-1778060357-fa-1819p,,2026-05-06T11:25:00Z,-6.0,9.0,0,0,2026-05-06T20:37:55.193630+00:00,,,,,
EDV5335-1777871079-airline-539p,,2026-05-06T11:25:00Z,-22.0,-14.0,0,0,2026-05-06T20:37:55.193630+00:00,,,,,
EDV5160-1777821080-fa-758p,,2026-05-06T11:24:00Z,-9.0,-4.0,0,0,2026-05-06T20:37:55.193630+00:00,,,,,
FFT2510-1777880967-airline-1418p,,2026-05-06T11:23:00Z,-20.0,-8.0,0,0,2026-05-06T20:42:58.222769+00:00,,,,,
DAL2734-1777868289-fa-354p,,2026-05-06T11:22:00Z,-23.0,-15.0,0,0,2026-05-06T20:37:55.193630+00:00,,,,,
DAL3187-1777868742-fa-258p,,2026-05-06T11:21:00Z,-16.0,-7.0,0,0,2026-05-06T20:37:55.193630+00:00,,,,,
DAL2469-1777868475-fa-1350p,,2026-05-06T11:20:00Z,-21.0,-6.0,0,0,2026-05-06T20:37:55.193630+00:00,,,,,
AFR35-1777788009-airline-1460p,,2026-05-06T11:20:00Z,20.0,29.0,0,0,2026-05-06T20:42:58.222769+00:00,,,,,
DAL3154-1777868508-fa-720p,,2026-05-06T11:16:00Z,-9.0,-1.0,0,0,2026-05-06T20:37:55.193630+00:00,,,,,
DAL3105-1777868532-fa-543p,,2026-05-06T11:15:00Z,-22.0,-8.0,0,0,2026-05-06T20:37:55.193630+00:00,,,,,
DAL2818-1777867865-fa-650p,,2026-05-06T11:15:00Z,-20.0,-12.0,0,0,2026-05-06T20:37:55.193630+00:00,,,,,
EDV5462-1777869343-fa-895p,,2026-05-06T11:14:00Z,-11.0,-1.0,0,0,2026-05-06T20:37:55.193630+00:00,,,,,
DAL1269-1777867686-fa-1078p,2026-05-06T11:42:00,2026-05-06T11:14:00Z,-28.0,-8.0,0,0,2026-05-06T20:37:55.193630+00:00,DL1269,N353DN,DL,PHL,ATL
ACA7307-1777880998-airline-836p,,2026-05-06T11:14:00Z,-16.0,-15.0,0,0,2026-05-06T20:42:58.222769+00:00,,,,,
DAL3181-1777868739-fa-1628p,,2026-05-06T11:12:00Z,-9.0,0.0,0,0,2026-05-06T20:37:55.193630+00:00,,,,,
DAL1979-1777868650-fa-1010p,,2026-05-06T11:10:00Z,-14.0,-6.0,0,0,2026-05-06T20:37:55.193630+00:00,,,,,
DAL3162-1777867949-fa-20p,,2026-05-06T11:10:00Z,-15.0,-4.0,0,0,2026-05-06T20:37:55.193630+00:00,,,,,
DAL1168-1777867703-fa-470p,2026-05-06T11:20:00,2026-05-06T11:09:00Z,-11.0,-7.0,0,0,2026-05-06T20:37:55.193630+00:00,DL1168,N357DN,DL,FLL,ATL
DAL652-1777792131-airline-1566p,,2026-05-06T11:08:00Z,10.0,6.0,0,0,2026-05-06T20:37:55.193630+00:00,,,,,
EDV5255-1777830318-fa-3827p,,2026-05-06T11:08:00Z,-16.0,-7.0,0,0,2026-05-06T20:37:55.193630+00:00,,,,,
DAL2407-1777868168-fa-762p,,2026-05-06T11:06:00Z,-19.0,-10.0,0,0,2026-05-06T20:37:55.193630+00:00,,,,,
EDV4645-1777814844-fa-1193p,,2026-05-06T11:05:00Z,-19.0,-3.0,0,0,2026-05-06T20:37:55.193630+00:00,,,,,
DAL1385-1777867244-fa-1217p,,2026-05-06T11:04:00Z,-15.0,-9.0,0,0,2026-05-06T20:37:55.193630+00:00,,,,,
FFT2428-1777794175-airline-1680p,,2026-05-06T11:03:00Z,-5.0,-3.0,0,0,2026-05-06T20:37:55.193630+00:00,,,,,
EDV5403-1777876131-airline-879p,,2026-05-06T11:02:00Z,-21.0,-13.0,0,0,2026-05-06T20:37:55.193630+00:00,,,,,
DAL3020-1777868732-fa-1599p,,2026-05-06T11:01:00Z,-21.0,-10.0,0,0,2026-05-06T20:37:55.193630+00:00,,,,,
DAL632-1777867571-fa-705p,,2026-05-06T11:01:00Z,-11.0,-2.0,0,0,2026-05-06T20:37:55.193630+00:00,,,,,
DAL2441-1777868183-fa-1679p,,2026-05-06T11:01:00Z,-8.0,5.0,0,0,2026-05-06T20:37:55.193630+00:00,,,,,
DAL1460-1777868433-fa-521p,,2026-05-06T11:00:00Z,-18.0,-8.0,0,0,2026-05-06T20:37:55.193630+00:00,,,,,
DAL1548-1777867528-fa-2819p,,2026-05-06T10:59:00Z,-7.0,4.0,0,0,2026-05-06T20:37:55.193630+00:00,,,,,
DAL147-1777781725-fa-628p,,2026-05-06T10:59:00Z,-16.0,-8.0,0,0,2026-05-06T20:42:58.222769+00:00,,,,,
DAL2375-1777867681-fa-1032p,,2026-05-06T10:58:00Z,-16.0,-9.0,0,0,2026-05-06T20:37:55.193630+00:00,,,,,
FFT3216-1777794175-airline-1769p,,2026-05-06T10:57:00Z,2.0,-1.0,0,0,2026-05-06T20:37:55.193630+00:00,,,,,
DAL34-1777781209-fa-1085p,,2026-05-06T10:55:00Z,5.0,19.0,0,0,2026-05-06T20:42:58.222769+00:00,,,,,
DAL857-1777867240-fa-1734p,,2026-05-06T10:51:00Z,-12.0,2.0,0,0,2026-05-06T20:37:55.193630+00:00,,,,,
DAL2330-1777868688-fa-1460p,,2026-05-06T10:48:00Z,-2.0,-4.0,0,0,2026-05-06T20:37:55.193630+00:00,,,,,
DAL654-1777792131-airline-1568p,,2026-05-06T10:47:00Z,14.0,26.0,0,0,2026-05-06T20:37:55.193630+00:00,,,,,
DAL320-1777793075-airline-1384p,,2026-05-06T10:43:00Z,-29.0,0.0,0,0,2026-05-06T20:37:55.193630+00:00,,,,,
DAL391-1777792323-airline-1347p,,2026-05-06T10:42:00Z,14.0,4.0,0,0,2026-05-06T20:37:55.193630+00:00,,,,,
KLM622-1777794114-airline-4p,,2026-05-06T10:42:00Z,-28.0,-4.0,0,0,2026-05-06T20:42:58.222769+00:00,,,,,
DAL1727-1777868730-fa-1165p,,2026-05-06T10:41:00Z,-4.0,-1.0,0,0,2026-05-06T20:37:55.193630+00:00,,,,,
DAL3028-1777868570-fa-895p,,2026-05-06T10:41:00Z,-3.0,-10.0,0,0,2026-05-06T20:37:55.193630+00:00,,,,,
DAL2712-1777868741-fa-3990p,,2026-05-06T10:41:00Z,-4.0,-6.0,0,0,2026-05-06T20:37:55.193630+00:00,,,,,
DAL146-1777781730-fa-1058p,,2026-05-06T10:39:00Z,18.0,5.0,0,0,2026-05-06T20:37:55.193630+00:00,,,,,
DAL888-1777790404-fa-382p,,2026-05-06T10:38:00Z,-2.0,2.0,0,0,2026-05-06T20:37:55.193630+00:00,,,,,
DAL1308-1777868737-fa-132p,,2026-05-06T10:38:00Z,-1.0,16.0,0,0,2026-05-06T20:37:55.193630+00:00,,,,,
DAL3186-1777868732-fa-1598p,,2026-05-06T10:37:00Z,-6.0,-7.0,0,0,2026-05-06T20:37:55.193630+00:00,,,,,
WJA1606-1777874195-airline-1221p,,2026-05-06T10:36:00Z,-19.0,-3.0,0,0,2026-05-06T20:37:55.193630+00:00,,,,,
DAL2722-1777868673-fa-8p,,2026-05-06T10:31:00Z,-13.0,-1.0,0,0,2026-05-06T20:37:55.193630+00:00,,,,,
EDV5291-1777829253-fa-1126p,,2026-05-06T10:29:00Z,-16.0,-4.0,0,0,2026-05-06T20:37:55.193630+00:00,,,,,
WJA1992-1777876400-airline-2053p,,2026-05-06T10:29:00Z,-26.0,-4.0,0,0,2026-05-06T20:37:55.193630+00:00,,,,,
BAW226-1777788629-airline-935p,,2026-05-06T10:29:00Z,-16.0,-1.0,0,0,2026-05-06T20:42:58.222769+00:00,,,,,
DAL3038-1777868737-fa-129p,,2026-05-06T10:26:00Z,-19.0,-11.0,0,0,2026-05-06T20:37:55.193630+00:00,,,,,
DAL3098-1777868561-fa-263p,,2026-05-06T10:25:00Z,-20.0,-12.0,0,0,2026-05-06T20:37:55.193630+00:00,,,,,
DAL211-1777781715-fa-1652p,,2026-05-06T10:23:00Z,-4.0,23.0,0,0,2026-05-06T20:37:55.193630+00:00,,,,,
DAL1552-1777868549-fa-4202p,,2026-05-06T10:21:00Z,-22.0,-12.0,0,0,2026-05-06T20:37:55.193630+00:00,,,,,
DAL84-1777781228-fa-793p,,2026-05-06T10:20:00Z,-10.0,2.0,0,0,2026-05-06T11:30:42.823441+00:00,,,,,
DAL3015-1777868730-fa-242p,,2026-05-06T10:18:00Z,-23.0,-12.0,0,0,2026-05-06T20:37:55.193630+00:00,,,,,
DAL3055-1777868540-fa-198p,,2026-05-06T10:15:00Z,-20.0,-13.0,0,0,2026-05-06T20:37:55.193630+00:00,,,,,
FFT1450-1777794175-airline-1574p,,2026-05-06T10:09:00Z,71.0,51.0,0,0,2026-05-06T20:37:55.193630+00:00,,,,,
DAL3018-1777868721-fa-483p,,2026-05-06T10:07:00Z,-34.0,-15.0,0,0,2026-05-06T20:37:55.193630+00:00,,,,,
DAL365-1777789009-airline-1649p,,2026-05-06T10:07:00Z,-2.0,13.0,0,0,2026-05-06T20:37:55.193630+00:00,,,,,
DAL32-1777781235-fa-1328p,,2026-05-06T10:06:00Z,-14.0,-12.0,0,0,2026-05-06T11:30:42.823441+00:00,,,,,
DAL929-1777795173-airline-1067p,,2026-05-06T10:06:00Z,-23.0,8.0,0,0,2026-05-06T20:37:55.193630+00:00,,,,,
DAL309-1777781664-fa-1194p,,2026-05-06T10:04:00Z,-8.0,16.0,0,0,2026-05-06T20:37:55.193630+00:00,,,,,
DAL302-1777867734-fa-1075p,,2026-05-06T10:03:00Z,14.0,-5.0,0,0,2026-05-06T20:37:55.193630+00:00,,,,,
FFT1448-1777794175-airline-1573p,,2026-05-06T10:03:00Z,-12.0,19.0,0,0,2026-05-06T20:37:55.193630+00:00,,,,,
SWA3739-1777876834-schedule-492p,,2026-05-06T10:01:00Z,-4.0,15.0,0,0,2026-05-06T20:37:55.193630+00:00,,,,,
DAL108-1777781663-fa-418p,,2026-05-06T09:58:00Z,-17.0,-4.0,0,0,2026-05-06T11:30:42.823441+00:00,,,,,
SWA2535-1777875775-airline-1433p,,2026-05-06T09:56:00Z,-14.0,0.0,0,0,2026-05-06T20:37:55.193630+00:00,,,,,
LPE2483-1777786855-airline-1032p,,2026-05-06T09:48:00Z,-12.0,-2.0,0,0,2026-05-06T20:42:58.222769+00:00,,,,,
DAL722-1777793156-fa-1581p,,2026-05-06T09:47:00Z,-22.0,-8.0,0,0,2026-05-06T20:37:55.193630+00:00,,,,,
DAL899-1777789009-airline-1833p,,2026-05-06T09:47:00Z,-21.0,-1.0,0,0,2026-05-06T20:37:55.193630+00:00,,,,,
DAL687-1777789696-airline-1003p,,2026-05-06T09:44:00Z,-15.0,-8.0,0,0,2026-05-06T20:37:55.193630+00:00,,,,,
DAL60-1777781236-fa-3305p,,2026-05-06T09:44:00Z,-10.0,1.0,0,0,2026-05-06T20:37:55.193630+00:00,,,,,
DAL769-1777788227-airline-1256p,,2026-05-06T09:40:00Z,-13.0,0.0,0,0,2026-05-06T20:37:55.193630+00:00,,,,,
DAL110-1777781670-fa-1078p,,2026-05-06T09:38:00Z,4.0,14.0,0,0,2026-05-06T20:37:55.193630+00:00,,,,,
DAL819-1777789696-airline-1164p,,2026-05-06T09:36:00Z,-9.0,34.0,0,0,2026-05-06T20:37:55.193630+00:00,,,,,
ASA727-1777785887-airline-1002p,,2026-05-06T09:29:00Z,-11.0,8.0,0,0,2026-05-06T20:37:55.193630+00:00,,,,,
DAL567-1777786827-airline-1381p,,2026-05-06T09:25:00Z,-10.0,-1.0,0,0,2026-05-06T20:37:55.193630+00:00,,,,,
DAL704-1777790159-airline-103p,,2026-05-06T09:23:00Z,-18.0,-4.0,0,0,2026-05-06T20:37:55.193630+00:00,,,,,
DAL54-1777781674-fa-791p,2026-05-06T08:45:00,2026-05-06T09:21:00Z,36.0,25.0,0,0,2026-05-08T02:17:23.840478+00:00,DL54,N853NW,DL,ATL,LOS
DAL66-1777781681-fa-524p,2026-05-06T08:50:00,2026-05-06T09:18:00Z,28.0,18.0,0,0,2026-05-08T02:17:23.840478+00:00,DL66,N431DX,DL,ATL,FCO
DAL912-1777788227-airline-1215p,2026-05-06T09:02:00,2026-05-06T09:15:00Z,13.0,10.0,0,0,2026-05-06T20:37:55.193630+00:00,DL912,N354DN,DL,SLC,ATL
DAL447-1777788227-airline-1090p,2026-05-06T09:22:00,2026-05-06T09:12:00Z,-10.0,13.0,0,0,2026-05-06T20:37:55.193630+00:00,DL447,N341DN,DL,ONT,ATL
DAL932-1777795173-airline-1094p,,2026-05-06T09:06:00Z,4.0,35.0,0,0,2026-05-06T20:37:55.193630+00:00,,,,,
DAL783-1777786011-airline-857p,,2026-05-06T09:01:00Z,-2.0,9.0,0,0,2026-05-06T20:37:55.193630+00:00,,,,,
DAL74-1777781655-fa-966p,,2026-05-06T09:00:00Z,30.0,35.0,0,0,2026-05-06T11:30:42.823441+00:00,,,,,
DAL417-1777792323-airline-1698p,,2026-05-06T08:51:00Z,-21.0,-10.0,0,0,2026-05-06T20:37:55.193630+00:00,,,,,
DAL1357-1777787821-fa-824p,,2026-05-06T08:41:00Z,-29.0,-5.0,0,0,2026-05-06T20:37:55.193630+00:00,,,,,
DAL2823-1777782143-fa-999p,,2026-05-06T08:26:00Z,31.0,10.0,0,0,2026-05-06T20:42:58.222769+00:00,,,,,
AFR33-1777788009-airline-1458p,,2026-05-06T08:24:00Z,-6.0,-8.0,0,0,2026-05-06T11:30:42.823441+00:00,,,,,
DAL105-1777781650-fa-842p,2026-05-06T08:40:00,2026-05-06T08:22:00Z,-18.0,2.0,0,0,2026-05-08T02:17:23.840478+00:00,DL105,N802NW,DL,ATL,GRU
SAS930-1777787444-airline-1097p,2026-05-06T08:15:00,2026-05-06T08:13:00Z,-2.0,-3.0,0,0,2026-05-08T02:17:23.840478+00:00,SK930,LN-RKS,SK,ATL,CPH
DAL174-1777781230-fa-703p,2026-05-06T07:25:00,2026-05-06T07:50:00Z,25.0,2.0,0,0,2026-05-08T02:17:23.840478+00:00,DL174,N827MH,DL,ATL,MXP
VIR110-1777785357-airline-1070p,2026-05-06T07:50:00,2026-05-06T07:40:00Z,-10.0,-10.0,0,0,2026-05-08T02:17:23.840478+00:00,VS110,G-VGEM,VS,ATL,MAN
DAL176-1777781231-fa-1093p,2026-05-06T07:45:00,2026-05-06T07:25:00Z,-20.0,-7.0,0,0,2026-05-08T02:17:23.840478+00:00,DL176,N832MH,DL,ATL,DUB
DAL214-1777781692-fa-993p,2026-05-06T05:35:00,2026-05-06T07:06:00Z,91.0,90.0,0,0,2026-05-08T02:17:23.840478+00:00,DL214,N411DX,DL,ATL,FCO
DAL222-1777781689-fa-841p,2026-05-06T08:00:00,2026-05-06T06:55:00Z,-65.0,10.0,0,0,2026-05-08T02:17:23.840478+00:00,DL222,N426DZ,DL,ATL,FCO
FFT2607-1777784511-airline-1247p,,2026-05-06T06:53:00Z,87.0,79.0,0,0,2026-05-06T20:42:58.222769+00:00,,,,,
DAL192-1777781230-fa-907p,2026-05-06T06:55:00,2026-05-06T06:48:00Z,-7.0,-5.0,0,0,2026-05-08T02:17:23.840478+00:00,DL192,N836MH,DL,ATL,VCE
DAL14-1777781667-fa-521p,2026-05-06T06:55:00,2026-05-06T06:46:00Z,-9.0,-10.0,0,0,2026-05-08T02:17:23.840478+00:00,DL14,N852NW,DL,ATL,FRA
DAL896-1777781419-fa-1324p,,2026-05-06T06:45:00Z,20.0,-5.0,0,0,2026-05-06T11:30:42.823441+00:00,,,,,
DAL903-1777781965-fa-460p,,2026-05-06T06:36:00Z,-17.0,-5.0,0,0,2026-05-06T11:30:42.823441+00:00,,,,,
DAL956-1777781418-fa-1437p,,2026-05-06T06:36:00Z,0.0,-10.0,0,0,2026-05-06T20:42:58.222769+00:00,,,,,
DAL130-1777781238-fa-32p,2026-05-06T06:25:00,2026-05-06T06:26:00Z,1.0,-1.0,0,0,2026-05-08T02:17:23.840478+00:00,DL130,N826MH,DL,ATL,MUC
VIR104-1777785357-airline-1066p,2026-05-06T06:15:00,2026-05-06T06:22:00Z,7.0,-5.0,0,0,2026-05-08T02:17:23.840478+00:00,VS104,G-VJAM,VS,ATL,LHR
FFT4602-1777794329-airline-175p,,2026-05-06T06:19:00Z,61.0,96.0,0,0,2026-05-06T20:42:58.222769+00:00,,,,,
DAL793-1777782184-fa-1421p,,2026-05-06T06:14:00Z,12.0,-8.0,0,0,2026-05-06T11:30:42.823441+00:00,,,,,
DAL842-1777782213-fa-4254p,,2026-05-06T06:09:00Z,25.0,-4.0,0,0,2026-05-06T11:30:42.823441+00:00,,,,,
DAL682-1777781914-fa-1903p,,2026-05-06T06:08:00Z,3.0,0.0,0,0,2026-05-06T11:30:42.823441+00:00,,,,,
DAL90-1777781242-fa-979p,2026-05-06T06:05:00,2026-05-06T06:04:00Z,-1.0,-2.0,0,0,2026-05-08T02:17:23.840478+00:00,DL90,N842MH,DL,ATL,ZRH
ACA7303-1777783700-airline-772p,,2026-05-06T06:02:00Z,-23.0,-7.0,0,0,2026-05-06T20:37:55.193630+00:00,,,,,
DAL545-1777781141-fa-3842p,,2026-05-06T06:01:00Z,14.0,-3.0,0,0,2026-05-06T11:30:42.823441+00:00,,,,,
DAL453-1777782118-fa-1129p,,2026-05-06T05:57:00Z,9.0,-5.0,0,0,2026-05-06T11:30:42.823441+00:00,,,,,
DAL2780-1777782306-fa-567p,,2026-05-06T05:54:00Z,244.0,270.0,0,0,2026-05-06T20:37:55.193630+00:00,,,,,
EDV5055-1777762292-fa-1145p,,2026-05-06T05:44:00Z,310.0,322.0,0,0,2026-05-06T20:37:55.193630+00:00,,,,,
DAL72-1777781667-fa-519p,2026-05-06T05:45:00,2026-05-06T05:34:00Z,-11.0,-1.0,0,0,2026-05-08T02:17:23.840478+00:00,DL72,N831NW,DL,ATL,AMS
DAL1508-1777781313-fa-1329p,,2026-05-06T05:33:00Z,-13.0,-5.0,0,0,2026-05-06T20:42:58.222769+00:00,,,,,
DAL731-1777782216-fa-908p,,2026-05-06T05:30:00Z,70.0,35.0,0,0,2026-05-06T11:30:42.823441+00:00,,,,,
DAL30-1777781239-fa-213p,2026-05-06T05:25:00,2026-05-06T05:29:00Z,4.0,-13.0,0,0,2026-05-08T02:17:23.840478+00:00,DL30,N837MH,DL,ATL,LHR
DAL763-1777781443-fa-288p,,2026-05-06T05:26:00Z,-1.0,-5.0,0,0,2026-05-06T11:30:42.823441+00:00,,,,,
DAL818-1777781309-fa-682p,,2026-05-06T05:25:00Z,-7.0,-7.0,0,0,2026-05-06T20:42:58.222769+00:00,,,,,
DAL1310-1777781161-fa-1275p,,2026-05-06T05:21:00Z,-2.0,0.0,0,0,2026-05-06T20:42:58.222769+00:00,,,,,
FFT3599-1777794329-airline-102p,,2026-05-06T05:13:00Z,49.0,-83.0,0,0,2026-05-06T11:30:42.823441+00:00,,,,,
DAL2010-1777781595-fa-541p,,2026-05-06T05:10:00Z,0.0,-5.0,0,0,2026-05-06T20:42:58.222769+00:00,,,,,
DAL2524-1777781908-fa-0p,2026-05-06T05:05:00,2026-05-06T05:09:00Z,4.0,-3.0,0,0,2026-05-08T02:17:23.840478+00:00,DL2524,N802DN,DL,ATL,SEA
SWA3745-1777786296-airline-1543p,2026-05-06T03:00:00,2026-05-06T05:08:00Z,128.0,134.0,0,0,2026-05-06T20:37:55.193630+00:00,WN3745,N8732S,WN,DEN,ATL
DAL865-1777782135-fa-608p,2026-05-06T05:15:00,2026-05-06T05:07:00Z,-8.0,-5.0,0,0,2026-05-06T20:42:58.222769+00:00,DL865,N539DN,DL,ATL,BOS
FFT3086-1777794175-airline-1754p,2026-05-06T05:24:00,2026-05-06T05:07:00Z,-17.0,-6.0,0,0,2026-05-06T20:42:58.222769+00:00,F93086,N664FR,F9,ATL,BOS
DAL1335-1777781334-fa-707p,,2026-05-06T05:06:00Z,-11.0,-7.0,0,0,2026-05-06T20:42:58.222769+00:00,,,,,
DAL2940-1777781361-fa-585p,,2026-05-06T05:01:00Z,17.0,25.0,0,0,2026-05-06T20:42:58.222769+00:00,,,,,
DAL2911-1777782068-fa-1756p,,2026-05-06T05:01:00Z,11.0,-5.0,0,0,2026-05-06T20:42:58.222769+00:00,,,,,
DAL391-1777782220-fa-745p,,2026-05-06T05:00:00Z,5.0,-6.0,0,0,2026-05-06T11:30:42.823441+00:00,,,,,
EDV5472-1777784077-airline-1160p,,2026-05-06T04:59:00Z,1.0,-2.0,0,0,2026-05-06T20:42:58.222769+00:00,,,,,
DAL2642-1777781301-fa-1801p,,2026-05-06T04:56:00Z,-3.0,-5.0,0,0,2026-05-06T20:42:58.222769+00:00,,,,,
DAL478-1777781991-fa-1417p,2026-05-06T05:02:00,2026-05-06T04:56:00Z,-6.0,-5.0,0,0,2026-05-08T02:17:23.840478+00:00,DL478,N877DN,DL,ATL,PDX
DAL1251-1777782010-fa-1007p,,2026-05-06T04:54:00Z,3.0,-5.0,0,0,2026-05-06T11:30:42.823441+00:00,,,,,
DAL2083-1777782015-fa-1769p,,2026-05-06T04:54:00Z,5.0,13.0,0,0,2026-05-06T20:42:58.222769+00:00,,,,,
DAL1268-1777781826-fa-762p,,2026-05-06T04:54:00Z,-3.0,-5.0,0,0,2026-05-06T20:42:58.222769+00:00,,,,,
UAL2416-1777766623-fa-569p,2026-05-06T04:44:00,2026-05-06T04:51:00Z,7.0,24.0,0,0,2026-05-08T02:17:23.840478+00:00,UA2416,N17422,UA,ATL,SFO
DAL2423-1777781563-fa-842p,,2026-05-06T04:50:00Z,-9.0,-7.0,0,0,2026-05-06T20:42:58.222769+00:00,,,,,
SKW3689-1777786169-airline-1173p,,2026-05-06T04:48:00Z,90.0,101.0,0,0,2026-05-06T11:30:42.823441+00:00,,,,,
DAL1785-1777782226-fa-1073p,,2026-05-06T04:47:00Z,260.0,282.0,0,0,2026-05-06T20:37:55.193630+00:00,,,,,
DAL1320-1777782020-fa-4717p,,2026-05-06T04:46:00Z,12.0,20.0,0,0,2026-05-06T20:42:58.222769+00:00,,,,,
DAL1601-1777781412-fa-3433p,,2026-05-06T04:46:00Z,-13.0,-7.0,0,0,2026-05-06T20:42:58.222769+00:00,,,,,
DAL933-1777781941-fa-1977p,2026-05-06T04:45:00,2026-05-06T04:46:00Z,1.0,-2.0,0,0,2026-05-08T02:17:23.840478+00:00,DL933,N838DN,DL,ATL,SJC
DAL1351-1777781286-fa-339p,,2026-05-06T04:45:00Z,10.0,12.0,0,0,2026-05-06T20:42:58.222769+00:00,,,,,
DAL1403-1777781318-fa-350p,,2026-05-06T04:42:00Z,6.0,11.0,0,0,2026-05-06T20:42:58.222769+00:00,,,,,
DAL1589-1777781162-fa-1117p,,2026-05-06T04:41:00Z,-13.0,-1.0,0,0,2026-05-06T20:42:58.222769+00:00,,,,,
FFT2900-1777794175-airline-1736p,,2026-05-06T04:41:00Z,-18.0,-14.0,0,0,2026-05-06T20:42:58.222769+00:00,,,,,
DAL186-1777781244-fa-185p,2026-05-06T06:15:00,2026-05-06T04:41:00Z,-94.0,-7.0,0,0,2026-05-08T02:17:23.840478+00:00,DL186,N843MH,DL,ATL,RAK
DAL2590-1777782015-fa-1765p,2026-05-06T04:38:00,2026-05-06T04:39:00Z,1.0,0.0,0,0,2026-05-06T20:42:58.222769+00:00,DL2590,N870DN,DL,ATL,BWI
DAL2386-1777781798-fa-34p,,2026-05-06T04:38:00Z,-10.0,3.0,0,0,2026-05-06T20:42:58.222769+00:00,,,,,
DAL2615-1777781455-fa-724p,,2026-05-06T04:37:00Z,-3.0,-3.0,0,0,2026-05-06T11:30:42.823441+00:00,,,,,
DAL704-1777781827-fa-984p,,2026-05-06T04:36:00Z,8.0,-5.0,0,0,2026-05-06T11:30:42.823441+00:00,,,,,
DAL687-1777781842-fa-642p,,2026-05-06T04:36:00Z,5.0,-4.0,0,0,2026-05-06T11:30:42.823441+00:00,,,,,
DAL757-1777781294-fa-1064p,,2026-05-06T04:35:00Z,24.0,4.0,0,0,2026-05-06T11:30:42.823441+00:00,,,,,
DAL2501-1777782060-fa-841p,,2026-05-06T04:33:00Z,7.0,12.0,0,0,2026-05-06T20:42:58.222769+00:00,,,,,
DAL3097-1777781910-fa-1272p,,2026-05-06T04:32:00Z,13.0,26.0,0,0,2026-05-06T20:42:58.222769+00:00,,,,,
DAL1175-1777782194-fa-2099p,,2026-05-06T04:32:00Z,-8.0,3.0,0,0,2026-05-06T20:42:58.222769+00:00,,,,,
DAL3153-1777782042-fa-167p,,2026-05-06T04:31:00Z,-10.0,-5.0,0,0,2026-05-06T20:42:58.222769+00:00,,,,,
DAL1217-1777782224-fa-1765p,,2026-05-06T04:31:00Z,-17.0,-5.0,0,0,2026-05-06T20:42:58.222769+00:00,,,,,
DAL1459-1777781905-fa-120p,,2026-05-06T04:29:00Z,-14.0,-7.0,0,0,2026-05-06T20:42:58.222769+00:00,,,,,
DAL2224-1777781152-fa-1259p,,2026-05-06T04:27:00Z,-8.0,-7.0,0,0,2026-05-06T20:42:58.222769+00:00,,,,,
FFT1157-1777794175-airline-1525p,2026-05-06T05:08:00,2026-05-06T04:26:00Z,-42.0,-9.0,0,0,2026-05-06T20:37:55.193630+00:00,F91157,N393FR,F9,EWR,ATL
DAL779-1777781267-fa-733p,2026-05-06T04:00:00,2026-05-06T04:26:00Z,26.0,6.0,0,0,2026-05-08T02:17:23.840478+00:00,DL779,N341DN,DL,ATL,ONT
DAL2338-1777781971-fa-564p,,2026-05-06T04:24:00Z,-13.0,-8.0,0,0,2026-05-06T20:42:58.222769+00:00,,,,,
DAL2624-1777781859-fa-1205p,,2026-05-06T04:22:00Z,23.0,19.0,0,0,2026-05-06T20:42:58.222769+00:00,,,,,
FFT2174-1777794175-airline-1652p,2026-05-06T04:44:00,2026-05-06T04:21:00Z,-23.0,-5.0,0,0,2026-05-06T20:42:58.222769+00:00,F92174,N673FR,F9,ATL,FLL
FFT4347-1777794329-airline-153p,2026-05-06T04:25:00,2026-05-06T04:20:00Z,-5.0,-5.0,0,0,2026-05-06T20:37:55.193630+00:00,F94347,N714FR,F9,LGA,ATL
DAL2281-1777782060-fa-1587p,,2026-05-06T04:19:00Z,23.0,25.0,0,0,2026-05-06T20:42:58.222769+00:00,,,,,
DAL1001-1777782244-fa-2268p,,2026-05-06T04:19:00Z,89.0,102.0,0,0,2026-05-06T20:42:58.222769+00:00,,,,,
DAL1531-1777781963-fa-888p,,2026-05-06T04:18:00Z,0.0,-7.0,0,0,2026-05-06T11:30:42.823441+00:00,,,,,
DAL1495-1777781343-fa-1299p,,2026-05-06T04:18:00Z,-23.0,-10.0,0,0,2026-05-06T20:42:58.222769+00:00,,,,,
DAL1229-1777781265-fa-797p,2026-05-06T04:38:00,2026-05-06T04:16:00Z,-22.0,-4.0,0,0,2026-05-06T20:42:58.222769+00:00,DL1229,N357DN,DL,ATL,FLL
DAL1027-1777781604-fa-2534p,,2026-05-06T04:13:00Z,14.0,21.0,0,0,2026-05-06T11:30:42.823441+00:00,,,,,
FFT1670-1777794175-airline-1597p,,2026-05-06T04:12:00Z,-21.0,-11.0,0,0,2026-05-06T20:42:58.222769+00:00,,,,,
DAL660-1777781304-fa-503p,,2026-05-06T04:11:00Z,7.0,-3.0,0,0,2026-05-06T11:30:42.823441+00:00,,,,,
DAL3086-1777781927-fa-723p,,2026-05-06T04:11:00Z,-12.0,0.0,0,0,2026-05-06T20:42:58.222769+00:00,,,,,
DAL1560-1777782246-fa-1666p,2026-05-06T04:26:00,2026-05-06T04:11:00Z,-15.0,-1.0,0,0,2026-05-06T20:42:58.222769+00:00,DL1560,N819DX,DL,ATL,TPA
DAL3074-1777781583-fa-1084p,,2026-05-06T04:10:00Z,-4.0,-4.0,0,0,2026-05-06T20:42:58.222769+00:00,,,,,
DAL2372-1777781450-fa-1263p,,2026-05-06T04:09:00Z,-16.0,-9.0,0,0,2026-05-06T20:42:58.222769+00:00,,,,,
DAL3117-1777782299-fa-977p,,2026-05-06T04:09:00Z,-6.0,-6.0,0,0,2026-05-06T20:42:58.222769+00:00,,,,,
DAL3167-1777782310-fa-839p,,2026-05-06T04:08:00Z,-9.0,-8.0,0,0,2026-05-06T20:42:58.222769+00:00,,,,,
DAL2626-1777781824-fa-1099p,,2026-05-06T04:07:00Z,-5.0,-9.0,0,0,2026-05-06T20:42:58.222769+00:00,,,,,
DAL2395-1777781901-fa-824p,,2026-05-06T04:06:00Z,-5.0,-7.0,0,0,2026-05-06T20:42:58.222769+00:00,,,,,
DAL493-1777781407-fa-1060p,,2026-05-06T04:05:00Z,-1.0,2.0,0,0,2026-05-06T11:30:42.823441+00:00,,,,,
DAL1653-1777781333-fa-4288p,,2026-05-06T04:05:00Z,36.0,29.0,0,0,2026-05-06T20:37:55.193630+00:00,,,,,
DAL2938-1777782064-fa-756p,,2026-05-06T04:05:00Z,-13.0,-9.0,0,0,2026-05-06T20:42:58.222769+00:00,,,,,
DAL2123-1777781352-fa-1255p,,2026-05-06T04:04:00Z,1.0,7.0,0,0,2026-05-06T11:30:42.823441+00:00,,,,,
DAL1162-1777782228-fa-3404p,2026-05-06T04:06:00,2026-05-06T04:04:00Z,-2.0,1.0,0,0,2026-05-06T20:42:58.222769+00:00,DL1162,N689DL,DL,ATL,MCO
FFT3923-1777794329-airline-117p,2026-05-06T03:51:00,2026-05-06T04:04:00Z,13.0,11.0,0,0,2026-05-08T02:17:23.840478+00:00,F93923,N620FR,F9,ATL,LAS
FFT2779-1777794175-airline-1724p,,2026-05-06T04:03:00Z,61.0,76.0,0,0,2026-05-06T20:42:58.222769+00:00,,,,,
DAL2051-1777781580-fa-345p,,2026-05-06T04:02:00Z,-5.0,-7.0,0,0,2026-05-06T11:30:42.823441+00:00,,,,,
DAL2997-1777781402-fa-1652p,,2026-05-06T04:02:00Z,-32.0,-17.0,0,0,2026-05-06T20:42:58.222769+00:00,,,,,
DAL825-1777781289-fa-508p,2026-05-06T04:07:00,2026-05-06T04:02:00Z,-5.0,-3.0,0,0,2026-05-08T02:17:23.840478+00:00,DL825,N319DN,DL,ATL,LAS
AAL659-1777795705-airline-1677p,2026-05-06T03:59:00,2026-05-06T03:59:00Z,0.0,0.0,0,0,2026-05-06T20:37:55.193630+00:00,AA659,N921NN,AA,MIA,ATL
DAL560-1777782074-fa-1082p,,2026-05-06T03:58:00Z,3.0,31.0,0,0,2026-05-06T20:37:55.193630+00:00,,,,,
EDV5375-1777784077-airline-1183p,,2026-05-06T03:57:00Z,-18.0,-6.0,0,0,2026-05-06T20:42:58.222769+00:00,,,,,
DAL1011-1777781317-fa-3263p,,2026-05-06T03:56:00Z,-3.0,-8.0,0,0,2026-05-06T11:30:42.823441+00:00,,,,,
DAL3121-1777782088-fa-836p,,2026-05-06T03:56:00Z,0.0,2.0,0,0,2026-05-06T20:42:58.222769+00:00,,,,,
DAL919-1777782191-fa-1200p,2026-05-06T02:57:00,2026-05-06T03:56:00Z,59.0,45.0,0,0,2026-05-08T02:17:23.840478+00:00,DL919,N6715C,DL,ATL,LAS
DAL500-1777782120-fa-1159p,2026-05-06T03:40:00,2026-05-06T03:56:00Z,16.0,2.0,0,0,2026-05-08T02:17:23.840478+00:00,DL500,N512DE,DL,ATL,LAX
DAL3131-1777781739-fa-1438p,,2026-05-06T03:54:00Z,-18.0,-9.0,0,0,2026-05-06T20:42:58.222769+00:00,,,,,
DAL2269-1777781254-fa-617p,,2026-05-06T03:53:00Z,-5.0,2.0,0,0,2026-05-06T11:30:42.823441+00:00,,,,,
DAL3022-1777782301-fa-993p,,2026-05-06T03:53:00Z,-13.0,-9.0,0,0,2026-05-06T20:42:58.222769+00:00,,,,,
DAL2276-1777781273-fa-908p,,2026-05-06T03:53:00Z,-6.0,2.0,0,0,2026-05-06T20:42:58.222769+00:00,,,,,
SWA1933-1777795268-airline-1616p,,2026-05-06T03:52:00Z,72.0,96.0,0,0,2026-05-06T20:37:55.193630+00:00,,,,,
DAL2416-1777781570-fa-947p,,2026-05-06T03:51:00Z,0.0,8.0,0,0,2026-05-06T11:30:42.823441+00:00,,,,,
DAL2190-1777781793-fa-950p,,2026-05-06T03:50:00Z,0.0,-1.0,0,0,2026-05-06T20:37:55.193630+00:00,,,,,
DAL3034-1777781899-fa-956p,,2026-05-06T03:50:00Z,-17.0,-7.0,0,0,2026-05-06T20:42:58.222769+00:00,,,,,
DAL3070-1777782311-fa-881p,,2026-05-06T03:50:00Z,-9.0,-5.0,0,0,2026-05-06T20:42:58.222769+00:00,,,,,
DAL2584-1777781573-fa-3147p,,2026-05-06T03:49:00Z,-10.0,-8.0,0,0,2026-05-06T11:30:42.823441+00:00,,,,,
DAL2527-1777781975-fa-1542p,,2026-05-06T03:47:00Z,-12.0,-7.0,0,0,2026-05-06T11:30:42.823441+00:00,,,,,
DAL2948-1777781734-fa-472p,,2026-05-06T03:47:00Z,-14.0,-13.0,0,0,2026-05-06T11:30:42.823441+00:00,,,,,
DAL2422-1777781746-fa-1243p,,2026-05-06T03:47:00Z,-12.0,-8.0,0,0,2026-05-06T11:30:42.823441+00:00,,,,,
DAL2860-1777782067-fa-1495p,,2026-05-06T03:45:00Z,-14.0,-7.0,0,0,2026-05-06T20:42:58.222769+00:00,,,,,
EDV5358-1777784419-airline-821p,,2026-05-06T03:44:00Z,-14.0,-6.0,0,0,2026-05-06T20:42:58.222769+00:00,,,,,
DAL3072-1777782299-fa-955p,,2026-05-06T03:44:00Z,-10.0,-9.0,0,0,2026-05-06T20:42:58.222769+00:00,,,,,
DAL589-1777781839-fa-174p,,2026-05-06T03:43:40Z,-6.333333333333333,9.0,0,0,2026-05-06T11:30:42.823441+00:00,,,,,
UAL1635-1777784358-airline-1061p,,2026-05-06T03:43:00Z,-16.0,-6.0,0,0,2026-05-06T20:37:55.193630+00:00,,,,,
DAL2213-1777782306-fa-2194p,,2026-05-06T03:43:00Z,-11.0,-7.0,0,0,2026-05-06T20:42:58.222769+00:00,,,,,
DAL1283-1777782308-fa-1345p,,2026-05-06T03:43:00Z,-16.0,-8.0,0,0,2026-05-06T20:42:58.222769+00:00,,,,,
DAL3029-1777782306-fa-564p,,2026-05-06T03:41:00Z,-15.0,-5.0,0,0,2026-05-06T20:42:58.222769+00:00,,,,,
DAL2850-1777782050-fa-1132p,,2026-05-06T03:41:00Z,-9.0,0.0,0,0,2026-05-06T20:42:58.222769+00:00,,,,,
DAL2472-1777781291-fa-918p,,2026-05-06T03:40:00Z,-4.0,-4.0,0,0,2026-05-06T11:30:42.823441+00:00,,,,,
DAL2029-1777782302-fa-1139p,,2026-05-06T03:39:00Z,-21.0,-9.0,0,0,2026-05-06T20:42:58.222769+00:00,,,,,
DAL2959-1777782303-fa-1148p,,2026-05-06T03:38:00Z,-4.0,-5.0,0,0,2026-05-06T11:30:42.823441+00:00,,,,,
DAL1316-1777782306-fa-1616p,,2026-05-06T03:38:00Z,-15.0,-9.0,0,0,2026-05-06T20:42:58.222769+00:00,,,,,
DAL3177-1777782295-fa-356p,,2026-05-06T03:38:00Z,-15.0,-7.0,0,0,2026-05-06T20:42:58.222769+00:00,,,,,
DAL2034-1777782306-fa-573p,,2026-05-06T03:36:00Z,-19.0,-12.0,0,0,2026-05-06T20:42:58.222769+00:00,,,,,
EDV5108-1777793043-airline-1825p,,2026-05-06T03:36:00Z,-21.0,-8.0,0,0,2026-05-06T20:42:58.222769+00:00,,,,,
FFT4316-1777784511-airline-1341p,2026-05-06T03:09:00,2026-05-06T03:35:00Z,26.0,25.0,0,0,2026-05-06T20:37:55.193630+00:00,F94316,N671FR,F9,LAX,ATL
DAL2435-1777781499-fa-380p,,2026-05-06T03:35:00Z,-15.0,-9.0,0,0,2026-05-06T20:42:58.222769+00:00,,,,,
DAL3005-1777782293-fa-4233p,,2026-05-06T03:34:00Z,-21.0,-10.0,0,0,2026-05-06T20:42:58.222769+00:00,,,,,
DAL1232-1777782231-fa-1317p,,2026-05-06T03:33:00Z,-6.0,-6.0,0,0,2026-05-06T11:30:42.823441+00:00,,,,,
DAL2865-1777782003-fa-492p,,2026-05-06T03:33:00Z,-5.0,-9.0,0,0,2026-05-06T11:30:42.823441+00:00,,,,,
DAL2064-1777781490-fa-504p,,2026-05-06T03:33:00Z,-22.0,-13.0,0,0,2026-05-06T11:30:42.823441+00:00,,,,,
DAL2334-1777781634-fa-735p,,2026-05-06T03:32:00Z,-5.0,-3.0,0,0,2026-05-06T11:30:42.823441+00:00,,,,,
DAL520-1777782124-fa-1221p,,2026-05-06T03:32:00Z,-9.0,-7.0,0,0,2026-05-06T11:30:42.823441+00:00,,,,,
DAL2072-1777782213-fa-4252p,,2026-05-06T03:30:00Z,24.0,31.0,0,0,2026-05-06T20:42:58.222769+00:00,,,,,
FFT4075-1777794329-airline-133p,,2026-05-06T03:29:00Z,-21.0,-6.0,0,0,2026-05-06T11:30:42.823441+00:00,,,,,
AAL1256-1777787792-airline-980p,2026-05-06T02:40:00,2026-05-06T03:29:00Z,49.0,41.0,0,0,2026-05-08T02:17:23.840478+00:00,AA1256,N184US,AA,ATL,LAX
DAL537-1777781598-fa-646p,,2026-05-06T03:28:00Z,-13.0,-9.0,0,0,2026-05-06T11:30:42.823441+00:00,,,,,
EDV5452-1777785669-airline-1320p,,2026-05-06T03:28:00Z,6.0,12.0,0,0,2026-05-06T20:42:58.222769+00:00,,,,,
DAL2306-1777782293-fa-836p,,2026-05-06T03:27:00Z,-7.0,-5.0,0,0,2026-05-06T11:30:42.823441+00:00,,,,,
DAL1241-1777781248-fa-1212p,,2026-05-06T03:27:00Z,4.0,-5.0,0,0,2026-05-06T11:30:42.823441+00:00,,,,,
EDV4950-1777784419-airline-754p,,2026-05-06T03:25:00Z,-10.0,-6.0,0,0,2026-05-06T11:30:42.823441+00:00,,,,,
FFT3288-1777794329-airline-65p,,2026-05-06T03:24:00Z,10.0,-4.0,0,0,2026-05-06T11:30:42.823441+00:00,,,,,
DAL2043-1777782312-fa-848p,,2026-05-06T03:23:00Z,-8.0,-6.0,0,0,2026-05-06T11:30:42.823441+00:00,,,,,
FFT3097-1777784511-airline-1273p,,2026-05-06T03:23:00Z,-19.0,-10.0,0,0,2026-05-06T11:30:42.823441+00:00,,,,,
DAL585-1777781741-fa-540p,,2026-05-06T03:23:00Z,103.0,101.0,0,0,2026-05-06T11:30:42.823441+00:00,,,,,
AAL3212-1777794646-airline-2346p,2026-05-06T01:58:00,2026-05-06T03:23:00Z,85.0,105.0,0,0,2026-05-06T20:37:55.193630+00:00,AA3212,N915US,AA,DFW,ATL
FFT2509-1777794175-airline-1692p,2026-05-06T03:29:00,2026-05-06T03:23:00Z,-6.0,14.0,0,0,2026-05-06T20:37:55.193630+00:00,F92509,N656FR,F9,BWI,ATL
EDV5182-1777784077-airline-1151p,,2026-05-06T03:23:00Z,-19.0,-9.0,0,0,2026-05-06T20:42:58.222769+00:00,,,,,
EDV5168-1777785669-airline-1314p,,2026-05-06T03:22:00Z,39.0,49.0,0,0,2026-05-06T11:30:42.823441+00:00,,,,,
DAL1713-1777781874-fa-230p,,2026-05-06T03:22:00Z,10.0,5.0,0,0,2026-05-06T11:30:42.823441+00:00,,,,,
DAL2144-1777782295-fa-311p,,2026-05-06T03:20:00Z,-7.0,-1.0,0,0,2026-05-06T11:30:42.823441+00:00,,,,,
SWA4636-1777786389-airline-5254p,,2026-05-06T03:20:00Z,185.0,191.0,0,0,2026-05-06T11:30:42.823441+00:00,,,,,
DAL1032-1777782020-fa-4723p,,2026-05-06T03:20:00Z,-30.0,-9.0,0,0,2026-05-06T20:37:55.193630+00:00,,,,,
DAL495-1777782212-fa-661p,2026-05-06T03:24:00,2026-05-06T03:20:00Z,-4.0,-2.0,0,0,2026-05-08T02:17:23.840478+00:00,DL495,N696DL,DL,ATL,SFO
DAL1076-1777781631-fa-683p,,2026-05-06T03:19:00Z,-9.0,-2.0,0,0,2026-05-06T11:30:42.823441+00:00,,,,,
ASA783-1777786481-airline-997p,2026-05-06T03:35:00,2026-05-06T03:19:00Z,-16.0,-8.0,0,0,2026-05-08T02:17:23.840478+00:00,AS783,N722AL,AS,ATL,PDX
FFT1949-1777794175-airline-1626p,2026-05-06T02:34:00,2026-05-06T03:19:00Z,45.0,56.0,0,0,2026-05-08T02:17:23.840478+00:00,F91949,N665FR,F9,ATL,SFO
DAL1104-1777782302-fa-1151p,,2026-05-06T03:18:00Z,-15.0,-2.0,0,0,2026-05-06T11:30:42.823441+00:00,,,,,
EDV5059-1777784077-airline-1169p,,2026-05-06T03:18:00Z,88.0,109.0,0,0,2026-05-06T20:37:55.193630+00:00,,,,,
JIA5560-1777783643-airline-681p,2026-05-06T02:56:00,2026-05-06T03:18:00Z,22.0,34.0,0,0,2026-05-06T20:37:55.193630+00:00,OH5560,N612NN,OH,DCA,ATL
UAL1305-1777766707-fa-1493p,2026-05-06T02:45:00,2026-05-06T03:17:00Z,32.0,11.0,0,0,2026-05-06T20:37:55.193630+00:00,UA1305,N62849,UA,DEN,ATL
DAL1199-1777780820-fa-107p,,2026-05-06T03:16:00Z,-5.0,-1.0,0,0,2026-05-06T11:30:42.823441+00:00,,,,,
UAL1287-1777784358-airline-626p,2026-05-06T03:44:00,2026-05-06T03:16:00Z,-28.0,-6.0,0,0,2026-05-06T20:37:55.193630+00:00,UA1287,N17417,UA,EWR,ATL
EDV5410-1777784077-airline-1137p,,2026-05-06T03:14:00Z,-7.0,1.0,0,0,2026-05-06T11:30:42.823441+00:00,,,,,
DAL900-1777781548-fa-1075p,2026-05-06T03:43:00,2026-05-06T03:10:00Z,-33.0,-9.0,0,0,2026-05-06T20:37:55.193630+00:00,DL900,N316NB,DL,BOS,ATL
DAL1736-1777781148-fa-162p,,2026-05-06T03:08:00Z,65.0,82.0,0,0,2026-05-06T11:30:42.823441+00:00,,,,,
UAL1591-1777784358-airline-1010p,,2026-05-06T03:06:00Z,-9.0,-3.0,0,0,2026-05-06T20:37:55.193630+00:00,,,,,
DAL826-1777782225-fa-911p,2026-05-06T02:47:00,2026-05-06T03:06:00Z,19.0,0.0,0,0,2026-05-08T02:17:23.840478+00:00,DL826,N685DA,DL,ATL,SNA
RPA4350-1777788725-airline-4273p,,2026-05-06T03:05:00Z,1.0,18.0,0,0,2026-05-06T11:30:42.823441+00:00,,,,,
DAL436-1777781637-fa-3912p,2026-05-06T03:19:00,2026-05-06T03:05:00Z,-14.0,21.0,0,0,2026-05-06T20:37:55.193630+00:00,DL436,N328NW,DL,DFW,ATL
FFT3453-1777794329-airline-94p,2026-05-06T01:44:00,2026-05-06T03:05:00Z,81.0,116.0,0,0,2026-05-06T20:37:55.193630+00:00,F93453,N374FR,F9,LGA,ATL
DAL3023-1777782065-fa-46p,,2026-05-06T03:03:00Z,-8.0,-6.0,0,0,2026-05-06T11:30:42.823441+00:00,,,,,
EDV5535-1777784077-airline-1177p,,2026-05-06T03:02:00Z,-10.0,-9.0,0,0,2026-05-06T11:30:42.823441+00:00,,,,,
FFT2400-1777784511-airline-1227p,,2026-05-06T03:02:00Z,-19.0,0.0,0,0,2026-05-06T20:37:55.193630+00:00,,,,,
FFT4708-1777794329-airline-187p,,2026-05-06T03:00:00Z,-9.0,-4.0,0,0,2026-05-06T11:30:42.823441+00:00,,,,,
DAL3178-1777782298-fa-816p,,2026-05-06T02:59:00Z,-14.0,-11.0,0,0,2026-05-06T11:30:42.823441+00:00,,,,,
DAL1733-1777782235-fa-113p,,2026-05-06T02:59:00Z,-1.0,0.0,0,0,2026-05-06T11:30:42.823441+00:00,,,,,
DAL301-1777781729-fa-658p,2026-05-06T02:25:00,2026-05-06T02:58:00Z,33.0,20.0,0,0,2026-05-08T02:17:23.840478+00:00,DL301,N569DZ,DL,ATL,LAX
DAL1065-1777781320-fa-1423p,,2026-05-06T02:57:00Z,-19.0,-5.0,0,0,2026-05-06T11:30:42.823441+00:00,,,,,
DAL1174-1777781362-fa-554p,2026-05-06T02:50:00,2026-05-06T02:56:00Z,6.0,-2.0,0,0,2026-05-06T11:30:42.823441+00:00,DL1174,N353DN,DL,ATL,PHL
DAL1170-1777781276-fa-1538p,,2026-05-06T02:53:00Z,-14.0,-6.0,0,0,2026-05-06T11:30:42.823441+00:00,,,,,
DAL1107-1777781292-fa-620p,,2026-05-06T02:52:00Z,-14.0,-2.0,0,0,2026-05-06T11:30:42.823441+00:00,,,,,
SWA3223-1777792004-airline-1522p,,2026-05-06T02:52:00Z,112.0,125.0,0,0,2026-05-06T20:37:55.193630+00:00,,,,,
DAL31-1777781322-fa-1228p,,2026-05-06T02:51:00Z,-16.0,-4.0,0,0,2026-05-06T11:30:42.823441+00:00,,,,,
DAL1861-1777781167-fa-1455p,2026-05-06T03:13:00,2026-05-06T02:49:00Z,-24.0,-5.0,0,0,2026-05-08T02:17:23.840478+00:00,DL1861,N697DL,DL,ATL,SJU
EDV5515-1777784419-airline-750p,,2026-05-06T02:47:00Z,-9.0,-1.0,0,0,2026-05-06T11:30:42.823441+00:00,,,,,
EDV5035-1777784077-airline-1163p,,2026-05-06T02:45:00Z,-15.0,-9.0,0,0,2026-05-06T11:30:42.823441+00:00,,,,,
SKW3935-1777757312-fa-1601p,,2026-05-06T02:45:00Z,260.0,264.0,0,0,2026-05-06T20:37:55.193630+00:00,,,,,
DAL3111-1777782298-fa-85p,,2026-05-06T02:44:00Z,-12.0,0.0,0,0,2026-05-06T11:30:42.823441+00:00,,,,,
DAL1446-1777781840-fa-160p,,2026-05-06T02:44:00Z,-21.0,-7.0,0,0,2026-05-06T11:30:42.823441+00:00,,,,,
AAL1075-1777787792-airline-803p,,2026-05-06T02:44:00Z,-19.0,-6.0,0,0,2026-05-06T20:37:55.193630+00:00,,,,,
DAL971-1777781822-fa-156p,2026-05-06T02:20:00,2026-05-06T02:43:00Z,23.0,-2.0,0,0,2026-05-08T02:17:23.840478+00:00,DL971,N3737C,DL,ATL,COS
FFT4428-1777794329-airline-167p,,2026-05-06T02:42:00Z,-15.0,-12.0,0,0,2026-05-06T11:30:42.823441+00:00,,,,,
FFT2484-1777794175-airline-1689p,,2026-05-06T02:41:00Z,-6.0,-6.0,0,0,2026-05-06T11:30:42.823441+00:00,,,,,
DAL746-1777781436-fa-1060p,2026-05-06T02:19:00,2026-05-06T02:41:00Z,22.0,5.0,0,0,2026-05-08T02:17:23.840478+00:00,DL746,N394DX,DL,ATL,DEN
EDV5184-1777784077-airline-1146p,,2026-05-06T02:39:00Z,-17.0,-8.0,0,0,2026-05-06T11:30:42.823441+00:00,,,,,
EDV5473-1777784077-airline-1141p,,2026-05-06T02:39:00Z,-16.0,-4.0,0,0,2026-05-06T11:30:42.823441+00:00,,,,,
DAL1263-1777781148-fa-164p,,2026-05-06T02:35:00Z,94.0,92.0,0,0,2026-05-06T11:30:42.823441+00:00,,,,,
UAL1152-1777780754-fa-249p,,2026-05-06T02:35:00Z,-24.0,-9.0,0,0,2026-05-06T11:30:42.823441+00:00,,,,,
DAL490-1777781420-fa-149p,,2026-05-06T02:33:00Z,-9.0,-7.0,0,0,2026-05-06T11:30:42.823441+00:00,,,,,
SWA1249-1777794866-airline-1159p,2026-05-06T01:30:00,2026-05-06T02:33:00Z,63.0,48.0,0,0,2026-05-08T02:17:23.840478+00:00,WN1249,N8682B,WN,ATL,DEN
SWA569-1777786389-airline-5371p,2026-05-06T02:10:00,2026-05-06T02:32:00Z,22.0,15.0,0,0,2026-05-08T02:17:23.840478+00:00,WN569,N8676A,WN,ATL,LAS
DAL1884-1777781811-fa-604p,,2026-05-06T02:29:00Z,301.0,313.0,0,0,2026-05-06T20:37:55.193630+00:00,,,,,
DAL1057-1777781965-fa-466p,,2026-05-06T02:28:00Z,-19.0,-8.0,0,0,2026-05-06T11:30:42.823441+00:00,,,,,
DAL905-1777782196-fa-2223p,,2026-05-06T02:28:00Z,-30.0,-8.0,0,0,2026-05-06T20:37:55.193630+00:00,,,,,
DAL517-1777781142-fa-704p,2026-05-06T02:07:00,2026-05-06T02:28:00Z,21.0,16.0,0,0,2026-05-08T02:17:23.840478+00:00,DL517,N6702,DL,ATL,SFO
DAL325-1777781579-fa-359p,,2026-05-06T02:27:00Z,114.0,102.0,0,0,2026-05-06T11:30:42.823441+00:00,,,,,
SWA233-1777789633-airline-1549p,,2026-05-06T02:27:00Z,-18.0,-1.0,0,0,2026-05-06T11:30:42.823441+00:00,,,,,
DAL2053-1777781971-fa-566p,,2026-05-06T02:27:00Z,125.0,150.0,0,0,2026-05-06T20:37:55.193630+00:00,,,,,
DAL2945-1777781865-fa-1102p,,2026-05-06T02:26:00Z,-11.0,-10.0,0,0,2026-05-06T11:30:42.823441+00:00,,,,,
DAL1257-1777781957-fa-763p,,2026-05-06T02:25:00Z,-5.0,-3.0,0,0,2026-05-06T11:30:42.823441+00:00,,,,,
DAL1028-1777782213-fa-4251p,,2026-05-06T02:25:00Z,141.0,165.0,0,0,2026-05-06T20:37:55.193630+00:00,,,,,
DAL3071-1777782309-fa-4432p,,2026-05-06T02:24:00Z,-9.0,-7.0,0,0,2026-05-06T11:30:42.823441+00:00,,,,,
DAL3079-1777782311-fa-868p,,2026-05-06T02:24:00Z,-15.0,-5.0,0,0,2026-05-06T11:30:42.823441+00:00,,,,,
DAL1284-1777781301-fa-1803p,,2026-05-06T02:24:00Z,-11.0,-4.0,0,0,2026-05-06T11:30:42.823441+00:00,,,,,
DAL300-1777781397-fa-3898p,,2026-05-06T02:24:00Z,-12.0,-4.0,0,0,2026-05-06T11:30:42.823441+00:00,,,,,
EDV5502-1777785669-airline-1327p,,2026-05-06T02:23:00Z,-9.0,-5.0,0,0,2026-05-06T11:30:42.823441+00:00,,,,,
DAL1491-1777781417-fa-1692p,,2026-05-06T02:23:00Z,26.0,62.0,0,0,2026-05-06T20:37:55.193630+00:00,,,,,
DAL1661-1777781359-fa-758p,2026-05-06T02:11:00,2026-05-06T02:23:00Z,12.0,-6.0,0,0,2026-05-08T02:17:23.840478+00:00,DL1661,N351DN,DL,ATL,PHX
DAL975-1777781197-fa-311p,,2026-05-06T02:22:00Z,-19.0,1.0,0,0,2026-05-06T20:37:55.193630+00:00,,,,,
DAL2956-1777781374-fa-560p,,2026-05-06T02:18:00Z,-34.0,-12.0,0,0,2026-05-06T20:37:55.193630+00:00,,,,,
DAL714-1777783886-airline-861p,2026-05-06T01:56:00,2026-05-06T02:18:00Z,22.0,8.0,0,0,2026-05-08T02:17:23.840478+00:00,DL714,N593DX,DL,ATL,SEA
DAL2368-1777782079-fa-563p,,2026-05-06T02:17:00Z,-5.0,-1.0,0,0,2026-05-06T11:30:42.823441+00:00,,,,,
AAL1855-1777792886-airline-4999p,,2026-05-06T02:16:00Z,-18.0,-13.0,0,0,2026-05-06T11:30:42.823441+00:00,,,,,
DAL3056-1777782050-fa-1131p,,2026-05-06T02:16:00Z,87.0,103.0,0,0,2026-05-06T20:37:55.193630+00:00,,,,,
JBU697-1777788350-airline-1511p,,2026-05-06T02:14:00Z,51.0,41.0,0,0,2026-05-06T20:37:55.193630+00:00,,,,,
DAL1946-1777781164-fa-179p,,2026-05-06T02:13:00Z,28.0,52.0,0,0,2026-05-06T20:37:55.193630+00:00,,,,,
DAL653-1777782154-fa-1214p,2026-05-06T02:00:00,2026-05-06T02:13:00Z,13.0,8.0,0,0,2026-05-08T02:17:23.840478+00:00,DL653,N588DT,DL,ATL,SLC
EDV5159-1777776019-fa-163p,,2026-05-06T02:12:00Z,34.0,21.0,0,0,2026-05-06T11:30:42.823441+00:00,,,,,
DAL1987-1778022307-fa-886p,,2026-05-06T02:11:00Z,97.0,-10.0,0,0,2026-05-06T20:37:55.193630+00:00,,,,,
DAL1569-1777782297-fa-1179p,,2026-05-06T02:10:00Z,-22.0,-10.0,0,0,2026-05-06T11:30:42.823441+00:00,,,,,
DAL1140-1777781579-fa-355p,,2026-05-06T02:10:00Z,-29.0,-9.0,0,0,2026-05-06T20:37:55.193630+00:00,,,,,
DAL2136-1777781920-fa-115p,,2026-05-06T02:08:00Z,-22.0,-6.0,0,0,2026-05-06T11:30:42.823441+00:00,,,,,
SWA362-1777786296-airline-1419p,,2026-05-06T02:07:00Z,7.0,19.0,0,0,2026-05-06T20:37:55.193630+00:00,,,,,
AAL2779-1777784923-airline-1454p,,2026-05-06T02:07:00Z,-16.0,2.0,0,0,2026-05-06T20:37:55.193630+00:00,,,,,
UAL419-1777766707-fa-1485p,,2026-05-06T02:06:00Z,62.0,85.0,0,0,2026-05-06T20:37:55.193630+00:00,,,,,
DAL1606-1777781356-fa-713p,,2026-05-06T02:05:00Z,20.0,32.0,0,0,2026-05-06T11:30:42.823441+00:00,,,,,
DAL2833-1777781286-fa-1076p,,2026-05-06T02:04:00Z,-15.0,-7.0,0,0,2026-05-06T11:30:42.823441+00:00,,,,,
DAL503-1777782026-fa-1193p,2026-05-06T02:05:00,2026-05-06T02:04:00Z,-1.0,-6.0,0,0,2026-05-08T02:17:23.840478+00:00,DL503,N872DN,DL,ATL,PDX
AAL3041-1777784923-airline-1769p,,2026-05-06T02:03:00Z,-27.0,-7.0,0,0,2026-05-06T20:37:55.193630+00:00,,,,,
DAL711-1777781390-fa-665p,2026-05-06T01:27:00,2026-05-06T02:03:00Z,36.0,16.0,0,0,2026-05-08T02:17:23.840478+00:00,DL711,N320DN,DL,ATL,LAS
DAL3136-1777782087-fa-923p,,2026-05-06T02:02:00Z,-11.0,-2.0,0,0,2026-05-06T11:30:42.823441+00:00,,,,,
EDV5043-1777784077-airline-1157p,,2026-05-06T02:02:00Z,-5.0,-7.0,0,0,2026-05-06T11:30:42.823441+00:00,,,,,
EDV5074-1777784419-airline-751p,,2026-05-06T02:00:00Z,-17.0,-4.0,0,0,2026-05-06T11:30:42.823441+00:00,,,,,
DAL1735-1777782186-fa-1881p,,2026-05-06T02:00:00Z,-2.0,-1.0,0,0,2026-05-06T11:30:42.823441+00:00,,,,,
DAL2891-1777781271-fa-783p,2026-05-06T01:33:00,2026-05-06T02:00:00Z,27.0,9.0,0,0,2026-05-08T02:17:23.840478+00:00,DL2891,N325DN,DL,ATL,ONT
EDV5272-1777784077-airline-1170p,,2026-05-06T01:59:00Z,-6.0,6.0,0,0,2026-05-06T11:30:42.823441+00:00,,,,,
DAL3021-1777781925-fa-3600p,,2026-05-06T01:59:00Z,-6.0,-4.0,0,0,2026-05-06T11:30:42.823441+00:00,,,,,
SWA526-1777786389-airline-5333p,,2026-05-06T01:59:00Z,14.0,27.0,0,0,2026-05-06T20:37:55.193630+00:00,,,,,
DAL712-1777781188-fa-867p,2026-05-06T01:39:00,2026-05-06T01:59:00Z,20.0,-3.0,0,0,2026-05-08T02:17:23.840478+00:00,DL712,N118DY,DL,ATL,SAN
DAL743-1777781998-fa-295p,2026-05-06T01:56:00,2026-05-06T01:57:00Z,1.0,-11.0,0,0,2026-05-08T02:17:23.840478+00:00,DL743,N930DZ,DL,ATL,SMF
DAL1591-1777782248-fa-1449p,,2026-05-06T01:55:00Z,-16.0,-7.0,0,0,2026-05-06T11:30:42.823441+00:00,,,,,
DAL2001-1777782082-fa-119p,,2026-05-06T01:55:00Z,-4.0,-2.0,0,0,2026-05-06T11:30:42.823441+00:00,,,,,
SKW3815-1777791156-airline-1042p,,2026-05-06T01:53:00Z,55.0,43.0,0,0,2026-05-06T11:30:42.823441+00:00,,,,,
DAL2625-1777781492-fa-305p,,2026-05-06T01:53:00Z,-2.0,11.0,0,0,2026-05-06T20:37:55.193630+00:00,,,,,
DAL852-1777781355-fa-1460p,,2026-05-06T01:52:00Z,-7.0,-5.0,0,0,2026-05-06T11:30:42.823441+00:00,,,,,
EDV5051-1777784077-airline-1158p,,2026-05-06T01:52:00Z,3.0,24.0,0,0,2026-05-06T20:37:55.193630+00:00,,,,,
DAL591-1777781159-fa-582p,,2026-05-06T01:52:00Z,0.0,20.0,0,0,2026-05-06T20:37:55.193630+00:00,,,,,
JBU1798-1777786731-airline-1966p,,2026-05-06T01:51:00Z,-9.0,-4.0,0,0,2026-05-06T20:37:55.193630+00:00,,,,,
SWA1837-1777795268-airline-1485p,,2026-05-06T01:48:00Z,28.0,36.0,0,0,2026-05-06T20:37:55.193630+00:00,,,,,
DAL1705-1777782195-fa-1194p,,2026-05-06T01:47:00Z,-3.0,16.0,0,0,2026-05-06T11:27:43.134165+00:00,,,,,
DAL1663-1777782021-fa-1317p,,2026-05-06T01:43:00Z,-12.0,-5.0,0,0,2026-05-06T11:30:42.823441+00:00,,,,,
FFT3210-1777794175-airline-1767p,,2026-05-06T01:43:00Z,-27.0,-12.0,0,0,2026-05-06T11:30:42.823441+00:00,,,,,
DAL599-1777781151-fa-1782p,,2026-05-06T01:43:00Z,33.0,48.0,0,0,2026-05-06T20:37:55.193630+00:00,,,,,
DAL1280-1777781937-fa-1288p,2026-05-06T01:44:00,2026-05-06T01:43:00Z,-1.0,3.0,0,0,2026-05-08T02:17:23.840478+00:00,DL1280,N878DN,DL,ATL,MSP
SKW4109-1777792323-airline-1621p,,2026-05-06T01:42:00Z,4.0,12.0,0,0,2026-05-06T11:30:42.823441+00:00,,,,,
DAL727-1777781422-fa-495p,,2026-05-06T01:42:00Z,5.0,-8.0,0,0,2026-05-06T11:30:42.823441+00:00,,,,,
DAL1295-1777781284-fa-875p,,2026-05-06T01:42:00Z,-2.0,22.0,0,0,2026-05-06T20:37:55.193630+00:00,,,,,
AAL1045-1777787792-airline-770p,,2026-05-06T01:41:00Z,-19.0,-8.0,0,0,2026-05-06T11:30:42.823441+00:00,,,,,
DAL1348-1777782246-fa-61p,,2026-05-06T01:41:00Z,-13.0,13.0,0,0,2026-05-06T20:37:55.193630+00:00,,,,,
DAL2210-1777781933-fa-1078p,,2026-05-06T01:40:00Z,1.0,0.0,0,0,2026-05-06T11:30:42.823441+00:00,,,,,
DAL1617-1777782012-fa-537p,,2026-05-06T01:39:00Z,-10.0,-14.0,0,0,2026-05-06T11:30:42.823441+00:00,,,,,
DAL2701-1777782300-fa-817p,,2026-05-06T01:39:00Z,-9.0,0.0,0,0,2026-05-06T11:30:42.823441+00:00,,,,,
UAL2093-1777766707-fa-886p,,2026-05-06T01:38:00Z,17.0,0.0,0,0,2026-05-06T11:27:43.134165+00:00,,,,,
DAL2340-1777782029-fa-528p,,2026-05-06T01:38:00Z,8.0,43.0,0,0,2026-05-06T11:27:43.134165+00:00,,,,,
DAL1430-1777781583-fa-1086p,,2026-05-06T01:36:00Z,-24.0,0.0,0,0,2026-05-06T11:27:43.134165+00:00,,,,,
UAL1398-1777766707-fa-887p,,2026-05-06T01:36:00Z,-21.0,-8.0,0,0,2026-05-06T11:27:43.134165+00:00,,,,,
DAL9939-1777941566-fa-1208p,,2026-05-06T01:35:00Z,635.0,648.0,0,0,2026-05-06T11:27:43.134165+00:00,,,,,
DAL2364-1777782306-fa-1641p,,2026-05-06T01:34:00Z,-26.0,0.0,0,0,2026-05-06T11:27:43.134165+00:00,,,,,
FFT4474-1777794329-airline-172p,,2026-05-06T01:33:00Z,2.0,17.0,0,0,2026-05-06T11:27:43.134165+00:00,,,,,
DAL2315-1777782181-fa-2556p,,2026-05-06T01:33:00Z,-15.0,-4.0,0,0,2026-05-06T11:30:42.823441+00:00,,,,,
DAL468-1777781406-fa-1213p,2026-05-06T01:29:00,2026-05-06T01:33:00Z,4.0,-6.0,0,0,2026-05-08T02:17:23.840478+00:00,DL468,N374DX,DL,ATL,LGA
DAL1372-1777782186-fa-1877p,,2026-05-06T01:32:00Z,214.0,215.0,0,0,2026-05-06T11:27:43.134165+00:00,,,,,
FFT2871-1777794175-airline-1732p,,2026-05-06T01:31:00Z,-4.0,-11.0,0,0,2026-05-06T11:27:43.134165+00:00,,,,,
RPA4582-1777788725-airline-4547p,2026-05-06T01:29:00,2026-05-06T01:31:00Z,2.0,-6.0,0,0,2026-05-08T02:17:23.840478+00:00,YX4582,N119HQ,YX,ATL,LGA
DAL2050-1777781403-fa-889p,,2026-05-06T01:30:00Z,-25.0,-7.0,0,0,2026-05-06T11:27:43.134165+00:00,,,,,
DAL715-1777781119-fa-831p,,2026-05-06T01:29:00Z,-15.0,-2.0,0,0,2026-05-06T11:27:43.134165+00:00,,,,,
DAL2659-1777781454-fa-163p,,2026-05-06T01:29:00Z,-30.0,-4.0,0,0,2026-05-06T11:27:43.134165+00:00,,,,,
DAL2583-1777782058-fa-1775p,,2026-05-06T01:28:00Z,-8.0,-10.0,0,0,2026-05-06T11:30:42.823441+00:00,,,,,
JBU819-1777795234-airline-1394p,2026-05-06T01:30:00,2026-05-06T01:28:00Z,-2.0,-8.0,0,0,2026-05-08T02:17:23.840478+00:00,B6819,N606JB,B6,ATL,JFK
EDV5555-1778019638-fa-761p,,2026-05-06T01:27:00Z,112.0,159.0,0,0,2026-05-06T11:27:43.134165+00:00,,,,,
DAL1470-1777782044-fa-946p,,2026-05-06T01:26:00Z,-29.0,-8.0,0,0,2026-05-06T11:27:43.134165+00:00,,,,,
DAL1329-1777781326-fa-73p,,2026-05-06T01:26:00Z,-33.0,-6.0,0,0,2026-05-06T11:27:43.134165+00:00,,,,,
UAL1046-1777766604-fa-20p,2026-05-06T01:28:00,2026-05-06T01:26:00Z,-2.0,11.0,0,0,2026-05-08T02:17:23.840478+00:00,UA1046,N17401,UA,ATL,ORD
DAL2707-1777781650-fa-840p,2026-05-06T01:29:00,2026-05-06T01:26:00Z,-3.0,-10.0,0,0,2026-05-08T02:17:23.840478+00:00,DL2707,N343NW,DL,ATL,OMA
DAL1350-1777781859-fa-1106p,,2026-05-06T01:25:00Z,-15.0,7.0,0,0,2026-05-06T11:27:43.134165+00:00,,,,,
DAL2803-1777781959-fa-1027p,,2026-05-06T01:25:00Z,-3.0,9.0,0,0,2026-05-06T11:30:42.823441+00:00,,,,,
DAL2006-1777782306-fa-569p,,2026-05-06T01:24:00Z,-18.0,-4.0,0,0,2026-05-06T11:27:43.134165+00:00,,,,,
JIA5022-1777783643-airline-131p,,2026-05-06T01:24:00Z,30.0,41.0,0,0,2026-05-06T11:30:42.823441+00:00,,,,,
SWA3072-1777792004-airline-1384p,,2026-05-06T01:23:00Z,-2.0,1.0,0,0,2026-05-06T11:27:43.134165+00:00,,,,,
UAL2634-1777766644-fa-3195p,2026-05-06T01:18:00,2026-05-06T01:23:00Z,5.0,-6.0,0,0,2026-05-08T02:17:23.840478+00:00,UA2634,N873UA,UA,ATL,IAD
DAL2893-1777781292-fa-623p,2026-05-06T01:30:00,2026-05-06T01:23:00Z,-7.0,-3.0,0,0,2026-05-08T02:17:23.840478+00:00,DL2893,N336DX,DL,ATL,SAT
DAL2294-1777782093-fa-473p,,2026-05-06T01:22:00Z,-29.0,-2.0,0,0,2026-05-06T11:27:43.134165+00:00,,,,,
DAL2464-1777782143-fa-1000p,,2026-05-06T01:22:00Z,-32.0,-5.0,0,0,2026-05-06T11:27:43.134165+00:00,,,,,
DAL1109-1777781905-fa-119p,,2026-05-06T01:22:00Z,-38.0,-5.0,0,0,2026-05-06T11:27:43.134165+00:00,,,,,
DAL395-1777781179-fa-616p,,2026-05-06T01:21:00Z,-37.0,3.0,0,0,2026-05-06T11:27:43.134165+00:00,,,,,
SWA224-1777795269-airline-685p,2026-05-06T00:45:00,2026-05-06T01:21:00Z,36.0,44.0,0,0,2026-05-08T02:17:23.840478+00:00,WN224,N231WN,WN,ATL,DAL
DAL2799-1777782015-fa-1771p,,2026-05-06T01:20:00Z,-13.0,-3.0,0,0,2026-05-06T11:27:43.134165+00:00,,,,,
DAL1206-1777782047-fa-864p,2026-05-06T01:35:00,2026-05-06T01:20:00Z,-15.0,-10.0,0,0,2026-05-08T02:17:23.840478+00:00,DL1206,N931DQ,DL,ATL,MKE
DAL3093-1777782079-fa-558p,,2026-05-06T01:19:00Z,-12.0,-3.0,0,0,2026-05-06T11:30:42.823441+00:00,,,,,
UAL1359-1777766635-fa-904p,2026-05-06T01:33:00,2026-05-06T01:19:00Z,-14.0,-6.0,0,0,2026-05-08T02:17:23.840478+00:00,UA1359,N39728,UA,ATL,IAH
EDV5246-1777759998-fa-2638p,,2026-05-06T01:17:00Z,60.0,85.0,0,0,2026-05-06T11:27:43.134165+00:00,,,,,
RPA4574-1777788725-airline-4537p,,2026-05-06T01:17:00Z,-22.0,-4.0,0,0,2026-05-06T11:27:43.134165+00:00,,,,,
DAL1186-1777782301-fa-991p,,2026-05-06T01:16:00Z,-43.0,-11.0,0,0,2026-05-06T11:27:43.134165+00:00,,,,,
DAL1594-1777781274-fa-1077p,2026-05-06T01:39:00,2026-05-06T01:16:00Z,-23.0,-3.0,0,0,2026-05-06T11:27:43.134165+00:00,DL1594,N306DN,DL,TPA,ATL
EDV5443-1777785669-airline-1321p,,2026-05-06T01:16:00Z,-20.0,-10.0,0,0,2026-05-06T11:30:42.823441+00:00,,,,,
DAL1478-1777781334-fa-704p,2026-05-06T00:18:00,2026-05-06T01:16:00Z,58.0,70.0,0,0,2026-05-08T02:17:23.840478+00:00,DL1478,N342DN,DL,ATL,DTW
DAL836-1777781426-fa-656p,2026-05-06T00:40:00,2026-05-06T01:16:00Z,36.0,26.0,0,0,2026-05-08T02:17:23.840478+00:00,DL836,N111DC,DL,ATL,PHX
SKW3804-1777786044-airline-65p,,2026-05-06T01:15:00Z,51.0,79.0,0,0,2026-05-06T11:27:43.134165+00:00,,,,,
DAL1026-1777781301-fa-1800p,,2026-05-06T01:14:00Z,-32.0,-8.0,0,0,2026-05-06T11:27:43.134165+00:00,,,,,
DAL3115-1777782067-fa-1503p,,2026-05-06T01:14:00Z,-34.0,-15.0,0,0,2026-05-06T11:27:43.134165+00:00,,,,,
DAL1489-1777781383-fa-92p,2026-05-06T01:21:00,2026-05-06T01:14:00Z,-7.0,10.0,0,0,2026-05-08T02:17:23.840478+00:00,DL1489,N358DN,DL,ATL,FLL
FFT4702-1777794329-airline-185p,2026-05-06T01:32:00,2026-05-06T01:13:00Z,-19.0,-9.0,0,0,2026-05-06T11:27:43.134165+00:00,F94702,N673FR,F9,AUS,ATL
DAL1497-1777782248-fa-1253p,,2026-05-06T01:12:00Z,-27.0,-5.0,0,0,2026-05-06T11:27:43.134165+00:00,,,,,
DAL1007-1777781592-fa-789p,,2026-05-06T01:11:00Z,-30.0,-13.0,0,0,2026-05-06T11:27:43.134165+00:00,,,,,
DAL970-1777781414-fa-110p,,2026-05-06T01:11:00Z,-26.0,-13.0,0,0,2026-05-06T11:27:43.134165+00:00,,,,,
DAL2902-1777781496-fa-955p,,2026-05-06T01:11:00Z,-12.0,-5.0,0,0,2026-05-06T11:27:43.134165+00:00,,,,,
DAL3122-1777782062-fa-1132p,,2026-05-06T01:10:00Z,-39.0,-9.0,0,0,2026-05-06T11:27:43.134165+00:00,,,,,
ACA1227-1777790534-airline-2095p,,2026-05-06T01:10:00Z,-16.0,-2.0,0,0,2026-05-06T11:27:43.134165+00:00,,,,,
DAL894-1777782224-fa-1767p,,2026-05-06T01:09:00Z,-23.0,15.0,0,0,2026-05-06T11:27:43.134165+00:00,,,,,
DAL959-1777781264-fa-989p,2026-05-06T01:38:00,2026-05-06T01:09:00Z,-29.0,-15.0,0,0,2026-05-06T11:27:43.134165+00:00,DL959,N357DN,DL,PBI,ATL
DAL1309-1777781806-fa-1035p,2026-05-06T00:52:00,2026-05-06T01:09:00Z,17.0,1.0,0,0,2026-05-08T02:17:23.840478+00:00,DL1309,N3741S,DL,ATL,IAD
EDV4910-1777776047-fa-1293p,,2026-05-06T01:07:00Z,-29.0,-8.0,0,0,2026-05-06T11:30:42.823441+00:00,,,,,
DAL3082-1777782308-fa-1333p,,2026-05-06T01:07:00Z,-16.0,-10.0,0,0,2026-05-06T11:30:42.823441+00:00,,,,,
FFT2724-1777794175-airline-1719p,,2026-05-06T01:07:00Z,-20.0,-4.0,0,0,2026-05-06T11:30:42.823441+00:00,,,,,
JIA5313-1777783643-airline-428p,2026-05-06T01:09:00,2026-05-06T01:07:00Z,-2.0,16.0,0,0,2026-05-08T02:17:23.840478+00:00,OH5313,N570NN,OH,ATL,PHL
DAL3025-1777782293-fa-4232p,,2026-05-06T01:06:00Z,-43.0,-16.0,0,0,2026-05-06T11:27:43.134165+00:00,,,,,
EDV5193-1777784077-airline-1187p,,2026-05-06T01:06:00Z,-24.0,-10.0,0,0,2026-05-06T11:27:43.134165+00:00,,,,,
DAL1130-1777782071-fa-1994p,2026-05-06T01:10:00,2026-05-06T01:04:00Z,-6.0,-6.0,0,0,2026-05-08T02:17:23.840478+00:00,DL1130,N948DZ,DL,ATL,MCI
DAL1393-1777782064-fa-755p,,2026-05-06T01:02:00Z,-33.0,-9.0,0,0,2026-05-06T11:27:43.134165+00:00,,,,,
DAL2498-1777781976-fa-1019p,2026-05-06T00:59:00,2026-05-06T01:01:00Z,2.0,5.0,0,0,2026-05-08T02:17:23.840478+00:00,DL2498,N908DN,DL,ATL,EWR
AAL1811-1777792886-airline-4858p,2026-05-06T01:15:00,2026-05-06T01:01:00Z,-14.0,-8.0,0,0,2026-05-08T02:17:23.840478+00:00,AA1811,N960NN,AA,ATL,DFW
DAL2894-1777781308-fa-731p,2026-05-06T01:16:00,2026-05-06T00:59:00Z,-17.0,-5.0,0,0,2026-05-08T02:17:23.840478+00:00,DL2894,N346DN,DL,ATL,ORD
DAL983-1777781162-fa-1115p,,2026-05-06T00:58:00Z,0.0,-10.0,0,0,2026-05-06T11:27:43.134165+00:00,,,,,
DAL790-1777782307-fa-900p,2026-05-06T00:51:00,2026-05-06T00:58:00Z,7.0,4.0,0,0,2026-05-08T02:17:23.840478+00:00,DL790,N608AT,DL,ATL,BNA
FFT3458-1777794329-airline-96p,2026-05-06T00:56:00,2026-05-06T00:58:00Z,2.0,2.0,0,0,2026-05-08T02:17:23.840478+00:00,F93458,N714FR,F9,ATL,LGA
DAL542-1777782015-fa-1768p,,2026-05-06T00:57:00Z,-42.0,-3.0,0,0,2026-05-06T11:27:43.134165+00:00,,,,,
DAL1339-1777781757-fa-1597p,2026-05-06T01:06:00,2026-05-06T00:57:00Z,-9.0,-5.0,0,0,2026-05-08T02:17:23.840478+00:00,DL1339,N378DA,DL,ATL,CLE
DAL1235-1777782311-fa-880p,,2026-05-06T00:56:00Z,-38.0,-12.0,0,0,2026-05-06T11:27:43.134165+00:00,,,,,
EDV5247-1777784077-airline-1156p,,2026-05-06T00:56:00Z,-36.0,-16.0,0,0,2026-05-06T11:27:43.134165+00:00,,,,,
DAL821-1777781378-fa-201p,2026-05-06T00:38:00,2026-05-06T00:56:00Z,18.0,9.0,0,0,2026-05-08T02:17:23.840478+00:00,DL821,N362DN,DL,ATL,BOS
AAL1539-1777792886-airline-4539p,,2026-05-06T00:55:00Z,-6.0,-4.0,0,0,2026-05-06T11:27:43.134165+00:00,,,,,
CMP891-1777785854-airline-622p,2026-05-06T01:34:00,2026-05-06T00:55:00Z,-39.0,-15.0,0,0,2026-05-08T02:17:23.840478+00:00,CM891,HP-1832CMP,CM,ATL,PTY
FFT1158-1777794175-airline-1526p,2026-05-06T01:29:00,2026-05-06T00:54:00Z,-35.0,-12.0,0,0,2026-05-08T02:17:23.840478+00:00,F91158,N393FR,F9,ATL,EWR
SWA2604-1777789633-airline-1815p,2026-05-06T00:35:00,2026-05-06T00:54:00Z,19.0,7.0,0,0,2026-05-08T02:17:23.840478+00:00,WN2604,N8719Q,WN,ATL,PHX
DAL2984-1777782042-fa-169p,2026-05-06T00:49:00,2026-05-06T00:53:00Z,4.0,1.0,0,0,2026-05-08T02:17:23.840478+00:00,DL2984,N814DN,DL,ATL,ORF
DAL840-1777781421-fa-1009p,,2026-05-06T00:51:00Z,-43.0,-7.0,0,0,2026-05-06T11:27:43.134165+00:00,,,,,
SWA206-1777795268-airline-1741p,2026-05-06T00:45:00,2026-05-06T00:51:00Z,6.0,-1.0,0,0,2026-05-08T02:17:23.840478+00:00,WN206,N872CB,WN,ATL,BNA
DAL1518-1777781990-fa-1330p,2026-05-06T00:57:00,2026-05-06T00:51:00Z,-6.0,-5.0,0,0,2026-05-08T02:17:23.840478+00:00,DL1518,N876DN,DL,ATL,RDU
DAL1939-1777781812-fa-1814p,2026-05-06T01:15:00,2026-05-06T00:51:00Z,-24.0,-12.0,0,0,2026-05-08T02:17:23.840478+00:00,DL1939,N3749D,DL,ATL,CUN
AAL1812-1777792886-airline-4864p,,2026-05-06T00:50:00Z,83.0,106.0,0,0,2026-05-06T11:27:43.134165+00:00,,,,,
DAL2738-1777782020-fa-4718p,,2026-05-06T00:50:00Z,-6.0,12.0,0,0,2026-05-06T11:27:43.134165+00:00,,,,,
DAL2065-1777781399-fa-583p,2026-05-06T00:53:00,2026-05-06T00:49:00Z,-4.0,-6.0,0,0,2026-05-08T02:17:23.840478+00:00,DL2065,N365DN,DL,ATL,PHL
EDV5529-1777784077-airline-1179p,,2026-05-06T00:48:00Z,40.0,59.0,0,0,2026-05-06T11:27:43.134165+00:00,,,,,
EDV5429-1777786827-airline-1158p,,2026-05-06T00:48:00Z,-23.0,-11.0,0,0,2026-05-06T11:30:42.823441+00:00,,,,,
SWA2291-1777789633-airline-1511p,2026-05-06T01:00:00,2026-05-06T00:48:00Z,-12.0,-7.0,0,0,2026-05-08T02:17:23.840478+00:00,WN2291,N439WN,WN,ATL,STL
DAL2132-1777782301-fa-797p,2026-05-06T00:44:00,2026-05-06T00:47:00Z,3.0,-4.0,0,0,2026-05-08T02:17:23.840478+00:00,DL2132,N995AT,DL,ATL,CLT
DAL1443-1777782309-fa-4429p,2026-05-06T00:29:00,2026-05-06T00:47:00Z,18.0,18.0,0,0,2026-05-08T02:17:23.840478+00:00,DL1443,N899AT,DL,ATL,MEM
SWA3892-1777786296-airline-1677p,,2026-05-06T00:46:00Z,-14.0,-2.0,0,0,2026-05-06T11:27:43.134165+00:00,,,,,
DAL3202-1777782306-fa-551p,,2026-05-06T00:46:00Z,-18.0,-9.0,0,0,2026-05-06T11:30:42.823441+00:00,,,,,
SWA241-1777789633-airline-1630p,2026-05-06T00:50:00,2026-05-06T00:46:00Z,-4.0,-4.0,0,0,2026-05-08T02:17:23.840478+00:00,WN241,N8610A,WN,ATL,HOU
DAL809-1777781927-fa-724p,,2026-05-06T00:44:00Z,-44.0,-14.0,0,0,2026-05-06T11:27:43.134165+00:00,,,,,
FFT1595-1777784511-airline-1176p,2026-05-06T00:51:00,2026-05-06T00:43:00Z,-8.0,-63.0,0,0,2026-05-08T02:17:23.840478+00:00,F91595,N675FR,F9,ATL,ORD
DAL1742-1777782210-fa-1675p,2026-05-06T00:28:00,2026-05-06T00:42:00Z,14.0,44.0,0,0,2026-05-06T11:27:43.134165+00:00,DL1742,N689DL,DL,MCO,ATL
DAL1828-1777781898-fa-706p,,2026-05-06T00:42:00Z,-25.0,-11.0,0,0,2026-05-06T11:27:43.134165+00:00,,,,,
DAL1457-1777781154-fa-1193p,2026-05-06T00:50:00,2026-05-06T00:42:00Z,-8.0,-1.0,0,0,2026-05-08T02:17:23.840478+00:00,DL1457,N67171,DL,ATL,TPA
DAL2881-1777782186-fa-71p,2026-05-06T00:53:00,2026-05-06T00:42:00Z,-11.0,-4.0,0,0,2026-05-08T02:17:23.840478+00:00,DL2881,N659DL,DL,ATL,MCO
JIA5253-1777783643-airline-371p,,2026-05-06T00:41:00Z,-33.0,-10.0,0,0,2026-05-06T11:27:43.134165+00:00,,,,,
DAL2714-1777781740-fa-1071p,,2026-05-06T00:41:00Z,-14.0,-5.0,0,0,2026-05-06T11:27:43.134165+00:00,,,,,
DAL2425-1777781994-fa-1199p,2026-05-06T00:53:00,2026-05-06T00:41:00Z,-12.0,-3.0,0,0,2026-05-08T02:17:23.840478+00:00,DL2425,N861DN,DL,ATL,SAV
EDV5124-1777785451-airline-342p,,2026-05-06T00:40:00Z,-20.0,1.0,0,0,2026-05-06T11:27:43.134165+00:00,,,,,
DAL2862-1777781563-fa-844p,,2026-05-06T00:37:00Z,-34.0,-14.0,0,0,2026-05-06T11:27:43.134165+00:00,,,,,
DAL1906-1777781748-fa-1275p,2026-05-06T01:00:00,2026-05-06T00:35:00Z,-25.0,-8.0,0,0,2026-05-08T02:17:23.840478+00:00,DL1906,N3754A,DL,ATL,KIN
DAL3043-1777782301-fa-792p,,2026-05-06T00:34:00Z,5.0,-1.0,0,0,2026-05-06T11:27:43.134165+00:00,,,,,
DAL436-1777781635-fa-912p,2026-05-06T00:04:00,2026-05-06T00:34:00Z,30.0,11.0,0,0,2026-05-08T02:17:23.840478+00:00,DL436,N328NW,DL,ATL,DFW
DAL1397-1777782121-fa-942p,,2026-05-06T00:33:00Z,5.0,6.0,0,0,2026-05-06T11:27:43.134165+00:00,,,,,
DAL1984-1777781824-fa-0p,,2026-05-06T00:32:00Z,-9.0,-17.0,0,0,2026-05-06T11:27:43.134165+00:00,,,,,
DAL1588-1777782224-fa-770p,2026-05-06T00:48:00,2026-05-06T00:32:00Z,-16.0,-8.0,0,0,2026-05-08T02:17:23.840478+00:00,DL1588,N693DL,DL,ATL,MIA
SWA1557-1777794866-airline-1464p,2026-05-06T00:45:00,2026-05-06T00:32:00Z,-13.0,-5.0,0,0,2026-05-08T02:17:23.840478+00:00,WN1557,N8715Q,WN,ATL,MDW
DAL2739-1777781348-fa-575p,,2026-05-06T00:31:00Z,-11.0,6.0,0,0,2026-05-06T11:27:43.134165+00:00,,,,,
DAL1060-1777781308-fa-729p,2026-05-06T00:46:00,2026-05-06T00:31:00Z,-15.0,-7.0,0,0,2026-05-08T02:17:23.840478+00:00,DL1060,N348DN,DL,ATL,AUS
EDV5368-1777793043-airline-2162p,2026-05-06T00:04:00,2026-05-06T00:30:00Z,26.0,34.0,0,0,2026-05-08T02:17:23.840478+00:00,9E5368,N690CA,9E,ATL,ABY
DAL2493-1777782077-fa-1078p,2026-05-06T00:41:00,2026-05-06T00:29:00Z,-12.0,-4.0,0,0,2026-05-08T02:17:23.840478+00:00,DL2493,N954DZ,DL,ATL,CHS
DAL1450-1777781944-fa-1695p,2026-05-06T00:30:00,2026-05-06T00:29:00Z,-1.0,4.0,0,0,2026-05-08T02:17:23.840478+00:00,DL1450,N868DN,DL,ATL,MSY
DAL2627-1777782244-fa-2269p,,2026-05-06T00:28:00Z,7.0,27.0,0,0,2026-05-06T11:27:43.134165+00:00,,,,,
DAL2690-1777781596-fa-420p,,2026-05-06T00:28:00Z,-32.0,-5.0,0,0,2026-05-06T11:27:43.134165+00:00,,,,,
EDV5105-1777784077-airline-1148p,,2026-05-06T00:28:00Z,-31.0,-14.0,0,0,2026-05-06T11:27:43.134165+00:00,,,,,
EDV5542-1777982154-fa-1085p,,2026-05-06T00:27:00Z,18.0,5.0,0,0,2026-05-06T11:27:43.134165+00:00,,,,,
DAL2389-1777781579-fa-1597p,,2026-05-06T00:27:00Z,-13.0,0.0,0,0,2026-05-06T11:27:43.134165+00:00,,,,,
DAL2504-1777781296-fa-919p,2026-05-06T00:31:00,2026-05-06T00:27:00Z,-4.0,-2.0,0,0,2026-05-08T02:17:23.840478+00:00,DL2504,N301DV,DL,ATL,BDL
DAL875-1777782108-fa-799p,,2026-05-06T00:25:00Z,-23.0,-2.0,0,0,2026-05-06T11:27:43.134165+00:00,,,,,
SWA3049-1777792004-airline-1364p,,2026-05-06T00:25:00Z,-10.0,-4.0,0,0,2026-05-06T11:27:43.134165+00:00,,,,,
DAL2494-1777781774-fa-794p,2026-05-06T00:36:00,2026-05-06T00:25:00Z,-11.0,-5.0,0,0,2026-05-08T02:17:23.840478+00:00,DL2494,N3734B,DL,ATL,ECP
DAL1791-1777781168-fa-322p,2026-05-06T00:24:00,2026-05-06T00:25:00Z,1.0,7.0,0,0,2026-05-08T02:17:23.840478+00:00,DL1791,N658DL,DL,ATL,SJU
DAL2220-1777782295-fa-344p,,2026-05-06T00:23:00Z,-10.0,6.0,0,0,2026-05-06T11:27:43.134165+00:00,,,,,
LPE2482-1777786855-airline-1031p,,2026-05-06T00:23:00Z,-12.0,-11.0,0,0,2026-05-06T11:27:43.134165+00:00,,,,,
DAL1058-1777781346-fa-539p,2026-05-06T00:34:00,2026-05-06T00:22:00Z,-12.0,-1.0,0,0,2026-05-08T02:17:23.840478+00:00,DL1058,N347DN,DL,ATL,PBI
DAL2928-1777781311-fa-1028p,2026-05-06T00:17:00,2026-05-06T00:22:00Z,5.0,6.0,0,0,2026-05-08T02:17:23.840478+00:00,DL2928,N309DN,DL,ATL,BWI
DAL1386-1777781351-fa-806p,,2026-05-06T00:21:00Z,-13.0,8.0,0,0,2026-05-06T11:27:43.134165+00:00,,,,,
KLM621-1777794113-airline-1238p,,2026-05-06T00:21:00Z,-4.0,-3.0,0,0,2026-05-06T11:27:43.134165+00:00,,,,,
DAL2378-1777782233-fa-581p,2026-05-06T00:29:00,2026-05-06T00:21:00Z,-8.0,5.0,0,0,2026-05-08T02:17:23.840478+00:00,DL2378,N713TW,DL,ATL,JFK
DAL2265-1777782228-fa-3409p,2026-05-06T00:12:00,2026-05-06T00:19:00Z,7.0,14.0,0,0,2026-05-08T02:17:23.840478+00:00,DL2265,N687DL,DL,ATL,JAX
DAL476-1777781290-fa-907p,,2026-05-06T00:18:00Z,-17.0,4.0,0,0,2026-05-06T11:27:43.134165+00:00,,,,,
DAL2168-1777781456-fa-759p,,2026-05-06T00:18:00Z,-21.0,-12.0,0,0,2026-05-06T11:27:43.134165+00:00,,,,,
DAL1503-1777781784-fa-666p,2026-05-06T00:15:00,2026-05-06T00:18:00Z,3.0,8.0,0,0,2026-05-08T02:17:23.840478+00:00,DL1503,N3732J,DL,ATL,CVG
DAL2345-1777781319-fa-372p,,2026-05-06T00:17:00Z,-18.0,3.0,0,0,2026-05-06T11:27:43.134165+00:00,,,,,
EDV5377-1777765109-fa-1254p,,2026-05-06T00:17:00Z,-18.0,-14.0,0,0,2026-05-06T11:27:43.134165+00:00,,,,,
DAL1131-1777781308-fa-733p,2026-05-06T00:33:00,2026-05-06T00:17:00Z,-16.0,-10.0,0,0,2026-05-08T02:17:23.840478+00:00,DL1131,N314DN,DL,ATL,IAH
FFT3068-1777784511-airline-1272p,2026-05-06T00:18:00,2026-05-06T00:15:00Z,-3.0,-5.0,0,0,2026-05-06T02:33:30.906703+00:00,F93068,N656FR,F9,IAH,BWI
SWA2643-1777789633-airline-1854p,,2026-05-06T00:15:00Z,10.0,27.0,0,0,2026-05-06T11:27:43.134165+00:00,,,,,
DAL1169-1777781344-fa-1137p,,2026-05-06T00:15:00Z,-30.0,-8.0,0,0,2026-05-06T11:27:43.134165+00:00,,,,,
DAL3120-1777781974-fa-1026p,2026-05-06T00:30:00,2026-05-06T00:15:00Z,-15.0,-9.0,0,0,2026-05-08T02:17:23.840478+00:00,DL3120,N819DN,DL,ATL,IND
FFT4209-1777794329-airline-141p,2026-05-06T00:11:00,2026-05-06T00:15:00Z,4.0,-2.0,0,0,2026-05-08T02:19:05.189065+00:00,F94209,N635FR,F9,CLE,ATL
EDV5185-1777792761-airline-210p,,2026-05-06T00:14:00Z,-13.0,11.0,0,0,2026-05-06T11:27:43.134165+00:00,,,,,
DAL2152-1777782087-fa-929p,,2026-05-06T00:14:00Z,-31.0,-14.0,0,0,2026-05-06T11:27:43.134165+00:00,,,,,
FFT2972-1777794175-airline-1741p,2026-05-06T00:11:00,2026-05-06T00:14:00Z,3.0,-13.0,0,0,2026-05-08T02:19:05.189065+00:00,F92972,,F9,MSY,ATL
DAL1458-1777781362-fa-551p,,2026-05-06T00:13:00Z,-9.0,12.0,0,0,2026-05-06T11:27:43.134165+00:00,,,,,
EDV5508-1777786827-airline-1233p,,2026-05-06T00:12:00Z,-27.0,-11.0,0,0,2026-05-06T11:27:43.134165+00:00,,,,,
DAL2786-1777782072-fa-2088p,2026-05-06T00:32:00,2026-05-06T00:12:00Z,-20.0,-8.0,0,0,2026-05-08T02:17:23.840478+00:00,DL2786,N946DZ,DL,ATL,CMH
DAL2784-1777781583-fa-1089p,2026-05-06T00:30:00,2026-05-06T00:12:00Z,-18.0,-9.0,0,0,2026-05-08T02:17:23.840478+00:00,DL2784,N353NW,DL,ATL,OKC
DAL1132-1777782295-fa-307p,,2026-05-06T00:11:00Z,-33.0,-11.0,0,0,2026-05-06T11:27:43.134165+00:00,,,,,
EDV5161-1777769556-fa-3281p,,2026-05-06T00:11:00Z,-23.0,-10.0,0,0,2026-05-06T11:27:43.134165+00:00,,,,,
DAL434-1777781406-fa-401p,2026-05-06T00:14:00,2026-05-06T00:11:00Z,-3.0,-10.0,0,0,2026-05-08T02:17:23.840478+00:00,DL434,N110DX,DL,ATL,LGA
BAW227-1777788629-airline-936p,,2026-05-06T00:10:00Z,-20.0,8.0,0,0,2026-05-06T11:27:43.134165+00:00,,,,,
EDV5115-1777784077-airline-1152p,2026-05-06T00:34:00,2026-05-06T00:10:00Z,-24.0,-12.0,0,0,2026-05-08T02:19:05.189065+00:00,9E5115,N313PQ,9E,EVV,ATL
DAL2857-1777782303-fa-1860p,,2026-05-06T00:09:00Z,-20.0,-1.0,0,0,2026-05-06T11:27:43.134165+00:00,,,,,
EDV5002-1777793043-airline-1702p,2026-05-06T00:35:00,2026-05-06T00:09:00Z,-26.0,-20.0,0,0,2026-05-08T02:19:05.189065+00:00,9E5002,N340CA,9E,FAY,ATL
DAL1693-1777782091-fa-346p,,2026-05-06T00:08:00Z,-1.0,10.0,0,0,2026-05-06T11:27:43.134165+00:00,,,,,
UAL235-1777766668-fa-1666p,2026-05-06T00:10:00,2026-05-06T00:08:00Z,-2.0,-7.0,0,0,2026-05-08T02:17:23.840478+00:00,UA235,N26208,UA,ATL,DEN
RPA4350-1777788725-airline-4274p,,2026-05-06T00:07:00Z,-24.0,-8.0,0,0,2026-05-06T11:27:43.134165+00:00,,,,,
DAL3056-1777782050-fa-133p,2026-05-05T22:08:00,2026-05-06T00:07:00Z,119.0,123.0,0,0,2026-05-08T02:17:23.840478+00:00,DL3056,N957DZ,DL,ATL,DAB
DAL2058-1777781975-fa-816p,2026-05-06T00:35:00,2026-05-06T00:05:00Z,-30.0,-7.0,0,0,2026-05-08T02:19:05.189065+00:00,DL2058,N902DN,DL,GRR,ATL
FFT2050-1777794175-airline-1639p,2026-05-05T23:32:00,2026-05-06T00:04:00Z,32.0,49.0,0,0,2026-05-08T02:17:23.840478+00:00,F92050,N636FR,F9,ATL,MCO
SLI979-1777786011-airline-876p,2026-05-05T23:50:00,2026-05-06T00:04:00Z,14.0,-4.0,0,0,2026-05-08T02:17:23.840478+00:00,5D979,XA-GAI,5D,ATL,MTY
DAL406-1777782224-fa-772p,2026-05-06T00:45:00,2026-05-06T00:04:00Z,-41.0,-13.0,0,0,2026-05-08T02:19:05.189065+00:00,DL406,N688DL,DL,BZN,ATL
ACA1573-1777790534-airline-2133p,2026-05-06T00:12:00,2026-05-06T00:04:00Z,-8.0,2.0,0,0,2026-05-08T02:19:05.189065+00:00,AC1573,C-GROV,AC,YUL,ATL
DAL2654-1777781393-fa-825p,2026-05-06T00:07:00,2026-05-06T00:02:00Z,-5.0,1.0,0,0,2026-05-08T02:17:23.840478+00:00,DL2654,N355DN,DL,ATL,MSP
DAL2047-1777781566-fa-162p,2026-05-06T00:34:00,2026-05-06T00:02:00Z,-32.0,-16.0,0,0,2026-05-08T02:19:05.189065+00:00,DL2047,N355NW,DL,ROC,ATL
DAL964-1777781409-fa-963p,2026-05-06T00:35:00,2026-05-06T00:02:00Z,-33.0,-9.0,0,0,2026-05-08T02:19:05.189065+00:00,DL964,N122DN,DL,LGA,ATL
DAL1030-1777782244-fa-699p,2026-05-05T19:39:00,2026-05-06T00:02:00Z,263.0,268.0,0,0,2026-05-08T02:19:05.189065+00:00,DL1030,N6706Q,DL,MCO,ATL
DAL3171-1777782308-fa-1342p,2026-05-06T00:16:00,2026-05-06T00:01:00Z,-15.0,-5.0,0,0,2026-05-08T02:17:23.840478+00:00,DL3171,N894AT,DL,ATL,HSV
DAL349-1777781914-fa-1901p,2026-05-06T00:34:00,2026-05-06T00:01:00Z,-33.0,-5.0,0,0,2026-05-08T02:19:05.189065+00:00,DL349,N870DN,DL,PSP,ATL
DAL3088-1777782299-fa-973p,2026-05-06T00:35:00,2026-05-06T00:00:00Z,-35.0,-11.0,0,0,2026-05-08T02:19:05.189065+00:00,DL3088,N926AT,DL,DAY,ATL
DAL2009-1777781634-fa-737p,2026-05-06T00:28:00,2026-05-06T00:00:00Z,-28.0,-6.0,0,0,2026-05-08T02:19:05.189065+00:00,DL2009,N371NW,DL,SAT,ATL
DAL3063-1777782313-fa-263p,2026-05-06T00:24:00,2026-05-05T23:59:00Z,-25.0,-12.0,0,0,2026-05-08T02:19:05.189065+00:00,DL3063,N937AT,DL,GPT,ATL
SWA683-1777786389-airline-5451p,2026-05-06T00:05:00,2026-05-05T23:58:00Z,-7.0,-7.0,0,0,2026-05-08T02:17:23.840478+00:00,WN683,N8777Q,WN,ATL,BWI
DAL1491-1777781417-fa-261p,2026-05-05T22:23:00,2026-05-05T23:57:00Z,94.0,104.0,0,0,2026-05-08T02:17:23.840478+00:00,DL1491,N126DN,DL,ATL,AUS
DAL957-1777781419-fa-57p,2026-05-06T00:35:00,2026-05-05T23:57:00Z,-38.0,-1.0,0,0,2026-05-08T02:19:05.189065+00:00,DL957,N127DN,DL,DEN,ATL
DAL1700-1777782067-fa-1498p,2026-05-06T00:27:00,2026-05-05T23:57:00Z,-30.0,-9.0,0,0,2026-05-08T02:19:05.189065+00:00,DL1700,N947DZ,DL,MEM,ATL
DAL2381-1777781631-fa-1002p,2026-05-06T00:31:00,2026-05-05T23:57:00Z,-34.0,-11.0,0,0,2026-05-08T02:19:05.189065+00:00,DL2381,N325US,DL,HOU,ATL
DAL1728-1777781605-fa-3153p,2026-05-06T00:24:00,2026-05-05T23:55:00Z,-29.0,-5.0,0,0,2026-05-08T02:19:05.189065+00:00,DL1728,N363NW,DL,MDW,ATL
DAL968-1777780820-fa-106p,2026-05-05T23:36:00,2026-05-05T23:55:00Z,19.0,47.0,0,0,2026-05-08T02:19:05.189065+00:00,DL968,N392DN,DL,LGA,ATL
DAL874-1777782003-fa-493p,2026-05-06T00:28:00,2026-05-05T23:54:00Z,-34.0,-9.0,0,0,2026-05-08T02:19:05.189065+00:00,DL874,N884DN,DL,BOI,ATL
DAL1978-1777782231-fa-1316p,2026-05-05T23:39:00,2026-05-05T23:54:00Z,15.0,23.0,0,0,2026-05-08T02:19:05.189065+00:00,DL1978,N684DA,DL,SAL,ATL
DAL1093-1777781573-fa-3148p,2026-05-06T00:34:00,2026-05-05T23:53:00Z,-41.0,-26.0,0,0,2026-05-08T02:19:05.189065+00:00,DL1093,N357NW,DL,MYR,ATL
DAL3044-1777782304-fa-1672p,2026-05-05T23:57:00,2026-05-05T23:51:00Z,-6.0,-5.0,0,0,2026-05-08T02:17:23.840478+00:00,DL3044,N933AT,DL,ATL,BHM
DAL2128-1777782295-fa-354p,2026-05-06T00:34:00,2026-05-05T23:51:00Z,-43.0,-13.0,0,0,2026-05-08T02:19:05.189065+00:00,DL2128,N954AT,DL,ICT,ATL
DAL466-1777782219-fa-188p,2026-05-06T00:32:00,2026-05-05T23:51:00Z,-41.0,-8.0,0,0,2026-05-08T02:19:05.189065+00:00,DL466,N699DL,DL,LAS,ATL
DAL1021-1777781800-fa-1168p,2026-05-05T23:44:00,2026-05-05T23:50:00Z,6.0,-1.0,0,0,2026-05-08T02:17:23.840478+00:00,DL1021,N385DN,DL,ATL,GSP
DAL2879-1777966523-airline-1636p,2026-05-05T23:35:00,2026-05-05T23:50:00Z,15.0,5.0,0,0,2026-05-08T02:17:23.840478+00:00,DL2879,N888DU,DL,ATL,ORD
DAL1956-1777782010-fa-1012p,2026-05-06T00:29:00,2026-05-05T23:50:00Z,-39.0,-19.0,0,0,2026-05-08T02:19:05.189065+00:00,DL1956,N810DN,DL,NAS,ATL
DAL1347-1777782299-fa-965p,2026-05-06T00:16:00,2026-05-05T23:49:00Z,-27.0,-13.0,0,0,2026-05-08T02:19:05.189065+00:00,DL1347,N982AT,DL,LIT,ATL
DAL2599-1777782310-fa-841p,2026-05-06T00:16:00,2026-05-05T23:48:00Z,-28.0,-10.0,0,0,2026-05-08T02:19:05.189065+00:00,DL2599,N957AT,DL,MSN,ATL
DAL2600-1777782231-fa-1320p,2026-05-05T23:42:00,2026-05-05T23:48:00Z,6.0,18.0,0,0,2026-05-08T02:19:05.189065+00:00,DL2600,N820DX,DL,RDU,ATL
DAL785-1777782125-fa-897p,2026-05-05T23:48:00,2026-05-05T23:48:00Z,0.0,7.0,0,0,2026-05-08T02:19:05.189065+00:00,DL785,N514DE,DL,SFO,ATL
DAL1366-1777782302-fa-783p,2026-05-06T00:04:00,2026-05-05T23:47:00Z,-17.0,-7.0,0,0,2026-05-08T02:17:23.840478+00:00,DL1366,N997AT,DL,ATL,CHA
DAL2135-1777781579-fa-356p,2026-05-05T20:45:00,2026-05-05T23:47:00Z,182.0,193.0,0,0,2026-05-08T02:19:05.189065+00:00,DL2135,N377DN,DL,IAD,ATL
DAL1756-1777782184-fa-1422p,2026-05-05T23:35:00,2026-05-05T23:47:00Z,12.0,20.0,0,0,2026-05-08T02:19:05.189065+00:00,DL1756,N551NW,DL,SJO,ATL
DAL1836-1777781291-fa-922p,2026-05-05T23:50:00,2026-05-05T23:47:00Z,-3.0,-4.0,0,0,2026-05-08T02:19:05.189065+00:00,DL1836,N329DN,DL,PUJ,ATL
DAL3059-1777782092-fa-329p,2026-05-05T23:39:00,2026-05-05T23:46:00Z,7.0,14.0,0,0,2026-05-08T02:17:23.840478+00:00,DL3059,N963DZ,DL,ATL,PNS
EDV5203-1777786044-airline-91p,2026-05-06T00:06:00,2026-05-05T23:45:00Z,-21.0,-6.0,0,0,2026-05-08T02:17:23.840478+00:00,9E5203,N319PQ,9E,ATL,TYS
DAL1490-1777781830-fa-915p,2026-05-05T23:24:00,2026-05-05T23:44:00Z,20.0,29.0,0,0,2026-05-08T02:17:23.840478+00:00,DL1490,N3752,DL,ATL,BNA
DAL974-1777781441-fa-159p,2026-05-05T21:36:00,2026-05-05T23:44:00Z,128.0,-6.0,0,0,2026-05-08T02:19:05.189065+00:00,DL974,N387DN,DL,LGA,ATL
DAL1660-1777782068-fa-1755p,2026-05-06T00:23:00,2026-05-05T23:44:00Z,-39.0,-10.0,0,0,2026-05-08T02:19:05.189065+00:00,DL1660,N945DZ,DL,MCI,ATL
DAL3146-1777782060-fa-844p,2026-05-05T23:53:00,2026-05-05T23:44:00Z,-9.0,-1.0,0,0,2026-05-08T02:19:05.189065+00:00,DL3146,N938DZ,DL,MSY,ATL
DAL55-1777781682-fa-1911p,2026-05-05T23:17:00,2026-05-05T23:42:00Z,25.0,29.0,0,0,2026-05-08T02:19:05.189065+00:00,DL55,N434DX,DL,LOS,ATL
FFT4405-1777784511-airline-1346p,2026-05-05T23:44:00,2026-05-05T23:42:00Z,-2.0,-6.0,0,0,2026-05-08T02:19:05.189065+00:00,F94405,N370FR,F9,MIA,ATL
FFT2496-1777784511-airline-1235p,2026-05-05T23:55:00,2026-05-05T23:42:00Z,-13.0,-10.0,0,0,2026-05-08T02:19:05.189065+00:00,F92496,N383FR,F9,DFW,ATL
EDV4958-1777763496-fa-451p,2026-05-06T00:11:00,2026-05-05T23:41:00Z,-30.0,-12.0,0,0,2026-05-08T02:19:05.189065+00:00,9E4958,N601LR,9E,MLI,ATL
DAL540-1777782293-fa-830p,2026-05-06T00:03:00,2026-05-05T23:41:00Z,-22.0,-5.0,0,0,2026-05-08T02:19:05.189065+00:00,DL540,N895AT,DL,TLH,ATL
DAL962-1777782010-fa-1009p,2026-05-06T00:20:00,2026-05-05T23:40:00Z,-40.0,-6.0,0,0,2026-05-08T02:19:05.189065+00:00,DL962,N891DN,DL,JFK,ATL
DAL985-1777781841-fa-18p,2026-05-05T23:50:00,2026-05-05T23:40:00Z,-10.0,-2.0,0,0,2026-05-08T02:19:05.189065+00:00,DL985,N3757D,DL,CTG,ATL
DAL1124-1777782219-fa-673p,2026-05-05T23:55:00,2026-05-05T23:39:00Z,-16.0,-4.0,0,0,2026-05-08T02:17:23.840478+00:00,DL1124,N6713Y,DL,ATL,RSW
EDV5059-1777759942-fa-640p,2026-05-05T23:27:00,2026-05-05T23:39:00Z,12.0,18.0,0,0,2026-05-08T02:17:23.840478+00:00,9E5059,N607LR,9E,ATL,BTR
EDV5051-1777758425-fa-739p,2026-05-05T23:12:00,2026-05-05T23:39:00Z,27.0,32.0,0,0,2026-05-08T02:17:23.840478+00:00,9E5051,N901XJ,9E,ATL,SGF
DAL1353-1777781420-fa-963p,2026-05-05T23:18:00,2026-05-05T23:39:00Z,21.0,27.0,0,0,2026-05-08T02:19:05.189065+00:00,DL1353,N339DN,DL,PIT,ATL
SWA1275-1777794866-airline-1189p,2026-05-05T23:40:00,2026-05-05T23:38:00Z,-2.0,-1.0,0,0,2026-05-08T02:17:23.840478+00:00,WN1275,N428WN,WN,ATL,MCO
DAL1223-1777781325-fa-159p,2026-05-06T00:10:00,2026-05-05T23:38:00Z,-32.0,-6.0,0,0,2026-05-08T02:19:05.189065+00:00,DL1223,N318NB,DL,IAH,ATL
DAL832-1777781578-fa-890p,2026-05-05T23:34:00,2026-05-05T23:37:00Z,3.0,-6.0,0,0,2026-05-08T02:17:23.840478+00:00,DL832,N352NW,DL,ATL,DCA
DAL904-1777781964-fa-638p,2026-05-05T23:57:00,2026-05-05T23:37:00Z,-20.0,-5.0,0,0,2026-05-08T02:19:05.189065+00:00,DL904,N855DN,DL,SMF,ATL
AFR34-1777788009-airline-1459p,2026-05-05T23:50:00,2026-05-05T23:37:00Z,-13.0,2.0,0,0,2026-05-08T02:19:05.189065+00:00,AF34,F-HTYA,AF,CDG,ATL
SKW3753-1777788227-airline-1423p,2026-05-05T23:45:00,2026-05-05T23:36:00Z,-9.0,1.0,0,0,2026-05-08T02:17:23.840478+00:00,OO3753,N264SY,OO,ATL,XNA
DAL1150-1777782186-fa-1880p,2026-05-05T23:27:00,2026-05-05T23:36:00Z,9.0,24.0,0,0,2026-05-08T02:19:05.189065+00:00,DL1150,N6714Q,DL,MCO,ATL
DAL3180-1777782307-fa-907p,2026-05-05T23:49:00,2026-05-05T23:35:00Z,-14.0,-6.0,0,0,2026-05-08T02:17:23.840478+00:00,DL3180,N966AT,DL,ATL,JAN
DAL665-1777781256-fa-1840p,2026-05-05T23:59:00,2026-05-05T23:35:00Z,-24.0,-4.0,0,0,2026-05-08T02:19:05.189065+00:00,DL665,N328DN,DL,ONT,ATL
AAL2737-1777784923-airline-1400p,2026-05-06T00:07:00,2026-05-05T23:33:00Z,-34.0,-9.0,0,0,2026-05-08T02:17:23.840478+00:00,AA2737,N9023N,AA,ATL,ORD
JIA5067-1777783643-airline-172p,2026-05-05T22:48:00,2026-05-05T23:33:00Z,45.0,65.0,0,0,2026-05-08T02:19:05.189065+00:00,OH5067,N584NN,OH,CLT,ATL
DAL3109-1777782075-fa-1253p,2026-05-06T00:03:00,2026-05-05T23:33:00Z,-30.0,-13.0,0,0,2026-05-08T02:19:05.189065+00:00,DL3109,N952DZ,DL,SRQ,ATL
DAL1516-1777781737-fa-512p,2026-05-05T23:51:00,2026-05-05T23:33:00Z,-18.0,-3.0,0,0,2026-05-08T02:19:05.189065+00:00,DL1516,N373DA,DL,CVG,ATL
DAL1866-1777781650-fa-843p,2026-05-05T21:40:00,2026-05-05T23:33:00Z,113.0,113.0,0,0,2026-05-08T02:19:05.189065+00:00,DL1866,N349NW,DL,MTY,ATL
DAL3068-1777782296-fa-892p,2026-05-05T23:12:00,2026-05-05T23:32:00Z,20.0,29.0,0,0,2026-05-08T02:17:23.840478+00:00,DL3068,N967AT,DL,ATL,HSV
DAL2831-1777782009-fa-1268p,2026-05-05T23:48:00,2026-05-05T23:32:00Z,-16.0,-7.0,0,0,2026-05-08T02:17:23.840478+00:00,DL2831,N924DZ,DL,ATL,SDF
DAL850-1777781570-fa-948p,2026-05-06T00:01:00,2026-05-05T23:32:00Z,-29.0,-9.0,0,0,2026-05-08T02:19:05.189065+00:00,DL850,N360NW,DL,DCA,ATL
UAL2247-1777784389-airline-5590p,2026-05-05T23:37:00,2026-05-05T23:31:00Z,-6.0,-2.0,0,0,2026-05-08T02:17:23.840478+00:00,UA2247,N833UA,UA,ATL,EWR
FFT3083-1777794175-airline-1752p,2026-05-05T23:55:00,2026-05-05T23:31:00Z,-24.0,-9.0,0,0,2026-05-08T02:19:05.189065+00:00,F93083,N341FR,F9,JAX,ATL
DAL787-1777781746-fa-307p,2026-05-05T23:59:00,2026-05-05T23:30:00Z,-29.0,3.0,0,0,2026-05-08T02:19:05.189065+00:00,DL787,N377DA,DL,GEG,ATL
DAL1758-1777781914-fa-1902p,2026-05-05T23:39:00,2026-05-05T23:30:00Z,-9.0,-1.0,0,0,2026-05-08T02:19:05.189065+00:00,DL1758,N841DN,DL,PTY,ATL
DAL759-1777781252-fa-3215p,2026-05-05T23:38:00,2026-05-05T23:30:00Z,-8.0,-3.0,0,0,2026-05-08T02:19:05.189065+00:00,DL759,N323DN,DL,TPA,ATL
DAL2035-1777782231-fa-1313p,2026-05-05T23:46:00,2026-05-05T23:29:00Z,-17.0,-7.0,0,0,2026-05-08T02:17:23.840478+00:00,DL2035,N698DL,DL,ATL,MCO
AAL1810-1777792886-airline-4853p,2026-05-05T23:15:00,2026-05-05T23:29:00Z,14.0,28.0,0,0,2026-05-08T02:17:23.840478+00:00,AA1810,N134AN,AA,ATL,DFW
FFT2539-1777794175-airline-1698p,2026-05-05T23:49:00,2026-05-05T23:28:00Z,-21.0,-13.0,0,0,2026-05-08T02:19:05.189065+00:00,F92539,N654FR,F9,CMH,ATL
EDV5314-1777784077-airline-1168p,2026-05-05T23:47:00,2026-05-05T23:27:00Z,-20.0,-9.0,0,0,2026-05-08T02:19:05.189065+00:00,9E5314,N376CA,9E,AEX,ATL
DAL2211-1777782311-fa-872p,2026-05-05T23:40:00,2026-05-05T23:25:00Z,-15.0,-3.0,0,0,2026-05-08T02:19:05.189065+00:00,DL2211,N919AT,DL,PNS,ATL
DAL721-1777782224-fa-1769p,2026-05-05T18:03:00,2026-05-05T23:25:00Z,322.0,354.0,0,0,2026-05-08T02:19:05.189065+00:00,DL721,N6701,DL,SNA,ATL
DAL581-1777781889-fa-346p,2026-05-05T23:47:00,2026-05-05T23:25:00Z,-22.0,-9.0,0,0,2026-05-08T02:19:05.189065+00:00,DL581,N826DN,DL,AUA,ATL
ENY4087-1777789914-airline-1660p,2026-05-05T22:21:00,2026-05-05T23:23:00Z,62.0,69.0,0,0,2026-05-08T02:17:23.840478+00:00,MQ4087,N283NN,MQ,ATL,DCA
DAL32-1777781272-fa-849p,2026-05-05T23:30:00,2026-05-05T23:23:00Z,-7.0,-3.0,0,0,2026-05-08T02:19:05.189065+00:00,DL32,N313DN,DL,DFW,ATL
DAL37-1777781235-fa-609p,2026-05-05T23:40:00,2026-05-05T23:21:00Z,-19.0,-6.0,0,0,2026-05-08T02:19:05.189065+00:00,DL37,N831MH,DL,LHR,ATL
DAL969-1777781443-fa-1333p,2026-05-05T22:32:00,2026-05-05T23:20:00Z,48.0,65.0,0,0,2026-05-08T02:19:05.189065+00:00,DL969,N396DN,DL,LGA,ATL
DAL3112-1777782079-fa-561p,2026-05-05T23:54:00,2026-05-05T23:20:00Z,-34.0,-18.0,0,0,2026-05-08T02:19:05.189065+00:00,DL3112,N956DZ,DL,SAV,ATL
DAL2193-1777782293-fa-4241p,2026-05-05T23:29:00,2026-05-05T23:19:00Z,-10.0,-4.0,0,0,2026-05-08T02:17:23.840478+00:00,DL2193,N945AT,DL,ATL,CAE
EDV5537-1777761898-fa-406p,2026-05-05T23:28:00,2026-05-05T23:19:00Z,-9.0,-11.0,0,0,2026-05-08T02:19:05.189065+00:00,9E5537,N324PQ,9E,AGS,ATL
DAL2780-1777782306-fa-565p,2026-05-05T22:50:00,2026-05-05T23:17:00Z,27.0,39.0,0,0,2026-05-08T02:17:23.840478+00:00,DL2780,N923AT,DL,ATL,DAL
SKW4033-1777757072-fa-1341p,2026-05-05T22:57:00,2026-05-05T23:17:00Z,20.0,31.0,0,0,2026-05-08T02:19:05.189065+00:00,OO4033,N304SY,OO,SBN,ATL
EDV5266-1777769546-fa-443p,2026-05-05T23:52:00,2026-05-05T23:17:00Z,-35.0,-12.0,0,0,2026-05-08T02:19:05.189065+00:00,9E5266,N929XJ,9E,CHO,ATL
DAL2815-1777781450-fa-1261p,2026-05-05T23:40:00,2026-05-05T23:16:00Z,-24.0,-10.0,0,0,2026-05-08T02:17:23.840478+00:00,DL2815,N301NB,DL,ATL,EYW
DAL3032-1777782306-fa-2193p,2026-05-05T22:57:00,2026-05-05T23:16:00Z,19.0,30.0,0,0,2026-05-08T02:19:05.189065+00:00,DL3032,N717JL,DL,CAE,ATL
EDV5374-1777789478-airline-1020p,2026-05-05T23:30:00,2026-05-05T23:16:00Z,-14.0,-14.0,0,0,2026-05-08T02:19:05.189065+00:00,9E5374,N195PQ,9E,CSG,ATL
DAL2037-1777782304-fa-1675p,2026-05-05T23:24:00,2026-05-05T23:15:00Z,-9.0,3.0,0,0,2026-05-08T02:17:23.840478+00:00,DL2037,N892AT,DL,ATL,AVL
EDV5282-1777793043-airline-2046p,2026-05-05T23:29:00,2026-05-05T23:15:00Z,-14.0,-5.0,0,0,2026-05-08T02:17:23.840478+00:00,9E5282,N133EV,9E,ATL,AGS
DAL2241-1777782299-fa-959p,2026-05-05T23:34:00,2026-05-05T23:15:00Z,-19.0,-9.0,0,0,2026-05-08T02:17:23.840478+00:00,DL2241,N921AT,DL,ATL,TLH
DAL1533-1777782309-fa-4p,2026-05-05T23:30:00,2026-05-05T23:15:00Z,-15.0,-14.0,0,0,2026-05-08T02:19:05.189065+00:00,DL1533,N970AT,DL,BHM,ATL
DAL3094-1777782080-fa-581p,2026-05-05T23:22:00,2026-05-05T23:15:00Z,-7.0,1.0,0,0,2026-05-08T02:19:05.189065+00:00,DL3094,N839DN,DL,ECP,ATL
DAL1379-1777782250-fa-804p,,2026-05-05T23:14:00Z,-9.0,-8.0,0,0,2026-05-06T11:27:43.134165+00:00,,,,,
DAL1695-1777781863-fa-91p,2026-05-05T23:22:00,2026-05-05T23:14:00Z,-8.0,5.0,0,0,2026-05-08T02:19:05.189065+00:00,DL1695,N3773D,DL,IAD,ATL
DAL2131-1777781365-fa-5035p,2026-05-05T23:30:00,2026-05-05T23:14:00Z,-16.0,-5.0,0,0,2026-05-08T02:19:05.189065+00:00,DL2131,N353DN,DL,PHL,ATL
FFT4409-1777794329-airline-161p,2026-05-05T23:51:00,2026-05-05T23:14:00Z,-37.0,-6.0,0,0,2026-05-08T02:19:05.189065+00:00,F94409,N622FR,F9,IAD,ATL
DAL879-1777782010-fa-1005p,2026-05-05T23:30:00,2026-05-05T23:12:00Z,-18.0,2.0,0,0,2026-05-08T02:19:05.189065+00:00,DL879,N890DN,DL,PDX,ATL
DAL1902-1777781142-fa-702p,2026-05-05T23:15:00,2026-05-05T23:12:00Z,-3.0,10.0,0,0,2026-05-08T02:19:05.189065+00:00,DL1902,N900PC,DL,STT,ATL
FFT4473-1777794329-airline-171p,2026-05-05T22:36:00,2026-05-05T23:11:00Z,35.0,33.0,0,0,2026-05-08T02:17:23.840478+00:00,F94473,N630FR,F9,ATL,STL
DAL1325-1777782302-fa-1138p,2026-05-05T23:49:00,2026-05-05T23:11:00Z,-38.0,-14.0,0,0,2026-05-08T02:19:05.189065+00:00,DL1325,N980AT,DL,TUL,ATL
DAL1465-1777781172-fa-1186p,2026-05-05T23:09:00,2026-05-05T23:10:00Z,1.0,2.0,0,0,2026-05-08T02:17:23.840478+00:00,DL1465,N390DN,DL,ATL,SAT
DAL1435-1777782012-fa-538p,2026-05-05T23:30:00,2026-05-05T23:10:00Z,-20.0,-7.0,0,0,2026-05-08T02:19:05.189065+00:00,DL1435,N894DN,DL,BWI,ATL
DAL1670-1777781370-fa-989p,2026-05-05T23:34:00,2026-05-05T23:09:00Z,-25.0,-6.0,0,0,2026-05-08T02:17:23.840478+00:00,DL1670,N364DX,DL,ATL,FLL
DAL1820-1777781298-fa-639p,2026-05-05T23:27:00,2026-05-05T23:09:00Z,-18.0,-13.0,0,0,2026-05-08T02:19:05.189065+00:00,DL1820,N359DN,DL,LIR,ATL
DAL1848-1777781901-fa-823p,2026-05-05T23:23:00,2026-05-05T23:09:00Z,-14.0,-9.0,0,0,2026-05-08T02:19:05.189065+00:00,DL1848,N875DN,DL,SJD,ATL
DAL1348-1777782248-fa-1450p,2026-05-05T22:50:00,2026-05-05T23:08:00Z,18.0,25.0,0,0,2026-05-08T02:17:23.840478+00:00,DL1348,N709TW,DL,ATL,RIC
DAL796-1777782181-fa-2557p,2026-05-05T23:29:00,2026-05-05T23:08:00Z,-21.0,6.0,0,0,2026-05-08T02:19:05.189065+00:00,DL796,N553NW,DL,PHX,ATL
UAL2081-1777766707-fa-885p,2026-05-05T23:21:00,2026-05-05T23:08:00Z,-13.0,-5.0,0,0,2026-05-08T02:19:05.189065+00:00,UA2081,N69840,UA,IAD,ATL
EDV5281-1777763304-fa-1173p,2026-05-05T23:26:00,2026-05-05T23:07:00Z,-19.0,-13.0,0,0,2026-05-08T02:19:05.189065+00:00,9E5281,N138EV,9E,CHA,ATL
JZA8508-1777787072-airline-951p,2026-05-05T23:17:00,2026-05-05T23:06:00Z,-11.0,-10.0,0,0,2026-05-08T02:17:23.840478+00:00,QK8508,C-FLJZ,QK,ATL,YYZ
DAL2364-1777782306-fa-1620p,2026-05-05T22:49:00,2026-05-05T23:06:00Z,17.0,-6.0,0,0,2026-05-08T02:17:23.840478+00:00,DL2364,N925AT,DL,ATL,OMA
AAL1855-1777792886-airline-5002p,2026-05-05T23:27:00,2026-05-05T23:06:00Z,-21.0,-2.0,0,0,2026-05-08T02:19:05.189065+00:00,AA1855,N805AW,AA,ORD,ATL
SWA258-1777789633-airline-1788p,2026-05-05T23:15:00,2026-05-05T23:05:00Z,-10.0,-6.0,0,0,2026-05-08T02:17:23.840478+00:00,WN258,N8910Q,WN,ATL,MDW
DAL1186-1777782301-fa-989p,2026-05-05T23:03:00,2026-05-05T23:05:00Z,2.0,-5.0,0,0,2026-05-08T02:17:23.840478+00:00,DL1186,N938AT,DL,ATL,TUL
DAL85-1777781227-fa-1258p,2026-05-05T23:16:00,2026-05-05T23:05:00Z,-11.0,0.0,0,0,2026-05-08T02:19:05.189065+00:00,DL85,N825MH,DL,CDG,ATL
DAL1292-1777781277-fa-754p,2026-05-05T23:25:00,2026-05-05T23:05:00Z,-20.0,0.0,0,0,2026-05-08T02:19:05.189065+00:00,DL1292,N304DN,DL,FLL,ATL
DAL3025-1777782293-fa-4235p,2026-05-05T23:21:00,2026-05-05T23:04:00Z,-17.0,-7.0,0,0,2026-05-08T02:17:23.840478+00:00,DL3025,N944AT,DL,ATL,LIT
DAL446-1777781135-fa-939p,2026-05-05T23:40:00,2026-05-05T23:04:00Z,-36.0,-4.0,0,0,2026-05-08T02:19:05.189065+00:00,DL446,N193DN,DL,LAX,ATL
DAL2329-1777782084-fa-762p,2026-05-05T23:27:00,2026-05-05T23:03:00Z,-24.0,-10.0,0,0,2026-05-08T02:19:05.189065+00:00,DL2329,N959DZ,DL,ORF,ATL
DAL2735-1777781262-fa-1130p,2026-05-05T22:30:00,2026-05-05T23:02:00Z,32.0,36.0,0,0,2026-05-08T02:17:23.840478+00:00,DL2735,N322DN,DL,ATL,BDL
DAL3026-1777782297-fa-1181p,2026-05-05T23:29:00,2026-05-05T23:02:00Z,-27.0,-10.0,0,0,2026-05-08T02:19:05.189065+00:00,DL3026,N961AT,DL,HSV,ATL
DAL2772-1777782310-fa-38p,2026-05-05T23:24:00,2026-05-05T23:02:00Z,-22.0,-6.0,0,0,2026-05-08T02:19:05.189065+00:00,DL2772,N939AT,DL,GSO,ATL
DAL2720-1777781302-fa-74p,2026-05-05T22:54:00,2026-05-05T23:02:00Z,8.0,20.0,0,0,2026-05-08T02:19:05.189065+00:00,DL2720,N386DN,DL,JAX,ATL
DAL2939-1777782296-fa-898p,2026-05-05T23:19:00,2026-05-05T23:01:00Z,-18.0,-8.0,0,0,2026-05-08T02:17:23.840478+00:00,DL2939,N950AT,DL,ATL,MEM
DAL3017-1777781474-fa-274p,2026-05-05T23:13:00,2026-05-05T23:01:00Z,-12.0,-29.0,0,0,2026-05-08T02:17:23.840478+00:00,DL3017,N352NB,DL,ATL,GSO
EDV5503-1777759004-fa-1510p,2026-05-05T22:13:00,2026-05-05T23:01:00Z,48.0,59.0,0,0,2026-05-08T02:19:05.189065+00:00,9E5503,N690CA,9E,XNA,ATL
DAL543-1777781963-fa-1396p,2026-05-05T23:16:00,2026-05-05T22:59:00Z,-17.0,-6.0,0,0,2026-05-08T02:19:05.189065+00:00,DL543,N853DN,DL,STL,ATL
DAL1962-1777781288-fa-176p,2026-05-05T22:56:00,2026-05-05T22:59:00Z,3.0,1.0,0,0,2026-05-08T02:19:05.189065+00:00,DL1962,N326DN,DL,CUN,ATL
EDV5193-1777760066-fa-20p,2026-05-05T23:23:00,2026-05-05T22:58:00Z,-25.0,-10.0,0,0,2026-05-08T02:17:23.840478+00:00,9E5193,N582CA,9E,ATL,MOB
DAL1235-1777782311-fa-878p,2026-05-05T23:10:00,2026-05-05T22:58:00Z,-12.0,-7.0,0,0,2026-05-08T02:17:23.840478+00:00,DL1235,N906AT,DL,ATL,LEX
DAL937-1777781925-fa-2555p,2026-05-05T23:24:00,2026-05-05T22:58:00Z,-26.0,-1.0,0,0,2026-05-08T02:19:05.189065+00:00,DL937,N858DZ,DL,TUS,ATL
DAL1278-1777782302-fa-1152p,2026-05-05T23:24:00,2026-05-05T22:58:00Z,-26.0,-8.0,0,0,2026-05-08T02:19:05.189065+00:00,DL1278,N981AT,DL,JAN,ATL
FFT3454-1777794329-airline-95p,2026-05-05T21:48:00,2026-05-05T22:57:00Z,69.0,65.0,0,0,2026-05-08T02:17:23.840478+00:00,F93454,N374FR,F9,ATL,LGA
DAL527-1777782074-fa-1080p,2026-05-05T22:54:00,2026-05-05T22:56:00Z,2.0,-11.0,0,0,2026-05-08T02:17:23.840478+00:00,DL527,N950DZ,DL,ATL,SAV
DAL976-1777782298-fa-84p,2026-05-05T23:30:00,2026-05-05T22:56:00Z,-34.0,-14.0,0,0,2026-05-08T02:19:05.189065+00:00,DL976,N915AT,DL,ILM,ATL
DAL26-1777781717-fa-2383p,2026-05-05T23:33:00,2026-05-05T22:56:00Z,-37.0,-11.0,0,0,2026-05-08T02:19:05.189065+00:00,DL26,N526DN,DL,ICN,ATL
DAL2816-1777781546-fa-1157p,2026-05-05T22:58:00,2026-05-05T22:55:00Z,-3.0,-8.0,0,0,2026-05-06T02:32:26.245901+00:00,DL2816,N316NB,DL,ORD,BOS
SWA286-1777792004-airline-1215p,2026-05-05T22:00:00,2026-05-05T22:55:00Z,55.0,72.0,0,0,2026-05-08T02:17:23.840478+00:00,WN286,N259WN,WN,ATL,TPA
EDV5247-1777784419-airline-824p,2026-05-05T23:05:00,2026-05-05T22:55:00Z,-10.0,-5.0,0,0,2026-05-08T02:17:23.840478+00:00,9E5247,N316PQ,9E,ATL,ROA
UAL521-1777766632-fa-1396p,2026-05-05T22:25:00,2026-05-05T22:55:00Z,30.0,43.0,0,0,2026-05-08T02:17:23.840478+00:00,UA521,N33714,UA,ATL,IAH
EDV5389-1777758097-fa-2187p,2026-05-05T23:10:00,2026-05-05T22:55:00Z,-15.0,-8.0,0,0,2026-05-08T02:19:05.189065+00:00,9E5389,N272PQ,9E,BMI,ATL
DAL2174-1777782299-fa-954p,2026-05-05T23:19:00,2026-05-05T22:55:00Z,-24.0,-6.0,0,0,2026-05-08T02:19:05.189065+00:00,DL2174,N927AT,DL,CHS,ATL
EDV5529-1777786044-airline-103p,2026-05-05T21:35:00,2026-05-05T22:54:00Z,79.0,89.0,0,0,2026-05-08T02:17:23.840478+00:00,9E5529,N367CA,9E,ATL,LFT
DAL1506-1777781799-fa-406p,2026-05-05T23:26:00,2026-05-05T22:54:00Z,-32.0,-19.0,0,0,2026-05-08T02:19:05.189065+00:00,DL1506,N383DN,DL,VPS,ATL
EDV4920-1777793043-airline-1599p,2026-05-05T20:20:00,2026-05-05T22:54:00Z,154.0,140.0,0,0,2026-05-08T02:19:05.189065+00:00,9E4920,N668CA,9E,ELH,ATL
DAL1097-1777781172-fa-398p,2026-05-05T22:54:00,2026-05-05T22:53:00Z,-1.0,2.0,0,0,2026-05-08T02:17:23.840478+00:00,DL1097,N318DX,DL,ATL,RDU
UAL516-1777766601-fa-135p,2026-05-05T22:00:00,2026-05-05T22:53:00Z,53.0,57.0,0,0,2026-05-08T02:17:23.840478+00:00,UA516,N853UA,UA,ATL,ORD
AAL1045-1777787792-airline-771p,2026-05-05T23:17:00,2026-05-05T22:53:00Z,-24.0,-9.0,0,0,2026-05-08T02:19:05.189065+00:00,AA1045,N716UW,AA,MIA,ATL
DAL1020-1777781586-fa-767p,2026-05-05T21:59:00,2026-05-05T22:53:00Z,54.0,67.0,0,0,2026-05-08T02:19:05.189065+00:00,DL1020,N333DX,DL,DCA,ATL
DAL1831-1777781150-fa-993p,2026-05-05T22:39:00,2026-05-05T22:52:00Z,13.0,-5.0,0,0,2026-05-08T02:19:05.189065+00:00,DL1831,N694DL,DL,GUA,ATL
DAL1329-1777781323-fa-194p,2026-05-05T22:23:00,2026-05-05T22:51:00Z,28.0,-6.0,0,0,2026-05-08T02:17:23.840478+00:00,DL1329,N310DN,DL,ATL,PHL
DAL997-1777781196-fa-1149p,2026-05-05T22:41:00,2026-05-05T22:51:00Z,10.0,12.0,0,0,2026-05-08T02:17:23.840478+00:00,DL997,N372DN,DL,ATL,LGA
DAL1126-1777782022-fa-3p,2026-05-05T23:15:00,2026-05-05T22:50:00Z,-25.0,-5.0,0,0,2026-05-08T02:19:05.189065+00:00,DL1126,N920DU,DL,SDF,ATL
DAL1497-1777782246-fa-1667p,2026-05-05T22:45:00,2026-05-05T22:49:00Z,4.0,-2.0,0,0,2026-05-08T02:17:23.840478+00:00,DL1497,N822DX,DL,ATL,MCO
DAL1470-1777782042-fa-1308p,2026-05-05T22:41:00,2026-05-05T22:48:00Z,7.0,-5.0,0,0,2026-05-08T02:17:23.840478+00:00,DL1470,N917DU,DL,ATL,MCI
DAL1125-1777782308-fa-1328p,2026-05-05T23:16:00,2026-05-05T22:48:00Z,-28.0,-1.0,0,0,2026-05-08T02:19:05.189065+00:00,DL1125,N998AT,DL,OMA,ATL
FFT1003-1777794175-airline-1508p,2026-05-05T23:01:00,2026-05-05T22:48:00Z,-13.0,-3.0,0,0,2026-05-08T02:19:05.189065+00:00,F91003,N436FR,F9,PHL,ATL
DAL2750-1777781859-fa-1108p,2026-05-05T22:42:00,2026-05-05T22:47:00Z,5.0,14.0,0,0,2026-05-08T02:17:23.840478+00:00,DL2750,N3772H,DL,ATL,CLE
EDV5287-1777793043-airline-2052p,2026-05-05T23:29:00,2026-05-05T22:47:00Z,-42.0,-17.0,0,0,2026-05-08T02:19:05.189065+00:00,9E5287,N355CA,9E,ABY,ATL
SWA1777-1777795268-airline-1439p,2026-05-05T22:55:00,2026-05-05T22:47:00Z,-8.0,17.0,0,0,2026-05-08T02:19:05.189065+00:00,WN1777,N8788L,WN,DEN,ATL
DAL3095-1777781920-fa-116p,2026-05-05T22:54:00,2026-05-05T22:45:00Z,-9.0,-5.0,0,0,2026-05-08T02:19:05.189065+00:00,DL3095,N865DN,DL,GSP,ATL
EDV5112-1777760136-fa-1803p,2026-05-05T23:01:00,2026-05-05T22:44:00Z,-17.0,-7.0,0,0,2026-05-08T02:17:23.840478+00:00,9E5112,N925XJ,9E,ATL,TYS
SWA3933-1777786296-airline-1708p,2026-05-05T22:50:00,2026-05-05T22:44:00Z,-6.0,-2.0,0,0,2026-05-08T02:17:23.840478+00:00,WN3933,N263WN,WN,ATL,MSY
AAL1796-1777792886-airline-4822p,2026-05-05T22:55:00,2026-05-05T22:44:00Z,-11.0,-9.0,0,0,2026-05-08T02:17:23.840478+00:00,AA1796,N738US,AA,ATL,MIA
FFT3053-1777794175-airline-1746p,2026-05-05T22:55:00,2026-05-05T22:44:00Z,-11.0,-6.0,0,0,2026-05-08T02:19:05.189065+00:00,F93053,N369FR,F9,TPA,ATL
DAL3101-1777782295-fa-350p,2026-05-05T23:13:00,2026-05-05T22:43:00Z,-30.0,-14.0,0,0,2026-05-08T02:19:05.189065+00:00,DL3101,N924AT,DL,AVL,ATL
DAL327-1777782242-fa-891p,2026-05-05T23:05:00,2026-05-05T22:43:00Z,-22.0,-3.0,0,0,2026-05-08T02:19:05.189065+00:00,DL327,N722TW,DL,SNA,ATL
DAL2266-1777781315-fa-1784p,2026-05-05T23:11:00,2026-05-05T22:42:00Z,-29.0,-9.0,0,0,2026-05-08T02:19:05.189065+00:00,DL2266,N312DN,DL,BUF,ATL
JIA5026-1777783643-airline-135p,2026-05-05T22:25:00,2026-05-05T22:42:00Z,17.0,38.0,0,0,2026-05-08T02:19:05.189065+00:00,OH5026,N570NN,OH,PHL,ATL
SWA1473-1777794866-airline-1379p,2026-05-05T22:35:00,2026-05-05T22:41:00Z,6.0,6.0,0,0,2026-05-08T02:17:23.840478+00:00,WN1473,N8564Z,WN,ATL,DAL
DAL399-1777781353-fa-1386p,2026-05-05T22:54:00,2026-05-05T22:41:00Z,-13.0,-4.0,0,0,2026-05-08T02:19:05.189065+00:00,DL399,N535DN,DL,BOS,ATL
DAL554-1777781965-fa-465p,2026-05-05T22:54:00,2026-05-05T22:41:00Z,-13.0,4.0,0,0,2026-05-08T02:19:05.189065+00:00,DL554,N861DN,DL,SEA,ATL
DAL1882-1777781212-fa-330p,2026-05-05T22:46:00,2026-05-05T22:41:00Z,-5.0,-1.0,0,0,2026-05-08T02:19:05.189065+00:00,DL1882,N1200K,DL,SJU,ATL
UAL702-1777766707-fa-884p,2026-05-05T22:06:00,2026-05-05T22:41:00Z,35.0,23.0,0,0,2026-05-08T02:19:05.189065+00:00,UA702,N17422,UA,SFO,ATL
DAL587-1777781873-fa-419p,2026-05-05T22:41:00,2026-05-05T22:41:00Z,0.0,-7.0,0,0,2026-05-08T02:19:05.189065+00:00,DL587,N776DE,DL,MEX,ATL
DAL3053-1777782306-fa-557p,2026-05-05T23:00:00,2026-05-05T22:40:00Z,-20.0,-13.0,0,0,2026-05-08T02:17:23.840478+00:00,DL3053,N960AT,DL,ATL,ECP
DAL1295-1777781284-fa-874p,2026-05-05T22:28:00,2026-05-05T22:40:00Z,12.0,15.0,0,0,2026-05-08T02:17:23.840478+00:00,DL1295,N344DN,DL,ATL,FLL
DAL1594-1777781274-fa-899p,2026-05-05T22:50:00,2026-05-05T22:39:00Z,-11.0,-5.0,0,0,2026-05-08T02:17:23.840478+00:00,DL1594,N306DN,DL,ATL,TPA
DAL1393-1777782064-fa-752p,2026-05-05T22:44:00,2026-05-05T22:38:00Z,-6.0,-8.0,0,0,2026-05-08T02:17:23.840478+00:00,DL1393,N942DZ,DL,ATL,STL
DAL3115-1777782067-fa-1500p,2026-05-05T22:53:00,2026-05-05T22:37:00Z,-16.0,-7.0,0,0,2026-05-08T02:17:23.840478+00:00,DL3115,N943DZ,DL,ATL,SRQ
DAL1960-1777781583-fa-1083p,2026-05-05T22:51:00,2026-05-05T22:37:00Z,-14.0,-5.0,0,0,2026-05-08T02:17:23.840478+00:00,DL1960,N372NW,DL,ATL,IAH
EDV4993-1777784077-airline-1180p,2026-05-05T23:06:00,2026-05-05T22:37:00Z,-29.0,-17.0,0,0,2026-05-08T02:19:05.189065+00:00,9E4993,N390CA,9E,VLD,ATL
DAL1729-1777782306-fa-549p,2026-05-05T22:58:00,2026-05-05T22:36:00Z,-22.0,-14.0,0,0,2026-05-08T02:19:05.189065+00:00,DL1729,N955AT,DL,TYS,ATL
DAL942-1777782307-fa-899p,2026-05-05T22:47:00,2026-05-05T22:36:00Z,-11.0,3.0,0,0,2026-05-08T02:19:05.189065+00:00,DL942,N608AT,DL,SGF,ATL
EDV5245-1777784077-airline-1171p,2026-05-05T23:00:00,2026-05-05T22:36:00Z,-24.0,-12.0,0,0,2026-05-08T02:19:05.189065+00:00,9E5245,N391CA,9E,BQK,ATL
FFT4025-1777784511-airline-1329p,2026-05-05T23:02:00,2026-05-05T22:36:00Z,-26.0,-13.0,0,0,2026-05-08T02:19:05.189065+00:00,F94025,N615FR,F9,MCO,ATL
DAL3179-1777782052-fa-520p,2026-05-05T22:52:00,2026-05-05T22:34:00Z,-18.0,-8.0,0,0,2026-05-08T02:17:23.840478+00:00,DL3179,N879DN,DL,ATL,CHS
DAL2545-1777782058-fa-1776p,2026-05-05T22:46:00,2026-05-05T22:34:00Z,-12.0,-3.0,0,0,2026-05-08T02:19:05.189065+00:00,DL2545,N937DZ,DL,CLE,ATL
DAL2627-1777782244-fa-2266p,2026-05-05T21:53:00,2026-05-05T22:33:00Z,40.0,41.0,0,0,2026-05-08T02:17:23.840478+00:00,DL2627,N706TW,DL,ATL,JAX
DAL2902-1777781496-fa-953p,2026-05-05T22:19:00,2026-05-05T22:33:00Z,14.0,17.0,0,0,2026-05-08T02:17:23.840478+00:00,DL2902,N325NB,DL,ATL,IAD
DAL512-1777782296-fa-888p,2026-05-05T22:58:00,2026-05-05T22:33:00Z,-25.0,-7.0,0,0,2026-05-08T02:19:05.189065+00:00,DL512,N896AT,DL,DAL,ATL
DAL2104-1777781295-fa-1334p,2026-05-05T22:53:00,2026-05-05T22:33:00Z,-20.0,-4.0,0,0,2026-05-08T02:19:05.189065+00:00,DL2104,N338DN,DL,AUS,ATL
DAL1132-1777782294-fa-895p,2026-05-05T22:38:00,2026-05-05T22:32:00Z,-6.0,-3.0,0,0,2026-05-08T02:17:23.840478+00:00,DL1132,N948AT,DL,ATL,BHM
DAL3142-1777781845-fa-4332p,2026-05-05T22:25:00,2026-05-05T22:32:00Z,7.0,15.0,0,0,2026-05-08T02:19:05.189065+00:00,DL3142,N3764D,DL,BNA,ATL
DAL906-1777781406-fa-403p,2026-05-05T22:56:00,2026-05-05T22:31:00Z,-25.0,-2.0,0,0,2026-05-08T02:19:05.189065+00:00,DL906,N369DN,DL,SLC,ATL
DAL2220-1777782295-fa-345p,2026-05-05T22:17:00,2026-05-05T22:30:00Z,13.0,21.0,0,0,2026-05-08T02:17:23.840478+00:00,DL2220,N920AT,DL,ATL,GNV
EDV5161-1777769557-fa-1481p,2026-05-05T22:45:00,2026-05-05T22:29:00Z,-16.0,-5.0,0,0,2026-05-08T02:17:23.840478+00:00,9E5161,N928XJ,9E,ATL,MGM
DAL3122-1777782060-fa-1588p,2026-05-05T22:39:00,2026-05-05T22:29:00Z,-10.0,-7.0,0,0,2026-05-08T02:17:23.840478+00:00,DL3122,N939DZ,DL,ATL,PIT
DAL1323-1777782222-fa-1624p,2026-05-05T22:48:00,2026-05-05T22:29:00Z,-19.0,-4.0,0,0,2026-05-08T02:19:05.189065+00:00,DL1323,N557NW,DL,MIA,ATL
DAL945-1777781659-fa-968p,2026-05-05T22:59:00,2026-05-05T22:29:00Z,-30.0,-2.0,0,0,2026-05-08T02:19:05.189065+00:00,DL945,N818NW,DL,LAS,ATL
EDV5105-1777758895-fa-1685p,2026-05-05T22:24:00,2026-05-05T22:27:00Z,3.0,11.0,0,0,2026-05-08T02:17:23.840478+00:00,9E5105,N379CA,9E,ATL,CRW
DAL950-1777781591-fa-1158p,2026-05-05T22:36:00,2026-05-05T22:27:00Z,-9.0,-8.0,0,0,2026-05-08T02:17:23.840478+00:00,DL950,N366NW,DL,ATL,DCA
DAL2006-1777782306-fa-1618p,2026-05-05T22:45:00,2026-05-05T22:27:00Z,-18.0,-8.0,0,0,2026-05-08T02:17:23.840478+00:00,DL2006,N947AT,DL,ATL,DSM
DAL2067-1777782093-fa-1364p,2026-05-05T22:39:00,2026-05-05T22:26:00Z,-13.0,-5.0,0,0,2026-05-08T02:17:23.840478+00:00,DL2067,N539DN,DL,ATL,DTW
DAL1742-1777782210-fa-1673p,2026-05-05T21:40:00,2026-05-05T22:25:00Z,45.0,31.0,0,0,2026-05-08T02:17:23.840478+00:00,DL1742,N689DL,DL,ATL,MCO
DAL3134-1777782082-fa-123p,2026-05-05T22:39:00,2026-05-05T22:25:00Z,-14.0,-8.0,0,0,2026-05-08T02:19:05.189065+00:00,DL3134,N958DZ,DL,IND,ATL
DAL1328-1777781153-fa-699p,2026-05-05T22:35:00,2026-05-05T22:24:00Z,-11.0,-1.0,0,0,2026-05-08T02:17:23.840478+00:00,DL1328,N6709,DL,ATL,MIA
EDV5541-1777982050-fa-1087p,2026-05-05T22:00:00,2026-05-05T22:24:00Z,24.0,-2.0,0,0,2026-05-08T02:17:23.840478+00:00,9E5541,N176PQ,9E,ATL,OAJ
DAL2050-1777781402-fa-808p,2026-05-05T22:35:00,2026-05-05T22:24:00Z,-11.0,-6.0,0,0,2026-05-08T02:17:23.840478+00:00,DL2050,N367DN,DL,ATL,BUF
EDV5185-1777784077-airline-1185p,2026-05-05T22:04:00,2026-05-05T22:23:00Z,19.0,27.0,0,0,2026-05-08T02:17:23.840478+00:00,9E5185,N669CA,9E,ATL,MLU
DAL959-1777781265-fa-395p,2026-05-05T22:28:00,2026-05-05T22:23:00Z,-5.0,8.0,0,0,2026-05-08T02:17:23.840478+00:00,DL959,N357DN,DL,ATL,PBI
EDV5377-1777763312-fa-516p,2026-05-05T22:43:00,2026-05-05T22:22:00Z,-21.0,-9.0,0,0,2026-05-08T02:17:23.840478+00:00,9E5377,N293PQ,9E,ATL,DHN
DAL1816-1777781869-fa-1050p,2026-05-05T22:48:00,2026-05-05T22:22:00Z,-26.0,-1.0,0,0,2026-05-08T02:19:05.189065+00:00,DL1816,N3751B,DL,PVR,ATL
DAL2892-1777781827-fa-126p,2026-05-05T22:41:00,2026-05-05T22:22:00Z,-19.0,-5.0,0,0,2026-05-08T02:19:05.189065+00:00,DL2892,N3740C,DL,CMH,ATL
RPA4582-1777788725-airline-4548p,2026-05-05T22:34:00,2026-05-05T22:22:00Z,-12.0,-6.0,0,0,2026-05-08T02:19:05.189065+00:00,YX4582,N119HQ,YX,LGA,ATL
EDV5508-1777786827-airline-1232p,2026-05-05T22:39:00,2026-05-05T22:21:00Z,-18.0,-5.0,0,0,2026-05-08T02:17:23.840478+00:00,9E5508,N181GJ,9E,ATL,TRI
DAL2799-1777782014-fa-1452p,2026-05-05T22:14:00,2026-05-05T22:20:00Z,6.0,-7.0,0,0,2026-05-08T02:17:23.840478+00:00,DL2799,N835DN,DL,ATL,BWI
DAL3157-1777781397-fa-85p,2026-05-05T22:02:00,2026-05-05T22:20:00Z,18.0,28.0,0,0,2026-05-08T02:19:05.189065+00:00,DL3157,N334DN,DL,MSY,ATL
SWA2291-1777789633-airline-1512p,2026-05-05T22:40:00,2026-05-05T22:20:00Z,-20.0,-3.0,0,0,2026-05-08T02:19:05.189065+00:00,WN2291,N439WN,WN,HOU,ATL
SWA232-1777789633-airline-1538p,2026-05-05T22:10:00,2026-05-05T22:18:00Z,8.0,-1.0,0,0,2026-05-08T02:17:23.840478+00:00,WN232,N480WN,WN,ATL,DCA
DAL1167-1777782216-fa-909p,2026-05-05T22:32:00,2026-05-05T22:18:00Z,-14.0,-3.0,0,0,2026-05-08T02:19:05.189065+00:00,DL1167,N6704Z,DL,TPA,ATL
SWA3453-1777792004-airline-1740p,2026-05-05T21:25:00,2026-05-05T22:18:00Z,53.0,50.0,0,0,2026-05-08T02:19:05.189065+00:00,WN3453,N8682B,WN,MDW,ATL
DAL1919-1777781322-fa-135p,2026-05-05T22:41:00,2026-05-05T22:18:00Z,-23.0,-11.0,0,0,2026-05-08T02:19:05.189065+00:00,DL1919,N332DN,DL,PUJ,ATL
DAL838-1777781353-fa-1562p,2026-05-05T22:50:00,2026-05-05T22:17:00Z,-33.0,-15.0,0,0,2026-05-08T02:19:05.189065+00:00,DL838,N350DN,DL,PBI,ATL
DAL2314-1777781489-fa-1022p,2026-05-05T22:24:00,2026-05-05T22:17:00Z,-7.0,5.0,0,0,2026-05-08T02:19:05.189065+00:00,DL2314,N333NB,DL,PVD,ATL
DAL1959-1777781837-fa-1723p,2026-05-05T22:38:00,2026-05-05T22:15:00Z,-23.0,-15.0,0,0,2026-05-08T02:19:05.189065+00:00,DL1959,N371DA,DL,PLS,ATL
EDV5002-1777789074-airline-183p,2026-05-05T22:19:00,2026-05-05T22:14:00Z,-5.0,-1.0,0,0,2026-05-08T02:17:23.840478+00:00,9E5002,N340CA,9E,ATL,FAY
DAL1693-1777782089-fa-1323p,2026-05-05T21:50:00,2026-05-05T22:14:00Z,24.0,6.0,0,0,2026-05-08T02:17:23.840478+00:00,DL1693,N962DZ,DL,ATL,BNA
DAL1346-1777782023-fa-1075p,2026-05-05T22:19:00,2026-05-05T22:13:00Z,-6.0,-5.0,0,0,2026-05-08T02:17:23.840478+00:00,DL1346,N827DN,DL,ATL,ORF
DAL693-1777781760-fa-1014p,2026-05-05T22:29:00,2026-05-05T22:11:00Z,-18.0,-6.0,0,0,2026-05-08T02:17:23.840478+00:00,DL693,N398DA,DL,ATL,CMH
EDV5144-1777756348-fa-352p,2026-05-05T22:18:00,2026-05-05T22:11:00Z,-7.0,-7.0,0,0,2026-05-08T02:17:23.840478+00:00,9E5144,N313PQ,9E,ATL,EVV
DAL1029-1777781957-fa-762p,2026-05-05T22:40:00,2026-05-05T22:11:00Z,-29.0,-9.0,0,0,2026-05-08T02:19:05.189065+00:00,DL1029,N892DN,DL,JFK,ATL
DAL1550-1777782065-fa-47p,2026-05-05T22:25:00,2026-05-05T22:11:00Z,-14.0,-1.0,0,0,2026-05-08T02:19:05.189065+00:00,DL1550,N955DZ,DL,RDU,ATL
DAL1036-1777781993-fa-392p,2026-05-05T22:25:00,2026-05-05T22:09:00Z,-16.0,-5.0,0,0,2026-05-08T02:19:05.189065+00:00,DL1036,N877DN,DL,MSP,ATL
DAL1437-1777782079-fa-556p,2026-05-05T22:24:00,2026-05-05T22:09:00Z,-15.0,-3.0,0,0,2026-05-08T02:19:05.189065+00:00,DL1437,N949DZ,DL,RIC,ATL
DAL2730-1777782301-fa-986p,2026-05-05T22:35:00,2026-05-05T22:07:00Z,-28.0,-11.0,0,0,2026-05-08T02:19:05.189065+00:00,DL2730,N995AT,DL,BTR,ATL
DAL1467-1777781908-fa-347p,2026-05-05T22:25:00,2026-05-05T22:06:00Z,-19.0,-3.0,0,0,2026-05-08T02:19:05.189065+00:00,DL1467,N802DN,DL,DTW,ATL
DAL3163-1777782045-fa-1053p,2026-05-05T22:25:00,2026-05-05T22:05:00Z,-20.0,-5.0,0,0,2026-05-08T02:19:05.189065+00:00,DL3163,N931DQ,DL,BHM,ATL
DAL1613-1777781291-fa-289p,2026-05-05T22:20:00,2026-05-05T22:05:00Z,-15.0,-6.0,0,0,2026-05-08T02:19:05.189065+00:00,DL1613,N319DN,DL,FLL,ATL
DAL3158-1777782299-fa-671p,2026-05-05T22:11:00,2026-05-05T22:04:00Z,-7.0,-5.0,0,0,2026-05-08T02:17:23.840478+00:00,DL3158,N991AT,DL,ATL,CLT
DAL1800-1777781772-fa-1122p,2026-05-05T22:15:00,2026-05-05T22:04:00Z,-11.0,-7.0,0,0,2026-05-08T02:19:05.189065+00:00,DL1800,N3734B,DL,MBJ,ATL
SWA3237-1777792004-airline-1537p,2026-05-05T19:40:00,2026-05-05T22:03:00Z,143.0,168.0,0,0,2026-05-08T02:19:05.189065+00:00,WN3237,N872CB,WN,DEN,ATL
DAL3014-1777756494-fa-1026p,2026-05-05T22:11:00,2026-05-05T22:03:00Z,-8.0,-5.0,0,0,2026-05-08T02:19:05.189065+00:00,DL3014,N928DU,DL,SAV,ATL
UAL1848-1777766707-fa-883p,2026-05-05T22:28:00,2026-05-05T22:02:00Z,-26.0,-7.0,0,0,2026-05-08T02:19:05.189065+00:00,UA1848,N873UA,UA,EWR,ATL
DAL1804-1777781958-fa-901p,2026-05-05T22:29:00,2026-05-05T22:01:00Z,-28.0,-12.0,0,0,2026-05-08T02:19:05.189065+00:00,DL1804,N864DN,DL,GDL,ATL
DAL3133-1777782309-fa-4433p,2026-05-05T22:21:00,2026-05-05T22:01:00Z,-20.0,-13.0,0,0,2026-05-08T02:19:05.189065+00:00,DL3133,N971AT,DL,GNV,ATL
DAL3063-1777782313-fa-261p,2026-05-05T22:09:00,2026-05-05T22:00:00Z,-9.0,-8.0,0,0,2026-05-08T02:17:23.840478+00:00,DL3063,N937AT,DL,ATL,GPT
DAL528-1777781167-fa-731p,2026-05-05T21:46:00,2026-05-05T22:00:00Z,14.0,30.0,0,0,2026-05-08T02:19:05.189065+00:00,DL528,N687DL,DL,LAX,ATL
SKW3648-1777755515-fa-653p,2026-05-05T19:04:00,2026-05-05T21:59:00Z,175.0,168.0,0,0,2026-05-08T02:19:05.189065+00:00,OO3648,N309SY,OO,XNA,ATL
DAL3143-1777782302-fa-1133p,2026-05-05T22:24:00,2026-05-05T21:58:00Z,-26.0,-8.0,0,0,2026-05-08T02:19:05.189065+00:00,DL3143,N997AT,DL,LEX,ATL
SWA4529-1777786389-airline-5190p,2026-05-05T21:55:00,2026-05-05T21:58:00Z,3.0,4.0,0,0,2026-05-08T02:19:05.189065+00:00,WN4529,N8715Q,WN,TPA,ATL
DAL1545-1777782293-fa-829p,2026-05-05T21:49:00,2026-05-05T21:56:00Z,7.0,20.0,0,0,2026-05-08T02:17:23.840478+00:00,DL1545,N895AT,DL,ATL,TLH
DAL1002-1777781758-fa-180p,2026-05-05T22:21:00,2026-05-05T21:56:00Z,-25.0,-2.0,0,0,2026-05-08T02:19:05.189065+00:00,DL1002,N378DA,DL,ELP,ATL
DAL1093-1777781573-fa-3146p,2026-05-05T22:06:00,2026-05-05T21:55:00Z,-11.0,-3.0,0,0,2026-05-08T02:17:23.840478+00:00,DL1093,N357NW,DL,ATL,MYR
FFT3782-1777794329-airline-108p,2026-05-05T16:35:00,2026-05-05T21:55:00Z,320.0,90.0,0,0,2026-05-08T02:17:23.840478+00:00,F93782,N379FR,F9,ATL,TPA
DAL2539-1777782300-fa-819p,2026-05-05T22:19:00,2026-05-05T21:55:00Z,-24.0,-5.0,0,0,2026-05-08T02:19:05.189065+00:00,DL2539,N974AT,DL,GSO,ATL
DAL1805-1777781807-fa-994p,2026-05-05T21:53:00,2026-05-05T21:55:00Z,2.0,5.0,0,0,2026-05-08T02:19:05.189065+00:00,DL1805,N3741S,DL,SAP,ATL
ETD13-1777785703-airline-1095p,2026-05-05T20:30:00,2026-05-05T21:55:00Z,85.0,18.0,0,0,2026-05-08T02:19:05.189065+00:00,EY13,A6-BNF,EY,AUH,ATL
DAL2322-1777781972-fa-1660p,2026-05-05T21:51:00,2026-05-05T21:53:00Z,2.0,7.0,0,0,2026-05-08T02:19:05.189065+00:00,DL2322,N824DN,DL,EWR,ATL
DAL1572-1777781406-fa-408p,2026-05-05T22:04:00,2026-05-05T21:52:00Z,-12.0,13.0,0,0,2026-05-08T02:19:05.189065+00:00,DL1572,N374DX,DL,IAH,ATL
DAL3088-1777782299-fa-974p,2026-05-05T21:59:00,2026-05-05T21:51:00Z,-8.0,-5.0,0,0,2026-05-08T02:17:23.840478+00:00,DL3088,N926AT,DL,ATL,DAY
DAL2427-1777781734-fa-473p,2026-05-05T22:10:00,2026-05-05T21:51:00Z,-19.0,3.0,0,0,2026-05-08T02:19:05.189065+00:00,DL2427,N3735D,DL,COS,ATL
JBU220-1777786731-airline-2042p,2026-05-05T22:10:00,2026-05-05T21:51:00Z,-19.0,-10.0,0,0,2026-05-08T02:19:05.189065+00:00,B6220,N606JB,B6,JFK,ATL
DAL725-1777781148-fa-161p,2026-05-05T22:18:00,2026-05-05T21:51:00Z,-27.0,7.0,0,0,2026-05-08T02:19:05.189065+00:00,DL725,N659DL,DL,SAN,ATL
DAL1823-1777782224-fa-768p,2026-05-05T21:32:00,2026-05-05T21:50:00Z,18.0,26.0,0,0,2026-05-08T02:19:05.189065+00:00,DL1823,N693DL,DL,STT,ATL
DAL1873-1777782228-fa-3406p,2026-05-05T22:04:00,2026-05-05T21:50:00Z,-14.0,-3.0,0,0,2026-05-08T02:19:05.189065+00:00,DL1873,N6715C,DL,SXM,ATL
UAL356-1777766706-fa-421p,2026-05-05T21:38:00,2026-05-05T21:49:00Z,11.0,3.0,0,0,2026-05-08T02:19:05.189065+00:00,UA356,N17401,UA,ORD,ATL
DAL67-1777781694-fa-776p,2026-05-05T22:13:00,2026-05-05T21:49:00Z,-24.0,-8.0,0,0,2026-05-08T02:19:05.189065+00:00,DL67,N416DX,DL,FCO,ATL
DAL3043-1777782300-fa-822p,2026-05-05T21:58:00,2026-05-05T21:48:00Z,-10.0,-4.0,0,0,2026-05-08T02:17:23.840478+00:00,DL3043,N953AT,DL,ATL,MLB
DAL1772-1777781939-fa-1086p,2026-05-05T22:14:00,2026-05-05T21:48:00Z,-26.0,-17.0,0,0,2026-05-08T02:19:05.189065+00:00,DL1772,N838DN,DL,TQO,ATL
DAL1700-1777782067-fa-152p,2026-05-05T21:54:00,2026-05-05T21:47:00Z,-7.0,-4.0,0,0,2026-05-08T02:17:23.840478+00:00,DL1700,N947DZ,DL,ATL,MEM
DAL3037-1777782308-fa-1339p,2026-05-05T22:22:00,2026-05-05T21:47:00Z,-35.0,-12.0,0,0,2026-05-08T02:19:05.189065+00:00,DL3037,N894AT,DL,CLT,ATL
DAL2211-1777782310-fa-845p,2026-05-05T21:40:00,2026-05-05T21:46:00Z,6.0,10.0,0,0,2026-05-08T02:17:23.840478+00:00,DL2211,N919AT,DL,ATL,PNS
DAL995-1777781425-fa-999p,2026-05-05T22:17:00,2026-05-05T21:46:00Z,-31.0,-7.0,0,0,2026-05-08T02:19:05.189065+00:00,DL995,N394DX,DL,DEN,ATL
DAL2086-1777782311-fa-870p,2026-05-05T21:49:00,2026-05-05T21:46:00Z,-3.0,19.0,0,0,2026-05-08T02:19:05.189065+00:00,DL2086,N929AT,DL,DSM,ATL
EDV5308-1777754041-fa-1478p,2026-05-05T22:04:00,2026-05-05T21:45:00Z,-19.0,-6.0,0,0,2026-05-08T02:19:05.189065+00:00,9E5308,N319PQ,9E,LFT,ATL
DAL1803-1777781934-fa-1200p,2026-05-05T22:23:00,2026-05-05T21:45:00Z,-38.0,-13.0,0,0,2026-05-08T02:19:05.189065+00:00,DL1803,N834DN,DL,SDQ,ATL
FFT3975-1777794329-airline-121p,2026-05-05T20:58:00,2026-05-05T21:43:00Z,45.0,25.0,0,0,2026-05-08T02:19:05.189065+00:00,F93975,N636FR,F9,MCO,ATL
DAL2747-1777781990-fa-1328p,2026-05-05T22:08:00,2026-05-05T21:42:00Z,-26.0,-5.0,0,0,2026-05-08T02:19:05.189065+00:00,DL2747,N876DN,DL,MCI,ATL
SWA3001-1777792004-airline-1329p,2026-05-05T21:55:00,2026-05-05T21:42:00Z,-13.0,-1.0,0,0,2026-05-08T02:19:05.189065+00:00,WN3001,N8610A,WN,MCI,ATL
DAL409-1777782093-fa-474p,2026-05-05T20:58:00,2026-05-05T21:41:00Z,43.0,-4.0,0,0,2026-05-08T02:19:05.189065+00:00,DL409,N963DZ,DL,MSY,ATL
UAL620-1777788165-airline-1005p,2026-05-05T22:07:00,2026-05-05T21:39:00Z,-28.0,3.0,0,0,2026-05-06T02:32:29.368666+00:00,UA620,N17417,UA,STI,EWR
FFT1550-1777794175-airline-1586p,2026-05-05T21:45:00,2026-05-05T21:39:00Z,-6.0,-10.0,0,0,2026-05-08T02:17:23.840478+00:00,F91550,N341FR,F9,ATL,JAX
SWA1275-1777794866-airline-1190p,2026-05-05T21:35:00,2026-05-05T21:38:00Z,3.0,26.0,0,0,2026-05-08T02:19:05.189065+00:00,WN1275,N428WN,WN,DAL,ATL
DAL3169-1777782042-fa-1309p,2026-05-05T21:51:00,2026-05-05T21:38:00Z,-13.0,1.0,0,0,2026-05-08T02:19:05.189065+00:00,DL3169,N814DN,DL,CVG,ATL
DAL3032-1777782306-fa-2190p,2026-05-05T20:59:00,2026-05-05T21:36:00Z,37.0,39.0,0,0,2026-05-08T02:17:23.840478+00:00,DL3032,N717JL,DL,ATL,CAE
DAL3027-1777782304-fa-1678p,2026-05-05T21:44:00,2026-05-05T21:36:00Z,-8.0,-2.0,0,0,2026-05-08T02:19:05.189065+00:00,DL3027,N892AT,DL,LIT,ATL
EDV5376-1777759893-fa-1586p,2026-05-05T21:44:00,2026-05-05T21:34:00Z,-10.0,-2.0,0,0,2026-05-08T02:17:23.840478+00:00,9E5376,N138EV,9E,ATL,CHA
DAL1381-1777782077-fa-156p,2026-05-05T21:53:00,2026-05-05T21:34:00Z,-19.0,-5.0,0,0,2026-05-08T02:19:05.189065+00:00,DL1381,N954DZ,DL,CHS,ATL
DAL1246-1777781785-fa-1315p,2026-05-05T21:51:00,2026-05-05T21:32:00Z,-19.0,-8.0,0,0,2026-05-08T02:19:05.189065+00:00,DL1246,N385DN,DL,MKE,ATL
AFR32-1777788009-airline-1457p,2026-05-05T21:25:00,2026-05-05T21:32:00Z,7.0,5.0,0,0,2026-05-08T02:19:05.189065+00:00,AF32,F-GSPU,AF,CDG,ATL
DAL1976-1777781381-fa-2359p,2026-05-05T21:55:00,2026-05-05T21:31:00Z,-24.0,-18.0,0,0,2026-05-08T02:19:05.189065+00:00,DL1976,N358DN,DL,NAS,ATL
DAL1802-1777781266-fa-810p,2026-05-05T21:45:00,2026-05-05T21:31:00Z,-14.0,-10.0,0,0,2026-05-08T02:19:05.189065+00:00,DL1802,N341DN,DL,BZE,ATL
EDV5374-1777784077-airline-1172p,2026-05-05T21:47:00,2026-05-05T21:30:00Z,-17.0,-4.0,0,0,2026-05-08T02:17:23.840478+00:00,9E5374,N195PQ,9E,ATL,CSG
DAL3026-1777782297-fa-1180p,2026-05-05T21:42:00,2026-05-05T21:29:00Z,-13.0,-7.0,0,0,2026-05-08T02:17:23.840478+00:00,DL3026,N961AT,DL,ATL,HSV
DAL2279-1777781310-fa-611p,2026-05-05T21:53:00,2026-05-05T21:29:00Z,-24.0,-5.0,0,0,2026-05-08T02:19:05.189065+00:00,DL2279,N330DX,DL,PHL,ATL
SWA461-1777786389-airline-5240p,2026-05-05T21:45:00,2026-05-05T21:26:00Z,-19.0,-10.0,0,0,2026-05-08T02:19:05.189065+00:00,WN461,N231WN,WN,STL,ATL
UAL462-1777766706-fa-829p,2026-05-05T21:55:00,2026-05-05T21:25:00Z,-30.0,-7.0,0,0,2026-05-08T02:19:05.189065+00:00,UA462,N39728,UA,IAH,ATL
DAL638-1777781304-fa-504p,2026-05-05T21:54:00,2026-05-05T21:24:00Z,-30.0,-11.0,0,0,2026-05-08T02:19:05.189065+00:00,DL638,N354DN,DL,BOS,ATL
DAL1576-1777782225-fa-910p,2026-05-05T20:54:00,2026-05-05T21:24:00Z,30.0,53.0,0,0,2026-05-08T02:19:05.189065+00:00,DL1576,N697DL,DL,MCO,ATL
SAS929-1777787444-airline-1096p,2026-05-05T21:25:00,2026-05-05T21:24:00Z,-1.0,-1.0,0,0,2026-05-08T02:19:05.189065+00:00,SK929,LN-RKS,SK,CPH,ATL
DAL3112-1777782079-fa-560p,2026-05-05T21:31:00,2026-05-05T21:23:00Z,-8.0,-5.0,0,0,2026-05-08T02:17:23.840478+00:00,DL3112,N956DZ,DL,ATL,SAV
DAL2020-1777781800-fa-1166p,2026-05-05T21:49:00,2026-05-05T21:23:00Z,-26.0,-7.0,0,0,2026-05-08T02:19:05.189065+00:00,DL2020,N3737C,DL,OKC,ATL
SWA2088-1777795268-airline-1778p,2026-05-05T21:30:00,2026-05-05T21:23:00Z,-7.0,4.0,0,0,2026-05-08T02:19:05.189065+00:00,WN2088,N8777Q,WN,MCO,ATL
AAL1802-1777792886-airline-4842p,2026-05-05T20:52:00,2026-05-05T21:23:00Z,31.0,54.0,0,0,2026-05-08T02:19:05.189065+00:00,AA1802,N184US,AA,LAX,ATL
DAL597-1777781399-fa-74p,2026-05-05T21:35:00,2026-05-05T21:21:00Z,-14.0,-5.0,0,0,2026-05-08T02:19:05.189065+00:00,DL597,N365DN,DL,CUN,ATL
EDV5537-1777761899-fa-1921p,2026-05-05T21:41:00,2026-05-05T21:20:00Z,-21.0,-10.0,0,0,2026-05-08T02:17:23.840478+00:00,9E5537,N324PQ,9E,ATL,AGS
DAL1148-1777782293-fa-4239p,2026-05-05T21:41:00,2026-05-05T21:19:00Z,-22.0,-10.0,0,0,2026-05-08T02:19:05.189065+00:00,DL1148,N945AT,DL,TYS,ATL
DAL1266-1777781307-fa-904p,2026-05-05T21:41:00,2026-05-05T21:19:00Z,-22.0,-11.0,0,0,2026-05-08T02:19:05.189065+00:00,DL1266,N346DN,DL,PBI,ATL
DAL1720-1777782191-fa-1199p,2026-05-05T21:28:00,2026-05-05T21:14:00Z,-14.0,-4.0,0,0,2026-05-08T02:19:05.189065+00:00,DL1720,N67171,DL,TPA,ATL
DAL1408-1777781579-fa-358p,2026-05-05T21:22:00,2026-05-05T21:14:00Z,-8.0,4.0,0,0,2026-05-08T02:19:05.189065+00:00,DL1408,N343NW,DL,SAT,ATL
EDV5339-1777756323-fa-917p,2026-05-05T21:47:00,2026-05-05T21:14:00Z,-33.0,-15.0,0,0,2026-05-08T02:19:05.189065+00:00,9E5339,N133EV,9E,AVL,ATL
EDV5263-1777752697-fa-1689p,2026-05-05T21:05:00,2026-05-05T21:14:00Z,9.0,11.0,0,0,2026-05-08T02:19:05.189065+00:00,9E5263,N607LR,9E,AGS,ATL
AAL1811-1777792886-airline-4861p,2026-05-05T21:34:00,2026-05-05T21:14:00Z,-20.0,-8.0,0,0,2026-05-08T02:19:05.189065+00:00,AA1811,N960NN,AA,DFW,ATL
DAL1302-1777782296-fa-893p,2026-05-05T21:30:00,2026-05-05T21:14:00Z,-16.0,-6.0,0,0,2026-05-08T02:19:05.189065+00:00,DL1302,N967AT,DL,CHA,ATL
DAL31-1777781244-fa-188p,2026-05-05T21:45:00,2026-05-05T21:12:00Z,-33.0,-4.0,0,0,2026-05-08T02:19:05.189065+00:00,DL31,N844MH,DL,LHR,ATL
DAL2252-1777782302-fa-1142p,2026-05-05T21:32:00,2026-05-05T21:11:00Z,-21.0,-6.0,0,0,2026-05-08T02:19:05.189065+00:00,DL2252,N930AT,DL,MEM,ATL
DAL2484-1777782309-fa-4426p,2026-05-05T21:26:00,2026-05-05T21:09:00Z,-17.0,-8.0,0,0,2026-05-08T02:17:23.840478+00:00,DL2484,N970AT,DL,ATL,BHM
SKW3890-1777788227-airline-1130p,2026-05-05T21:05:00,2026-05-05T21:09:00Z,4.0,22.0,0,0,2026-05-08T02:19:05.189065+00:00,OO3890,N264SY,OO,ROA,ATL
DAL929-1777708222-airline-1360p,2026-05-05T10:28:00,2026-05-05T10:08:00Z,-20.0,2.0,0,0,2026-05-06T02:32:17.101119+00:00,DL929,N819DX,DL,PHX,ATL
DAL54-1777695375-fa-538p,2026-05-05T08:45:00,2026-05-05T08:58:00Z,13.0,9.0,0,0,2026-05-08T02:14:27.888112+00:00,DL54,N434DX,DL,ATL,LOS
DAL66-1777695396-fa-1916p,2026-05-05T08:50:00,2026-05-05T08:42:00Z,-8.0,-3.0,0,0,2026-05-08T02:14:27.888112+00:00,DL66,N416DX,DL,ATL,FCO
DAL105-1777695368-fa-542p,2026-05-05T08:40:00,2026-05-05T08:32:00Z,-8.0,-3.0,0,0,2026-05-08T02:14:27.888112+00:00,DL105,N826NW,DL,ATL,GRU
DAL222-1777695396-fa-1911p,2026-05-05T08:00:00,2026-05-05T08:12:00Z,12.0,-6.0,0,0,2026-05-08T02:14:27.888112+00:00,DL222,N401DZ,DL,ATL,ATH
VIR110-1777703629-airline-893p,2026-05-05T07:50:00,2026-05-05T07:37:00Z,-13.0,-6.0,0,0,2026-05-08T02:14:27.888112+00:00,VS110,G-VLUV,VS,ATL,MAN
DAL174-1777694855-fa-364p,2026-05-05T07:25:00,2026-05-05T07:28:00Z,3.0,15.0,0,0,2026-05-08T02:14:27.888112+00:00,DL174,N832MH,DL,ATL,MXP
DAL90-1777694862-fa-492p,2026-05-05T06:05:00,2026-05-05T06:57:00Z,52.0,57.0,0,0,2026-05-08T02:14:27.888112+00:00,DL90,N836MH,DL,ATL,ZRH
DAL14-1777695372-fa-279p,2026-05-05T06:55:00,2026-05-05T06:53:00Z,-2.0,-15.0,0,0,2026-05-08T02:14:27.888112+00:00,DL14,N859NW,DL,ATL,FRA
DAL192-1777694863-fa-811p,2026-05-05T06:55:00,2026-05-05T06:36:00Z,-19.0,-8.0,0,0,2026-05-08T02:14:27.888112+00:00,DL192,N827MH,DL,ATL,VCE
DAL130-1777694854-fa-920p,2026-05-05T06:25:00,2026-05-05T06:14:00Z,-11.0,-10.0,0,0,2026-05-08T02:14:27.888112+00:00,DL130,N828MH,DL,ATL,MUC
VIR104-1777703629-airline-889p,2026-05-05T06:15:00,2026-05-05T06:10:00Z,-5.0,4.0,0,0,2026-05-08T02:14:27.888112+00:00,VS104,G-VRNB,VS,ATL,LHR
DAL72-1777695368-fa-981p,2026-05-05T05:45:00,2026-05-05T05:55:00Z,10.0,0.0,0,0,2026-05-08T02:14:27.888112+00:00,DL72,N824NW,DL,ATL,AMS
DAL140-1777694854-fa-642p,2026-05-05T05:40:00,2026-05-05T05:38:00Z,-2.0,-10.0,0,0,2026-05-08T02:14:27.888112+00:00,DL140,N837MH,DL,ATL,BRU
DAL30-1777694867-fa-344p,2026-05-05T05:25:00,2026-05-05T05:37:00Z,12.0,-5.0,0,0,2026-05-08T02:14:27.888112+00:00,DL30,N843MH,DL,ATL,LHR
DAL933-1777695643-fa-922p,2026-05-05T04:45:00,2026-05-05T05:02:00Z,17.0,4.0,0,0,2026-05-08T02:14:27.888112+00:00,DL933,N810DN,DL,ATL,SJC
UAL2416-1777680228-fa-1402p,2026-05-05T04:44:00,2026-05-05T04:52:00Z,8.0,-5.0,0,0,2026-05-08T02:14:27.888112+00:00,UA2416,N17361,UA,ATL,SFO
DAL478-1777695699-fa-2855p,2026-05-05T05:02:00,2026-05-05T04:46:00Z,-16.0,-5.0,0,0,2026-05-08T02:14:27.888112+00:00,DL478,N866DN,DL,ATL,PDX
DAL2524-1777695565-fa-1724p,2026-05-05T05:05:00,2026-05-05T04:45:00Z,-20.0,-7.0,0,0,2026-05-08T02:14:27.888112+00:00,DL2524,N837DN,DL,ATL,SEA
DAL495-1777695862-fa-1332p,2026-05-05T03:24:00,2026-05-05T04:40:00Z,76.0,47.0,0,0,2026-05-08T02:14:27.888112+00:00,DL495,N694DL,DL,ATL,SFO
AFR31-1777703565-airline-970p,2026-05-05T04:50:00,2026-05-05T04:40:00Z,-10.0,-1.0,0,0,2026-05-08T02:14:27.888112+00:00,AF31,F-GSQM,AF,ATL,CDG
DAL687-1777695422-fa-237p,2026-05-05T04:31:00,2026-05-05T04:38:00Z,7.0,-7.0,0,0,2026-05-08T02:14:27.888112+00:00,DL687,N376DA,DL,ATL,GEG
DAL500-1777695405-fa-831p,2026-05-05T03:37:00,2026-05-05T04:10:00Z,33.0,4.0,0,0,2026-05-08T02:14:27.888112+00:00,DL500,N523DN,DL,ATL,LAX
SWA660-1777704167-airline-3049p,2026-05-05T03:30:00,2026-05-05T04:07:00Z,37.0,30.0,0,0,2026-05-08T02:14:27.888112+00:00,WN660,N8536Z,WN,ATL,LAS
DAL825-1777694886-fa-202p,2026-05-05T04:07:00,2026-05-05T04:04:00Z,-3.0,1.0,0,0,2026-05-08T02:14:27.888112+00:00,DL825,N363DN,DL,ATL,LAS
DAL919-1777695358-fa-1373p,2026-05-05T02:56:00,2026-05-05T03:57:00Z,61.0,42.0,0,0,2026-05-08T02:14:27.888112+00:00,DL919,N818NW,DL,ATL,LAS
DAL517-1777694794-fa-1045p,2026-05-05T02:07:00,2026-05-05T03:56:00Z,109.0,64.0,0,0,2026-05-08T02:14:27.888112+00:00,DL517,N695DL,DL,ATL,SFO
DAL779-1777694915-fa-124p,2026-05-05T04:00:00,2026-05-05T03:48:00Z,-12.0,-12.0,0,0,2026-05-08T02:14:27.888112+00:00,DL779,N316DN,DL,ATL,ONT
DAL826-1777695904-fa-1432p,2026-05-05T02:47:00,2026-05-05T03:38:00Z,51.0,57.0,0,0,2026-05-08T02:14:27.888112+00:00,DL826,N550NW,DL,ATL,SNA
ASA783-1777705720-airline-563p,2026-05-05T03:35:00,2026-05-05T03:18:00Z,-17.0,-9.0,0,0,2026-05-08T02:14:27.888112+00:00,AS783,N462AS,AS,ATL,PDX
DAL301-1777695769-fa-1215p,2026-05-05T02:40:00,2026-05-05T02:25:00Z,-15.0,0.0,0,0,2026-05-08T02:14:27.888112+00:00,DL301,N502DX,DL,ATL,LAX
DAL746-1777695027-fa-756p,2026-05-05T02:19:00,2026-05-05T02:21:00Z,2.0,22.0,0,0,2026-05-08T02:14:27.888112+00:00,DL746,N377DN,DL,ATL,DEN
SWA224-1777698769-airline-1262p,2026-05-05T02:00:00,2026-05-05T02:13:00Z,13.0,-5.0,0,0,2026-05-08T02:14:27.888112+00:00,WN224,N8318F,WN,ATL,DAL
DAL1661-1777694917-fa-981p,2026-05-05T02:11:00,2026-05-05T02:10:00Z,-1.0,-6.0,0,0,2026-05-08T02:14:27.888112+00:00,DL1661,N123DW,DL,ATL,PHX
DAL971-1777695476-fa-2600p,2026-05-05T02:20:00,2026-05-05T02:07:00Z,-13.0,-6.0,0,0,2026-05-08T02:14:27.888112+00:00,DL971,N3737C,DL,ATL,COS
DAL653-1777695836-fa-886p,2026-05-05T02:00:00,2026-05-05T02:03:00Z,3.0,1.0,0,0,2026-05-08T02:14:27.888112+00:00,DL653,N591DT,DL,ATL,SLC
DAL712-1777694824-fa-290p,2026-05-05T01:39:00,2026-05-05T02:03:00Z,24.0,6.0,0,0,2026-05-08T02:14:27.888112+00:00,DL712,N386DN,DL,ATL,SAN
DAL2669-1777695479-fa-888p,2026-05-05T01:59:00,2026-05-05T02:02:00Z,3.0,-6.0,0,0,2026-05-08T02:14:27.888112+00:00,DL2669,N3741S,DL,ATL,YYZ
DAL743-1777695694-fa-1485p,2026-05-05T01:56:00,2026-05-05T01:57:00Z,1.0,2.0,0,0,2026-05-08T02:14:27.888112+00:00,DL743,N833DN,DL,ATL,SMF
SWA241-1777698769-airline-1457p,2026-05-05T02:05:00,2026-05-05T01:51:00Z,-14.0,-1.0,0,0,2026-05-08T02:14:27.888112+00:00,WN241,N8966S,WN,ATL,HOU
DAL503-1777695688-fa-5p,2026-05-05T02:05:00,2026-05-05T01:51:00Z,-14.0,-4.0,0,0,2026-05-08T02:14:27.888112+00:00,DL503,N919DU,DL,ATL,PDX
DAL468-1777694837-fa-212p,2026-05-05T01:29:00,2026-05-05T01:43:00Z,14.0,10.0,0,0,2026-05-08T02:14:27.888112+00:00,DL468,N392DN,DL,ATL,LGA
DAL1280-1777694924-fa-728p,2026-05-05T01:48:00,2026-05-05T01:41:00Z,-7.0,-3.0,0,0,2026-05-08T02:14:27.888112+00:00,DL1280,N324DX,DL,ATL,MSP
DAL2891-1777694965-fa-570p,2026-05-05T01:33:00,2026-05-05T01:41:00Z,8.0,-3.0,0,0,2026-05-08T02:14:27.888112+00:00,DL2891,N343DN,DL,ATL,ONT
RPA4582-1777699644-airline-537p,2026-05-05T01:29:00,2026-05-05T01:40:00Z,11.0,14.0,0,0,2026-05-08T02:14:27.888112+00:00,YX4582,N105HQ,YX,ATL,LGA
DAL1206-1777695765-fa-116p,2026-05-05T01:35:00,2026-05-05T01:38:00Z,3.0,-4.0,0,0,2026-05-08T02:14:27.888112+00:00,DL1206,N962DZ,DL,ATL,MKE
DAL2893-1777695019-fa-989p,2026-05-05T01:30:00,2026-05-05T01:37:00Z,7.0,-4.0,0,0,2026-05-08T02:14:27.888112+00:00,DL2893,N329DN,DL,ATL,SAT
JBU819-1777703787-airline-394p,2026-05-05T01:30:00,2026-05-05T01:34:00Z,4.0,9.0,0,0,2026-05-08T02:14:27.888112+00:00,B6819,N636JB,B6,ATL,JFK
DAL711-1777694962-fa-1007p,2026-05-05T01:27:00,2026-05-05T01:34:00Z,7.0,-5.0,0,0,2026-05-08T02:14:27.888112+00:00,DL711,N337DN,DL,ATL,LAS
AAL1256-1777705939-airline-427p,2026-05-05T01:38:00,2026-05-05T01:34:00Z,-4.0,-5.0,0,0,2026-05-08T02:14:27.888112+00:00,AA1256,N558UW,AA,ATL,LAX
DAL2210-1777695561-fa-439p,2026-05-05T01:39:00,2026-05-05T01:28:00Z,-11.0,-4.0,0,0,2026-05-08T02:14:27.888112+00:00,DL2210,N916DU,DL,ATL,GRR
AAL1045-1777708252-airline-444p,2026-05-05T02:00:00,2026-05-05T01:21:00Z,-39.0,-15.0,0,0,2026-05-08T02:14:27.888112+00:00,AA1045,N838AW,AA,ATL,MIA
DAL2707-1777695306-fa-1360p,2026-05-05T01:29:00,2026-05-05T01:19:00Z,-10.0,-8.0,0,0,2026-05-08T02:14:27.888112+00:00,DL2707,N360NW,DL,ATL,OMA
CMP891-1777702209-airline-865p,2026-05-05T01:34:00,2026-05-05T01:19:00Z,-15.0,-14.0,0,0,2026-05-08T02:14:27.888112+00:00,CM891,HP-1825CMP,CM,ATL,PTY
FFT3458-1777702820-airline-1169p,2026-05-05T00:59:00,2026-05-05T01:18:00Z,19.0,27.0,0,0,2026-05-08T02:14:27.888112+00:00,F93458,N675FR,F9,ATL,LGA
EDV5159-1777697897-airline-718p,2026-05-05T01:38:00,2026-05-05T01:17:00Z,-21.0,-9.0,0,0,2026-05-08T02:14:27.888112+00:00,9E5159,N176PQ,9E,ATL,XNA
DAL1309-1777695454-fa-440p,2026-05-05T01:05:00,2026-05-05T01:17:00Z,12.0,-1.0,0,0,2026-05-08T02:14:27.888112+00:00,DL1309,N3773D,DL,ATL,IAD
DAL2879-1777695557-fa-1015p,2026-05-04T23:35:00,2026-05-05T01:16:00Z,101.0,2.0,0,0,2026-05-08T02:14:27.888112+00:00,DL2879,N839DN,DL,ATL,ORD
FFT4036-1777702820-airline-1236p,2026-05-05T01:40:00,2026-05-05T01:11:00Z,-29.0,-6.0,0,0,2026-05-08T02:14:27.888112+00:00,F94036,N646FR,F9,ATL,CLE
UAL2634-1777680255-fa-1427p,2026-05-05T01:18:00,2026-05-05T01:11:00Z,-7.0,-6.0,0,0,2026-05-08T02:14:27.888112+00:00,UA2634,N853UA,UA,ATL,IAD
DAL1489-1777694992-fa-1183p,2026-05-05T01:21:00,2026-05-05T01:06:00Z,-15.0,-2.0,0,0,2026-05-08T02:14:27.888112+00:00,DL1489,N331DN,DL,ATL,FLL
DAL1339-1777695417-fa-1070p,2026-05-05T01:06:00,2026-05-05T01:06:00Z,0.0,3.0,0,0,2026-05-08T02:14:27.888112+00:00,DL1339,N378DA,DL,ATL,CLE
UAL1359-1777680243-fa-517p,2026-05-05T01:33:00,2026-05-05T01:05:00Z,-28.0,-10.0,0,0,2026-05-08T02:14:27.888112+00:00,UA1359,N35407,UA,ATL,IAH
DAL1450-1777695545-fa-586p,2026-05-05T01:08:00,2026-05-05T01:04:00Z,-4.0,-5.0,0,0,2026-05-08T02:14:27.888112+00:00,DL1450,N815DN,DL,ATL,MSY
DAL3084-1777695945-fa-469p,2026-05-05T01:16:00,2026-05-05T01:02:00Z,-14.0,-9.0,0,0,2026-05-08T02:14:27.888112+00:00,DL3084,N974AT,DL,ATL,JAN
DAL1130-1777695734-fa-161p,2026-05-05T01:10:00,2026-05-05T01:02:00Z,-8.0,-5.0,0,0,2026-05-08T02:14:27.888112+00:00,DL1130,N851DN,DL,ATL,MCI
DAL2504-1777694946-fa-0p,2026-05-05T00:31:00,2026-05-05T01:01:00Z,30.0,31.0,0,0,2026-05-08T02:14:27.888112+00:00,DL2504,N328DN,DL,ATL,BDL
AAL2737-1777703383-airline-1363p,2026-05-05T00:07:00,2026-05-05T01:01:00Z,54.0,-8.0,0,0,2026-05-08T02:14:27.888112+00:00,AA2737,N9002U,AA,ATL,ORD
DAL585-1777695513-fa-1577p,2026-05-05T01:40:00,2026-05-05T01:00:00Z,-40.0,-9.0,0,0,2026-05-08T02:14:27.888112+00:00,DL585,N3764D,DL,ATL,MEX
AAL1811-1777701683-airline-1446p,2026-05-05T01:15:00,2026-05-05T00:59:00Z,-16.0,0.0,0,0,2026-05-08T02:14:27.888112+00:00,AA1811,N801NN,AA,ATL,DFW
DAL2065-1777694909-fa-554p,2026-05-05T00:53:00,2026-05-05T00:58:00Z,5.0,5.0,0,0,2026-05-08T02:14:27.888112+00:00,DL2065,N365DN,DL,ATL,PHL
DAL1939-1777695468-fa-999p,2026-05-05T01:15:00,2026-05-05T00:58:00Z,-17.0,-12.0,0,0,2026-05-08T02:14:27.888112+00:00,DL1939,N398DA,DL,ATL,CUN
UAL2247-1777705318-airline-1710p,2026-05-04T23:37:00,2026-05-05T00:57:00Z,80.0,93.0,0,0,2026-05-08T02:14:27.888112+00:00,UA2247,N804UA,UA,ATL,EWR
FFT1158-1777705129-airline-1438p,2026-05-05T01:29:00,2026-05-05T00:55:00Z,-34.0,-6.0,0,0,2026-05-08T02:14:27.888112+00:00,F91158,N702FR,F9,ATL,EWR
DAL2498-1777695581-fa-1261p,2026-05-05T00:59:00,2026-05-05T00:53:00Z,-6.0,-7.0,0,0,2026-05-08T02:14:27.888112+00:00,DL2498,N892DN,DL,ATL,EWR
DAL790-1777695939-fa-2730p,2026-05-05T00:51:00,2026-05-05T00:52:00Z,1.0,-1.0,0,0,2026-05-08T02:14:27.888112+00:00,DL790,N892AT,DL,ATL,BNA
JIA5313-1777701898-airline-1317p,2026-05-05T01:09:00,2026-05-05T00:47:00Z,-22.0,-10.0,0,0,2026-05-08T02:14:27.888112+00:00,OH5313,N613NN,OH,ATL,PHL
SKW3815-1777697897-airline-830p,2026-05-05T00:58:00,2026-05-05T00:46:00Z,-12.0,-3.0,0,0,2026-05-08T02:14:27.888112+00:00,OO3815,N264SY,OO,ATL,SHV
DAL3021-1777695728-fa-1169p,2026-05-05T01:01:00,2026-05-05T00:44:00Z,-17.0,-4.0,0,0,2026-05-08T02:14:27.888112+00:00,DL3021,N942DZ,DL,ATL,PNS
DAL1518-1777695716-fa-3350p,2026-05-05T00:57:00,2026-05-05T00:44:00Z,-13.0,-7.0,0,0,2026-05-08T02:14:27.888112+00:00,DL1518,N937DZ,DL,ATL,RDU
DAL1473-1777695950-fa-1722p,2026-05-05T00:49:00,2026-05-05T00:42:00Z,-7.0,-2.0,0,0,2026-05-08T02:14:27.888112+00:00,DL1473,N895AT,DL,ATL,GSO
DAL1906-1777695500-fa-1058p,2026-05-05T01:00:00,2026-05-05T00:42:00Z,-18.0,-8.0,0,0,2026-05-08T02:14:27.888112+00:00,DL1906,N3740C,DL,ATL,KIN
DAL2881-1777694787-fa-286p,2026-05-05T00:53:00,2026-05-05T00:41:00Z,-12.0,-8.0,0,0,2026-05-08T02:14:27.888112+00:00,DL2881,N685DA,DL,ATL,MCO
DAL836-1777694809-fa-1231p,2026-05-05T00:40:00,2026-05-05T00:38:00Z,-2.0,4.0,0,0,2026-05-08T02:14:27.888112+00:00,DL836,N390DN,DL,ATL,PHX
DAL1443-1777695949-fa-387p,2026-05-05T00:29:00,2026-05-05T00:36:00Z,7.0,15.0,0,0,2026-05-08T02:14:27.888112+00:00,DL1443,N945AT,DL,ATL,MEM
DAL325-1777695246-fa-680p,2026-05-05T00:33:00,2026-05-05T00:36:00Z,3.0,-8.0,0,0,2026-05-08T02:14:27.888112+00:00,DL325,N348NW,DL,ATL,DCA
DAL1058-1777694979-fa-300p,2026-05-05T00:34:00,2026-05-05T00:36:00Z,2.0,6.0,0,0,2026-05-08T02:14:27.888112+00:00,DL1058,N347DN,DL,ATL,PBI
DAL821-1777694957-fa-300p,2026-05-05T00:38:00,2026-05-05T00:35:00Z,-3.0,-1.0,0,0,2026-05-08T02:14:27.888112+00:00,DL821,N338DN,DL,ATL,BOS
DAL3120-1777695668-fa-4131p,2026-05-05T00:30:00,2026-05-05T00:33:00Z,3.0,10.0,0,0,2026-05-08T02:14:27.888112+00:00,DL3120,N909DN,DL,ATL,IND
DAL1588-1777695900-fa-1904p,2026-05-05T00:48:00,2026-05-05T00:33:00Z,-15.0,-5.0,0,0,2026-05-08T02:14:27.888112+00:00,DL1588,N900PC,DL,ATL,MIA
DAL2984-1777695587-fa-2914p,2026-05-05T00:32:00,2026-05-05T00:32:00Z,0.0,-1.0,0,0,2026-05-08T02:14:27.888112+00:00,DL2984,N824DN,DL,ATL,ORF
DAL2493-1777695713-fa-561p,2026-05-05T00:41:00,2026-05-05T00:30:00Z,-11.0,-5.0,0,0,2026-05-08T02:14:27.888112+00:00,DL2493,N938DZ,DL,ATL,CHS
DAL434-1777695046-fa-897p,2026-05-05T00:14:00,2026-05-05T00:30:00Z,16.0,32.0,0,0,2026-05-08T02:14:27.888112+00:00,DL434,N379DN,DL,ATL,LGA
DAL1060-1777694955-fa-1167p,2026-05-05T00:46:00,2026-05-05T00:29:00Z,-17.0,-6.0,0,0,2026-05-08T02:14:27.888112+00:00,DL1060,N330DX,DL,ATL,AUS
DAL3093-1777695648-fa-1241p,2026-05-05T00:39:00,2026-05-05T00:28:00Z,-11.0,-4.0,0,0,2026-05-08T02:14:27.888112+00:00,DL3093,N835DN,DL,ATL,SDF
SWA1472-1777701030-airline-1979p,2026-05-05T00:45:00,2026-05-05T00:27:00Z,-18.0,1.0,0,0,2026-05-08T02:14:27.888112+00:00,WN1472,N7747C,WN,ATL,BWI
DAL2015-1777695943-fa-884p,2026-05-05T00:41:00,2026-05-05T00:25:00Z,-16.0,-8.0,0,0,2026-05-08T02:14:27.888112+00:00,DL2015,N967AT,DL,ATL,AVL
DAL1131-1777694890-fa-841p,2026-05-05T00:33:00,2026-05-05T00:22:00Z,-11.0,1.0,0,0,2026-05-08T02:14:27.888112+00:00,DL1131,N342DN,DL,ATL,IAH
DAL2378-1777695907-fa-884p,2026-05-05T00:30:00,2026-05-05T00:19:00Z,-11.0,-2.0,0,0,2026-05-08T02:14:27.888112+00:00,DL2378,N717TW,DL,ATL,JFK
DAL2494-1777695512-fa-896p,2026-05-05T00:36:00,2026-05-05T00:17:00Z,-19.0,-10.0,0,0,2026-05-08T02:14:27.888112+00:00,DL2494,N3757D,DL,ATL,ECP
SKW3753-1777686152-fa-232p,2026-05-04T23:21:00,2026-05-05T00:14:00Z,53.0,49.0,0,0,2026-05-08T02:14:27.888112+00:00,OO3753,N304SY,OO,ATL,XNA
DAL1503-1777695492-fa-2296p,2026-05-05T00:15:00,2026-05-05T00:13:00Z,-2.0,-3.0,0,0,2026-05-08T02:14:27.888112+00:00,DL1503,N3748Y,DL,ATL,CVG
DAL2784-1777695324-fa-510p,2026-05-05T00:30:00,2026-05-05T00:12:00Z,-18.0,-9.0,0,0,2026-05-08T02:14:27.888112+00:00,DL2784,N343NW,DL,ATL,OKC
FFT1269-1777704225-airline-582p,2026-05-05T00:29:00,2026-05-05T00:12:00Z,-17.0,-5.0,0,0,2026-05-08T02:14:27.888112+00:00,F91269,N655FR,F9,ATL,DFW
DAL693-1777695418-fa-493p,2026-05-05T00:32:00,2026-05-05T00:11:00Z,-21.0,-8.0,0,0,2026-05-08T02:14:27.888112+00:00,DL693,N3765,DL,ATL,CMH
DAL1791-1777695893-fa-1078p,2026-05-05T00:24:00,2026-05-05T00:11:00Z,-13.0,-8.0,0,0,2026-05-08T02:14:27.888112+00:00,DL1791,N556NW,DL,ATL,SJU
DAL2928-1777694983-fa-242p,2026-05-05T00:17:00,2026-05-05T00:10:00Z,-7.0,-5.0,0,0,2026-05-08T02:14:27.888112+00:00,DL2928,N303DN,DL,ATL,BWI
DAL2265-1777694792-fa-1202p,2026-05-05T00:12:00,2026-05-05T00:09:00Z,-3.0,-4.0,0,0,2026-05-08T02:14:27.888112+00:00,DL2265,N6714Q,DL,ATL,JAX
RPA4350-1777699925-airline-1312p,2026-05-05T00:31:00,2026-05-05T00:06:00Z,-25.0,-7.0,0,0,2026-05-08T02:16:16.455561+00:00,YX4350,N130HQ,YX,DCA,ATL
DAL2132-1777695946-fa-937p,2026-05-05T00:16:00,2026-05-05T00:05:00Z,-11.0,-7.0,0,0,2026-05-08T02:14:27.888112+00:00,DL2132,N964AT,DL,ATL,CLT
DAL2241-1777695957-fa-23p,2026-05-05T00:16:00,2026-05-05T00:04:00Z,-12.0,-7.0,0,0,2026-05-08T02:14:27.888112+00:00,DL2241,N937AT,DL,ATL,TLH
DAL3158-1777695947-fa-994p,2026-05-05T00:19:00,2026-05-05T00:04:00Z,-15.0,-1.0,0,0,2026-05-08T02:16:16.455561+00:00,DL3158,N954AT,DL,CLT,ATL
EDV5508-1777689217-fa-542p,2026-05-05T00:39:00,2026-05-05T00:04:00Z,-35.0,-11.0,0,0,2026-05-08T02:16:16.455561+00:00,9E5508,N293PQ,9E,TRI,ATL
SWA1777-1777704136-airline-903p,2026-05-04T23:25:00,2026-05-05T00:04:00Z,39.0,59.0,0,0,2026-05-08T02:16:16.455561+00:00,WN1777,N8854Q,WN,DEN,ATL
DAL466-1777694806-fa-269p,2026-05-05T00:32:00,2026-05-05T00:04:00Z,-28.0,16.0,0,0,2026-05-08T02:16:16.455561+00:00,DL466,N551NW,DL,LAS,ATL
DAL55-1777695372-fa-277p,2026-05-04T23:24:00,2026-05-05T00:03:00Z,39.0,-2.0,0,0,2026-05-08T02:16:16.455561+00:00,DL55,N858NW,DL,LOS,ATL
DAL3171-1777695939-fa-4142p,2026-05-05T00:16:00,2026-05-05T00:02:00Z,-14.0,-6.0,0,0,2026-05-08T02:14:27.888112+00:00,DL3171,N921AT,DL,ATL,HSV
DAL3088-1777695948-fa-862p,2026-05-05T00:35:00,2026-05-05T00:02:00Z,-33.0,-10.0,0,0,2026-05-08T02:16:16.455561+00:00,DL3088,N927AT,DL,DAY,ATL
EDV5002-1777697897-airline-815p,2026-05-05T00:35:00,2026-05-05T00:02:00Z,-33.0,-14.0,0,0,2026-05-08T02:16:16.455561+00:00,9E5002,N367CA,9E,FAY,ATL
DAL436-1777695290-fa-1325p,2026-05-05T00:04:00,2026-05-05T00:01:00Z,-3.0,-7.0,0,0,2026-05-08T02:14:27.888112+00:00,DL436,N329NW,DL,ATL,DFW
UAL235-1777680280-fa-1814p,2026-05-05T00:10:00,2026-05-05T00:01:00Z,-9.0,-2.0,0,0,2026-05-08T02:14:27.888112+00:00,UA235,N76502,UA,ATL,DEN
DAL3063-1777695936-fa-572p,2026-05-05T00:24:00,2026-05-05T00:01:00Z,-23.0,-3.0,0,0,2026-05-08T02:16:16.455561+00:00,DL3063,N949AT,DL,GPT,ATL
DAL2654-1777694873-fa-1085p,2026-05-05T00:07:00,2026-05-05T00:00:00Z,-7.0,-7.0,0,0,2026-05-08T02:14:27.888112+00:00,DL2654,N323DN,DL,ATL,MSP
DAL2220-1777695952-fa-1337p,2026-05-05T00:33:00,2026-05-05T00:00:00Z,-33.0,-10.0,0,0,2026-05-08T02:16:16.455561+00:00,DL2220,N915AT,DL,GNV,ATL
SWA3053-1777709839-airline-1072p,2026-05-04T23:59:00,2026-05-04T23:59:00Z,0.0,-2.0,0,0,2026-05-08T02:14:27.888112+00:00,WN3053,N8815L,WN,ATL,MCO
DAL2627-1777695914-fa-1653p,2026-05-05T00:21:00,2026-05-04T23:59:00Z,-22.0,-3.0,0,0,2026-05-08T02:16:16.455561+00:00,DL2627,N822DX,DL,JAX,ATL
DAL2053-1777694816-fa-1273p,2026-05-05T00:23:00,2026-05-04T23:58:00Z,-25.0,-4.0,0,0,2026-05-08T02:16:16.455561+00:00,DL2053,N394DX,DL,DTW,ATL
DAL2857-1777695939-fa-2739p,2026-05-05T00:29:00,2026-05-04T23:56:00Z,-33.0,-8.0,0,0,2026-05-08T02:16:16.455561+00:00,DL2857,N980AT,DL,MDT,ATL
DAL2058-1777695649-fa-1824p,2026-05-05T00:35:00,2026-05-04T23:56:00Z,-39.0,-12.0,0,0,2026-05-08T02:16:16.455561+00:00,DL2058,N899DN,DL,GRR,ATL
EDV5203-1777697897-airline-716p,2026-05-05T00:06:00,2026-05-04T23:55:00Z,-11.0,-5.0,0,0,2026-05-08T02:14:27.888112+00:00,9E5203,N183GJ,9E,ATL,TYS
SKW3804-1777697897-airline-796p,2026-05-05T00:24:00,2026-05-04T23:55:00Z,-29.0,-8.0,0,0,2026-05-08T02:16:16.455561+00:00,OO3804,N309SY,OO,SHV,ATL
DAL850-1777695263-fa-2084p,2026-05-05T00:01:00,2026-05-04T23:55:00Z,-6.0,10.0,0,0,2026-05-08T02:16:16.455561+00:00,DL850,N353NW,DL,DCA,ATL
FFT2198-1777699828-airline-511p,2026-05-04T23:54:00,2026-05-04T23:55:00Z,1.0,-9.0,0,0,2026-05-08T02:16:16.455561+00:00,F92198,N721FR,F9,ORD,ATL
FFT1549-1777702820-airline-626p,2026-05-05T00:20:00,2026-05-04T23:55:00Z,-25.0,-10.0,0,0,2026-05-08T02:16:16.455561+00:00,F91549,N341FR,F9,JAX,ATL
DAL2319-1777695516-fa-91p,2026-05-05T00:02:00,2026-05-04T23:54:00Z,-8.0,-7.0,0,0,2026-05-08T02:14:27.888112+00:00,DL2319,N3735D,DL,ATL,GSP
DAL962-1777695569-fa-656p,2026-05-05T00:20:00,2026-05-04T23:53:00Z,-27.0,-7.0,0,0,2026-05-08T02:16:16.455561+00:00,DL962,N841DN,DL,JFK,ATL
DAL1223-1777694899-fa-1629p,2026-05-05T00:05:00,2026-05-04T23:53:00Z,-12.0,0.0,0,0,2026-05-08T02:16:16.455561+00:00,DL1223,N327DN,DL,IAH,ATL
EDV5246-1777698708-airline-1355p,2026-05-05T00:17:00,2026-05-04T23:52:00Z,-25.0,-6.0,0,0,2026-05-08T02:16:16.455561+00:00,9E5246,N133EV,9E,ABE,ATL
ACA1573-1777705284-airline-1429p,2026-05-05T00:12:00,2026-05-04T23:52:00Z,-20.0,-3.0,0,0,2026-05-08T02:16:16.455561+00:00,AC1573,C-GROV,AC,YUL,ATL
EDV5115-1777698708-airline-1186p,2026-05-05T00:34:00,2026-05-04T23:51:00Z,-43.0,-17.0,0,0,2026-05-08T02:16:16.455561+00:00,9E5115,N181GJ,9E,EVV,ATL
DAL1956-1777695684-fa-1576p,2026-05-05T00:29:00,2026-05-04T23:50:00Z,-39.0,-13.0,0,0,2026-05-08T02:16:16.455561+00:00,DL1956,N929DZ,DL,NAS,ATL
DAL1758-1777695657-fa-1901p,2026-05-04T23:39:00,2026-05-04T23:50:00Z,11.0,-2.0,0,0,2026-05-08T02:16:16.455561+00:00,DL1758,N896DN,DL,PTY,ATL
SWA526-1777704167-airline-2943p,2026-05-04T23:55:00,2026-05-04T23:50:00Z,-5.0,9.0,0,0,2026-05-08T02:16:16.455561+00:00,WN526,N7861J,WN,BNA,ATL
DAL1660-1777695727-fa-1511p,2026-05-05T00:23:00,2026-05-04T23:49:00Z,-34.0,-9.0,0,0,2026-05-08T02:16:16.455561+00:00,DL1660,N955DZ,DL,MCI,ATL
DAL832-1777695228-fa-556p,2026-05-04T23:34:00,2026-05-04T23:48:00Z,14.0,18.0,0,0,2026-05-08T02:14:27.888112+00:00,DL832,N334NW,DL,ATL,DCA
DAL3146-1777695568-fa-1187p,2026-05-04T23:53:00,2026-05-04T23:48:00Z,-5.0,10.0,0,0,2026-05-08T02:16:16.455561+00:00,DL3146,N838DN,DL,MSY,ATL
DAL1124-1777694963-fa-1325p,2026-05-04T22:49:00,2026-05-04T23:46:00Z,57.0,65.0,0,0,2026-05-08T02:14:27.888112+00:00,DL1124,N335DN,DL,ATL,RSW
EDV5051-1777697742-airline-1265p,2026-05-04T23:12:00,2026-05-04T23:45:00Z,33.0,34.0,0,0,2026-05-08T02:14:27.888112+00:00,9E5051,N391CA,9E,ATL,SGF
DAL968-1777695033-fa-939p,2026-05-04T23:36:00,2026-05-04T23:44:00Z,8.0,42.0,0,0,2026-05-08T02:16:16.455561+00:00,DL968,N374DX,DL,LGA,ATL
DAL1516-1777695617-fa-592p,2026-05-04T23:53:00,2026-05-04T23:44:00Z,-9.0,0.0,0,0,2026-05-08T02:16:16.455561+00:00,DL1516,N853DN,DL,CVG,ATL
DAL3112-1777695755-fa-1470p,2026-05-05T00:08:00,2026-05-04T23:43:00Z,-25.0,-5.0,0,0,2026-05-08T02:16:16.455561+00:00,DL3112,N958DZ,DL,SAV,ATL
DAL1836-1777694985-fa-488p,2026-05-04T23:50:00,2026-05-04T23:42:00Z,-8.0,9.0,0,0,2026-05-08T02:16:16.455561+00:00,DL1836,N321DH,DL,PUJ,ATL
DAL3132-1777695736-fa-905p,2026-05-04T23:17:00,2026-05-04T23:41:00Z,24.0,28.0,0,0,2026-05-08T02:14:27.888112+00:00,DL3132,N950DZ,DL,ATL,MSY
DAL2599-1777695958-fa-147p,2026-05-05T00:16:00,2026-05-04T23:41:00Z,-35.0,-14.0,0,0,2026-05-08T02:16:16.455561+00:00,DL2599,N957AT,DL,MSN,ATL
DAL1214-1777695913-fa-1124p,2026-05-05T00:16:00,2026-05-04T23:41:00Z,-35.0,-12.0,0,0,2026-05-08T02:16:16.455561+00:00,DL1214,N706TW,DL,RIC,ATL
EDV5368-1777697306-airline-942p,2026-05-05T00:04:00,2026-05-04T23:39:00Z,-25.0,-12.0,0,0,2026-05-08T02:14:27.888112+00:00,9E5368,N390CA,9E,ATL,ABY
SWA857-1777704167-airline-3214p,2026-05-04T23:30:00,2026-05-04T23:39:00Z,9.0,20.0,0,0,2026-05-08T02:14:27.888112+00:00,WN857,N8823Q,WN,ATL,DAL
SWA203-1777704136-airline-1169p,2026-05-04T23:40:00,2026-05-04T23:39:00Z,-1.0,0.0,0,0,2026-05-08T02:14:27.888112+00:00,WN203,N7832A,WN,ATL,AUS
SLI979-1777698579-airline-1527p,2026-05-04T23:50:00,2026-05-04T23:39:00Z,-11.0,-1.0,0,0,2026-05-08T02:14:27.888112+00:00,5D979,XA-ALP,5D,ATL,MTY
DAL1347-1777695945-fa-476p,2026-05-05T00:16:00,2026-05-04T23:39:00Z,-37.0,-15.0,0,0,2026-05-08T02:16:16.455561+00:00,DL1347,N899AT,DL,LIT,ATL
DAL3109-1777695603-fa-117p,2026-05-05T00:03:00,2026-05-04T23:38:00Z,-25.0,-6.0,0,0,2026-05-08T02:16:16.455561+00:00,DL3109,N878DN,DL,SRQ,ATL
DAL2009-1777695046-fa-892p,2026-05-04T23:58:00,2026-05-04T23:38:00Z,-20.0,1.0,0,0,2026-05-08T02:16:16.455561+00:00,DL2009,N382DN,DL,SAT,ATL
SKW4033-1777697771-airline-1191p,2026-05-04T22:57:00,2026-05-04T23:38:00Z,41.0,48.0,0,0,2026-05-08T02:16:16.455561+00:00,OO4033,N292SY,OO,SBN,ATL
DAL3059-1777695952-fa-1330p,2026-05-04T23:44:00,2026-05-04T23:36:00Z,-8.0,-2.0,0,0,2026-05-08T02:14:27.888112+00:00,DL3059,N978AT,DL,ATL,PNS
DAL3042-1777695955-fa-2189p,2026-05-05T00:13:00,2026-05-04T23:36:00Z,-37.0,-11.0,0,0,2026-05-08T02:16:16.455561+00:00,DL3042,N998AT,DL,TYS,ATL
DAL2815-1777695102-fa-1572p,2026-05-04T23:40:00,2026-05-04T23:35:00Z,-5.0,4.0,0,0,2026-05-08T02:14:27.888112+00:00,DL2815,N325NB,DL,ATL,EYW
DAL2211-1777695945-fa-327p,2026-05-04T23:40:00,2026-05-04T23:34:00Z,-6.0,5.0,0,0,2026-05-08T02:16:16.455561+00:00,DL2211,N982AT,DL,PNS,ATL
DAL904-1777695640-fa-1001p,2026-05-04T23:57:00,2026-05-04T23:33:00Z,-24.0,18.0,0,0,2026-05-08T02:16:16.455561+00:00,DL904,N890DN,DL,SMF,ATL
DAL1435-1777695548-fa-1054p,2026-05-04T23:30:00,2026-05-04T23:33:00Z,3.0,19.0,0,0,2026-05-08T02:16:16.455561+00:00,DL1435,N819DN,DL,BWI,ATL
DAL2266-1777694943-fa-1242p,2026-05-04T23:11:00,2026-05-04T23:33:00Z,22.0,34.0,0,0,2026-05-08T02:16:16.455561+00:00,DL2266,N348DN,DL,BUF,ATL
DAL3044-1777695937-fa-885p,2026-05-04T23:57:00,2026-05-04T23:32:00Z,-25.0,-11.0,0,0,2026-05-08T02:14:27.888112+00:00,DL3044,N944AT,DL,ATL,BHM
EDV5529-1777697742-airline-1186p,2026-05-05T00:08:00,2026-05-04T23:32:00Z,-36.0,-17.0,0,0,2026-05-08T02:16:16.455561+00:00,9E5529,N340CA,9E,LFT,ATL
DAL1720-1777695890-fa-1012p,2026-05-04T21:28:00,2026-05-04T23:31:00Z,123.0,131.0,0,0,2026-05-08T02:16:16.455561+00:00,DL1720,N697DL,DL,TPA,ATL
SWA286-1777709839-airline-904p,2026-05-04T23:20:00,2026-05-04T23:30:00Z,10.0,23.0,0,0,2026-05-08T02:14:27.888112+00:00,WN286,N8978G,WN,ATL,TPA
DAL2035-1777695867-fa-847p,2026-05-04T23:46:00,2026-05-04T23:30:00Z,-16.0,-8.0,0,0,2026-05-08T02:14:27.888112+00:00,DL2035,N554NW,DL,ATL,MCO
EDV5059-1777697306-airline-939p,2026-05-04T23:27:00,2026-05-04T23:30:00Z,3.0,10.0,0,0,2026-05-08T02:14:27.888112+00:00,9E5059,N302PQ,9E,ATL,BTR
DAL665-1777694911-fa-1004p,2026-05-04T23:59:00,2026-05-04T23:30:00Z,-29.0,0.0,0,0,2026-05-08T02:16:16.455561+00:00,DL665,N318DX,DL,ONT,ATL
SKW3843-1777697897-airline-823p,2026-05-04T22:09:00,2026-05-04T23:29:00Z,80.0,92.0,0,0,2026-05-08T02:14:27.888112+00:00,OO3843,N265SY,OO,ATL,OAJ
EDV5266-1777681119-fa-1154p,2026-05-04T23:52:00,2026-05-04T23:29:00Z,-23.0,-2.0,0,0,2026-05-08T02:16:16.455561+00:00,9E5266,N354CA,9E,CHO,ATL
DAL787-1777695432-fa-1188p,2026-05-04T23:59:00,2026-05-04T23:28:00Z,-31.0,-1.0,0,0,2026-05-08T02:16:16.455561+00:00,DL787,N383DN,DL,GEG,ATL
EDV5374-1777676293-fa-712p,2026-05-04T23:30:00,2026-05-04T23:28:00Z,-2.0,-10.0,0,0,2026-05-08T02:16:16.455561+00:00,9E5374,N319PQ,9E,CSG,ATL
DAL2600-1777695765-fa-874p,2026-05-04T23:44:00,2026-05-04T23:27:00Z,-17.0,-2.0,0,0,2026-05-08T02:16:16.455561+00:00,DL2600,N963DZ,DL,RDU,ATL
DAL1693-1777695586-fa-175p,2026-05-04T23:44:00,2026-05-04T23:27:00Z,-17.0,-5.0,0,0,2026-05-08T02:16:16.455561+00:00,DL1693,N941DZ,DL,BNA,ATL
DAL785-1777695774-fa-1319p,2026-05-04T23:48:00,2026-05-04T23:27:00Z,-21.0,6.0,0,0,2026-05-08T02:16:16.455561+00:00,DL785,N540DE,DL,SFO,ATL
DAL2803-1777695956-fa-3400p,2026-05-04T23:40:00,2026-05-04T23:26:00Z,-14.0,-7.0,0,0,2026-05-08T02:14:27.888112+00:00,DL2803,N919AT,DL,ATL,VPS
DAL581-1777695660-fa-119p,2026-05-04T23:47:00,2026-05-04T23:26:00Z,-21.0,-2.0,0,0,2026-05-08T02:16:16.455561+00:00,DL581,N904DN,DL,AUA,ATL
EDV5389-1777697897-airline-839p,2026-05-04T23:10:00,2026-05-04T23:25:00Z,15.0,12.0,0,0,2026-05-08T02:16:16.455561+00:00,9E5389,N901XJ,9E,BMI,ATL
EDV5314-1777698708-airline-1448p,2026-05-04T23:47:00,2026-05-04T23:24:00Z,-23.0,-9.0,0,0,2026-05-08T02:16:16.455561+00:00,9E5314,N195PQ,9E,AEX,ATL
DAL1978-1777694771-fa-854p,2026-05-04T23:39:00,2026-05-04T23:24:00Z,-15.0,-6.0,0,0,2026-05-08T02:16:16.455561+00:00,DL1978,N6704Z,DL,SAL,ATL
AAL1812-1777701683-airline-1449p,2026-05-04T23:37:00,2026-05-04T23:22:00Z,-15.0,-2.0,0,0,2026-05-08T02:16:16.455561+00:00,AA1812,N105UW,AA,DFW,ATL
DAL1670-1777694981-fa-1145p,2026-05-04T23:34:00,2026-05-04T23:21:00Z,-13.0,-7.0,0,0,2026-05-08T02:14:27.888112+00:00,DL1670,N350DN,DL,ATL,FLL
DAL997-1777695057-fa-492p,2026-05-04T22:41:00,2026-05-04T23:20:00Z,39.0,37.0,0,0,2026-05-08T02:14:27.888112+00:00,DL997,N114DN,DL,ATL,LGA
DAL1150-1777695902-fa-2228p,2026-05-04T23:27:00,2026-05-04T23:20:00Z,-7.0,-1.0,0,0,2026-05-08T02:16:16.455561+00:00,DL1150,N692DL,DL,MCO,ATL
DAL1545-1777695939-fa-4140p,2026-05-04T22:25:00,2026-05-04T23:20:00Z,55.0,57.0,0,0,2026-05-08T02:16:16.455561+00:00,DL1545,N971AT,DL,TLH,ATL
JIA5067-1777700019-airline-2059p,2026-05-04T23:31:00,2026-05-04T23:19:00Z,-12.0,0.0,0,0,2026-05-08T02:16:16.455561+00:00,OH5067,N607NN,OH,CLT,ATL
DAL32-1777694925-fa-693p,2026-05-04T23:30:00,2026-05-04T23:18:00Z,-12.0,3.0,0,0,2026-05-08T02:16:16.455561+00:00,DL32,N314DN,DL,DFW,ATL
DAL2104-1777694908-fa-437p,2026-05-04T22:53:00,2026-05-04T23:18:00Z,25.0,48.0,0,0,2026-05-08T02:16:16.455561+00:00,DL2104,N312DN,DL,AUS,ATL
DAL2908-1777695734-fa-163p,2026-05-04T19:29:00,2026-05-04T23:18:00Z,229.0,237.0,0,0,2026-05-08T02:16:16.455561+00:00,DL2908,N948DZ,DL,MCI,ATL
EDV5287-1777697771-airline-1195p,2026-05-04T23:29:00,2026-05-04T23:18:00Z,-11.0,-6.0,0,0,2026-05-08T02:16:16.455561+00:00,9E5287,N690CA,9E,ABY,ATL
DAL2329-1777695720-fa-261p,2026-05-04T23:27:00,2026-05-04T23:18:00Z,-9.0,-1.0,0,0,2026-05-08T02:16:16.455561+00:00,DL2329,N939DZ,DL,ORF,ATL
JZA8508-1777703004-airline-164p,2026-05-04T23:16:00,2026-05-04T23:17:00Z,1.0,-10.0,0,0,2026-05-08T02:14:27.888112+00:00,QK8508,C-FEJP,QK,ATL,YYZ
FFT1116-1777705129-airline-1432p,2026-05-04T23:30:00,2026-05-04T23:17:00Z,-13.0,1.0,0,0,2026-05-08T02:16:16.455561+00:00,F91116,N654FR,F9,LAS,ATL
SWA258-1777709839-airline-585p,2026-05-04T23:15:00,2026-05-04T23:16:00Z,1.0,3.0,0,0,2026-05-08T02:14:27.888112+00:00,WN258,N495WN,WN,ATL,MDW
DAL879-1777695614-fa-654p,2026-05-04T23:30:00,2026-05-04T23:16:00Z,-14.0,-1.0,0,0,2026-05-08T02:16:16.455561+00:00,DL879,N855DN,DL,PDX,ATL
DAL759-1777694996-fa-1162p,2026-05-04T23:38:00,2026-05-04T23:16:00Z,-22.0,0.0,0,0,2026-05-08T02:16:16.455561+00:00,DL759,N353DN,DL,TPA,ATL
DAL1533-1777695936-fa-224p,2026-05-04T23:30:00,2026-05-04T23:16:00Z,-14.0,-4.0,0,0,2026-05-08T02:16:16.455561+00:00,DL1533,N717JL,DL,BHM,ATL
DAL1325-1777695940-fa-3108p,2026-05-04T23:49:00,2026-05-04T23:15:00Z,-34.0,-13.0,0,0,2026-05-08T02:16:16.455561+00:00,DL1325,N896AT,DL,TUL,ATL
DAL2739-1777694989-fa-1021p,2026-05-04T23:30:00,2026-05-04T23:15:00Z,-15.0,3.0,0,0,2026-05-08T02:16:16.455561+00:00,DL2739,N355DN,DL,BDL,ATL
DAL2067-1777695772-fa-671p,2026-05-04T22:39:00,2026-05-04T23:14:00Z,35.0,27.0,0,0,2026-05-08T02:14:27.888112+00:00,DL2067,N524DE,DL,ATL,DTW
DAL1292-1777694944-fa-1679p,2026-05-04T23:25:00,2026-05-04T23:14:00Z,-11.0,-3.0,0,0,2026-05-08T02:16:16.455561+00:00,DL1292,N352DN,DL,FLL,ATL
DAL2152-1777695706-fa-1686p,2026-05-04T23:30:00,2026-05-04T23:12:00Z,-18.0,-12.0,0,0,2026-05-08T02:16:16.455561+00:00,DL2152,N932DZ,DL,MKE,ATL
EDV4993-1777697897-airline-785p,2026-05-04T23:06:00,2026-05-04T23:12:00Z,6.0,17.0,0,0,2026-05-08T02:16:16.455561+00:00,9E4993,N655CA,9E,VLD,ATL
DAL2939-1777695764-fa-2234p,2026-05-04T23:20:00,2026-05-04T23:11:00Z,-9.0,-11.0,0,0,2026-05-08T02:14:27.888112+00:00,DL2939,N959DZ,DL,ATL,MEM
DAL3025-1777695956-fa-3464p,2026-05-04T23:21:00,2026-05-04T23:11:00Z,-10.0,7.0,0,0,2026-05-08T02:14:27.888112+00:00,DL3025,N906AT,DL,ATL,LIT
DAL2750-1777695513-fa-1576p,2026-05-04T22:42:00,2026-05-04T23:11:00Z,29.0,39.0,0,0,2026-05-08T02:14:27.888112+00:00,DL2750,N3763D,DL,ATL,CLE
DAL1186-1777695951-fa-1366p,2026-05-04T23:03:00,2026-05-04T23:11:00Z,8.0,22.0,0,0,2026-05-08T02:14:27.888112+00:00,DL1186,N923AT,DL,ATL,TUL
DAL446-1777694762-fa-860p,2026-05-04T23:40:00,2026-05-04T23:11:00Z,-29.0,-5.0,0,0,2026-05-08T02:16:16.455561+00:00,DL446,N1200K,DL,LAX,ATL
AAL1810-1777701683-airline-1444p,2026-05-04T23:15:00,2026-05-04T23:10:00Z,-5.0,-5.0,0,0,2026-05-08T02:14:27.888112+00:00,AA1810,N174US,AA,ATL,DFW
EDV5193-1777674486-fa-1626p,2026-05-04T23:23:00,2026-05-04T23:09:00Z,-14.0,-5.0,0,0,2026-05-08T02:14:27.888112+00:00,9E5193,N324PQ,9E,ATL,MOB
DAL3122-1777695744-fa-1177p,2026-05-04T22:39:00,2026-05-04T23:09:00Z,30.0,-2.0,0,0,2026-05-08T02:14:27.888112+00:00,DL3122,N954DZ,DL,ATL,PIT
DAL1695-1777695524-fa-5090p,2026-05-04T23:22:00,2026-05-04T23:09:00Z,-13.0,0.0,0,0,2026-05-08T02:16:16.455561+00:00,DL1695,N3762Y,DL,IAD,ATL
SWA2449-1777698769-airline-1508p,2026-05-04T23:15:00,2026-05-04T23:09:00Z,-6.0,36.0,0,0,2026-05-08T02:16:16.455561+00:00,WN2449,N8676A,WN,LAS,ATL
DAL1848-1777695555-fa-731p,2026-05-04T23:23:00,2026-05-04T23:09:00Z,-14.0,-4.0,0,0,2026-05-08T02:16:16.455561+00:00,DL1848,N823DN,DL,SJD,ATL
DAL37-1777694851-fa-423p,2026-05-04T23:40:00,2026-05-04T23:08:00Z,-32.0,-2.0,0,0,2026-05-08T02:16:16.455561+00:00,DL37,N831MH,DL,LHR,ATL
DAL1756-1777695889-fa-653p,2026-05-04T23:35:00,2026-05-04T23:08:00Z,-27.0,1.0,0,0,2026-05-08T02:16:16.455561+00:00,DL1756,N553NW,DL,SJO,ATL
DAL3026-1777695939-fa-4128p,2026-05-04T23:29:00,2026-05-04T23:07:00Z,-22.0,-7.0,0,0,2026-05-08T02:16:16.455561+00:00,DL3026,N953AT,DL,HSV,ATL
DAL1379-1777695913-fa-1121p,2026-05-04T23:23:00,2026-05-04T23:07:00Z,-16.0,-6.0,0,0,2026-05-08T02:16:16.455561+00:00,DL1379,N820DX,DL,RSW,ATL
AAL3330-1777709994-airline-1762p,2026-05-04T18:13:00,2026-05-04T23:07:00Z,294.0,308.0,0,0,2026-05-08T02:16:16.455561+00:00,AA3330,N149AN,AA,MIA,ATL
EDV5281-1777697618-airline-1523p,2026-05-04T23:26:00,2026-05-04T23:06:00Z,-20.0,-10.0,0,0,2026-05-08T02:16:16.455561+00:00,9E5281,N601LR,9E,CHA,ATL
DAL1278-1777695940-fa-3118p,2026-05-04T23:24:00,2026-05-04T23:06:00Z,-18.0,-5.0,0,0,2026-05-08T02:16:16.455561+00:00,DL1278,N960AT,DL,JAN,ATL
DAL1820-1777694955-fa-1173p,2026-05-04T23:27:00,2026-05-04T23:06:00Z,-21.0,-11.0,0,0,2026-05-08T02:16:16.455561+00:00,DL1820,N339DN,DL,LIR,ATL
DAL1235-1777695941-fa-1p,2026-05-04T23:10:00,2026-05-04T23:05:00Z,-5.0,2.0,0,0,2026-05-08T02:14:27.888112+00:00,DL1235,N961AT,DL,ATL,LEX
UAL2081-1777680452-fa-1219p,2026-05-04T23:21:00,2026-05-04T23:05:00Z,-16.0,-3.0,0,0,2026-05-08T02:16:16.455561+00:00,UA2081,N66808,UA,IAD,ATL
DAL3017-1777695945-fa-334p,2026-05-04T23:13:00,2026-05-04T23:04:00Z,-9.0,-10.0,0,0,2026-05-08T02:14:27.888112+00:00,DL3017,N926AT,DL,ATL,GSO
DAL518-1777694838-fa-604p,2026-05-04T23:14:00,2026-05-04T23:04:00Z,-10.0,-3.0,0,0,2026-05-08T02:14:27.888112+00:00,DL518,N391DN,DL,ATL,BOS
DAL26-1777695409-fa-146p,2026-05-04T23:33:00,2026-05-04T23:04:00Z,-29.0,-9.0,0,0,2026-05-08T02:16:16.455561+00:00,DL26,N531DN,DL,ICN,ATL
DAL976-1777695948-fa-129p,2026-05-04T23:30:00,2026-05-04T23:03:00Z,-27.0,-10.0,0,0,2026-05-08T02:16:16.455561+00:00,DL976,N981AT,DL,ILM,ATL
DAL796-1777694781-fa-290p,2026-05-04T23:29:00,2026-05-04T23:03:00Z,-26.0,3.0,0,0,2026-05-08T02:16:16.455561+00:00,DL796,N6702,DL,PHX,ATL
EDV5282-1777698708-airline-1404p,2026-05-04T23:00:00,2026-05-04T23:02:00Z,2.0,1.0,0,0,2026-05-08T02:14:27.888112+00:00,9E5282,N379CA,9E,ATL,AGS
DAL2780-1777695956-fa-3437p,2026-05-04T22:50:00,2026-05-04T23:02:00Z,12.0,19.0,0,0,2026-05-08T02:14:27.888112+00:00,DL2780,N922AT,DL,ATL,DAL
AAL1045-1777708252-airline-445p,2026-05-04T23:17:00,2026-05-04T23:02:00Z,-15.0,4.0,0,0,2026-05-08T02:16:16.455561+00:00,AA1045,N838AW,AA,MIA,ATL
DAL1506-1777695459-fa-2931p,2026-05-04T23:26:00,2026-05-04T23:02:00Z,-24.0,-10.0,0,0,2026-05-08T02:16:16.455561+00:00,DL1506,N3772H,DL,VPS,ATL
FFT2051-1777702820-airline-909p,2026-05-04T22:42:00,2026-05-04T23:01:00Z,19.0,26.0,0,0,2026-05-08T02:14:27.888112+00:00,F92051,N625FR,F9,ATL,MSY
DAL543-1777695557-fa-288p,2026-05-04T23:15:00,2026-05-04T23:01:00Z,-14.0,-5.0,0,0,2026-05-08T02:16:16.455561+00:00,DL543,N864DN,DL,STL,ATL
SWA1689-1777704136-airline-779p,2026-05-04T22:10:00,2026-05-04T23:00:00Z,50.0,55.0,0,0,2026-05-08T02:14:27.888112+00:00,WN1689,N1811U,WN,ATL,PIT
DAL1902-1777695870-fa-1949p,2026-05-04T23:15:00,2026-05-04T23:00:00Z,-15.0,-1.0,0,0,2026-05-08T02:16:16.455561+00:00,DL1902,N67171,DL,STT,ATL
DAL3068-1777695955-fa-1341p,2026-05-04T23:12:00,2026-05-04T22:59:00Z,-13.0,-8.0,0,0,2026-05-08T02:14:27.888112+00:00,DL3068,N933AT,DL,ATL,HSV
DAL3180-1777695955-fa-2199p,2026-05-04T23:14:00,2026-05-04T22:59:00Z,-15.0,-5.0,0,0,2026-05-08T02:14:27.888112+00:00,DL3180,N608AT,DL,ATL,JAN
EDV5537-1777674427-fa-1816p,2026-05-04T23:23:00,2026-05-04T22:58:00Z,-25.0,-7.0,0,0,2026-05-08T02:16:16.455561+00:00,9E5537,N272PQ,9E,AGS,ATL
DAL2772-1777695937-fa-907p,2026-05-04T23:24:00,2026-05-04T22:57:00Z,-27.0,-10.0,0,0,2026-05-08T02:16:16.455561+00:00,DL2772,N990AT,DL,GSO,ATL
DAL554-1777695553-fa-707p,2026-05-04T22:56:00,2026-05-04T22:56:00Z,0.0,15.0,0,0,2026-05-08T02:16:16.455561+00:00,DL554,N872DN,DL,SEA,ATL
DAL937-1777695724-fa-1207p,2026-05-04T23:24:00,2026-05-04T22:56:00Z,-28.0,-2.0,0,0,2026-05-08T02:16:16.455561+00:00,DL937,N860DN,DL,TUS,ATL
DAL299-1777695410-fa-739p,2026-05-04T23:34:00,2026-05-04T22:56:00Z,-38.0,-11.0,0,0,2026-05-08T02:16:16.455561+00:00,DL299,N571DZ,DL,FCO,ATL
EDV5013-1777923644-fa-1681p,2026-05-04T22:16:00,2026-05-04T22:55:00Z,39.0,41.0,0,0,2026-05-08T02:14:27.888112+00:00,9E5013,N928XJ,9E,ATL,HPN
DAL2174-1777695946-fa-917p,2026-05-04T23:19:00,2026-05-04T22:55:00Z,-24.0,-7.0,0,0,2026-05-08T02:16:16.455561+00:00,DL2174,N930AT,DL,CHS,ATL
EDV5470-1777698708-airline-1641p,2026-05-04T23:09:00,2026-05-04T22:54:00Z,-15.0,-5.0,0,0,2026-05-08T02:14:27.888112+00:00,9E5470,N925XJ,9E,ATL,CHA
DAL2831-1777695944-fa-158p,2026-05-04T23:07:00,2026-05-04T22:54:00Z,-13.0,-8.0,0,0,2026-05-08T02:14:27.888112+00:00,DL2831,N991AT,DL,ATL,SDF
DAL1125-1777695952-fa-1583p,2026-05-04T23:16:00,2026-05-04T22:54:00Z,-22.0,-2.0,0,0,2026-05-08T02:16:16.455561+00:00,DL1125,N965AT,DL,OMA,ATL
SWA1936-1777704136-airline-1065p,2026-05-04T23:05:00,2026-05-04T22:54:00Z,-11.0,4.0,0,0,2026-05-08T02:16:16.455561+00:00,WN1936,N8966S,WN,STL,ATL
DAL2037-1777695948-fa-136p,2026-05-04T23:10:00,2026-05-04T22:52:00Z,-18.0,-13.0,0,0,2026-05-08T02:14:27.888112+00:00,DL2037,N989AT,DL,ATL,AVL
DAL527-1777695731-fa-971p,2026-05-04T22:54:00,2026-05-04T22:52:00Z,-2.0,-4.0,0,0,2026-05-08T02:14:27.888112+00:00,DL527,N949DZ,DL,ATL,SAV
SWA3331-1777704104-airline-1645p,2026-05-04T22:25:00,2026-05-04T22:52:00Z,27.0,37.0,0,0,2026-05-08T02:14:27.888112+00:00,WN3331,N472WN,WN,ATL,BWI
DAL85-1777694868-fa-4285p,2026-05-04T23:16:00,2026-05-04T22:52:00Z,-24.0,-4.0,0,0,2026-05-08T02:16:16.455561+00:00,DL85,N844MH,DL,CDG,ATL
DAL2193-1777695941-fa-1632p,2026-05-04T22:27:00,2026-05-04T22:51:00Z,24.0,26.0,0,0,2026-05-08T02:14:27.888112+00:00,DL2193,N959AT,DL,ATL,CAE
DAL3115-1777695737-fa-820p,2026-05-04T22:53:00,2026-05-04T22:51:00Z,-2.0,11.0,0,0,2026-05-08T02:14:27.888112+00:00,DL3115,N940DU,DL,ATL,SRQ
DAL2720-1777694961-fa-1240p,2026-05-04T22:54:00,2026-05-04T22:51:00Z,-3.0,16.0,0,0,2026-05-08T02:16:16.455561+00:00,DL2720,N301DV,DL,JAX,ATL
EDV5247-1777697897-airline-826p,2026-05-04T23:05:00,2026-05-04T22:50:00Z,-15.0,-7.0,0,0,2026-05-08T02:14:27.888112+00:00,9E5247,N297PQ,9E,ATL,ROA
DAL1021-1777695497-fa-1240p,2026-05-04T22:55:00,2026-05-04T22:49:00Z,-6.0,-8.0,0,0,2026-05-08T02:14:27.888112+00:00,DL1021,N3750D,DL,ATL,GSP
DAL3053-1777695943-fa-892p,2026-05-04T23:00:00,2026-05-04T22:49:00Z,-11.0,-3.0,0,0,2026-05-08T02:14:27.888112+00:00,DL3053,N924AT,DL,ATL,ECP
DAL2189-1777694932-fa-5741p,2026-05-04T22:54:00,2026-05-04T22:49:00Z,-5.0,-2.0,0,0,2026-05-08T02:14:27.888112+00:00,DL2189,N332DN,DL,ATL,JAX
FFT4211-1777702820-airline-1262p,2026-05-04T22:08:00,2026-05-04T22:49:00Z,41.0,59.0,0,0,2026-05-08T02:14:27.888112+00:00,F94211,N393FR,F9,ATL,AUS
DAL3101-1777695953-fa-1102p,2026-05-04T23:13:00,2026-05-04T22:48:00Z,-25.0,0.0,0,0,2026-05-08T02:16:16.455561+00:00,DL3101,N950AT,DL,AVL,ATL
DAL1097-1777694840-fa-1311p,2026-05-04T22:54:00,2026-05-04T22:47:00Z,-7.0,-5.0,0,0,2026-05-08T02:14:27.888112+00:00,DL1097,N368DN,DL,ATL,RDU
DAL374-1777695021-fa-1435p,2026-05-04T21:51:00,2026-05-04T22:47:00Z,56.0,65.0,0,0,2026-05-08T02:14:27.888112+00:00,DL374,N128DN,DL,ATL,DFW
SWA1445-1777701030-airline-1949p,2026-05-04T22:55:00,2026-05-04T22:47:00Z,-8.0,5.0,0,0,2026-05-08T02:16:16.455561+00:00,WN1445,N8318F,WN,BWI,ATL
DAL1962-1777694928-fa-209p,2026-05-04T22:56:00,2026-05-04T22:46:00Z,-10.0,-4.0,0,0,2026-05-08T02:16:16.455561+00:00,DL1962,N322DN,DL,CUN,ATL
DAL1348-1777695916-fa-1109p,2026-05-04T22:50:00,2026-05-04T22:45:00Z,-5.0,-2.0,0,0,2026-05-08T02:14:27.888112+00:00,DL1348,N823DX,DL,ATL,RIC
DAL1393-1777695623-fa-907p,2026-05-04T22:44:00,2026-05-04T22:44:00Z,0.0,0.0,0,0,2026-05-08T02:14:27.888112+00:00,DL1393,N858DZ,DL,ATL,STL
SWA4529-1777704167-airline-2799p,2026-05-04T22:20:00,2026-05-04T22:43:00Z,23.0,35.0,0,0,2026-05-08T02:16:16.455561+00:00,WN4529,N8536Z,WN,TPA,ATL
RPA4582-1777699644-airline-538p,2026-05-04T22:34:00,2026-05-04T22:43:00Z,9.0,-7.0,0,0,2026-05-08T02:16:16.455561+00:00,YX4582,N105HQ,YX,LGA,ATL
FFT1082-1777705129-airline-1422p,2026-05-04T22:45:00,2026-05-04T22:42:00Z,-3.0,4.0,0,0,2026-05-08T02:14:27.888112+00:00,F91082,N624FR,F9,ATL,IAD
DAL1329-1777694929-fa-419p,2026-05-04T22:23:00,2026-05-04T22:42:00Z,19.0,6.0,0,0,2026-05-08T02:14:27.888112+00:00,DL1329,N306DN,DL,ATL,PHL
DAL1126-1777695455-fa-2712p,2026-05-04T23:03:00,2026-05-04T22:42:00Z,-21.0,-8.0,0,0,2026-05-08T02:16:16.455561+00:00,DL1126,N396DA,DL,SDF,ATL
DAL1594-1777694967-fa-1257p,2026-05-04T22:50:00,2026-05-04T22:41:00Z,-9.0,-4.0,0,0,2026-05-08T02:14:27.888112+00:00,DL1594,N344DN,DL,ATL,TPA
AAL1796-1777701683-airline-1429p,2026-05-04T22:55:00,2026-05-04T22:41:00Z,-14.0,-3.0,0,0,2026-05-08T02:14:27.888112+00:00,AA1796,N722US,AA,ATL,MIA
DAL3032-1777695945-fa-470p,2026-05-04T22:57:00,2026-05-04T22:41:00Z,-16.0,-8.0,0,0,2026-05-08T02:16:16.455561+00:00,DL3032,N974AT,DL,CAE,ATL
FFT1305-1777705129-airline-1473p,2026-05-04T22:35:00,2026-05-04T22:41:00Z,6.0,-11.0,0,0,2026-05-08T02:16:16.455561+00:00,F91305,N665FR,F9,BDL,ATL
DAL906-1777694834-fa-3028p,2026-05-04T22:56:00,2026-05-04T22:40:00Z,-16.0,-5.0,0,0,2026-05-08T02:16:16.455561+00:00,DL906,N373DX,DL,SLC,ATL
FFT4771-1777702596-airline-767p,2026-05-04T22:36:00,2026-05-04T22:39:00Z,3.0,3.0,0,0,2026-05-08T02:14:27.888112+00:00,F94771,N720FR,F9,ATL,CVG
DAL3094-1777695724-fa-1216p,2026-05-04T22:43:00,2026-05-04T22:39:00Z,-4.0,0.0,0,0,2026-05-08T02:16:16.455561+00:00,DL3094,N942DZ,DL,ECP,ATL
DAL1729-1777695952-fa-1598p,2026-05-04T22:58:00,2026-05-04T22:39:00Z,-19.0,-5.0,0,0,2026-05-08T02:16:16.455561+00:00,DL1729,N967AT,DL,TYS,ATL
DAL540-1777695940-fa-3104p,2026-05-04T22:20:00,2026-05-04T22:38:00Z,18.0,31.0,0,0,2026-05-08T02:14:27.888112+00:00,DL540,N943AT,DL,ATL,TLH
DAL950-1777695326-fa-1059p,2026-05-04T22:36:00,2026-05-04T22:38:00Z,2.0,-5.0,0,0,2026-05-08T02:14:27.888112+00:00,DL950,N366NW,DL,ATL,DCA
DAL2806-1777695531-fa-177p,2026-05-04T22:51:00,2026-05-04T22:38:00Z,-13.0,-8.0,0,0,2026-05-08T02:14:27.888112+00:00,DL2806,N377DA,DL,ATL,MKE
EDV5245-1777697897-airline-732p,2026-05-04T23:00:00,2026-05-04T22:37:00Z,-23.0,-5.0,0,0,2026-05-08T02:16:16.455561+00:00,9E5245,N376CA,9E,BQK,ATL
DAL1167-1777694806-fa-1299p,2026-05-04T22:32:00,2026-05-04T22:36:00Z,4.0,8.0,0,0,2026-05-08T02:16:16.455561+00:00,DL1167,N6707A,DL,TPA,ATL
DAL327-1777695909-fa-845p,2026-05-04T23:05:00,2026-05-04T22:36:00Z,-29.0,3.0,0,0,2026-05-08T02:16:16.455561+00:00,DL327,N718TW,DL,SNA,ATL
DAL838-1777694922-fa-1148p,2026-05-04T22:50:00,2026-05-04T22:35:00Z,-15.0,0.0,0,0,2026-05-08T02:16:16.455561+00:00,DL838,N115DN,DL,PBI,ATL
DAL2312-1777695594-fa-133p,2026-05-04T22:54:00,2026-05-04T22:35:00Z,-19.0,-5.0,0,0,2026-05-08T02:16:16.455561+00:00,DL2312,N930DZ,DL,EWR,ATL
DAL1497-1777695904-fa-1436p,2026-05-04T22:45:00,2026-05-04T22:34:00Z,-11.0,-5.0,0,0,2026-05-08T02:14:27.888112+00:00,DL1497,N821DX,DL,ATL,MCO
DAL942-1777695950-fa-1713p,2026-05-04T22:47:00,2026-05-04T22:34:00Z,-13.0,3.0,0,0,2026-05-08T02:16:16.455561+00:00,DL942,N895AT,DL,SGF,ATL
DAL1323-1777695895-fa-330p,2026-05-04T22:48:00,2026-05-04T22:34:00Z,-14.0,3.0,0,0,2026-05-08T02:16:16.455561+00:00,DL1323,N6716C,DL,MIA,ATL
DAL1328-1777695890-fa-1016p,2026-05-04T22:35:00,2026-05-04T22:33:00Z,-2.0,1.0,0,0,2026-05-08T02:14:27.888112+00:00,DL1328,N6709,DL,ATL,MIA
EDV5377-1777697306-airline-950p,2026-05-04T22:43:00,2026-05-04T22:32:00Z,-11.0,-8.0,0,0,2026-05-08T02:14:27.888112+00:00,9E5377,N929XJ,9E,ATL,DHN
DAL2786-1777695274-fa-1034p,2026-05-04T22:20:00,2026-05-04T22:31:00Z,11.0,12.0,0,0,2026-05-08T02:14:27.888112+00:00,DL2786,N355NW,DL,ATL,CMH
DAL2050-1777695029-fa-156p,2026-05-04T22:35:00,2026-05-04T22:31:00Z,-4.0,-2.0,0,0,2026-05-08T02:14:27.888112+00:00,DL2050,N359DN,DL,ATL,BUF
DAL587-1777695531-fa-176p,2026-05-04T22:41:00,2026-05-04T22:31:00Z,-10.0,-2.0,0,0,2026-05-08T02:16:16.455561+00:00,DL587,N3752,DL,MEX,ATL
DAL1919-1777694950-fa-574p,2026-05-04T22:39:00,2026-05-04T22:31:00Z,-8.0,1.0,0,0,2026-05-08T02:16:16.455561+00:00,DL1919,N333DX,DL,PUJ,ATL
SKW3935-1777697771-airline-1219p,2026-05-04T22:25:00,2026-05-04T22:30:00Z,5.0,15.0,0,0,2026-05-08T02:16:16.455561+00:00,OO3935,N264SY,OO,MOB,ATL
DAL512-1777695943-fa-883p,2026-05-04T22:58:00,2026-05-04T22:29:00Z,-29.0,-12.0,0,0,2026-05-08T02:16:16.455561+00:00,DL512,N939AT,DL,DAL,ATL
DAL2545-1777695706-fa-1687p,2026-05-04T22:46:00,2026-05-04T22:29:00Z,-17.0,-7.0,0,0,2026-05-08T02:16:16.455561+00:00,DL2545,N931DQ,DL,CLE,ATL
DAL1093-1777695340-fa-1536p,2026-05-04T22:08:00,2026-05-04T22:28:00Z,20.0,26.0,0,0,2026-05-08T02:14:27.888112+00:00,DL1093,N378NW,DL,ATL,MYR
DAL399-1777694917-fa-1166p,2026-05-04T22:54:00,2026-05-04T22:28:00Z,-26.0,-7.0,0,0,2026-05-08T02:16:16.455561+00:00,DL399,N354DN,DL,BOS,ATL
EDV5485-1777674549-fa-51p,2026-05-04T22:55:00,2026-05-04T22:28:00Z,-27.0,-11.0,0,0,2026-05-08T02:16:16.455561+00:00,9E5485,N176PQ,9E,HPN,ATL
FFT4209-1777702820-airline-1261p,2026-05-04T22:28:00,2026-05-04T22:28:00Z,0.0,21.0,0,0,2026-05-08T02:16:16.455561+00:00,F94209,N637FR,F9,CLE,ATL
DAL1700-1777695738-fa-749p,2026-05-04T21:54:00,2026-05-04T22:27:00Z,33.0,32.0,0,0,2026-05-08T02:14:27.888112+00:00,DL1700,N956DZ,DL,ATL,MEM
EDV5161-1777697771-airline-1214p,2026-05-04T22:45:00,2026-05-04T22:25:00Z,-20.0,-6.0,0,0,2026-05-08T02:14:27.888112+00:00,9E5161,N313PQ,9E,ATL,MGM
DAL3179-1777695712-fa-300p,2026-05-04T22:38:00,2026-05-04T22:24:00Z,-14.0,-9.0,0,0,2026-05-08T02:14:27.888112+00:00,DL3179,N897DN,DL,ATL,CHS
DAL1295-1777695000-fa-143p,2026-05-04T22:28:00,2026-05-04T22:24:00Z,-4.0,5.0,0,0,2026-05-08T02:14:27.888112+00:00,DL1295,N309DN,DL,ATL,FLL
DAL1470-1777695748-fa-925p,2026-05-04T22:41:00,2026-05-04T22:24:00Z,-17.0,-6.0,0,0,2026-05-08T02:14:27.888112+00:00,DL1470,N945DZ,DL,ATL,MCI
DAL1831-1777695896-fa-1160p,2026-05-04T22:39:00,2026-05-04T22:23:00Z,-16.0,-13.0,0,0,2026-05-08T02:16:16.455561+00:00,DL1831,N555NW,DL,GUA,ATL
DAL1467-1777695545-fa-584p,2026-05-04T22:25:00,2026-05-04T22:23:00Z,-2.0,6.0,0,0,2026-05-08T02:16:16.455561+00:00,DL1467,N815DN,DL,DTW,ATL
DAL3143-1777695954-fa-958p,2026-05-04T22:24:00,2026-05-04T22:22:00Z,-2.0,16.0,0,0,2026-05-08T02:16:16.455561+00:00,DL3143,N921AT,DL,LEX,ATL
DAL1816-1777695431-fa-1158p,2026-05-04T22:48:00,2026-05-04T22:22:00Z,-26.0,-13.0,0,0,2026-05-08T02:16:16.455561+00:00,DL1816,N382DA,DL,PVR,ATL
DAL3133-1777695949-fa-1127p,2026-05-04T22:21:00,2026-05-04T22:22:00Z,1.0,9.0,0,0,2026-05-08T02:16:16.455561+00:00,DL3133,N985AT,DL,GNV,ATL
DAL1132-1777695941-fa-1634p,2026-05-04T22:38:00,2026-05-04T22:21:00Z,-17.0,-7.0,0,0,2026-05-08T02:14:27.888112+00:00,DL1132,N966AT,DL,ATL,BHM
DAL1550-1777695716-fa-3351p,2026-05-04T22:27:00,2026-05-04T22:21:00Z,-6.0,-2.0,0,0,2026-05-08T02:16:16.455561+00:00,DL1550,N937DZ,DL,RDU,ATL
DAL1804-1777695542-fa-1461p,2026-05-04T22:29:00,2026-05-04T22:21:00Z,-8.0,-7.0,0,0,2026-05-08T02:16:16.455561+00:00,DL1804,N811DZ,DL,GDL,ATL
EDV5508-1777689218-fa-3757p,2026-05-04T22:39:00,2026-05-04T22:20:00Z,-19.0,-11.0,0,0,2026-05-08T02:14:27.888112+00:00,9E5508,N293PQ,9E,ATL,TRI
DAL2902-1777695120-fa-284p,2026-05-04T22:19:00,2026-05-04T22:20:00Z,1.0,-9.0,0,0,2026-05-08T02:14:27.888112+00:00,DL2902,N337NB,DL,ATL,IAD
DAL1882-1777694850-fa-580p,2026-05-04T22:46:00,2026-05-04T22:20:00Z,-26.0,-9.0,0,0,2026-05-08T02:16:16.455561+00:00,DL1882,N177DZ,DL,SJU,ATL
DAL3095-1777695479-fa-891p,2026-05-04T22:27:00,2026-05-04T22:19:00Z,-8.0,5.0,0,0,2026-05-08T02:16:16.455561+00:00,DL3095,N3741S,DL,GSP,ATL
DAL945-1777695353-fa-272p,2026-05-04T22:59:00,2026-05-04T22:18:00Z,-41.0,-7.0,0,0,2026-05-08T02:16:16.455561+00:00,DL945,N810NW,DL,LAS,ATL
DAL2730-1777695942-fa-131p,2026-05-04T22:35:00,2026-05-04T22:17:00Z,-18.0,-2.0,0,0,2026-05-08T02:16:16.455561+00:00,DL2730,N892AT,DL,BTR,ATL
EDV5002-1777697897-airline-814p,2026-05-04T22:19:00,2026-05-04T22:16:00Z,-3.0,-5.0,0,0,2026-05-08T02:14:27.888112+00:00,9E5002,N367CA,9E,ATL,FAY
EDV5105-1777697897-airline-807p,2026-05-04T22:24:00,2026-05-04T22:16:00Z,-8.0,-7.0,0,0,2026-05-08T02:14:27.888112+00:00,9E5105,N355CA,9E,ATL,CRW
DAL1036-1777694894-fa-875p,2026-05-04T22:25:00,2026-05-04T22:16:00Z,-9.0,-3.0,0,0,2026-05-08T02:16:16.455561+00:00,DL1036,N320DN,DL,MSP,ATL
DAL1613-1777694995-fa-82p,2026-05-04T22:20:00,2026-05-04T22:16:00Z,-4.0,-2.0,0,0,2026-05-08T02:16:16.455561+00:00,DL1613,N331DN,DL,FLL,ATL
DAL1002-1777695503-fa-267p,2026-05-04T22:21:00,2026-05-04T22:16:00Z,-5.0,12.0,0,0,2026-05-08T02:16:16.455561+00:00,DL1002,N3751B,DL,ELP,ATL
DAL3056-1777695763-fa-3546p,2026-05-04T22:08:00,2026-05-04T22:14:00Z,6.0,0.0,0,0,2026-05-08T02:14:27.888112+00:00,DL3056,N960DZ,DL,ATL,DAB
DAL959-1777694892-fa-1358p,2026-05-04T22:28:00,2026-05-04T22:14:00Z,-14.0,-6.0,0,0,2026-05-08T02:14:27.888112+00:00,DL959,N364DX,DL,ATL,PBI
DAL1029-1777695623-fa-911p,2026-05-04T22:40:00,2026-05-04T22:14:00Z,-26.0,-8.0,0,0,2026-05-08T02:16:16.455561+00:00,DL1029,N875DN,DL,JFK,ATL
DAL2892-1777695423-fa-281p,2026-05-04T22:41:00,2026-05-04T22:14:00Z,-27.0,-7.0,0,0,2026-05-08T02:16:16.455561+00:00,DL2892,N376DA,DL,CMH,ATL
UAL1848-1777669572-fa-2460p,2026-05-04T22:28:00,2026-05-04T22:14:00Z,-14.0,-4.0,0,0,2026-05-08T02:16:16.455561+00:00,UA1848,N853UA,UA,EWR,ATL
DAL2799-1777695542-fa-1465p,2026-05-04T22:14:00,2026-05-04T22:12:00Z,-2.0,-5.0,0,0,2026-05-08T02:14:27.888112+00:00,DL2799,N827DN,DL,ATL,BWI
DAL2314-1777695134-fa-1000p,2026-05-04T22:24:00,2026-05-04T22:12:00Z,-12.0,0.0,0,0,2026-05-08T02:16:16.455561+00:00,DL2314,N329NB,DL,PVD,ATL
DAL1266-1777694895-fa-1326p,2026-05-04T21:41:00,2026-05-04T22:12:00Z,31.0,41.0,0,0,2026-05-08T02:16:16.455561+00:00,DL1266,N336DX,DL,PBI,ATL
DAL1346-1777695741-fa-320p,2026-05-04T22:19:00,2026-05-04T22:11:00Z,-8.0,-8.0,0,0,2026-05-08T02:14:27.888112+00:00,DL1346,N884DN,DL,ATL,ORF
DAL1959-1777695425-fa-869p,2026-05-04T22:38:00,2026-05-04T22:11:00Z,-27.0,-11.0,0,0,2026-05-08T02:16:16.455561+00:00,DL1959,N392DA,DL,PLS,ATL
DAL3158-1777695947-fa-5p,2026-05-04T22:11:00,2026-05-04T22:10:00Z,-1.0,-5.0,0,0,2026-05-08T02:14:27.888112+00:00,DL3158,N954AT,DL,ATL,CLT
JBU220-1777704754-airline-1241p,2026-05-04T22:10:00,2026-05-04T22:10:00Z,0.0,15.0,0,0,2026-05-08T02:16:16.455561+00:00,B6220,N636JB,B6,JFK,ATL
DAL1437-1777695740-fa-810p,2026-05-04T22:24:00,2026-05-04T22:08:00Z,-16.0,-6.0,0,0,2026-05-08T02:16:16.455561+00:00,DL1437,N947DZ,DL,RIC,ATL
DAL3142-1777695512-fa-897p,2026-05-04T22:25:00,2026-05-04T22:08:00Z,-17.0,-6.0,0,0,2026-05-08T02:16:16.455561+00:00,DL3142,N3757D,DL,BNA,ATL
DAL3163-1777695764-fa-2231p,2026-05-04T22:25:00,2026-05-04T22:07:00Z,-18.0,-2.0,0,0,2026-05-08T02:16:16.455561+00:00,DL3163,N962DZ,DL,BHM,ATL
DAL1873-1777695888-fa-1052p,2026-05-04T22:04:00,2026-05-04T22:07:00Z,3.0,-3.0,0,0,2026-05-08T02:16:16.455561+00:00,DL1873,N6701,DL,SXM,ATL
DAL3042-1777695955-fa-2190p,2026-05-04T22:14:00,2026-05-04T22:06:00Z,-8.0,-7.0,0,0,2026-05-08T02:14:27.888112+00:00,DL3042,N998AT,DL,ATL,TYS
DAL2220-1777695952-fa-1336p,2026-05-04T22:17:00,2026-05-04T22:06:00Z,-11.0,-8.0,0,0,2026-05-08T02:14:27.888112+00:00,DL2220,N915AT,DL,ATL,GNV
DAL3063-1777695936-fa-571p,2026-05-04T22:09:00,2026-05-04T22:06:00Z,-3.0,10.0,0,0,2026-05-08T02:14:27.888112+00:00,DL3063,N949AT,DL,ATL,GPT
DAL3014-1777695574-fa-1385p,2026-05-04T22:11:00,2026-05-04T22:04:00Z,-7.0,5.0,0,0,2026-05-08T02:16:16.455561+00:00,DL3014,N810DN,DL,SAV,ATL
DAL995-1777695077-fa-997p,2026-05-04T22:17:00,2026-05-04T22:04:00Z,-13.0,-2.0,0,0,2026-05-08T02:16:16.455561+00:00,DL995,N372DN,DL,DEN,ATL
DAL1772-1777695608-fa-1245p,2026-05-04T22:14:00,2026-05-04T22:04:00Z,-10.0,-5.0,0,0,2026-05-08T02:16:16.455561+00:00,DL1772,N866DN,DL,TQO,ATL
DAL1803-1777695699-fa-651p,2026-05-04T22:23:00,2026-05-04T22:03:00Z,-20.0,-6.0,0,0,2026-05-08T02:16:16.455561+00:00,DL1803,N917DU,DL,SDQ,ATL
EDV5339-1777697742-airline-1282p,2026-05-04T21:24:00,2026-05-04T22:02:00Z,38.0,52.0,0,0,2026-05-08T02:16:16.455561+00:00,9E5339,N316PQ,9E,AVL,ATL
DAL3037-1777695938-fa-733p,2026-05-04T22:10:00,2026-05-04T22:00:00Z,-10.0,-5.0,0,0,2026-05-08T02:16:16.455561+00:00,DL3037,N945AT,DL,CLT,ATL
EDV5144-1777697306-airline-953p,2026-05-04T22:18:00,2026-05-04T21:59:00Z,-19.0,-9.0,0,0,2026-05-08T02:14:27.888112+00:00,9E5144,N181GJ,9E,ATL,EVV
DAL3134-1777695713-fa-563p,2026-05-04T22:25:00,2026-05-04T21:59:00Z,-26.0,-9.0,0,0,2026-05-08T02:16:16.455561+00:00,DL3134,N938DZ,DL,IND,ATL
FFT3600-1777702820-airline-1183p,2026-05-04T22:04:00,2026-05-04T21:59:00Z,-5.0,-2.0,0,0,2026-05-08T02:16:16.455561+00:00,F93600,N675FR,F9,DEN,ATL
DAL1372-1777694801-fa-1007p,2026-05-04T21:58:00,2026-05-04T21:58:00Z,0.0,13.0,0,0,2026-05-08T02:16:16.455561+00:00,DL1372,N6714Q,DL,MCO,ATL
FFT1550-1777702820-airline-627p,2026-05-04T22:04:00,2026-05-04T21:57:00Z,-7.0,-10.0,0,0,2026-05-08T02:14:27.888112+00:00,F91550,N341FR,F9,ATL,JAX
DAL2539-1777695957-fa-1016p,2026-05-04T22:19:00,2026-05-04T21:57:00Z,-22.0,-6.0,0,0,2026-05-08T02:16:16.455561+00:00,DL2539,N937AT,DL,GSO,ATL
UAL2345-1777680325-fa-100p,2026-05-04T20:16:00,2026-05-04T21:56:00Z,100.0,116.0,0,0,2026-05-08T02:16:16.455561+00:00,UA2345,N804UA,UA,EWR,ATL
EDV5503-1777697742-airline-1270p,2026-05-04T22:13:00,2026-05-04T21:56:00Z,-17.0,-11.0,0,0,2026-05-08T02:16:16.455561+00:00,9E5503,N390CA,9E,XNA,ATL
SWA3933-1777707879-airline-600p,2026-05-04T21:45:00,2026-05-04T21:55:00Z,10.0,23.0,0,0,2026-05-08T02:14:27.888112+00:00,WN3933,N8849Q,WN,ATL,MSY
SWA717-1777704167-airline-3104p,2026-05-04T22:10:00,2026-05-04T21:54:00Z,-16.0,-5.0,0,0,2026-05-08T02:14:27.888112+00:00,WN717,N8953Q,WN,ATL,CMH
DAL1572-1777694835-fa-2927p,2026-05-04T22:04:00,2026-05-04T21:54:00Z,-10.0,9.0,0,0,2026-05-08T02:16:16.455561+00:00,DL1572,N392DN,DL,IAH,ATL
SWA279-1777709839-airline-853p,2026-05-04T22:05:00,2026-05-04T21:54:00Z,-11.0,4.0,0,0,2026-05-08T02:16:16.455561+00:00,WN279,N8759Q,WN,AUS,ATL
DAL1576-1777695862-fa-1334p,2026-05-04T20:54:00,2026-05-04T21:53:00Z,59.0,77.0,0,0,2026-05-08T02:16:16.455561+00:00,DL1576,N694DL,DL,MCO,ATL
DAL3088-1777695948-fa-861p,2026-05-04T21:59:00,2026-05-04T21:52:00Z,-7.0,5.0,0,0,2026-05-08T02:14:27.888112+00:00,DL3088,N927AT,DL,ATL,DAY
DAL1800-1777695424-fa-563p,2026-05-04T22:15:00,2026-05-04T21:52:00Z,-23.0,-14.0,0,0,2026-05-08T02:16:16.455561+00:00,DL1800,N378DA,DL,MBJ,ATL
DAL2627-1777695914-fa-1651p,2026-05-04T21:53:00,2026-05-04T21:51:00Z,-2.0,-5.0,0,0,2026-05-08T02:14:27.888112+00:00,DL2627,N822DX,DL,ATL,JAX
SWA1472-1777701030-airline-1980p,2026-05-04T22:15:00,2026-05-04T21:51:00Z,-24.0,1.0,0,0,2026-05-08T02:16:16.455561+00:00,WN1472,N7747C,WN,DAL,ATL
DAL2211-1777695945-fa-326p,2026-05-04T21:40:00,2026-05-04T21:50:00Z,10.0,16.0,0,0,2026-05-08T02:14:27.888112+00:00,DL2211,N982AT,DL,ATL,PNS
DAL2427-1777695476-fa-2598p,2026-05-04T22:10:00,2026-05-04T21:50:00Z,-20.0,4.0,0,0,2026-05-08T02:16:16.455561+00:00,DL2427,N3737C,DL,COS,ATL
DAL3043-1777695946-fa-160p,2026-05-04T21:58:00,2026-05-04T21:49:00Z,-9.0,-2.0,0,0,2026-05-08T02:14:27.888112+00:00,DL3043,N995AT,DL,ATL,MLB
DAL3157-1777694790-fa-1139p,2026-05-04T22:01:00,2026-05-04T21:49:00Z,-12.0,6.0,0,0,2026-05-08T02:16:16.455561+00:00,DL3157,N698DL,DL,MSY,ATL
JIA5026-1777703038-airline-1580p,2026-05-04T22:25:00,2026-05-04T21:47:00Z,-38.0,-6.0,0,0,2026-05-08T02:16:16.455561+00:00,OH5026,N613NN,OH,PHL,ATL
DAL583-1777695156-fa-5010p,2026-05-04T22:00:00,2026-05-04T21:46:00Z,-14.0,-8.0,0,0,2026-05-08T02:16:16.455561+00:00,DL583,N342NB,DL,BDA,ATL
DAL725-1777694807-fa-472p,2026-05-04T22:18:00,2026-05-04T21:46:00Z,-32.0,-2.0,0,0,2026-05-08T02:16:16.455561+00:00,DL725,N900PC,DL,SAN,ATL
DAL2747-1777695747-fa-1189p,2026-05-04T22:09:00,2026-05-04T21:46:00Z,-23.0,-5.0,0,0,2026-05-08T02:16:16.455561+00:00,DL2747,N943DZ,DL,MCI,ATL
FFT2171-1777702820-airline-929p,2026-05-04T21:19:00,2026-05-04T21:45:00Z,26.0,15.0,0,0,2026-05-08T02:16:16.455561+00:00,F92171,N702FR,F9,FLL,ATL
DAL1394-1777694902-fa-1561p,2026-05-04T15:11:00,2026-05-04T21:44:00Z,393.0,404.0,0,0,2026-05-08T02:16:16.455561+00:00,DL1394,N328DN,DL,PBI,ATL
DAL67-1777695388-fa-1098p,2026-05-04T22:13:00,2026-05-04T21:44:00Z,-29.0,-9.0,0,0,2026-05-08T02:16:16.455561+00:00,DL67,N423DX,DL,FCO,ATL
UAL462-1777680322-fa-1105p,2026-05-04T21:55:00,2026-05-04T21:44:00Z,-11.0,1.0,0,0,2026-05-08T02:16:16.455561+00:00,UA462,N35407,UA,IAH,ATL
DAL2279-1777694923-fa-988p,2026-05-04T21:53:00,2026-05-04T21:41:00Z,-12.0,4.0,0,0,2026-05-08T02:16:16.455561+00:00,DL2279,N324DX,DL,PHL,ATL
EDV5308-1777674364-fa-1830p,2026-05-04T22:04:00,2026-05-04T21:40:00Z,-24.0,-5.0,0,0,2026-05-08T02:16:16.455561+00:00,9E5308,N183GJ,9E,LFT,ATL
DAL1976-1777694915-fa-136p,2026-05-04T21:55:00,2026-05-04T21:40:00Z,-15.0,-9.0,0,0,2026-05-08T02:16:16.455561+00:00,DL1976,N316DN,DL,NAS,ATL
DAL3112-1777695755-fa-815p,2026-05-04T21:43:00,2026-05-04T21:39:00Z,-4.0,-3.0,0,0,2026-05-08T02:14:27.888112+00:00,DL3112,N958DZ,DL,ATL,SAV
DAL1381-1777695731-fa-973p,2026-05-04T21:54:00,2026-05-04T21:39:00Z,-15.0,-7.0,0,0,2026-05-08T02:16:16.455561+00:00,DL1381,N946DZ,DL,CHS,ATL
DAL638-1777694909-fa-858p,2026-05-04T21:54:00,2026-05-04T21:37:00Z,-17.0,-2.0,0,0,2026-05-08T02:16:16.455561+00:00,DL638,N365DN,DL,BOS,ATL
SWA3001-1777709839-airline-1027p,2026-05-04T21:50:00,2026-05-04T21:37:00Z,-13.0,-6.0,0,0,2026-05-08T02:16:16.455561+00:00,WN3001,N8815L,WN,MCI,ATL
DAL3169-1777695561-fa-579p,2026-05-04T21:51:00,2026-05-04T21:36:00Z,-15.0,-4.0,0,0,2026-05-08T02:16:16.455561+00:00,DL3169,N916DU,DL,CVG,ATL
SKW3869-1777686154-fa-967p,2026-05-04T20:00:00,2026-05-04T21:36:00Z,96.0,113.0,0,0,2026-05-08T02:16:16.455561+00:00,OO3869,N265SY,OO,OAJ,ATL
UAL702-1777680322-fa-1107p,2026-05-04T22:09:00,2026-05-04T21:36:00Z,-33.0,-2.0,0,0,2026-05-08T02:16:16.455561+00:00,UA702,N17361,UA,SFO,ATL
DAL3027-1777695946-fa-936p,2026-05-04T21:44:00,2026-05-04T21:35:00Z,-9.0,1.0,0,0,2026-05-08T02:16:16.455561+00:00,DL3027,N964AT,DL,LIT,ATL
DAL1020-1777695306-fa-1358p,2026-05-04T21:59:00,2026-05-04T21:35:00Z,-24.0,-7.0,0,0,2026-05-08T02:16:16.455561+00:00,DL1020,N360NW,DL,DCA,ATL
EDV5374-1777674492-fa-2916p,2026-05-04T21:47:00,2026-05-04T21:34:00Z,-13.0,-5.0,0,0,2026-05-08T02:14:27.888112+00:00,9E5374,N319PQ,9E,ATL,CSG
DAL1805-1777695416-fa-1668p,2026-05-04T21:53:00,2026-05-04T21:34:00Z,-19.0,-12.0,0,0,2026-05-08T02:16:16.455561+00:00,DL1805,N3735D,DL,SAP,ATL
JIA5049-1777701898-airline-1316p,2026-05-04T22:04:00,2026-05-04T21:32:00Z,-32.0,-10.0,0,0,2026-05-08T02:14:27.888112+00:00,OH5049,N646NN,OH,ATL,CLT
DAL3026-1777695939-fa-4126p,2026-05-04T21:42:00,2026-05-04T21:31:00Z,-11.0,-8.0,0,0,2026-05-08T02:14:27.888112+00:00,DL3026,N953AT,DL,ATL,HSV
DAL1693-1777695586-fa-174p,2026-05-04T21:25:00,2026-05-04T21:31:00Z,6.0,11.0,0,0,2026-05-08T02:14:27.888112+00:00,DL1693,N941DZ,DL,ATL,BNA
DAL2020-1777695648-fa-1242p,2026-05-04T22:01:00,2026-05-04T21:31:00Z,-30.0,-14.0,0,0,2026-05-08T02:16:16.455561+00:00,DL2020,N835DN,DL,OKC,ATL
DAL1246-1777695516-fa-2179p,2026-05-04T21:51:00,2026-05-04T21:29:00Z,-22.0,-8.0,0,0,2026-05-08T02:16:16.455561+00:00,DL1246,N3765,DL,MKE,ATL
DAL528-1777695900-fa-1901p,2026-05-04T21:46:00,2026-05-04T21:29:00Z,-17.0,1.0,0,0,2026-05-08T02:16:16.455561+00:00,DL528,N550NW,DL,LAX,ATL
DAL1802-1777694919-fa-527p,2026-05-04T21:45:00,2026-05-04T21:29:00Z,-16.0,-11.0,0,0,2026-05-08T02:16:16.455561+00:00,DL1802,N363DN,DL,BZE,ATL
SKW3890-1777686151-fa-3510p,2026-05-04T21:05:00,2026-05-04T21:27:00Z,22.0,42.0,0,0,2026-05-08T02:16:16.455561+00:00,OO3890,N304SY,OO,ROA,ATL
DAL1823-1777694784-fa-1333p,2026-05-04T21:32:00,2026-05-04T21:26:00Z,-6.0,0.0,0,0,2026-05-08T02:16:16.455561+00:00,DL1823,N685DA,DL,STT,ATL
SWA4144-1777707879-airline-782p,2026-05-04T21:10:00,2026-05-04T21:26:00Z,16.0,24.0,0,0,2026-05-08T02:16:16.455561+00:00,WN4144,N8978G,WN,SAT,ATL
DAL31-1777694866-fa-1493p,2026-05-04T21:45:00,2026-05-04T21:25:00Z,-20.0,-15.0,0,0,2026-05-08T02:16:16.455561+00:00,DL31,N842MH,DL,LHR,ATL
AFR32-1777703565-airline-971p,2026-05-04T21:25:00,2026-05-04T21:25:00Z,0.0,20.0,0,0,2026-05-08T02:16:16.455561+00:00,AF32,F-HRBH,AF,CDG,ATL
JBU2098-1777704754-airline-1216p,2026-05-04T21:11:00,2026-05-04T21:25:00Z,14.0,0.0,0,0,2026-05-08T02:16:16.455561+00:00,B62098,N3255J,B6,FLL,ATL
DAL2484-1777695936-fa-556p,2026-05-04T21:26:00,2026-05-04T21:24:00Z,-2.0,-1.0,0,0,2026-05-08T02:14:27.888112+00:00,DL2484,N717JL,DL,ATL,BHM
DAL1545-1777695939-fa-4137p,2026-05-04T20:30:00,2026-05-04T21:24:00Z,54.0,59.0,0,0,2026-05-08T02:14:27.888112+00:00,DL1545,N971AT,DL,ATL,TLH
DAL2322-1777695417-fa-1072p,2026-05-04T21:48:00,2026-05-04T21:24:00Z,-24.0,-6.0,0,0,2026-05-08T02:16:16.455561+00:00,DL2322,N3773D,DL,EWR,ATL
EDV5537-1777674463-fa-1828p,2026-05-04T21:37:00,2026-05-04T21:23:00Z,-14.0,-9.0,0,0,2026-05-08T02:14:27.888112+00:00,9E5537,N272PQ,9E,ATL,AGS
DAL2086-1777695937-fa-883p,2026-05-04T21:49:00,2026-05-04T21:22:00Z,-27.0,-13.0,0,0,2026-05-08T02:16:16.455561+00:00,DL2086,N944AT,DL,DSM,ATL
DAL2252-1777695952-fa-1329p,2026-05-04T21:32:00,2026-05-04T21:22:00Z,-10.0,-1.0,0,0,2026-05-08T02:16:16.455561+00:00,DL2252,N978AT,DL,MEM,ATL
UAL356-1777670495-fa-1861p,2026-05-04T21:38:00,2026-05-04T21:20:00Z,-18.0,-1.0,0,0,2026-05-08T02:16:16.455561+00:00,UA356,N850UA,UA,ORD,ATL
DAL1884-1777695454-fa-1034p,2026-05-04T21:28:00,2026-05-04T21:20:00Z,-8.0,3.0,0,0,2026-05-08T02:16:16.455561+00:00,DL1884,N398DA,DL,ORD,ATL
DAL1866-1777695245-fa-550p,2026-05-04T21:40:00,2026-05-04T21:20:00Z,-20.0,-16.0,0,0,2026-05-08T02:16:16.455561+00:00,DL1866,N348NW,DL,MTY,ATL
EDV5376-1777698708-airline-1535p,2026-05-04T21:44:00,2026-05-04T21:19:00Z,-25.0,-12.0,0,0,2026-05-08T02:14:27.888112+00:00,9E5376,N601LR,9E,ATL,CHA
DAL1148-1777695956-fa-3396p,2026-05-04T21:41:00,2026-05-04T21:19:00Z,-22.0,-11.0,0,0,2026-05-08T02:16:16.455561+00:00,DL1148,N919AT,DL,TYS,ATL
EDV5364-1777698708-airline-1517p,2026-05-04T21:05:00,2026-05-04T21:19:00Z,14.0,17.0,0,0,2026-05-08T02:16:16.455561+00:00,9E5364,N302PQ,9E,HSV,ATL
DAL988-1777695769-fa-1216p,2026-05-04T20:27:00,2026-05-04T21:19:00Z,52.0,67.0,0,0,2026-05-08T02:16:16.455561+00:00,DL988,N550DN,DL,LGA,ATL
DAL597-1777695020-fa-1073p,2026-05-04T21:35:00,2026-05-04T21:19:00Z,-16.0,-8.0,0,0,2026-05-08T02:16:16.455561+00:00,DL597,N329DN,DL,CUN,ATL
EDV5287-1777697306-airline-940p,2026-05-04T21:27:00,2026-05-04T21:15:00Z,-12.0,-7.0,0,0,2026-05-08T02:14:27.888112+00:00,9E5287,N690CA,9E,ATL,ABY
DAL974-1777695027-fa-757p,2026-05-04T21:36:00,2026-05-04T21:15:00Z,-21.0,-4.0,0,0,2026-05-08T02:16:16.455561+00:00,DL974,N377DN,DL,LGA,ATL
DAL3083-1777695941-fa-2p,2026-05-04T21:14:00,2026-05-04T21:15:00Z,1.0,15.0,0,0,2026-05-08T02:16:16.455561+00:00,DL3083,N961AT,DL,VPS,ATL
DAL2778-1777695948-fa-860p,2026-05-04T19:44:00,2026-05-04T21:13:00Z,89.0,103.0,0,0,2026-05-08T02:16:16.455561+00:00,DL2778,N959AT,DL,MEM,ATL
DAL1579-1777694981-fa-1142p,2026-05-04T21:23:00,2026-05-04T21:12:00Z,-11.0,8.0,0,0,2026-05-08T02:16:16.455561+00:00,DL1579,N303DN,DL,MIA,ATL
AAL1811-1777701683-airline-1447p,2026-05-04T21:34:00,2026-05-04T21:10:00Z,-24.0,-6.0,0,0,2026-05-08T02:16:16.455561+00:00,AA1811,N801NN,AA,DFW,ATL
DAL75-1777695352-fa-465p,2026-05-04T20:55:00,2026-05-04T21:03:00Z,8.0,12.0,0,0,2026-05-04T22:21:34.927515+00:00,DL75,N818NW,DL,AMS,ATL
DAL2990-1777695868-fa-1370p,2026-05-04T21:10:00,2026-05-04T20:59:00Z,-11.0,-4.0,0,0,2026-05-04T22:15:49.667502+00:00,DL2990,N554NW,DL,JAX,ATL
DAL1872-1777695643-fa-926p,2026-05-04T21:18:00,2026-05-04T20:45:00Z,-33.0,-20.0,0,0,2026-05-04T22:20:20.093449+00:00,DL1872,N892DN,DL,PLS,ATL
DAL759-1777694996-fa-1160p,2026-05-04T20:50:00,2026-05-04T20:41:00Z,-9.0,-5.0,0,0,2026-05-04T22:22:15.406559+00:00,DL759,N353DN,DL,ATL,TPA
AAL1516-1777705939-airline-777p,2026-05-04T15:05:00,2026-05-04T20:25:00Z,320.0,334.0,0,0,2026-05-04T22:22:09.340381+00:00,AA1516,N838AW,AA,YUL,MIA
DAL1292-1777694945-fa-1019p,2026-05-04T20:16:00,2026-05-04T20:05:00Z,-11.0,-3.0,0,0,2026-05-04T22:22:12.377826+00:00,DL1292,N352DN,DL,ATL,FLL
SWA2105-1777698769-airline-1083p,2026-05-04T20:00:00,2026-05-04T19:42:00Z,-18.0,12.0,0,0,2026-05-04T22:21:59.972663+00:00,WN2105,N8536Z,WN,DEN,TPA
DAL1323-1777695894-fa-966p,2026-05-04T19:35:00,2026-05-04T19:25:00Z,-10.0,-6.0,0,0,2026-05-04T22:21:47.211829+00:00,DL1323,N6716C,DL,ATL,MIA
DAL2312-1777695595-fa-345p,2026-05-04T19:24:00,2026-05-04T19:18:00Z,-6.0,1.0,0,0,2026-05-04T22:21:50.461968+00:00,DL2312,N930DZ,DL,ATL,EWR
RPA4407-1777699644-airline-330p,2026-05-04T19:16:00,2026-05-04T18:49:00Z,-27.0,-9.0,0,0,2026-05-04T22:21:56.735433+00:00,YX4407,N105HQ,YX,CLE,LGA
DAL350-1777694917-fa-1164p,2026-05-04T18:45:00,2026-05-04T18:40:00Z,-5.0,-7.0,0,0,2026-05-04T22:21:43.910344+00:00,DL350,N354DN,DL,ATL,BOS
DAL898-1777694759-fa-241p,2026-05-04T17:50:00,2026-05-04T18:10:00Z,20.0,1.0,0,0,2026-05-04T22:22:18.343737+00:00,DL898,N1200K,DL,ATL,LAX
FFT3231-1777699828-airline-615p,2026-05-04T18:04:00,2026-05-04T17:43:00Z,-21.0,-7.0,0,0,2026-05-04T22:21:53.777796+00:00,F93231,N654FR,F9,CLE,LAS
AAL1286-1777705939-airline-524p,2026-05-04T14:16:00,2026-05-04T13:49:00Z,-27.0,-9.0,0,0,2026-05-04T22:22:06.149447+00:00,AA1286,N149AN,AA,LGA,MIA
DAL201-1777608920-fa-241p,2026-05-04T12:45:00,2026-05-04T12:45:00Z,0.0,-6.0,0,0,2026-05-04T22:20:29.626762+00:00,DL201,N523DN,DL,JNB,ATL
SWA464-1777704167-airline-2857p,2026-05-04T11:20:00,2026-05-04T11:09:00Z,-11.0,-3.0,0,0,2026-05-04T22:22:02.943964+00:00,WN464,N8318F,WN,BDL,BWI
DAL66-1777608905-fa-1511p,2026-05-04T08:50:00,2026-05-04T09:00:00Z,10.0,25.0,0,0,2026-05-08T02:11:23.600235+00:00,DL66,N425DX,DL,ATL,FCO
DAL54-1777608885-fa-1456p,2026-05-04T08:45:00,2026-05-04T08:38:00Z,-7.0,15.0,0,0,2026-05-08T02:11:23.600235+00:00,DL54,N858NW,DL,ATL,LOS
DAL105-1777608865-fa-943p,2026-05-04T08:40:00,2026-05-04T08:29:00Z,-11.0,0.0,0,0,2026-05-08T02:11:23.600235+00:00,DL105,N822NW,DL,ATL,GRU
SAS930-1777621182-airline-849p,2026-05-04T08:15:00,2026-05-04T08:04:00Z,-11.0,8.0,0,0,2026-05-08T02:11:23.600235+00:00,SK930,LN-RKT,SK,ATL,CPH
DAL74-1777608852-fa-280p,2026-05-04T08:35:00,2026-05-04T08:01:00Z,-34.0,-12.0,0,0,2026-05-08T02:11:23.600235+00:00,DL74,N818NW,DL,ATL,AMS
DAL222-1777608906-fa-1044p,2026-05-04T08:00:00,2026-05-04T07:54:00Z,-6.0,7.0,0,0,2026-05-08T02:11:23.600235+00:00,DL222,N406DX,DL,ATL,ATH
DAL174-1777608452-fa-108p,2026-05-04T07:25:00,2026-05-04T07:17:00Z,-8.0,-6.0,0,0,2026-05-08T02:11:23.600235+00:00,DL174,N832MH,DL,ATL,MXP
DAL14-1777608883-fa-165p,2026-05-04T06:55:00,2026-05-04T07:03:00Z,8.0,-3.0,0,0,2026-05-08T02:11:23.600235+00:00,DL14,N854NW,DL,ATL,FRA
DAL192-1777608454-fa-550p,2026-05-04T06:55:00,2026-05-04T06:44:00Z,-11.0,-10.0,0,0,2026-05-08T02:11:23.600235+00:00,DL192,N836MH,DL,ATL,VCE
DAL130-1777608439-fa-810p,2026-05-04T06:25:00,2026-05-04T06:32:00Z,7.0,-1.0,0,0,2026-05-08T02:11:23.600235+00:00,DL130,N830MH,DL,ATL,MUC
VIR104-1777611798-airline-188p,2026-05-04T06:15:00,2026-05-04T06:22:00Z,7.0,9.0,0,0,2026-05-08T02:11:23.600235+00:00,VS104,G-VPOP,VS,ATL,LHR
DAL72-1777608851-fa-517p,2026-05-04T05:45:00,2026-05-04T06:01:00Z,16.0,-5.0,0,0,2026-05-08T02:11:23.600235+00:00,DL72,N824NW,DL,ATL,AMS
VIR110-1777611798-airline-192p,2026-05-04T06:15:00,2026-05-04T05:59:00Z,-16.0,-4.0,0,0,2026-05-08T02:11:23.600235+00:00,VS110,G-VWAG,VS,ATL,MAN
DAL140-1777608455-fa-628p,2026-05-04T05:40:00,2026-05-04T05:41:00Z,1.0,8.0,0,0,2026-05-08T02:11:23.600235+00:00,DL140,N843MH,DL,ATL,BRU
DAL30-1777608435-fa-2011p,2026-05-04T05:25:00,2026-05-04T05:19:00Z,-6.0,-4.0,0,0,2026-05-08T02:11:23.600235+00:00,DL30,N827MH,DL,ATL,LHR
UAL2416-1777593832-fa-759p,2026-05-04T04:44:00,2026-05-04T04:41:00Z,-3.0,-5.0,0,0,2026-05-08T02:11:23.600235+00:00,UA2416,N37372,UA,ATL,SFO
DAL933-1777609088-fa-1292p,2026-05-04T04:45:00,2026-05-04T04:40:00Z,-5.0,-2.0,0,0,2026-05-08T02:11:23.600235+00:00,DL933,N834DN,DL,ATL,SJC
DAL731-1777608362-fa-1225p,2026-05-04T04:20:00,2026-05-04T04:32:00Z,12.0,0.0,0,0,2026-05-08T02:11:23.600235+00:00,DL731,N544US,DL,ATL,SAN
DAL687-1777608994-fa-4488p,2026-05-04T04:31:00,2026-05-04T04:23:00Z,-8.0,-2.0,0,0,2026-05-08T02:11:23.600235+00:00,DL687,N396DA,DL,ATL,GEG
DAL779-1777608477-fa-390p,2026-05-04T04:00:00,2026-05-04T04:06:00Z,6.0,-2.0,0,0,2026-05-08T02:11:23.600235+00:00,DL779,N331DN,DL,ATL,ONT
DAL500-1777608914-fa-566p,2026-05-04T03:30:00,2026-05-04T03:47:00Z,17.0,5.0,0,0,2026-05-08T02:11:23.600235+00:00,DL500,N522DZ,DL,ATL,LAX
DAL1661-1777608482-fa-1708p,2026-05-04T02:11:00,2026-05-04T03:43:00Z,92.0,86.0,0,0,2026-05-08T02:11:23.600235+00:00,DL1661,N355DN,DL,ATL,PHX
DAL495-1777609398-fa-922p,2026-05-04T03:24:00,2026-05-04T03:37:00Z,13.0,-5.0,0,0,2026-05-08T02:11:23.600235+00:00,DL495,N550NW,DL,ATL,SFO
ASA783-1777619669-airline-1077p,2026-05-04T03:35:00,2026-05-04T03:10:00Z,-25.0,-11.0,0,0,2026-05-08T02:11:23.600235+00:00,AS783,N517AS,AS,ATL,PDX
DAL1861-1777609359-fa-457p,2026-05-04T03:13:00,2026-05-04T03:04:00Z,-9.0,-4.0,0,0,2026-05-08T02:11:23.600235+00:00,DL1861,N6710E,DL,ATL,SJU
DAL826-1777609377-fa-1072p,2026-05-04T02:47:00,2026-05-04T02:52:00Z,5.0,0.0,0,0,2026-05-08T02:11:23.600235+00:00,DL826,N658DL,DL,ATL,SNA
DAL301-1777609286-fa-1001p,2026-05-04T02:40:00,2026-05-04T02:38:00Z,-2.0,-1.0,0,0,2026-05-08T02:11:23.600235+00:00,DL301,N550DN,DL,ATL,LAX
DAL971-1777608942-fa-611p,2026-05-04T02:20:00,2026-05-04T02:29:00Z,9.0,10.0,0,0,2026-05-08T02:11:23.600235+00:00,DL971,N3773D,DL,ATL,COS
DAL746-1777608370-fa-1181p,2026-05-04T02:19:00,2026-05-04T02:19:00Z,0.0,6.0,0,0,2026-05-08T02:11:23.600235+00:00,DL746,N380DN,DL,ATL,DEN
DAL503-1777609170-fa-609p,2026-05-04T02:05:00,2026-05-04T02:17:00Z,12.0,0.0,0,0,2026-05-08T02:11:23.600235+00:00,DL503,N843DN,DL,ATL,PDX
DAL517-1777608319-fa-962p,2026-05-04T02:07:00,2026-05-04T02:17:00Z,10.0,-7.0,0,0,2026-05-08T02:11:23.600235+00:00,DL517,N178DN,DL,ATL,SFO
DAL743-1777609160-fa-1257p,2026-05-04T01:56:00,2026-05-04T02:14:00Z,18.0,39.0,0,0,2026-05-08T02:11:23.600235+00:00,DL743,N853DN,DL,ATL,SMF
FFT1269-1777612884-airline-595p,2026-05-04T00:26:00,2026-05-04T02:10:00Z,104.0,116.0,0,0,2026-05-08T02:11:23.600235+00:00,F91269,N718FR,F9,ATL,DFW
AAL1805-1777620200-airline-1498p,2026-05-04T02:16:00,2026-05-04T02:10:00Z,-6.0,-5.0,0,0,2026-05-08T02:11:23.600235+00:00,AA1805,N997AA,AA,ATL,PHX
DAL2669-1777608977-fa-3421p,2026-05-04T01:59:00,2026-05-04T02:06:00Z,7.0,-2.0,0,0,2026-05-08T02:11:23.600235+00:00,DL2669,N392DA,DL,ATL,YYZ
DAL1616-1777609531-fa-257p,2026-05-04T02:03:00,2026-05-04T02:04:00Z,1.0,-1.0,0,0,2026-05-08T02:11:23.600235+00:00,DL1616,N920AT,DL,ATL,HPN
AAL1256-1777618200-airline-2035p,2026-05-04T01:38:00,2026-05-04T02:03:00Z,25.0,23.0,0,0,2026-05-08T02:11:23.600235+00:00,AA1256,N509AY,AA,ATL,LAX
DAL712-1777608399-fa-264p,2026-05-04T01:39:00,2026-05-04T01:49:00Z,10.0,0.0,0,0,2026-05-08T02:11:23.600235+00:00,DL712,N124DX,DL,ATL,SAN
DAL653-1777609344-fa-3641p,2026-05-04T02:00:00,2026-05-04T01:48:00Z,-12.0,-2.0,0,0,2026-05-08T02:11:23.600235+00:00,DL653,N604DN,DL,ATL,SLC
DAL2891-1777608488-fa-219p,2026-05-04T01:33:00,2026-05-04T01:48:00Z,15.0,-1.0,0,0,2026-05-08T02:11:23.600235+00:00,DL2891,N353DN,DL,ATL,ONT
CMP891-1777615475-airline-1198p,2026-05-04T01:34:00,2026-05-04T01:46:00Z,12.0,0.0,0,0,2026-05-08T02:11:23.600235+00:00,CM891,HP-1722CMP,CM,ATL,PTY
UAL1046-1777593806-fa-1957p,2026-05-04T01:28:00,2026-05-04T01:45:00Z,17.0,0.0,0,0,2026-05-08T02:11:23.600235+00:00,UA1046,N33203,UA,ATL,ORD
ASA263-1777620510-airline-1326p,2026-05-04T01:58:00,2026-05-04T01:42:00Z,-16.0,1.0,0,0,2026-05-08T02:11:23.600235+00:00,AS263,N978AK,AS,ATL,SEA
SKW4109-1777612260-airline-1132p,2026-05-04T01:38:00,2026-05-04T01:38:00Z,0.0,-10.0,0,0,2026-05-08T02:11:23.600235+00:00,OO4109,N265SY,OO,ATL,SBN
SWA1249-1777616206-airline-999p,2026-05-04T01:20:00,2026-05-04T01:38:00Z,18.0,32.0,0,0,2026-05-08T02:11:23.600235+00:00,WN1249,N429WN,WN,ATL,DEN
DAL2893-1777608601-fa-708p,2026-05-04T01:30:00,2026-05-04T01:35:00Z,5.0,20.0,0,0,2026-05-08T02:11:23.600235+00:00,DL2893,N365DN,DL,ATL,SAT
DAL1280-1777608561-fa-3208p,2026-05-04T01:48:00,2026-05-04T01:35:00Z,-13.0,-6.0,0,0,2026-05-08T02:11:23.600235+00:00,DL1280,N346DN,DL,ATL,MSP
FFT1158-1777612884-airline-577p,2026-05-04T01:29:00,2026-05-04T01:35:00Z,6.0,8.0,0,0,2026-05-08T02:11:23.600235+00:00,F91158,N360FR,F9,ATL,EWR
DAL468-1777608626-fa-493p,2026-05-04T01:29:00,2026-05-04T01:34:00Z,5.0,14.0,0,0,2026-05-08T02:11:23.600235+00:00,DL468,N369DN,DL,ATL,LGA
UAL1359-1777593847-fa-2140p,2026-05-04T01:33:00,2026-05-04T01:34:00Z,1.0,-1.0,0,0,2026-05-08T02:11:23.600235+00:00,UA1359,N79521,UA,ATL,IAH
DAL1206-1777609277-fa-1202p,2026-05-04T01:35:00,2026-05-04T01:29:00Z,-6.0,-1.0,0,0,2026-05-08T02:11:23.600235+00:00,DL1206,N958DZ,DL,ATL,MKE
RPA4582-1777613512-airline-1469p,2026-05-04T01:29:00,2026-05-04T01:25:00Z,-4.0,0.0,0,0,2026-05-08T02:11:23.600235+00:00,YX4582,N415YX,YX,ATL,LGA
DAL585-1777609047-fa-356p,2026-05-04T01:40:00,2026-05-04T01:25:00Z,-15.0,-6.0,0,0,2026-05-08T02:11:23.600235+00:00,DL585,N3757D,DL,ATL,MEX
DAL711-1777608512-fa-3273p,2026-05-04T01:27:00,2026-05-04T01:24:00Z,-3.0,0.0,0,0,2026-05-08T02:11:23.600235+00:00,DL711,N307DX,DL,ATL,LAS
EDV5159-1777613573-airline-749p,2026-05-04T01:38:00,2026-05-04T01:18:00Z,-20.0,-9.0,0,0,2026-05-08T02:11:23.600235+00:00,9E5159,N183GJ,9E,ATL,XNA
DAL2707-1777608827-fa-768p,2026-05-04T01:29:00,2026-05-04T01:18:00Z,-11.0,-7.0,0,0,2026-05-08T02:11:23.600235+00:00,DL2707,N343NW,DL,ATL,OMA
DAL1309-1777608961-fa-3068p,2026-05-04T01:05:00,2026-05-04T01:15:00Z,10.0,-7.0,0,0,2026-05-08T02:11:23.600235+00:00,DL1309,N379DA,DL,ATL,IAD
DAL2498-1777609098-fa-1062p,2026-05-04T00:59:00,2026-05-04T01:14:00Z,15.0,20.0,0,0,2026-05-08T02:11:23.600235+00:00,DL2498,N875DN,DL,ATL,EWR
UAL2634-1777593858-fa-2086p,2026-05-04T01:18:00,2026-05-04T01:13:00Z,-5.0,2.0,0,0,2026-05-08T02:11:23.600235+00:00,UA2634,N874UA,UA,ATL,IAD
DAL2894-1777608521-fa-857p,2026-05-04T01:16:00,2026-05-04T01:10:00Z,-6.0,0.0,0,0,2026-05-08T02:11:23.600235+00:00,DL2894,N350DN,DL,ATL,ORD
DAL1131-1777608574-fa-2221p,2026-05-04T00:33:00,2026-05-04T01:09:00Z,36.0,46.0,0,0,2026-05-08T02:11:23.600235+00:00,DL1131,N320DN,DL,ATL,IAH
DAL1263-1777609391-fa-1146p,2026-05-04T01:01:00,2026-05-04T01:04:00Z,3.0,-3.0,0,0,2026-05-08T02:11:23.600235+00:00,DL1263,N556NW,DL,ATL,RIC
DAL1906-1777608951-fa-705p,2026-05-04T01:00:00,2026-05-04T01:03:00Z,3.0,-5.0,0,0,2026-05-08T02:11:23.600235+00:00,DL1906,N376DA,DL,ATL,KIN
DAL1339-1777608984-fa-720p,2026-05-04T01:06:00,2026-05-04T01:02:00Z,-4.0,-4.0,0,0,2026-05-08T02:11:23.600235+00:00,DL1339,N3765,DL,ATL,CLE
DAL1060-1777608480-fa-3043p,2026-05-04T00:46:00,2026-05-04T01:02:00Z,16.0,32.0,0,0,2026-05-08T02:11:23.600235+00:00,DL1060,N317DN,DL,ATL,AUS
DAL1457-1777608363-fa-652p,2026-05-04T00:50:00,2026-05-04T01:01:00Z,11.0,8.0,0,0,2026-05-08T02:11:23.600235+00:00,DL1457,N6702,DL,ATL,TPA
DAL1939-1777609048-fa-754p,2026-05-04T01:15:00,2026-05-04T00:59:00Z,-16.0,-10.0,0,0,2026-05-08T02:11:23.600235+00:00,DL1939,N385DN,DL,ATL,CUN
DAL727-1777608626-fa-498p,2026-05-04T00:59:00,2026-05-04T00:56:00Z,-3.0,0.0,0,0,2026-05-08T02:11:23.600235+00:00,DL727,N106DN,DL,ATL,DCA
DAL2065-1777608506-fa-1009p,2026-05-04T00:53:00,2026-05-04T00:56:00Z,3.0,-1.0,0,0,2026-05-08T02:11:23.600235+00:00,DL2065,N364DX,DL,ATL,PHL
DAL1130-1777609277-fa-1196p,2026-05-04T01:10:00,2026-05-04T00:56:00Z,-14.0,-5.0,0,0,2026-05-08T02:11:23.600235+00:00,DL1130,N956DZ,DL,ATL,MCI
DAL2659-1777608719-fa-1186p,2026-05-03T23:04:00,2026-05-04T00:55:00Z,111.0,115.0,0,0,2026-05-08T02:11:23.600235+00:00,DL2659,N318NB,DL,ATL,PVD
DAL2928-1777608493-fa-804p,2026-05-04T00:17:00,2026-05-04T00:54:00Z,37.0,38.0,0,0,2026-05-08T02:11:23.600235+00:00,DL2928,N354DN,DL,ATL,BWI
DAL2881-1777609392-fa-238p,2026-05-04T00:53:00,2026-05-04T00:53:00Z,0.0,-5.0,0,0,2026-05-08T02:11:23.600235+00:00,DL2881,N692DL,DL,ATL,MCO
JBU1697-1777616921-airline-1305p,2026-05-04T00:03:00,2026-05-04T00:52:00Z,49.0,57.0,0,0,2026-05-08T02:11:23.600235+00:00,B61697,N3185J,B6,ATL,FLL
DAL1058-1777608589-fa-152p,2026-05-04T00:34:00,2026-05-04T00:51:00Z,17.0,12.0,0,0,2026-05-08T02:11:23.600235+00:00,DL1058,N337DN,DL,ATL,PBI
DAL1473-1777609557-fa-490p,2026-05-04T00:49:00,2026-05-04T00:50:00Z,1.0,0.0,0,0,2026-05-08T02:11:23.600235+00:00,DL1473,N949AT,DL,ATL,GSO
FFT3458-1777620044-airline-920p,2026-05-04T00:59:00,2026-05-04T00:49:00Z,-10.0,5.0,0,0,2026-05-08T02:11:23.600235+00:00,F93458,N363FR,F9,ATL,LGA
DAL325-1777608809-fa-449p,2026-05-04T00:30:00,2026-05-04T00:47:00Z,17.0,14.0,0,0,2026-05-08T02:11:23.600235+00:00,DL325,N354NW,DL,ATL,DCA
AAL1811-1777620200-airline-1504p,2026-05-04T01:15:00,2026-05-04T00:46:00Z,-29.0,-5.0,0,0,2026-05-08T02:11:23.600235+00:00,AA1811,N844NN,AA,ATL,DFW
DAL3021-1777609254-fa-556p,2026-05-04T01:01:00,2026-05-04T00:45:00Z,-16.0,-4.0,0,0,2026-05-08T02:11:23.600235+00:00,DL3021,N858DZ,DL,ATL,PNS
JIA5313-1777613384-airline-1124p,2026-05-04T01:09:00,2026-05-04T00:45:00Z,-24.0,-8.0,0,0,2026-05-08T02:11:23.600235+00:00,OH5313,N614NN,OH,ATL,PHL
DAL3120-1777609082-fa-1303p,2026-05-04T00:30:00,2026-05-04T00:43:00Z,13.0,7.0,0,0,2026-05-08T02:11:23.600235+00:00,DL3120,N866DN,DL,ATL,IND
DAL1518-1777609274-fa-695p,2026-05-04T00:57:00,2026-05-04T00:41:00Z,-16.0,-3.0,0,0,2026-05-08T02:11:23.600235+00:00,DL1518,N954DZ,DL,ATL,RDU
DAL1588-1777609350-fa-1322p,2026-05-04T00:48:00,2026-05-04T00:41:00Z,-7.0,-1.0,0,0,2026-05-08T02:11:23.600235+00:00,DL1588,N555NW,DL,ATL,MIA
DAL790-1777609546-fa-944p,2026-05-04T00:51:00,2026-05-04T00:40:00Z,-11.0,-3.0,0,0,2026-05-08T02:11:23.600235+00:00,DL790,N946AT,DL,ATL,BNA
DAL436-1777608771-fa-354p,2026-05-04T00:04:00,2026-05-04T00:39:00Z,35.0,10.0,0,0,2026-05-08T02:11:23.600235+00:00,DL436,N325US,DL,ATL,DFW
DAL2425-1777609185-fa-5277p,2026-05-04T00:53:00,2026-05-04T00:38:00Z,-15.0,-4.0,0,0,2026-05-08T02:11:23.600235+00:00,DL2425,N886DN,DL,ATL,SAV
DAL693-1777608947-fa-117p,2026-05-04T00:32:00,2026-05-04T00:38:00Z,6.0,11.0,0,0,2026-05-08T02:11:23.600235+00:00,DL693,N372DA,DL,ATL,CMH
FFT2050-1777620044-airline-652p,2026-05-04T00:21:00,2026-05-04T00:36:00Z,15.0,32.0,0,0,2026-05-08T02:11:23.600235+00:00,F92050,N658FR,F9,ATL,MCO
DAL2984-1777609097-fa-1542p,2026-05-04T00:32:00,2026-05-04T00:36:00Z,4.0,2.0,0,0,2026-05-08T02:11:23.600235+00:00,DL2984,N878DN,DL,ATL,ORF
DAL3093-1777609161-fa-931p,2026-05-04T00:39:00,2026-05-04T00:35:00Z,-4.0,-4.0,0,0,2026-05-08T02:11:23.600235+00:00,DL3093,N860DN,DL,ATL,SDF
DAL2319-1777609007-fa-1154p,2026-05-04T00:02:00,2026-05-04T00:33:00Z,31.0,28.0,0,0,2026-05-08T02:11:23.600235+00:00,DL2319,N3737C,DL,ATL,GSP
DAL1443-1777609560-fa-769p,2026-05-04T00:29:00,2026-05-04T00:33:00Z,4.0,-1.0,0,0,2026-05-08T02:11:23.600235+00:00,DL1443,N607AT,DL,ATL,MEM
SWA241-1777611707-airline-1517p,2026-05-04T00:40:00,2026-05-04T00:31:00Z,-9.0,4.0,0,0,2026-05-08T02:11:23.600235+00:00,WN241,N8532S,WN,ATL,HOU
DAL2015-1777609535-fa-345p,2026-05-04T00:41:00,2026-05-04T00:30:00Z,-11.0,-5.0,0,0,2026-05-08T02:11:23.600235+00:00,DL2015,N980AT,DL,ATL,AVL
DAL2493-1777609259-fa-1774p,2026-05-04T00:41:00,2026-05-04T00:30:00Z,-11.0,-5.0,0,0,2026-05-08T02:11:23.600235+00:00,DL2493,N942DZ,DL,ATL,CHS
DAL1478-1777608555-fa-331p,2026-05-04T00:18:00,2026-05-04T00:28:00Z,10.0,21.0,0,0,2026-05-08T02:11:23.600235+00:00,DL1478,N344DN,DL,ATL,DTW
DAL821-1777608595-fa-1023p,2026-05-04T00:38:00,2026-05-04T00:27:00Z,-11.0,0.0,0,0,2026-05-08T02:11:23.600235+00:00,DL821,N324DX,DL,ATL,BOS
DAL8963-1777609555-fa-1101p,2026-05-04T00:35:00,2026-05-04T00:22:00Z,-13.0,-12.0,0,0,2026-05-08T02:11:23.600235+00:00,DL8963,N923AT,DL,ATL,IAD
AAL2737-1777616458-airline-1960p,2026-05-04T00:07:00,2026-05-04T00:22:00Z,15.0,15.0,0,0,2026-05-08T02:11:23.600235+00:00,AA2737,N9002U,AA,ATL,ORD
DAL1791-1777608355-fa-1153p,2026-05-04T00:24:00,2026-05-04T00:22:00Z,-2.0,-1.0,0,0,2026-05-08T02:11:23.600235+00:00,DL1791,N6711M,DL,ATL,SJU
DAL2494-1777609048-fa-1324p,2026-05-04T00:36:00,2026-05-04T00:19:00Z,-17.0,-5.0,0,0,2026-05-08T02:11:23.600235+00:00,DL2494,N3763D,DL,ATL,ECP
DAL3042-1777609554-fa-933p,2026-05-03T22:14:00,2026-05-04T00:18:00Z,124.0,125.0,0,0,2026-05-08T02:11:23.600235+00:00,DL3042,N927AT,DL,ATL,TYS
FFT3874-1777620044-airline-972p,2026-05-04T00:19:00,2026-05-04T00:16:00Z,-3.0,-10.0,0,0,2026-05-08T02:13:12.387528+00:00,F93874,N317FR,F9,OKC,ATL
DAL1328-1777609357-fa-1330p,2026-05-03T22:35:00,2026-05-04T00:15:00Z,100.0,83.0,0,0,2026-05-08T02:11:23.600235+00:00,DL1328,N6714Q,DL,ATL,MIA
DAL1503-1777609030-fa-203p,2026-05-04T00:15:00,2026-05-04T00:12:00Z,-3.0,-7.0,0,0,2026-05-08T02:11:23.600235+00:00,DL1503,N3754A,DL,ATL,CVG
DAL2784-1777608805-fa-1485p,2026-05-04T00:30:00,2026-05-04T00:12:00Z,-18.0,-5.0,0,0,2026-05-08T02:11:23.600235+00:00,DL2784,N328NW,DL,ATL,OKC
DAL2378-1777609400-fa-1531p,2026-05-04T00:30:00,2026-05-04T00:12:00Z,-18.0,1.0,0,0,2026-05-08T02:11:23.600235+00:00,DL2378,N710TW,DL,ATL,JFK
FFT152-1777614477-airline-835p,2026-05-03T23:55:00,2026-05-04T00:12:00Z,17.0,32.0,0,0,2026-05-08T02:13:12.387528+00:00,F9152,N624FR,F9,CUN,ATL
ACA1573-1777620165-airline-1556p,2026-05-04T00:12:00,2026-05-04T00:11:00Z,-1.0,-8.0,0,0,2026-05-08T02:13:12.387528+00:00,AC1573,C-GNBE,AC,YUL,ATL
DAL434-1777608377-fa-347p,2026-05-04T00:14:00,2026-05-04T00:10:00Z,-4.0,-5.0,0,0,2026-05-08T02:11:23.600235+00:00,DL434,N366DX,DL,ATL,LGA
DAL2241-1777609550-fa-82p,2026-05-04T00:16:00,2026-05-04T00:09:00Z,-7.0,-4.0,0,0,2026-05-08T02:11:23.600235+00:00,DL2241,N717JL,DL,ATL,TLH
EDV5203-1777612260-airline-1152p,2026-05-04T00:06:00,2026-05-04T00:07:00Z,1.0,6.0,0,0,2026-05-08T02:11:23.600235+00:00,9E5203,N538CA,9E,ATL,TYS
FFT2291-1777620044-airline-696p,2026-05-04T00:31:00,2026-05-04T00:05:00Z,-26.0,-11.0,0,0,2026-05-08T02:11:23.600235+00:00,F92291,N341FR,F9,ATL,MDW
SWA857-1777619732-airline-804p,2026-05-03T23:10:00,2026-05-04T00:05:00Z,55.0,67.0,0,0,2026-05-08T02:11:23.600235+00:00,WN857,N8881L,WN,ATL,DAL
DAL906-1777608613-fa-1996p,2026-05-03T22:56:00,2026-05-04T00:05:00Z,69.0,57.0,0,0,2026-05-08T02:13:12.387528+00:00,DL906,N374DX,DL,SLC,ATL
FFT3083-1777620044-airline-842p,2026-05-03T23:56:00,2026-05-04T00:05:00Z,9.0,24.0,0,0,2026-05-08T02:13:12.387528+00:00,F93083,N635FR,F9,JAX,ATL
DAL3112-1777609239-fa-249p,2026-05-04T00:08:00,2026-05-04T00:04:00Z,-4.0,-2.0,0,0,2026-05-08T02:13:12.387528+00:00,DL3112,N932DZ,DL,SAV,ATL
DAL2599-1777609524-fa-1405p,2026-05-04T00:27:00,2026-05-04T00:04:00Z,-23.0,-10.0,0,0,2026-05-08T02:13:12.387528+00:00,DL2599,N964AT,DL,MSN,ATL
DAL2220-1777609532-fa-1116p,2026-05-04T00:33:00,2026-05-04T00:04:00Z,-29.0,-9.0,0,0,2026-05-08T02:13:12.387528+00:00,DL2220,N952AT,DL,GNV,ATL
DAL8788-1777609093-fa-1976p,2026-05-04T00:25:00,2026-05-04T00:03:00Z,-22.0,0.0,0,0,2026-05-08T02:13:12.387528+00:00,DL8788,N821DN,DL,SDF,ATL
DAL2265-1777608342-fa-932p,2026-05-04T00:12:00,2026-05-04T00:01:00Z,-11.0,-5.0,0,0,2026-05-08T02:11:23.600235+00:00,DL2265,N684DA,DL,ATL,JAX
DAL3063-1777609557-fa-1623p,2026-05-04T00:24:00,2026-05-04T00:00:00Z,-24.0,-13.0,0,0,2026-05-08T02:13:12.387528+00:00,DL3063,N982AT,DL,GPT,ATL
EDV5002-1777611768-airline-603p,2026-05-04T00:35:00,2026-05-04T00:00:00Z,-35.0,-21.0,0,0,2026-05-08T02:13:12.387528+00:00,9E5002,N390CA,9E,FAY,ATL
DAL2132-1777609523-fa-846p,2026-05-04T00:16:00,2026-05-03T23:59:00Z,-17.0,-10.0,0,0,2026-05-08T02:11:23.600235+00:00,DL2132,N953AT,DL,ATL,CLT
SWA3053-1777619072-airline-2678p,2026-05-03T23:45:00,2026-05-03T23:59:00Z,14.0,19.0,0,0,2026-05-08T02:11:23.600235+00:00,WN3053,N8845L,WN,ATL,MCO
DAL1347-1777609546-fa-915p,2026-05-04T00:16:00,2026-05-03T23:59:00Z,-17.0,-7.0,0,0,2026-05-08T02:13:12.387528+00:00,DL1347,N930AT,DL,LIT,ATL
DAL2627-1777609410-fa-394p,2026-05-04T00:21:00,2026-05-03T23:59:00Z,-22.0,-9.0,0,0,2026-05-08T02:13:12.387528+00:00,DL2627,N823DX,DL,JAX,ATL
DAL796-1777609385-fa-184p,2026-05-03T23:29:00,2026-05-03T23:59:00Z,30.0,37.0,0,0,2026-05-08T02:13:12.387528+00:00,DL796,N687DL,DL,PHX,ATL
DAL1435-1777609204-fa-1550p,2026-05-03T23:30:00,2026-05-03T23:58:00Z,28.0,31.0,0,0,2026-05-08T02:13:12.387528+00:00,DL1435,N903DN,DL,BWI,ATL
DAL1785-1777608351-fa-2149p,2026-05-04T00:27:00,2026-05-03T23:57:00Z,-30.0,-9.0,0,0,2026-05-08T02:13:12.387528+00:00,DL1785,N688DL,DL,UVF,ATL
DAL3171-1777609558-fa-808p,2026-05-04T00:16:00,2026-05-03T23:56:00Z,-20.0,-10.0,0,0,2026-05-08T02:11:23.600235+00:00,DL3171,N950AT,DL,ATL,HSV
SKW5703-1777612914-airline-1139p,2026-05-03T23:54:00,2026-05-03T23:56:00Z,2.0,-7.0,0,0,2026-05-08T02:13:12.387528+00:00,OO5703,N637SY,OO,ORD,ATL
DAL2654-1777608471-fa-318p,2026-05-04T00:07:00,2026-05-03T23:55:00Z,-12.0,0.0,0,0,2026-05-08T02:11:23.600235+00:00,DL2654,N308DN,DL,ATL,MSP
DAL1223-1777608601-fa-335p,2026-05-04T00:05:00,2026-05-03T23:54:00Z,-11.0,5.0,0,0,2026-05-08T02:13:12.387528+00:00,DL1223,N333DX,DL,IAH,ATL
SWA3541-1777621902-airline-1494p,2026-05-03T21:25:00,2026-05-03T23:53:00Z,148.0,153.0,0,0,2026-05-08T02:11:23.600235+00:00,WN3541,N7868K,WN,ATL,MCI
DAL2780-1777609524-fa-3190p,2026-05-03T22:50:00,2026-05-03T23:53:00Z,63.0,66.0,0,0,2026-05-08T02:11:23.600235+00:00,DL2780,N959AT,DL,ATL,DAL
DAL1292-1777608598-fa-1339p,2026-05-03T23:25:00,2026-05-03T23:53:00Z,28.0,16.0,0,0,2026-05-08T02:13:12.387528+00:00,DL1292,N358DN,DL,FLL,ATL
EDV5368-1777617762-airline-697p,2026-05-04T00:04:00,2026-05-03T23:52:00Z,-12.0,-8.0,0,0,2026-05-08T02:11:23.600235+00:00,9E5368,N354CA,9E,ATL,ABY
DAL1126-1777609048-fa-1322p,2026-05-03T23:10:00,2026-05-03T23:51:00Z,41.0,55.0,0,0,2026-05-08T02:13:12.387528+00:00,DL1126,N3764D,DL,SDF,ATL
DAL9939-1777608967-fa-75p,2026-05-03T22:00:00,2026-05-03T23:51:00Z,111.0,107.0,0,0,2026-05-08T02:13:12.387528+00:00,DL9939,N775DE,DL,QRO,ATL
DAL1028-1777608334-fa-803p,2026-05-04T00:04:00,2026-05-03T23:50:00Z,-14.0,-1.0,0,0,2026-05-08T02:13:12.387528+00:00,DL1028,N553NW,DL,MSP,ATL
DAL1820-1777608494-fa-353p,2026-05-03T23:27:00,2026-05-03T23:50:00Z,23.0,0.0,0,0,2026-05-08T02:13:12.387528+00:00,DL1820,N352DN,DL,LIR,ATL
SWA717-1777619732-airline-205p,2026-05-03T23:40:00,2026-05-03T23:49:00Z,9.0,22.0,0,0,2026-05-08T02:11:23.600235+00:00,WN717,N8326F,WN,ATL,CMH
DAL1956-1777609081-fa-484p,2026-05-04T00:29:00,2026-05-03T23:49:00Z,-40.0,-9.0,0,0,2026-05-08T02:13:12.387528+00:00,DL1956,N811DZ,DL,NAS,ATL
UAL235-1777593881-fa-452p,2026-05-04T00:10:00,2026-05-03T23:48:00Z,-22.0,-8.0,0,0,2026-05-08T02:11:23.600235+00:00,UA235,N73278,UA,ATL,DEN
EDV5059-1777588401-fa-1112p,2026-05-03T23:27:00,2026-05-03T23:47:00Z,20.0,38.0,0,0,2026-05-08T02:11:23.600235+00:00,9E5059,N272PQ,9E,ATL,BTR
EDV5529-1777617483-airline-279p,2026-05-04T00:08:00,2026-05-03T23:47:00Z,-21.0,-11.0,0,0,2026-05-08T02:13:12.387528+00:00,9E5529,N391CA,9E,LFT,ATL
DAL9961-1777751934-fa-1849p,2026-05-03T20:14:00,2026-05-03T23:47:00Z,213.0,183.0,0,0,2026-05-08T02:13:12.387528+00:00,DL9961,N900PC,DL,SJO,ATL
DAL2857-1777609540-fa-630p,2026-05-04T00:29:00,2026-05-03T23:46:00Z,-43.0,-19.0,0,0,2026-05-08T02:13:12.387528+00:00,DL2857,N979AT,DL,MDT,ATL
DAL3044-1777609557-fa-508p,2026-05-03T23:57:00,2026-05-03T23:45:00Z,-12.0,-2.0,0,0,2026-05-08T02:11:23.600235+00:00,DL3044,N899AT,DL,ATL,BHM
JIA5155-1777614317-airline-1667p,2026-05-03T23:39:00,2026-05-03T23:45:00Z,6.0,14.0,0,0,2026-05-08T02:13:12.387528+00:00,OH5155,N633NN,OH,DFW,ATL
SWA1445-1777616206-airline-1205p,2026-05-03T23:50:00,2026-05-03T23:45:00Z,-5.0,3.0,0,0,2026-05-08T02:13:12.387528+00:00,WN1445,N8991S,WN,BWI,ATL
DAL2803-1777609511-fa-108p,2026-05-03T23:40:00,2026-05-03T23:43:00Z,3.0,17.0,0,0,2026-05-08T02:11:23.600235+00:00,DL2803,N938AT,DL,ATL,VPS
DAL2879-1777609165-fa-632p,2026-05-03T23:50:00,2026-05-03T23:43:00Z,-7.0,2.0,0,0,2026-05-08T02:11:23.600235+00:00,DL2879,N916DU,DL,ATL,ORD
DAL850-1777608811-fa-666p,2026-05-04T00:01:00,2026-05-03T23:43:00Z,-18.0,-3.0,0,0,2026-05-08T02:13:12.387528+00:00,DL850,N349NW,DL,DCA,ATL
DAL665-1777608584-fa-302p,2026-05-03T23:59:00,2026-05-03T23:42:00Z,-17.0,0.0,0,0,2026-05-08T02:13:12.387528+00:00,DL665,N302DN,DL,ONT,ATL
FFT4106-1777611983-airline-1162p,2026-05-03T23:23:00,2026-05-03T23:42:00Z,19.0,36.0,0,0,2026-05-08T02:13:12.387528+00:00,F94106,N668FR,F9,IAH,ATL
DAL2035-1777608349-fa-1624p,2026-05-03T23:46:00,2026-05-03T23:41:00Z,-5.0,-4.0,0,0,2026-05-08T02:11:23.600235+00:00,DL2035,N689DL,DL,ATL,MCO
SKW3753-1777612260-airline-1124p,2026-05-03T23:21:00,2026-05-03T23:41:00Z,20.0,-6.0,0,0,2026-05-08T02:11:23.600235+00:00,OO3753,N292SY,OO,ATL,XNA
UAL2247-1777617047-airline-1184p,2026-05-03T23:37:00,2026-05-03T23:41:00Z,4.0,22.0,0,0,2026-05-08T02:11:23.600235+00:00,UA2247,N833UA,UA,ATL,EWR
DAL962-1777609188-fa-590p,2026-05-04T00:20:00,2026-05-03T23:41:00Z,-39.0,-2.0,0,0,2026-05-08T02:13:12.387528+00:00,DL962,N897DN,DL,JFK,ATL
DAL1490-1777609086-fa-1990p,2026-05-03T23:35:00,2026-05-03T23:39:00Z,4.0,-4.0,0,0,2026-05-08T02:11:23.600235+00:00,DL1490,N920DU,DL,ATL,BNA
DAL785-1777609282-fa-960p,2026-05-03T23:48:00,2026-05-03T23:39:00Z,-9.0,-3.0,0,0,2026-05-08T02:13:12.387528+00:00,DL785,N510DE,DL,SFO,ATL
DAL904-1777609071-fa-584p,2026-05-03T23:57:00,2026-05-03T23:39:00Z,-18.0,-3.0,0,0,2026-05-08T02:13:12.387528+00:00,DL904,N855DN,DL,SMF,ATL
DAL3059-1777609557-fa-496p,2026-05-03T23:44:00,2026-05-03T23:38:00Z,-6.0,-8.0,0,0,2026-05-08T02:11:23.600235+00:00,DL3059,N948AT,DL,ATL,PNS
DAL1097-1777608371-fa-1180p,2026-05-03T22:54:00,2026-05-03T23:38:00Z,44.0,43.0,0,0,2026-05-08T02:11:23.600235+00:00,DL1097,N105DX,DL,ATL,RDU
DAL832-1777608780-fa-548p,2026-05-03T23:34:00,2026-05-03T23:38:00Z,4.0,-6.0,0,0,2026-05-08T02:11:23.600235+00:00,DL832,N347NW,DL,ATL,DCA
SWA4529-1777618947-airline-1158p,2026-05-03T22:35:00,2026-05-03T23:37:00Z,62.0,76.0,0,0,2026-05-08T02:13:12.387528+00:00,WN4529,N8773Q,WN,TPA,ATL
DAL55-1777608886-fa-982p,2026-05-03T23:24:00,2026-05-03T23:37:00Z,13.0,-13.0,0,0,2026-05-08T02:13:12.387528+00:00,DL55,N860NW,DL,LOS,ATL
DAL1693-1777609197-fa-1247p,2026-05-03T23:44:00,2026-05-03T23:36:00Z,-8.0,5.0,0,0,2026-05-08T02:13:12.387528+00:00,DL1693,N935DZ,DL,BNA,ATL
SWA3001-1777619072-airline-2628p,2026-05-03T23:35:00,2026-05-03T23:36:00Z,1.0,10.0,0,0,2026-05-08T02:13:12.387528+00:00,WN3001,N481WN,WN,MCI,ATL
DAL968-1777608385-fa-4613p,2026-05-03T23:36:00,2026-05-03T23:35:00Z,-1.0,-3.0,0,0,2026-05-08T02:13:12.387528+00:00,DL968,N114DN,DL,LGA,ATL
DAL1978-1777608347-fa-131p,2026-05-03T23:39:00,2026-05-03T23:35:00Z,-4.0,5.0,0,0,2026-05-08T02:13:12.387528+00:00,DL1978,N690DL,DL,SAL,ATL
DAL1836-1777608501-fa-1104p,2026-05-03T23:50:00,2026-05-03T23:35:00Z,-15.0,-10.0,0,0,2026-05-08T02:13:12.387528+00:00,DL1836,N339DN,DL,PUJ,ATL
DAL2739-1777608597-fa-1071p,2026-05-03T23:30:00,2026-05-03T23:35:00Z,5.0,0.0,0,0,2026-05-08T02:13:12.387528+00:00,DL2739,N338DN,DL,BDL,ATL
DAL1325-1777609541-fa-792p,2026-05-03T23:49:00,2026-05-03T23:34:00Z,-15.0,-7.0,0,0,2026-05-08T02:13:12.387528+00:00,DL1325,N991AT,DL,TUL,ATL
EDV5193-1777591392-fa-1079p,2026-05-03T23:23:00,2026-05-03T23:33:00Z,10.0,22.0,0,0,2026-05-08T02:11:23.600235+00:00,9E5193,N928XJ,9E,ATL,MOB
DAL1323-1777609378-fa-766p,2026-05-03T22:48:00,2026-05-03T23:33:00Z,45.0,45.0,0,0,2026-05-08T02:13:12.387528+00:00,DL1323,N6716C,DL,MIA,ATL
DAL2329-1777609249-fa-5224p,2026-05-03T23:27:00,2026-05-03T23:32:00Z,5.0,-2.0,0,0,2026-05-08T02:13:12.387528+00:00,DL2329,N937DZ,DL,ORF,ATL
FFT2198-1777614477-airline-980p,2026-05-03T23:54:00,2026-05-03T23:32:00Z,-22.0,-7.0,0,0,2026-05-08T02:13:12.387528+00:00,F92198,N706FR,F9,ORD,ATL
RPA4611-1777614604-airline-315p,2026-05-03T22:18:00,2026-05-03T23:31:00Z,73.0,60.0,0,0,2026-05-08T02:11:23.600235+00:00,YX4611,N425YX,YX,ATL,LGA
DAL2211-1777609555-fa-1091p,2026-05-03T23:40:00,2026-05-03T23:31:00Z,-9.0,-13.0,0,0,2026-05-08T02:13:12.387528+00:00,DL2211,N992AT,DL,PNS,ATL
EDV5314-1777615887-airline-1311p,2026-05-03T23:47:00,2026-05-03T23:30:00Z,-17.0,-6.0,0,0,2026-05-08T02:13:12.387528+00:00,9E5314,N379CA,9E,AEX,ATL
FFT1116-1777612884-airline-573p,2026-05-03T23:40:00,2026-05-03T23:30:00Z,-10.0,-5.0,0,0,2026-05-08T02:13:12.387528+00:00,F91116,N633FR,F9,LAS,ATL
DAL1700-1777609260-fa-394p,2026-05-03T21:54:00,2026-05-03T23:29:00Z,95.0,41.0,0,0,2026-05-08T02:11:23.600235+00:00,DL1700,N943DZ,DL,ATL,MEM
DAL2104-1777608595-fa-1025p,2026-05-03T22:53:00,2026-05-03T23:29:00Z,36.0,55.0,0,0,2026-05-08T02:13:12.387528+00:00,DL2104,N303DN,DL,AUS,ATL
DAL1516-1777609201-fa-378p,2026-05-03T23:53:00,2026-05-03T23:28:00Z,-25.0,-7.0,0,0,2026-05-08T02:13:12.387528+00:00,DL1516,N904DN,DL,CVG,ATL
EDV5266-1777613573-airline-768p,2026-05-03T23:52:00,2026-05-03T23:28:00Z,-24.0,4.0,0,0,2026-05-08T02:13:12.387528+00:00,9E5266,N313PQ,9E,CHO,ATL
DAL969-1777608657-fa-1052p,2026-05-03T22:32:00,2026-05-03T23:27:00Z,55.0,52.0,0,0,2026-05-08T02:13:12.387528+00:00,DL969,N117DX,DL,LGA,ATL
DAL3109-1777609217-fa-2043p,2026-05-03T23:31:00,2026-05-03T23:27:00Z,-4.0,2.0,0,0,2026-05-08T02:13:12.387528+00:00,DL3109,N838DN,DL,SRQ,ATL
DAL1497-1777609407-fa-1001p,2026-05-03T22:45:00,2026-05-03T23:26:00Z,41.0,46.0,0,0,2026-05-08T02:11:23.600235+00:00,DL1497,N819DX,DL,ATL,MCO
FFT2897-1777620044-airline-808p,2026-05-03T23:22:00,2026-05-03T23:26:00Z,4.0,-13.0,0,0,2026-05-08T02:13:12.387528+00:00,F92897,N705FR,F9,DTW,ATL
DAL759-1777608578-fa-758p,2026-05-03T23:38:00,2026-05-03T23:25:00Z,-13.0,-5.0,0,0,2026-05-08T02:13:12.387528+00:00,DL759,N330DX,DL,TPA,ATL
FFT2871-1777620044-airline-804p,2026-05-03T23:40:00,2026-05-03T23:25:00Z,-15.0,-6.0,0,0,2026-05-08T02:13:12.387528+00:00,F92871,N370FR,F9,SJU,ATL
DAL518-1777608634-fa-313p,2026-05-03T23:14:00,2026-05-03T23:23:00Z,9.0,14.0,0,0,2026-05-08T02:11:23.600235+00:00,DL518,N387DN,DL,ATL,BOS
DAL32-1777608460-fa-1147p,2026-05-03T23:30:00,2026-05-03T23:23:00Z,-7.0,5.0,0,0,2026-05-08T02:13:12.387528+00:00,DL32,N312DN,DL,DFW,ATL
DAL1278-1777609561-fa-1602p,2026-05-03T23:24:00,2026-05-03T23:22:00Z,-2.0,-2.0,0,0,2026-05-08T02:13:12.387528+00:00,DL1278,N957AT,DL,JAN,ATL
DAL1758-1777609095-fa-554p,2026-05-03T23:39:00,2026-05-03T23:22:00Z,-17.0,-3.0,0,0,2026-05-08T02:13:12.387528+00:00,DL1758,N823DN,DL,PTY,ATL
FFT1101-1777612884-airline-567p,2026-05-03T23:23:00,2026-05-03T23:22:00Z,-1.0,1.0,0,0,2026-05-08T02:13:12.387528+00:00,F91101,N610FR,F9,PHL,ATL
DAL1346-1777609134-fa-99p,2026-05-03T22:28:00,2026-05-03T23:21:00Z,53.0,61.0,0,0,2026-05-08T02:11:23.600235+00:00,DL1346,N909DN,DL,ATL,ORF
DAL26-1777608924-fa-421p,2026-05-03T23:33:00,2026-05-03T23:21:00Z,-12.0,4.0,0,0,2026-05-08T02:13:12.387528+00:00,DL26,N530DN,DL,ICN,ATL
DAL2600-1777609277-fa-1207p,2026-05-03T23:44:00,2026-05-03T23:20:00Z,-24.0,-7.0,0,0,2026-05-08T02:13:12.387528+00:00,DL2600,N959DZ,DL,RDU,ATL
DAL1670-1777608508-fa-2030p,2026-05-03T23:34:00,2026-05-03T23:19:00Z,-15.0,-8.0,0,0,2026-05-08T02:11:23.600235+00:00,DL1670,N305DN,DL,ATL,FLL
SWA1936-1777611737-airline-1532p,2026-05-03T23:20:00,2026-05-03T23:19:00Z,-1.0,-3.0,0,0,2026-05-08T02:13:12.387528+00:00,WN1936,N8801Q,WN,STL,ATL
EDV5537-1777617980-airline-738p,2026-05-03T23:28:00,2026-05-03T23:19:00Z,-9.0,-2.0,0,0,2026-05-08T02:13:12.387528+00:00,9E5537,N319PQ,9E,AGS,ATL
JZA8508-1777611570-airline-390p,2026-05-03T23:16:00,2026-05-03T23:18:00Z,2.0,-7.0,0,0,2026-05-08T02:11:23.600235+00:00,QK8508,C-FEKS,QK,ATL,YYZ
DAL1533-1777609549-fa-942p,2026-05-03T23:30:00,2026-05-03T23:18:00Z,-12.0,-15.0,0,0,2026-05-08T02:13:12.387528+00:00,DL1533,N998AT,DL,BHM,ATL
EDV5389-1777612663-airline-761p,2026-05-03T23:10:00,2026-05-03T23:17:00Z,7.0,3.0,0,0,2026-05-08T02:13:12.387528+00:00,9E5389,N297PQ,9E,BMI,ATL
EDV5374-1777612663-airline-827p,2026-05-03T23:30:00,2026-05-03T23:17:00Z,-13.0,-10.0,0,0,2026-05-08T02:13:12.387528+00:00,9E5374,N901XJ,9E,CSG,ATL
DAL1506-1777608985-fa-1201p,2026-05-03T23:26:00,2026-05-03T23:17:00Z,-9.0,-10.0,0,0,2026-05-08T02:13:12.387528+00:00,DL1506,N3735D,DL,VPS,ATL
DAL1150-1777608444-fa-1024p,2026-05-03T23:29:00,2026-05-03T23:16:00Z,-13.0,-7.0,0,0,2026-05-08T02:13:12.387528+00:00,DL1150,N842MH,DL,MCO,ATL
DAL543-1777609143-fa-1093p,2026-05-03T23:15:00,2026-05-03T23:15:00Z,0.0,-4.0,0,0,2026-05-08T02:13:12.387528+00:00,DL543,N864DN,DL,STL,ATL
JIA5067-1777614604-airline-2017p,2026-05-03T23:31:00,2026-05-03T23:15:00Z,-16.0,-6.0,0,0,2026-05-08T02:13:12.387528+00:00,OH5067,N562NN,OH,CLT,ATL
DAL581-1777609098-fa-1064p,2026-05-03T23:47:00,2026-05-03T23:15:00Z,-32.0,-17.0,0,0,2026-05-08T02:13:12.387528+00:00,DL581,N893DN,DL,AUA,ATL
UAL2081-1777593918-fa-1547p,2026-05-03T23:21:00,2026-05-03T23:15:00Z,-6.0,-4.0,0,0,2026-05-08T02:13:12.387528+00:00,UA2081,N39418,UA,IAD,ATL
DAL446-1777608431-fa-974p,2026-05-03T23:40:00,2026-05-03T23:14:00Z,-26.0,-7.0,0,0,2026-05-08T02:13:12.387528+00:00,DL446,N177DZ,DL,LAX,ATL
DAL2131-1777608484-fa-1302p,2026-05-03T23:30:00,2026-05-03T23:14:00Z,-16.0,-2.0,0,0,2026-05-08T02:13:12.387528+00:00,DL2131,N325DN,DL,PHL,ATL
DAL3025-1777609540-fa-627p,2026-05-03T23:21:00,2026-05-03T23:13:00Z,-8.0,-6.0,0,0,2026-05-08T02:11:23.600235+00:00,DL3025,N971AT,DL,ATL,LIT
DAL1848-1777609120-fa-1260p,2026-05-03T23:23:00,2026-05-03T23:13:00Z,-10.0,-6.0,0,0,2026-05-08T02:13:12.387528+00:00,DL1848,N828DN,DL,SJD,ATL
SKW3843-1777612260-airline-1104p,2026-05-03T22:09:00,2026-05-03T23:12:00Z,63.0,73.0,0,0,2026-05-08T02:11:23.600235+00:00,OO3843,N309SY,OO,ATL,OAJ
DAL879-1777609113-fa-562p,2026-05-03T23:30:00,2026-05-03T23:12:00Z,-18.0,-5.0,0,0,2026-05-08T02:13:12.387528+00:00,DL879,N908DN,DL,PDX,ATL
EDV5287-1777613573-airline-728p,2026-05-03T23:29:00,2026-05-03T23:12:00Z,-17.0,-8.0,0,0,2026-05-08T02:13:12.387528+00:00,9E5287,N331CA,9E,ABY,ATL
DAL1756-1777608344-fa-430p,2026-05-03T23:35:00,2026-05-03T23:12:00Z,-23.0,-3.0,0,0,2026-05-08T02:13:12.387528+00:00,DL1756,N6706Q,DL,SJO,ATL
SWA3915-1777622089-airline-377p,2026-05-03T23:00:00,2026-05-03T23:11:00Z,11.0,24.0,0,0,2026-05-08T02:13:12.387528+00:00,WN3915,N440LV,WN,PIT,ATL
DAL2939-1777609244-fa-1882p,2026-05-03T23:20:00,2026-05-03T23:10:00Z,-10.0,-8.0,0,0,2026-05-08T02:11:23.600235+00:00,DL2939,N938DZ,DL,ATL,MEM
DAL2831-1777609497-fa-1029p,2026-05-03T23:07:00,2026-05-03T23:10:00Z,3.0,-5.0,0,0,2026-05-08T02:11:23.600235+00:00,DL2831,N943AT,DL,ATL,SDF
DAL3132-1777609264-fa-829p,2026-05-03T23:17:00,2026-05-03T23:09:00Z,-8.0,-4.0,0,0,2026-05-08T02:11:23.600235+00:00,DL3132,N947DZ,DL,ATL,MSY
DAL1348-1777609406-fa-841p,2026-05-03T22:50:00,2026-05-03T23:09:00Z,19.0,25.0,0,0,2026-05-08T02:11:23.600235+00:00,DL1348,N820DX,DL,ATL,RIC
DAL3026-1777609552-fa-666p,2026-05-03T23:29:00,2026-05-03T23:09:00Z,-20.0,-7.0,0,0,2026-05-08T02:13:12.387528+00:00,DL3026,N989AT,DL,HSV,ATL
SWA2643-1777619072-airline-2244p,2026-05-03T23:05:00,2026-05-03T23:09:00Z,4.0,20.0,0,0,2026-05-08T02:13:12.387528+00:00,WN2643,N8929S,WN,DCA,ATL
DAL1695-1777609061-fa-1903p,2026-05-03T23:22:00,2026-05-03T23:09:00Z,-13.0,-5.0,0,0,2026-05-08T02:13:12.387528+00:00,DL1695,N3772H,DL,IAD,ATL
EDV5281-1777590689-fa-1243p,2026-05-03T23:26:00,2026-05-03T23:07:00Z,-19.0,-7.0,0,0,2026-05-08T02:13:12.387528+00:00,9E5281,N299PQ,9E,CHA,ATL
EDV5051-1777587473-fa-2219p,2026-05-03T23:12:00,2026-05-03T23:06:00Z,-6.0,-6.0,0,0,2026-05-08T02:11:23.600235+00:00,9E5051,N367CA,9E,ATL,SGF
DAL838-1777608566-fa-462p,2026-05-03T22:50:00,2026-05-03T23:06:00Z,16.0,36.0,0,0,2026-05-08T02:13:12.387528+00:00,DL838,N329DN,DL,PBI,ATL
DAL1470-1777609272-fa-192p,2026-05-03T22:41:00,2026-05-03T23:05:00Z,24.0,29.0,0,0,2026-05-08T02:11:23.600235+00:00,DL1470,N949DZ,DL,ATL,MCI
DAL2067-1777609323-fa-467p,2026-05-03T22:39:00,2026-05-03T23:04:00Z,25.0,17.0,0,0,2026-05-08T02:11:23.600235+00:00,DL2067,N579DT,DL,ATL,DTW
AAL1810-1777620200-airline-1502p,2026-05-03T23:15:00,2026-05-03T23:03:00Z,-12.0,2.0,0,0,2026-05-08T02:11:23.600235+00:00,AA1810,N181UW,AA,ATL,DFW
DAL976-1777609559-fa-1274p,2026-05-03T23:30:00,2026-05-03T23:03:00Z,-27.0,-5.0,0,0,2026-05-08T02:13:12.387528+00:00,DL976,N939AT,DL,ILM,ATL
DAL1379-1777609409-fa-5682p,2026-05-03T23:23:00,2026-05-03T23:03:00Z,-20.0,-5.0,0,0,2026-05-08T02:13:12.387528+00:00,DL1379,N822DX,DL,RSW,ATL
DAL1235-1777609560-fa-339p,2026-05-03T23:10:00,2026-05-03T23:01:00Z,-9.0,-8.0,0,0,2026-05-08T02:11:23.600235+00:00,DL1235,N954AT,DL,ATL,LEX
DAL3064-1777609526-fa-1818p,2026-05-03T18:08:00,2026-05-03T23:01:00Z,293.0,300.0,0,0,2026-05-08T02:13:12.387528+00:00,DL3064,N983AT,DL,TLH,ATL
EDV4993-1777587288-fa-717p,2026-05-03T23:06:00,2026-05-03T23:01:00Z,-5.0,-6.0,0,0,2026-05-08T02:13:12.387528+00:00,9E4993,N398CA,9E,VLD,ATL
DAL2152-1777609278-fa-601p,2026-05-03T23:30:00,2026-05-03T23:00:00Z,-30.0,-13.0,0,0,2026-05-08T02:13:12.387528+00:00,DL2152,N960DZ,DL,MKE,ATL
SWA3362-1777621902-airline-1302p,2026-05-03T23:10:00,2026-05-03T23:00:00Z,-10.0,8.0,0,0,2026-05-08T02:13:12.387528+00:00,WN3362,N8665D,WN,MDW,ATL
DAL2174-1777609557-fa-499p,2026-05-03T23:19:00,2026-05-03T23:00:00Z,-19.0,-6.0,0,0,2026-05-08T02:13:12.387528+00:00,DL2174,N944AT,DL,CHS,ATL
DAL1021-1777609053-fa-603p,2026-05-03T22:55:00,2026-05-03T22:59:00Z,4.0,-3.0,0,0,2026-05-08T02:11:23.600235+00:00,DL1021,N3751B,DL,ATL,GSP
DAL3180-1777609515-fa-1075p,2026-05-03T23:14:00,2026-05-03T22:59:00Z,-15.0,-9.0,0,0,2026-05-08T02:11:23.600235+00:00,DL3180,N990AT,DL,ATL,JAN
DAL3017-1777609534-fa-649p,2026-05-03T23:13:00,2026-05-03T22:59:00Z,-14.0,-7.0,0,0,2026-05-08T02:11:23.600235+00:00,DL3017,N955AT,DL,ATL,GSO
AAL1855-1777620200-airline-1561p,2026-05-03T23:29:00,2026-05-03T22:58:00Z,-31.0,-5.0,0,0,2026-05-08T02:13:12.387528+00:00,AA1855,N737US,AA,ORD,ATL
DAL85-1777608434-fa-1398p,2026-05-03T23:16:00,2026-05-03T22:58:00Z,-18.0,-10.0,0,0,2026-05-08T02:13:12.387528+00:00,DL85,N831MH,DL,CDG,ATL
DAL3032-1777609529-fa-149p,2026-05-03T22:57:00,2026-05-03T22:58:00Z,1.0,9.0,0,0,2026-05-08T02:13:12.387528+00:00,DL3032,N978AT,DL,CAE,ATL
DAL2037-1777609527-fa-1675p,2026-05-03T23:10:00,2026-05-03T22:57:00Z,-13.0,-4.0,0,0,2026-05-08T02:11:23.600235+00:00,DL2037,N961AT,DL,ATL,AVL
DAL2189-1777608511-fa-1130p,2026-05-03T22:54:00,2026-05-03T22:57:00Z,3.0,-2.0,0,0,2026-05-08T02:11:23.600235+00:00,DL2189,N332DN,DL,ATL,JAX
DAL1329-1777608581-fa-133p,2026-05-03T22:23:00,2026-05-03T22:57:00Z,34.0,29.0,0,0,2026-05-08T02:11:23.600235+00:00,DL1329,N108DN,DL,ATL,PHL
DAL1613-1777608507-fa-237p,2026-05-03T22:20:00,2026-05-03T22:57:00Z,37.0,15.0,0,0,2026-05-08T02:13:12.387528+00:00,DL1613,N311DN,DL,FLL,ATL
DAL527-1777609270-fa-1266p,2026-05-03T22:54:00,2026-05-03T22:56:00Z,2.0,-5.0,0,0,2026-05-08T02:11:23.600235+00:00,DL527,N948DZ,DL,ATL,SAV
DAL997-1777608375-fa-1047p,2026-05-03T22:41:00,2026-05-03T22:55:00Z,14.0,15.0,0,0,2026-05-08T02:11:23.600235+00:00,DL997,N107DN,DL,ATL,LGA
DAL1125-1777609550-fa-75p,2026-05-03T23:16:00,2026-05-03T22:55:00Z,-21.0,-4.0,0,0,2026-05-08T02:13:12.387528+00:00,DL1125,N919AT,DL,OMA,ATL
DAL2545-1777609278-fa-608p,2026-05-03T22:46:00,2026-05-03T22:55:00Z,9.0,24.0,0,0,2026-05-08T02:13:12.387528+00:00,DL2545,N962DZ,DL,CLE,ATL
DAL3053-1777609506-fa-393p,2026-05-03T23:00:00,2026-05-03T22:54:00Z,-6.0,-1.0,0,0,2026-05-08T02:11:23.600235+00:00,DL3053,N922AT,DL,ATL,ECP
EDV5247-1777611768-airline-517p,2026-05-03T23:05:00,2026-05-03T22:54:00Z,-11.0,-5.0,0,0,2026-05-08T02:11:23.600235+00:00,9E5247,N929XJ,9E,ATL,ROA
DAL1295-1777608503-fa-919p,2026-05-03T22:28:00,2026-05-03T22:54:00Z,26.0,25.0,0,0,2026-05-08T02:11:23.600235+00:00,DL1295,N351DN,DL,ATL,FLL
DAL2312-1777609261-fa-1059p,2026-05-03T22:54:00,2026-05-03T22:53:00Z,-1.0,17.0,0,0,2026-05-08T02:13:12.387528+00:00,DL2312,N850DN,DL,EWR,ATL
DAL1594-1777608533-fa-473p,2026-05-03T22:50:00,2026-05-03T22:52:00Z,2.0,-2.0,0,0,2026-05-08T02:11:23.600235+00:00,DL1594,N362DN,DL,ATL,TPA
DAL937-1777609225-fa-703p,2026-05-03T23:24:00,2026-05-03T22:52:00Z,-32.0,-6.0,0,0,2026-05-08T02:13:12.387528+00:00,DL937,N930DZ,DL,TUS,ATL
DAL3068-1777609561-fa-1591p,2026-05-03T23:12:00,2026-05-03T22:51:00Z,-21.0,-10.0,0,0,2026-05-08T02:11:23.600235+00:00,DL3068,N892AT,DL,ATL,HSV
DAL2730-1777609555-fa-1108p,2026-05-03T22:35:00,2026-05-03T22:51:00Z,16.0,26.0,0,0,2026-05-08T02:13:12.387528+00:00,DL2730,N949AT,DL,BTR,ATL
DAL3115-1777609271-fa-1017p,2026-05-03T23:01:00,2026-05-03T22:50:00Z,-11.0,-1.0,0,0,2026-05-08T02:11:23.600235+00:00,DL3115,N950DZ,DL,ATL,SRQ
DAL327-1777609399-fa-703p,2026-05-03T23:05:00,2026-05-03T22:50:00Z,-15.0,0.0,0,0,2026-05-08T02:13:12.387528+00:00,DL327,N707TW,DL,SNA,ATL
DAL1902-1777608356-fa-930p,2026-05-03T23:15:00,2026-05-03T22:49:00Z,-26.0,-5.0,0,0,2026-05-08T02:13:12.387528+00:00,DL1902,N67171,DL,STT,ATL
DAL554-1777609184-fa-512p,2026-05-03T22:54:00,2026-05-03T22:49:00Z,-5.0,12.0,0,0,2026-05-08T02:13:12.387528+00:00,DL554,N892DN,DL,SEA,ATL
SKW4033-1777613573-airline-807p,2026-05-03T22:57:00,2026-05-03T22:49:00Z,-8.0,-1.0,0,0,2026-05-08T02:13:12.387528+00:00,OO4033,N304SY,OO,SBN,ATL
DAL1214-1777609398-fa-944p,2026-05-03T21:14:00,2026-05-03T22:48:00Z,94.0,98.0,0,0,2026-05-08T02:11:23.600235+00:00,DL1214,N821DX,DL,ATL,RIC
AAL1796-1777620200-airline-1487p,2026-05-03T22:55:00,2026-05-03T22:48:00Z,-7.0,2.0,0,0,2026-05-08T02:11:23.600235+00:00,AA1796,N3014R,AA,ATL,MIA
DAL2266-1777608561-fa-3206p,2026-05-03T22:54:00,2026-05-03T22:48:00Z,-6.0,9.0,0,0,2026-05-08T02:13:12.387528+00:00,DL2266,N345DN,DL,BUF,ATL
DAL3101-1777609559-fa-1280p,2026-05-03T23:13:00,2026-05-03T22:47:00Z,-26.0,-10.0,0,0,2026-05-08T02:13:12.387528+00:00,DL3101,N608AT,DL,AVL,ATL
DAL2750-1777609046-fa-413p,2026-05-03T22:42:00,2026-05-03T22:46:00Z,4.0,6.0,0,0,2026-05-08T02:11:23.600235+00:00,DL2750,N382DA,DL,ATL,CLE
DAL1186-1777609514-fa-2060p,2026-05-03T23:03:00,2026-05-03T22:46:00Z,-17.0,-7.0,0,0,2026-05-08T02:11:23.600235+00:00,DL1186,N966AT,DL,ATL,TUL
DAL1962-1777608494-fa-997p,2026-05-03T22:56:00,2026-05-03T22:46:00Z,-10.0,-2.0,0,0,2026-05-08T02:13:12.387528+00:00,DL1962,N322DN,DL,CUN,ATL
EDV5470-1777588401-fa-1115p,2026-05-03T23:09:00,2026-05-03T22:45:00Z,-24.0,-6.0,0,0,2026-05-08T02:11:23.600235+00:00,9E5470,N376CA,9E,ATL,CHA
EDV5282-1777613573-airline-732p,2026-05-03T23:00:00,2026-05-03T22:45:00Z,-15.0,-9.0,0,0,2026-05-08T02:11:23.600235+00:00,9E5282,N690CA,9E,ATL,AGS
SWA3331-1777621902-airline-1269p,2026-05-03T22:40:00,2026-05-03T22:45:00Z,5.0,19.0,0,0,2026-05-08T02:11:23.600235+00:00,WN3331,N428WN,WN,ATL,BWI
DAL2364-1777609507-fa-145p,2026-05-03T22:49:00,2026-05-03T22:45:00Z,-4.0,-1.0,0,0,2026-05-08T02:11:23.600235+00:00,DL2364,N925AT,DL,ATL,OMA
DAL3157-1777609126-fa-1795p,2026-05-03T22:01:00,2026-05-03T22:45:00Z,44.0,56.0,0,0,2026-05-08T02:13:12.387528+00:00,DL3157,N849DN,DL,MSY,ATL
EDV5485-1777611861-airline-1140p,2026-05-03T22:55:00,2026-05-03T22:45:00Z,-10.0,0.0,0,0,2026-05-08T02:13:12.387528+00:00,9E5485,N183GJ,9E,HPN,ATL
DAL1831-1777609375-fa-1605p,2026-05-03T22:39:00,2026-05-03T22:44:00Z,5.0,-3.0,0,0,2026-05-08T02:13:12.387528+00:00,DL1831,N6712B,DL,GUA,ATL
DAL1124-1777608498-fa-585p,2026-05-03T22:49:00,2026-05-03T22:42:00Z,-7.0,0.0,0,0,2026-05-08T02:11:23.600235+00:00,DL1124,N390DN,DL,ATL,RSW
SKW3804-1777611861-airline-1137p,2026-05-03T21:50:00,2026-05-03T22:42:00Z,52.0,67.0,0,0,2026-05-08T02:11:23.600235+00:00,OO3804,N264SY,OO,ATL,SHV
DAL1729-1777609535-fa-340p,2026-05-03T22:58:00,2026-05-03T22:41:00Z,-17.0,-3.0,0,0,2026-05-08T02:13:12.387528+00:00,DL1729,N980AT,DL,TYS,ATL
DAL1036-1777608514-fa-342p,2026-05-03T22:25:00,2026-05-03T22:40:00Z,15.0,16.0,0,0,2026-05-08T02:13:12.387528+00:00,DL1036,N335DN,DL,MSP,ATL
DAL2720-1777608489-fa-465p,2026-05-03T22:54:00,2026-05-03T22:40:00Z,-14.0,-3.0,0,0,2026-05-08T02:13:12.387528+00:00,DL2720,N328DN,DL,JAX,ATL
DAL3122-1777609277-fa-393p,2026-05-03T22:39:00,2026-05-03T22:39:00Z,0.0,-4.0,0,0,2026-05-08T02:11:23.600235+00:00,DL3122,N957DZ,DL,ATL,PIT
SWA232-1777611707-airline-1417p,2026-05-03T22:15:00,2026-05-03T22:39:00Z,24.0,34.0,0,0,2026-05-08T02:11:23.600235+00:00,WN232,N8978G,WN,ATL,DCA
DAL1919-1777608489-fa-467p,2026-05-03T22:39:00,2026-05-03T22:39:00Z,0.0,0.0,0,0,2026-05-08T02:13:12.387528+00:00,DL1919,N315DN,DL,PUJ,ATL
DAL1393-1777609236-fa-1762p,2026-05-03T22:44:00,2026-05-03T22:38:00Z,-6.0,-6.0,0,0,2026-05-08T02:11:23.600235+00:00,DL1393,N931DQ,DL,ATL,STL
DAL2806-1777608968-fa-256p,2026-05-03T22:51:00,2026-05-03T22:38:00Z,-13.0,-8.0,0,0,2026-05-08T02:11:23.600235+00:00,DL2806,N387DA,DL,ATL,MKE
DAL512-1777609539-fa-566p,2026-05-03T22:58:00,2026-05-03T22:38:00Z,-20.0,-5.0,0,0,2026-05-08T02:13:12.387528+00:00,DL512,N960AT,DL,DAL,ATL
DAL1132-1777609555-fa-1098p,2026-05-03T22:38:00,2026-05-03T22:37:00Z,-1.0,-4.0,0,0,2026-05-08T02:11:23.600235+00:00,DL1132,N933AT,DL,ATL,BHM
EDV5161-1777588393-fa-2906p,2026-05-03T22:45:00,2026-05-03T22:37:00Z,-8.0,-10.0,0,0,2026-05-08T02:11:23.600235+00:00,9E5161,N324PQ,9E,ATL,MGM
DAL950-1777608254-fa-1198p,2026-05-03T22:36:00,2026-05-03T22:37:00Z,1.0,-6.0,0,0,2026-05-08T02:11:23.600235+00:00,DL950,N361NW,DL,ATL,DCA
DAL2398-1777608327-fa-1995p,2026-05-03T22:28:00,2026-05-03T22:37:00Z,9.0,36.0,0,0,2026-05-08T02:11:23.600235+00:00,DL2398,N197DN,DL,ATL,JFK
DAL399-1777608475-fa-1060p,2026-05-03T22:54:00,2026-05-03T22:36:00Z,-18.0,-5.0,0,0,2026-05-08T02:13:12.387528+00:00,DL399,N342DN,DL,BOS,ATL
DAL2193-1777609552-fa-671p,2026-05-03T22:27:00,2026-05-03T22:35:00Z,8.0,15.0,0,0,2026-05-08T02:11:23.600235+00:00,DL2193,N895AT,DL,ATL,CAE
DAL2322-1777608949-fa-1015p,2026-05-03T21:48:00,2026-05-03T22:35:00Z,47.0,55.0,0,0,2026-05-08T02:13:12.387528+00:00,DL2322,N378DA,DL,EWR,ATL
RPA4582-1777613512-airline-1470p,2026-05-03T22:34:00,2026-05-03T22:34:00Z,0.0,-2.0,0,0,2026-05-08T02:13:12.387528+00:00,YX4582,N415YX,YX,LGA,ATL
DAL9955-1777747475-fa-2299p,2026-05-03T22:14:00,2026-05-03T22:34:00Z,20.0,37.0,0,0,2026-05-08T02:13:12.387528+00:00,DL9955,N686DA,DL,QRO,ATL
EDV5377-1777587177-fa-3002p,2026-05-03T22:43:00,2026-05-03T22:32:00Z,-11.0,-7.0,0,0,2026-05-08T02:11:23.600235+00:00,9E5377,N601LR,9E,ATL,DHN
DAL1816-1777608969-fa-1286p,2026-05-03T22:48:00,2026-05-03T22:32:00Z,-16.0,-10.0,0,0,2026-05-08T02:13:12.387528+00:00,DL1816,N3758Y,DL,PVR,ATL
FFT3600-1777620044-airline-941p,2026-05-03T22:35:00,2026-05-03T22:31:00Z,-4.0,15.0,0,0,2026-05-08T02:13:12.387528+00:00,F93600,N655FR,F9,DEN,ATL
DAL3158-1777609560-fa-343p,2026-05-03T22:11:00,2026-05-03T22:30:00Z,19.0,24.0,0,0,2026-05-08T02:11:23.600235+00:00,DL3158,N965AT,DL,ATL,CLT
FFT4873-1777614192-airline-918p,2026-05-03T20:20:00,2026-05-03T22:30:00Z,130.0,105.0,0,0,2026-05-08T02:13:12.387528+00:00,F94873,N718FR,F9,FLL,ATL
DAL3094-1777609254-fa-557p,2026-05-03T22:43:00,2026-05-03T22:29:00Z,-14.0,-2.0,0,0,2026-05-08T02:13:12.387528+00:00,DL3094,N886DN,DL,ECP,ATL
DAL2050-1777608394-fa-2190p,2026-05-03T22:35:00,2026-05-03T22:28:00Z,-7.0,-4.0,0,0,2026-05-08T02:11:23.600235+00:00,DL2050,N129DN,DL,ATL,BUF
DAL3179-1777609252-fa-1009p,2026-05-03T22:38:00,2026-05-03T22:27:00Z,-11.0,-7.0,0,0,2026-05-08T02:11:23.600235+00:00,DL3179,N939DZ,DL,ATL,CHS
DAL2799-1777609109-fa-1092p,2026-05-03T22:14:00,2026-05-03T22:27:00Z,13.0,19.0,0,0,2026-05-08T02:11:23.600235+00:00,DL2799,N879DN,DL,ATL,BWI
DAL959-1777608587-fa-1501p,2026-05-03T22:28:00,2026-05-03T22:27:00Z,-1.0,-3.0,0,0,2026-05-08T02:11:23.600235+00:00,DL959,N304DN,DL,ATL,PBI
FFT4771-1777614192-airline-904p,2026-05-03T22:16:00,2026-05-03T22:26:00Z,10.0,13.0,0,0,2026-05-08T02:11:23.600235+00:00,F94771,N607FR,F9,ATL,CVG
FFT1082-1777612884-airline-564p,2026-05-03T22:16:00,2026-05-03T22:25:00Z,9.0,26.0,0,0,2026-05-08T02:11:23.600235+00:00,F91082,N625FR,F9,ATL,IAD
EDV5508-1777612260-airline-1146p,2026-05-03T22:39:00,2026-05-03T22:24:00Z,-15.0,-7.0,0,0,2026-05-08T02:11:23.600235+00:00,9E5508,N582CA,9E,ATL,TRI
SWA3933-1777622089-airline-390p,2026-05-03T21:45:00,2026-05-03T22:24:00Z,39.0,47.0,0,0,2026-05-08T02:11:23.600235+00:00,WN3933,N8989L,WN,ATL,MSY
DAL3134-1777609255-fa-168p,2026-05-03T22:25:00,2026-05-03T22:24:00Z,-1.0,-5.0,0,0,2026-05-08T02:13:12.387528+00:00,DL3134,N942DZ,DL,IND,ATL
DAL587-1777608980-fa-490p,2026-05-03T22:41:00,2026-05-03T22:24:00Z,-17.0,-7.0,0,0,2026-05-08T02:13:12.387528+00:00,DL587,N375DA,DL,MEX,ATL
DAL2892-1777608991-fa-1777p,2026-05-03T22:41:00,2026-05-03T22:24:00Z,-17.0,-2.0,0,0,2026-05-08T02:13:12.387528+00:00,DL2892,N3763D,DL,CMH,ATL
DAL3043-1777609554-fa-925p,2026-05-03T21:58:00,2026-05-03T22:23:00Z,25.0,29.0,0,0,2026-05-08T02:11:23.600235+00:00,DL3043,N926AT,DL,ATL,MLB
SKW3935-1777610907-airline-1158p,2026-05-03T22:25:00,2026-05-03T22:23:00Z,-2.0,3.0,0,0,2026-05-08T02:13:12.387528+00:00,OO3935,N265SY,OO,MOB,ATL
DAL1882-1777608323-fa-361p,2026-05-03T22:46:00,2026-05-03T22:21:00Z,-25.0,-3.0,0,0,2026-05-08T02:13:12.387528+00:00,DL1882,N191DN,DL,SJU,ATL
DAL1545-1777609557-fa-1628p,2026-05-03T22:25:00,2026-05-03T22:20:00Z,-5.0,7.0,0,0,2026-05-08T02:13:12.387528+00:00,DL1545,N950AT,DL,TLH,ATL
DAL3133-1777609560-fa-777p,2026-05-03T22:21:00,2026-05-03T22:19:00Z,-2.0,17.0,0,0,2026-05-08T02:13:12.387528+00:00,DL3133,N607AT,DL,GNV,ATL
DAL1804-1777609129-fa-1143p,2026-05-03T22:29:00,2026-05-03T22:19:00Z,-10.0,-4.0,0,0,2026-05-08T02:13:12.387528+00:00,DL1804,N894DN,DL,GDL,ATL
DAL1167-1777608361-fa-1055p,2026-05-03T22:32:00,2026-05-03T22:18:00Z,-14.0,1.0,0,0,2026-05-08T02:13:12.387528+00:00,DL1167,N544US,DL,TPA,ATL
DAL1029-1777609153-fa-5461p,2026-05-03T22:40:00,2026-05-03T22:18:00Z,-22.0,-6.0,0,0,2026-05-08T02:13:12.387528+00:00,DL1029,N810DN,DL,JFK,ATL
EDV5105-1777587279-fa-1760p,2026-05-03T22:24:00,2026-05-03T22:17:00Z,-7.0,-6.0,0,0,2026-05-08T02:11:23.600235+00:00,9E5105,N355CA,9E,ATL,CRW
SWA2705-1777619072-airline-2305p,2026-05-03T22:05:00,2026-05-03T22:17:00Z,12.0,24.0,0,0,2026-05-08T02:11:23.600235+00:00,WN2705,N452WN,WN,ATL,MDW
DAL1550-1777609275-fa-151p,2026-05-03T22:25:00,2026-05-03T22:17:00Z,-8.0,-7.0,0,0,2026-05-08T02:13:12.387528+00:00,DL1550,N954DZ,DL,RDU,ATL
DAL3027-1777609557-fa-492p,2026-05-03T21:44:00,2026-05-03T22:15:00Z,31.0,41.0,0,0,2026-05-08T02:13:12.387528+00:00,DL3027,N899AT,DL,LIT,ATL
UAL1848-1777593918-fa-1541p,2026-05-03T22:28:00,2026-05-03T22:15:00Z,-13.0,-4.0,0,0,2026-05-08T02:13:12.387528+00:00,UA1848,N874UA,UA,EWR,ATL
DAL540-1777609541-fa-795p,2026-05-03T22:20:00,2026-05-03T22:14:00Z,-6.0,-6.0,0,0,2026-05-08T02:11:23.600235+00:00,DL540,N974AT,DL,ATL,TLH
DAL3142-1777609051-fa-1736p,2026-05-03T22:25:00,2026-05-03T22:14:00Z,-11.0,0.0,0,0,2026-05-08T02:13:12.387528+00:00,DL3142,N3765,DL,BNA,ATL
FFT2051-1777620044-airline-653p,2026-05-03T22:32:00,2026-05-03T22:13:00Z,-19.0,-1.0,0,0,2026-05-08T02:11:23.600235+00:00,F92051,N614FR,F9,ATL,MSY
EDV5055-1777580569-fa-568p,2026-05-03T21:59:00,2026-05-03T22:13:00Z,14.0,13.0,0,0,2026-05-08T02:11:23.600235+00:00,9E5055,N302PQ,9E,ATL,FWA
JBU2098-1777623144-airline-1182p,2026-05-03T21:11:00,2026-05-03T22:13:00Z,62.0,38.0,0,0,2026-05-08T02:13:12.387528+00:00,B62098,N3185J,B6,FLL,ATL
DAL2427-1777609030-fa-815p,2026-05-03T22:10:00,2026-05-03T22:12:00Z,2.0,19.0,0,0,2026-05-08T02:13:12.387528+00:00,DL2427,N3773D,DL,COS,ATL
DAL1002-1777608981-fa-1429p,2026-05-03T22:21:00,2026-05-03T22:12:00Z,-9.0,0.0,0,0,2026-05-08T02:13:12.387528+00:00,DL1002,N851DN,DL,ELP,ATL
DAL3095-1777608977-fa-4461p,2026-05-03T22:27:00,2026-05-03T22:11:00Z,-16.0,3.0,0,0,2026-05-08T02:13:12.387528+00:00,DL3095,N396DA,DL,GSP,ATL
DAL1467-1777609093-fa-965p,2026-05-03T22:25:00,2026-05-03T22:11:00Z,-14.0,0.0,0,0,2026-05-08T02:13:12.387528+00:00,DL1467,N834DN,DL,DTW,ATL
DAL761-1777608577-fa-4450p,2026-05-03T18:15:00,2026-05-03T22:10:00Z,235.0,241.0,0,0,2026-05-08T02:13:12.387528+00:00,DL761,N331DN,DL,ONT,ATL
DAL1437-1777609275-fa-1156p,2026-05-03T22:24:00,2026-05-03T22:09:00Z,-15.0,0.0,0,0,2026-05-08T02:13:12.387528+00:00,DL1437,N955DZ,DL,RIC,ATL
DAL1959-1777609000-fa-1032p,2026-05-03T22:38:00,2026-05-03T22:09:00Z,-29.0,-12.0,0,0,2026-05-08T02:13:12.387528+00:00,DL1959,N392DA,DL,PLS,ATL
DAL1572-1777608626-fa-494p,2026-05-03T22:04:00,2026-05-03T22:09:00Z,5.0,20.0,0,0,2026-05-08T02:13:12.387528+00:00,DL1572,N369DN,DL,IAH,ATL
DAL2220-1777609532-fa-1113p,2026-05-03T22:17:00,2026-05-03T22:08:00Z,-9.0,-5.0,0,0,2026-05-08T02:11:23.600235+00:00,DL2220,N952AT,DL,ATL,GNV
JIA5026-1777611002-airline-961p,2026-05-03T22:25:00,2026-05-03T22:08:00Z,-17.0,-5.0,0,0,2026-05-08T02:13:12.387528+00:00,OH5026,N614NN,OH,PHL,ATL
JIA5461-1777617795-airline-1819p,2026-05-03T22:38:00,2026-05-03T22:06:00Z,-32.0,-5.0,0,0,2026-05-08T02:11:23.600235+00:00,OH5461,N616NN,OH,ATL,DCA
DAL2314-1777608731-fa-1329p,2026-05-03T22:24:00,2026-05-03T22:06:00Z,-18.0,-7.0,0,0,2026-05-08T02:13:12.387528+00:00,DL2314,N333NB,DL,PVD,ATL
DAL2786-1777608739-fa-233p,2026-05-03T22:18:00,2026-05-03T22:04:00Z,-14.0,-5.0,0,0,2026-05-08T02:11:23.600235+00:00,DL2786,N348NB,DL,ATL,CMH
DAL1772-1777609180-fa-715p,2026-05-03T22:14:00,2026-05-03T22:04:00Z,-10.0,-6.0,0,0,2026-05-08T02:13:12.387528+00:00,DL1772,N890DN,DL,TQO,ATL
EDV5144-1777583014-fa-1489p,2026-05-03T22:18:00,2026-05-03T22:03:00Z,-15.0,-4.0,0,0,2026-05-08T02:11:23.600235+00:00,9E5144,N925XJ,9E,ATL,EVV
EDV5002-1777611768-airline-804p,2026-05-03T22:19:00,2026-05-03T22:02:00Z,-17.0,-8.0,0,0,2026-05-08T02:11:23.600235+00:00,9E5002,N390CA,9E,ATL,FAY
DAL1805-1777609007-fa-1156p,2026-05-03T21:53:00,2026-05-03T22:02:00Z,9.0,22.0,0,0,2026-05-08T02:13:12.387528+00:00,DL1805,N3737C,DL,SAP,ATL
DAL2539-1777609546-fa-945p,2026-05-03T22:19:00,2026-05-03T22:01:00Z,-18.0,2.0,0,0,2026-05-08T02:13:12.387528+00:00,DL2539,N946AT,DL,GSO,ATL
UAL702-1777593918-fa-1543p,2026-05-03T22:09:00,2026-05-03T22:01:00Z,-8.0,12.0,0,0,2026-05-08T02:13:12.387528+00:00,UA702,N37372,UA,SFO,ATL
DAL1093-1777608813-fa-1391p,2026-05-03T22:06:00,2026-05-03T22:00:00Z,-6.0,-6.0,0,0,2026-05-08T02:11:23.600235+00:00,DL1093,N358NW,DL,ATL,MYR
DAL3056-1777609278-fa-610p,2026-05-03T22:08:00,2026-05-03T22:00:00Z,-8.0,-2.0,0,0,2026-05-08T02:11:23.600235+00:00,DL3056,N963DZ,DL,ATL,DAB
DAL3143-1777609550-fa-83p,2026-05-03T22:24:00,2026-05-03T22:00:00Z,-24.0,-12.0,0,0,2026-05-08T02:13:12.387528+00:00,DL3143,N717JL,DL,LEX,ATL
DAL2747-1777609268-fa-1044p,2026-05-03T22:09:00,2026-05-03T22:00:00Z,-9.0,1.0,0,0,2026-05-08T02:13:12.387528+00:00,DL2747,N945DZ,DL,MCI,ATL
DAL974-1777608367-fa-877p,2026-05-03T21:36:00,2026-05-03T21:59:00Z,23.0,-9.0,0,0,2026-05-08T02:13:12.387528+00:00,DL974,N380DN,DL,LGA,ATL
DAL322-1777608482-fa-1702p,2026-05-03T20:50:00,2026-05-03T21:59:00Z,69.0,80.0,0,0,2026-05-08T02:13:12.387528+00:00,DL322,N340DN,DL,BOS,ATL
DAL1425-1777609389-fa-876p,2026-05-03T21:49:00,2026-05-03T21:58:00Z,9.0,12.0,0,0,2026-05-08T02:11:23.600235+00:00,DL1425,N693DL,DL,ATL,TPA
DAL995-1777608626-fa-497p,2026-05-03T22:10:00,2026-05-03T21:56:00Z,-14.0,-2.0,0,0,2026-05-08T02:13:12.387528+00:00,DL995,N106DN,DL,DEN,ATL
EDV5503-1777581624-fa-343p,2026-05-03T22:13:00,2026-05-03T21:56:00Z,-17.0,-6.0,0,0,2026-05-08T02:13:12.387528+00:00,9E5503,N354CA,9E,XNA,ATL
DAL67-1777608907-fa-786p,2026-05-03T22:13:00,2026-05-03T21:56:00Z,-17.0,-6.0,0,0,2026-05-08T02:13:12.387528+00:00,DL67,N431DX,DL,FCO,ATL
DAL3063-1777609557-fa-1622p,2026-05-03T22:09:00,2026-05-03T21:54:00Z,-15.0,-4.0,0,0,2026-05-08T02:11:23.600235+00:00,DL3063,N982AT,DL,ATL,GPT
FFT1550-1777620044-airline-555p,2026-05-03T21:30:00,2026-05-03T21:54:00Z,24.0,14.0,0,0,2026-05-08T02:11:23.600235+00:00,F91550,N635FR,F9,ATL,JAX
DAL3014-1777609185-fa-5276p,2026-05-03T22:11:00,2026-05-03T21:53:00Z,-18.0,-4.0,0,0,2026-05-08T02:13:12.387528+00:00,DL3014,N941DZ,DL,SAV,ATL
DAL725-1777609355-fa-474p,2026-05-03T22:18:00,2026-05-03T21:53:00Z,-25.0,-1.0,0,0,2026-05-08T02:13:12.387528+00:00,DL725,N6710E,DL,SAN,ATL
DAL1803-1777609193-fa-1492p,2026-05-03T22:23:00,2026-05-03T21:52:00Z,-31.0,-11.0,0,0,2026-05-08T02:13:12.387528+00:00,DL1803,N900DU,DL,SDQ,ATL
DAL3037-1777609519-fa-1256p,2026-05-03T22:10:00,2026-05-03T21:51:00Z,-19.0,-13.0,0,0,2026-05-08T02:13:12.387528+00:00,DL3037,N953AT,DL,CLT,ATL
DAL1800-1777608958-fa-305p,2026-05-03T22:15:00,2026-05-03T21:51:00Z,-24.0,-5.0,0,0,2026-05-08T02:13:12.387528+00:00,DL1800,N379DA,DL,MBJ,ATL
DAL1126-1777609050-fa-1389p,2026-05-03T20:47:00,2026-05-03T21:50:00Z,63.0,69.0,0,0,2026-05-08T02:11:23.600235+00:00,DL1126,N3764D,DL,ATL,SDF
DAL1148-1777609508-fa-336p,2026-05-03T21:41:00,2026-05-03T21:50:00Z,9.0,13.0,0,0,2026-05-08T02:13:12.387528+00:00,DL1148,N938AT,DL,TYS,ATL
DAL2020-1777609162-fa-1257p,2026-05-03T22:01:00,2026-05-03T21:50:00Z,-11.0,-4.0,0,0,2026-05-08T02:13:12.387528+00:00,DL2020,N827DN,DL,OKC,ATL
SAS929-1777621182-airline-848p,2026-05-03T21:25:00,2026-05-03T21:50:00Z,25.0,24.0,0,0,2026-05-08T02:13:12.387528+00:00,SK929,LN-RKT,SK,CPH,ATL
EDV5308-1777610907-airline-1130p,2026-05-03T22:04:00,2026-05-03T21:49:00Z,-15.0,-6.0,0,0,2026-05-08T02:13:12.387528+00:00,9E5308,N538CA,9E,LFT,ATL
DAL2627-1777609410-fa-392p,2026-05-03T21:53:00,2026-05-03T21:47:00Z,-6.0,-1.0,0,0,2026-05-08T02:11:23.600235+00:00,DL2627,N823DX,DL,ATL,JAX
FFT3975-1777620044-airline-981p,2026-05-03T21:41:00,2026-05-03T21:47:00Z,6.0,13.0,0,0,2026-05-08T02:13:12.387528+00:00,F93975,N665FR,F9,MCO,ATL
DAL1372-1777609391-fa-2350p,2026-05-03T21:58:00,2026-05-03T21:44:00Z,-14.0,5.0,0,0,2026-05-08T02:13:12.387528+00:00,DL1372,N692DL,DL,MCO,ATL
DAL2279-1777608518-fa-674p,2026-05-03T21:53:00,2026-05-03T21:44:00Z,-9.0,3.0,0,0,2026-05-08T02:13:12.387528+00:00,DL2279,N350DN,DL,PHL,ATL
DAL1873-1777609382-fa-933p,2026-05-03T22:04:00,2026-05-03T21:44:00Z,-20.0,-5.0,0,0,2026-05-08T02:13:12.387528+00:00,DL1873,N6707A,DL,SXM,ATL
EDV5519-1777580809-fa-767p,2026-05-03T21:21:00,2026-05-03T21:43:00Z,22.0,46.0,0,0,2026-05-08T02:13:12.387528+00:00,9E5519,N272PQ,9E,TRI,ATL
DAL1020-1777608827-fa-441p,2026-05-03T21:59:00,2026-05-03T21:42:00Z,-17.0,-5.0,0,0,2026-05-08T02:13:12.387528+00:00,DL1020,N343NW,DL,DCA,ATL
JIA5049-1777613384-airline-1123p,2026-05-03T22:04:00,2026-05-03T21:41:00Z,-23.0,-1.0,0,0,2026-05-08T02:11:23.600235+00:00,OH5049,N592NN,OH,ATL,CLT
DAL1976-1777608479-fa-568p,2026-05-03T21:55:00,2026-05-03T21:41:00Z,-14.0,-6.0,0,0,2026-05-08T02:13:12.387528+00:00,DL1976,N354DN,DL,NAS,ATL
DAL3169-1777609097-fa-1543p,2026-05-03T21:51:00,2026-05-03T21:41:00Z,-10.0,-1.0,0,0,2026-05-08T02:13:12.387528+00:00,DL3169,N878DN,DL,CVG,ATL
DAL1755-1777608476-fa-818p,2026-05-03T20:52:00,2026-05-03T21:39:00Z,47.0,-2.0,0,0,2026-05-08T02:13:12.387528+00:00,DL1755,N355DN,DL,PUJ,ATL
UAL462-1777593918-fa-1542p,2026-05-03T21:55:00,2026-05-03T21:38:00Z,-17.0,-5.0,0,0,2026-05-08T02:13:12.387528+00:00,UA462,N79521,UA,IAH,ATL
DAL638-1777608506-fa-1010p,2026-05-03T21:54:00,2026-05-03T21:38:00Z,-16.0,-7.0,0,0,2026-05-08T02:13:12.387528+00:00,DL638,N364DX,DL,BOS,ATL
DAL1266-1777608590-fa-146p,2026-05-03T21:41:00,2026-05-03T21:38:00Z,-3.0,12.0,0,0,2026-05-08T02:13:12.387528+00:00,DL1266,N346DN,DL,PBI,ATL
DAL2252-1777609226-fa-1117p,2026-05-03T21:51:00,2026-05-03T21:35:00Z,-16.0,-10.0,0,0,2026-05-08T02:13:12.387528+00:00,DL2252,N860DN,DL,MEM,ATL
DAL1246-1777608941-fa-510p,2026-05-03T21:51:00,2026-05-03T21:34:00Z,-17.0,-6.0,0,0,2026-05-08T02:13:12.387528+00:00,DL1246,N372DA,DL,MKE,ATL
DAL3112-1777609238-fa-386p,2026-05-03T21:43:00,2026-05-03T21:33:00Z,-10.0,-2.0,0,0,2026-05-08T02:11:23.600235+00:00,DL3112,N932DZ,DL,ATL,SAV
DAL1823-1777608357-fa-1292p,2026-05-03T21:32:00,2026-05-03T21:33:00Z,1.0,-5.0,0,0,2026-05-08T02:13:12.387528+00:00,DL1823,N694DL,DL,STT,ATL
AAL1811-1777620200-airline-1505p,2026-05-03T21:34:00,2026-05-03T21:33:00Z,-1.0,14.0,0,0,2026-05-08T02:13:12.387528+00:00,AA1811,N844NN,AA,DFW,ATL
SWA2813-1777619072-airline-2433p,2026-05-03T21:25:00,2026-05-03T21:33:00Z,8.0,20.0,0,0,2026-05-08T02:13:12.387528+00:00,WN2813,N8326F,WN,MSY,ATL
SWA4144-1777622089-airline-583p,2026-05-03T21:50:00,2026-05-03T21:33:00Z,-17.0,0.0,0,0,2026-05-08T02:13:12.387528+00:00,WN4144,N429WN,WN,SAT,ATL
DAL109-1777608852-fa-278p,2026-05-03T20:27:00,2026-05-03T21:33:00Z,66.0,-9.0,0,0,2026-05-08T02:13:12.387528+00:00,DL109,N811NW,DL,MAD,ATL
DAL528-1777608342-fa-98p,2026-05-03T21:46:00,2026-05-03T21:33:00Z,-13.0,0.0,0,0,2026-05-08T02:13:12.387528+00:00,DL528,N684DA,DL,LAX,ATL
SWA1730-1777611737-airline-1318p,2026-05-03T21:35:00,2026-05-03T21:31:00Z,-4.0,5.0,0,0,2026-05-08T02:13:12.387528+00:00,WN1730,N8845L,WN,HOU,ATL
UAL356-1777593918-fa-1540p,2026-05-03T21:38:00,2026-05-03T21:30:00Z,-8.0,-2.0,0,0,2026-05-08T02:13:12.387528+00:00,UA356,N33203,UA,ORD,ATL
ETD13-1777612536-airline-896p,2026-05-03T20:30:00,2026-05-03T21:30:00Z,60.0,15.0,0,0,2026-05-08T02:13:12.387528+00:00,EY13,A6-BNE,EY,AUH,ATL
FFT4209-1777614192-airline-834p,2026-05-03T21:44:00,2026-05-03T21:29:00Z,-15.0,0.0,0,0,2026-05-08T02:13:12.387528+00:00,F94209,N360FR,F9,CLE,ATL
DAL1554-1777608554-fa-647p,2026-05-03T21:13:00,2026-05-03T21:28:00Z,15.0,10.0,0,0,2026-05-08T02:13:12.387528+00:00,DL1554,N344DN,DL,FLL,ATL
EDV5374-1777613573-airline-837p,2026-05-03T21:47:00,2026-05-03T21:26:00Z,-21.0,-10.0,0,0,2026-05-08T02:11:23.600235+00:00,9E5374,N901XJ,9E,ATL,CSG
EDV5339-1777582455-fa-1226p,2026-05-03T21:47:00,2026-05-03T21:26:00Z,-21.0,-6.0,0,0,2026-05-08T02:13:12.387528+00:00,9E5339,N316PQ,9E,AVL,ATL
EDV5376-1777590688-fa-1017p,2026-05-03T21:44:00,2026-05-03T21:24:00Z,-20.0,-7.0,0,0,2026-05-08T02:11:23.600235+00:00,9E5376,N299PQ,9E,ATL,CHA
DAL8818-1777608748-fa-707p,2026-05-03T21:34:00,2026-05-03T21:24:00Z,-10.0,-11.0,0,0,2026-05-08T02:13:12.387528+00:00,DL8818,N337NB,DL,BNA,ATL
DAL31-1777608436-fa-183p,2026-05-03T21:45:00,2026-05-03T21:24:00Z,-21.0,-12.0,0,0,2026-05-08T02:13:12.387528+00:00,DL31,N828MH,DL,LHR,ATL
EDV5537-1777612789-airline-1268p,2026-05-03T21:41:00,2026-05-03T21:23:00Z,-18.0,-5.0,0,0,2026-05-08T02:11:23.600235+00:00,9E5537,N319PQ,9E,ATL,AGS
DAL597-1777608602-fa-2756p,2026-05-03T21:35:00,2026-05-03T21:22:00Z,-13.0,-4.0,0,0,2026-05-08T02:13:12.387528+00:00,DL597,N314DN,DL,CUN,ATL
SWA3462-1777621902-airline-1406p,2026-05-03T21:30:00,2026-05-03T21:21:00Z,-9.0,5.0,0,0,2026-05-08T02:13:12.387528+00:00,WN3462,N8532S,WN,LAS,ATL
DAL2086-1777609557-fa-507p,2026-05-03T21:49:00,2026-05-03T21:20:00Z,-29.0,-12.0,0,0,2026-05-08T02:13:12.387528+00:00,DL2086,N948AT,DL,DSM,ATL
DAL3026-1777609552-fa-665p,2026-05-03T21:42:00,2026-05-03T21:18:00Z,-24.0,-16.0,0,0,2026-05-08T02:11:23.600235+00:00,DL3026,N989AT,DL,ATL,HSV
DAL1302-1777609527-fa-1677p,2026-05-03T21:30:00,2026-05-03T21:18:00Z,-12.0,0.0,0,0,2026-05-08T02:13:12.387528+00:00,DL1302,N961AT,DL,CHA,ATL
DAL1579-1777608493-fa-803p,2026-05-03T21:23:00,2026-05-03T21:18:00Z,-5.0,8.0,0,0,2026-05-08T02:13:12.387528+00:00,DL1579,N337DN,DL,MIA,ATL
EDV5194-1777590099-fa-1502p,2026-05-03T21:19:00,2026-05-03T21:17:00Z,-2.0,0.0,0,0,2026-05-08T02:13:12.387528+00:00,9E5194,N293PQ,9E,JAN,ATL
AFR32-1777612852-airline-1901p,2026-05-03T21:25:00,2026-05-03T21:16:00Z,-9.0,-3.0,0,0,2026-05-08T02:13:12.387528+00:00,AF32,F-GSPI,AF,CDG,ATL
FFT1669-1777620044-airline-571p,2026-05-03T21:21:00,2026-05-03T21:16:00Z,-5.0,0.0,0,0,2026-05-08T02:13:12.387528+00:00,F91669,N658FR,F9,RDU,ATL
DAL1720-1777608363-fa-651p,2026-05-03T21:28:00,2026-05-03T21:15:00Z,-13.0,1.0,0,0,2026-05-08T02:13:12.387528+00:00,DL1720,N6702,DL,TPA,ATL
DAL1317-1777608881-fa-3609p,2026-05-03T21:28:00,2026-05-03T21:15:00Z,-13.0,-4.0,0,0,2026-05-08T02:13:12.387528+00:00,DL1317,N852NW,DL,PHX,ATL
DAL1802-1777608564-fa-132p,2026-05-03T21:45:00,2026-05-03T21:14:00Z,-31.0,-13.0,0,0,2026-05-08T02:13:12.387528+00:00,DL1802,N336DX,DL,BZE,ATL
DAL1866-1777608809-fa-913p,2026-05-03T21:40:00,2026-05-03T21:12:00Z,-28.0,-10.0,0,0,2026-05-08T02:13:12.387528+00:00,DL1866,N354NW,DL,MTY,ATL
DAL2484-1777609550-fa-73p,2026-05-03T21:26:00,2026-05-03T21:10:00Z,-16.0,-6.0,0,0,2026-05-08T02:11:23.600235+00:00,DL2484,N998AT,DL,ATL,BHM
SWA3217-1777621902-airline-1142p,2026-05-03T20:10:00,2026-05-03T21:10:00Z,60.0,70.0,0,0,2026-05-08T02:13:12.387528+00:00,WN3217,N8881L,WN,MDW,ATL
DAL1345-1777608372-fa-513p,2026-05-03T20:01:00,2026-05-03T21:09:00Z,68.0,90.0,0,0,2026-05-08T02:13:12.387528+00:00,DL1345,N105DX,DL,PIT,ATL
SWA781-1777619732-airline-748p,2026-05-03T21:20:00,2026-05-03T21:05:00Z,-15.0,0.0,0,0,2026-05-08T02:13:12.387528+00:00,WN781,N7868K,WN,AUS,ATL
DAL2718-1777609497-fa-1028p,2026-05-03T21:02:00,2026-05-03T21:05:00Z,3.0,-4.0,0,0,2026-05-08T02:13:12.387528+00:00,DL2718,N943AT,DL,GPT,ATL
DAL1498-1777609560-fa-779p,2026-05-03T21:14:00,2026-05-03T21:03:00Z,-11.0,-3.0,0,0,2026-05-08T02:13:12.387528+00:00,DL1498,N892AT,DL,MYR,ATL
DAL2990-1777609350-fa-1320p,2026-05-03T21:10:00,2026-05-03T21:02:00Z,-8.0,-4.0,0,0,2026-05-08T02:13:12.387528+00:00,DL2990,N555NW,DL,JAX,ATL
DAL3083-1777609534-fa-1676p,2026-05-03T21:14:00,2026-05-03T21:01:00Z,-13.0,-3.0,0,0,2026-05-08T02:13:12.387528+00:00,DL3083,N955AT,DL,VPS,ATL
DAL1480-1777608326-fa-992p,2026-05-03T21:35:00,2026-05-03T20:59:00Z,-36.0,-6.0,0,0,2026-05-08T02:13:12.387528+00:00,DL1480,N196DN,DL,JFK,ATL
DAL66-1777522502-fa-644p,2026-05-03T08:50:00,2026-05-03T08:58:00Z,8.0,-1.0,0,0,2026-05-08T02:08:24.376051+00:00,DL66,N431DX,DL,ATL,FCO
DAL105-1777522447-fa-1569p,2026-05-03T08:40:00,2026-05-03T08:12:00Z,-28.0,-3.0,0,0,2026-05-08T02:08:24.376051+00:00,DL105,N812NW,DL,ATL,GRU
DAL222-1777522488-fa-541p,2026-05-03T08:00:00,2026-05-03T08:12:00Z,12.0,27.0,0,0,2026-05-08T02:08:24.376051+00:00,DL222,N410DZ,DL,ATL,ATH
SAS930-1777530756-airline-407p,2026-05-03T08:15:00,2026-05-03T08:06:00Z,-9.0,2.0,0,0,2026-05-08T02:08:24.376051+00:00,SK930,LN-RKU,SK,ATL,CPH
DAL54-1777522481-fa-389p,2026-05-03T08:45:00,2026-05-03T08:06:00Z,-39.0,-5.0,0,0,2026-05-08T02:08:24.376051+00:00,DL54,N860NW,DL,ATL,LOS
DAL74-1777522460-fa-235p,2026-05-03T08:30:00,2026-05-03T07:57:00Z,-33.0,-9.0,0,0,2026-05-08T02:08:24.376051+00:00,DL74,N822NW,DL,ATL,AMS
VIR110-1777531915-airline-137p,2026-05-03T07:50:00,2026-05-03T07:36:00Z,-14.0,-5.0,0,0,2026-05-08T02:08:24.376051+00:00,VS110,G-VLUV,VS,ATL,MAN
DAL90-1777522020-fa-1013p,2026-05-03T06:05:00,2026-05-03T07:34:00Z,89.0,118.0,0,0,2026-05-08T02:08:24.376051+00:00,DL90,N837MH,DL,ATL,ZRH
DAL174-1777522020-fa-1015p,2026-05-03T07:25:00,2026-05-03T07:02:00Z,-23.0,-3.0,0,0,2026-05-08T02:08:24.376051+00:00,DL174,N838MH,DL,ATL,MXP
DAL14-1777522481-fa-387p,2026-05-03T06:55:00,2026-05-03T06:43:00Z,-12.0,14.0,0,0,2026-05-08T02:08:24.376051+00:00,DL14,N856NW,DL,ATL,FRA
DAL192-1777522021-fa-1066p,2026-05-03T06:55:00,2026-05-03T06:26:00Z,-29.0,-1.0,0,0,2026-05-08T02:08:24.376051+00:00,DL192,N834MH,DL,ATL,VCE
VIR104-1777531915-airline-133p,2026-05-03T06:15:00,2026-05-03T06:07:00Z,-8.0,1.0,0,0,2026-05-08T02:08:24.376051+00:00,VS104,G-VDOT,VS,ATL,LHR
DAL130-1777522009-fa-2013p,2026-05-03T06:25:00,2026-05-03T06:04:00Z,-21.0,-9.0,0,0,2026-05-08T02:08:24.376051+00:00,DL130,N826MH,DL,ATL,MUC
DAL30-1777522026-fa-2989p,2026-05-03T05:25:00,2026-05-03T05:26:00Z,1.0,-1.0,0,0,2026-05-08T02:08:24.376051+00:00,DL30,N843MH,DL,ATL,LHR
DAL72-1777522473-fa-795p,2026-05-03T05:45:00,2026-05-03T05:26:00Z,-19.0,-2.0,0,0,2026-05-08T02:08:24.376051+00:00,DL72,N831NW,DL,ATL,AMS
DAL214-1777522496-fa-809p,2026-05-03T05:35:00,2026-05-03T05:15:00Z,-20.0,-4.0,0,0,2026-05-08T02:08:24.376051+00:00,DL214,N425DX,DL,ATL,FCO
DAL416-1777521923-fa-953p,2026-05-03T02:49:00,2026-05-03T04:56:00Z,127.0,88.0,0,0,2026-05-08T02:08:24.376051+00:00,DL416,N191DN,DL,ATL,ANC
DAL478-1777522746-fa-2069p,2026-05-03T05:02:00,2026-05-03T04:41:00Z,-21.0,-5.0,0,0,2026-05-08T02:08:24.376051+00:00,DL478,N888DU,DL,ATL,PDX
AFR31-1777524685-airline-260p,2026-05-03T04:50:00,2026-05-03T04:39:00Z,-11.0,-9.0,0,0,2026-05-08T02:08:24.376051+00:00,AF31,F-GSQH,AF,ATL,CDG
DAL495-1777521922-fa-1272p,2026-05-03T03:28:00,2026-05-03T04:32:00Z,64.0,57.0,0,0,2026-05-08T02:08:24.376051+00:00,DL495,N197DN,DL,ATL,SFO
WJA1603-1777535656-airline-1072p,2026-05-03T03:50:00,2026-05-03T04:31:00Z,41.0,34.0,0,0,2026-05-08T02:08:24.376051+00:00,WS1603,C-FJVE,WS,ATL,YVR
DAL933-1777522684-fa-377p,2026-05-03T04:45:00,2026-05-03T04:28:00Z,-17.0,-7.0,0,0,2026-05-08T02:08:24.376051+00:00,DL933,N830DN,DL,ATL,SJC
DAL186-1777522015-fa-424p,2026-05-03T06:15:00,2026-05-03T04:18:00Z,-117.0,-9.0,0,0,2026-05-08T02:08:24.376051+00:00,DL186,N832MH,DL,ATL,RAK
DAL779-1777522109-fa-367p,2026-05-03T04:00:00,2026-05-03T04:08:00Z,8.0,0.0,0,0,2026-05-08T02:08:24.376051+00:00,DL779,N331DN,DL,ATL,ONT
DAL517-1777521734-fa-1015p,2026-05-03T02:07:00,2026-05-03T04:02:00Z,115.0,119.0,0,0,2026-05-08T02:08:24.376051+00:00,DL517,N698DL,DL,ATL,SFO
DAL825-1777522122-fa-4895p,2026-05-03T04:07:00,2026-05-03T03:54:00Z,-13.0,-4.0,0,0,2026-05-08T02:08:24.376051+00:00,DL825,N343DN,DL,ATL,LAS
FFT1115-1777526060-airline-1909p,2026-05-03T03:49:00,2026-05-03T03:43:00Z,-6.0,12.0,0,0,2026-05-08T02:08:24.376051+00:00,F91115,N385FR,F9,ATL,LAS
DAL660-1777522657-fa-178p,2026-05-03T04:02:00,2026-05-03T03:37:00Z,-25.0,-6.0,0,0,2026-05-08T02:08:24.376051+00:00,DL660,N801DZ,DL,ATL,SLC
DAL500-1777522516-fa-340p,2026-05-03T03:20:00,2026-05-03T03:10:00Z,-10.0,0.0,0,0,2026-05-08T02:08:24.376051+00:00,DL500,N501DN,DL,ATL,LAX
DAL712-1777522235-fa-1642p,2026-05-03T02:40:00,2026-05-03T03:07:00Z,27.0,40.0,0,0,2026-05-08T02:08:24.376051+00:00,DL712,N387DN,DL,ATL,SAN
DAL151-1777522439-fa-656p,2026-05-03T02:55:00,2026-05-03T02:59:00Z,4.0,-9.0,0,0,2026-05-08T02:08:24.376051+00:00,DL151,N824NW,DL,ATL,LIM
DAL919-1777521708-fa-1030p,2026-05-03T02:57:00,2026-05-03T02:43:00Z,-14.0,-5.0,0,0,2026-05-08T02:08:24.376051+00:00,DL919,N544US,DL,ATL,LAS
DAL826-1777521954-fa-1077p,2026-05-03T02:47:00,2026-05-03T02:42:00Z,-5.0,6.0,0,0,2026-05-08T02:08:24.376051+00:00,DL826,N658DL,DL,ATL,SNA
ASA263-1777525406-airline-1172p,2026-05-03T02:48:00,2026-05-03T02:32:00Z,-16.0,-5.0,0,0,2026-05-08T02:08:24.376051+00:00,AS263,N723AL,AS,ATL,SEA
DAL301-1777522194-fa-921p,2026-05-03T02:35:00,2026-05-03T02:21:00Z,-14.0,11.0,0,0,2026-05-08T02:08:24.376051+00:00,DL301,N389DN,DL,ATL,LAX
FFT1269-1777526060-airline-1932p,2026-05-03T00:26:00,2026-05-03T02:17:00Z,111.0,122.0,0,0,2026-05-08T02:08:24.376051+00:00,F91269,N607FR,F9,ATL,DFW
DAL746-1777521980-fa-142p,2026-05-03T02:19:00,2026-05-03T02:16:00Z,-3.0,1.0,0,0,2026-05-08T02:08:24.376051+00:00,DL746,N118DY,DL,ATL,DEN
DAL971-1777522553-fa-2950p,2026-05-03T02:20:00,2026-05-03T02:13:00Z,-7.0,-2.0,0,0,2026-05-08T02:08:24.376051+00:00,DL971,N378DA,DL,ATL,COS
DAL585-1777522569-fa-3636p,2026-05-03T01:40:00,2026-05-03T02:08:00Z,28.0,12.0,0,0,2026-05-08T02:08:24.376051+00:00,DL585,N3735D,DL,ATL,MEX
DAL1661-1777522128-fa-305p,2026-05-03T02:11:00,2026-05-03T02:08:00Z,-3.0,3.0,0,0,2026-05-08T02:08:24.376051+00:00,DL1661,N345DN,DL,ATL,PHX
DAL2893-1777522040-fa-1369p,2026-05-03T01:30:00,2026-05-03T02:06:00Z,36.0,21.0,0,0,2026-05-08T02:08:24.376051+00:00,DL2893,N303DN,DL,ATL,SAT
AAL1256-1777534540-airline-1500p,2026-05-03T02:40:00,2026-05-03T02:06:00Z,-34.0,-4.0,0,0,2026-05-08T02:08:24.376051+00:00,AA1256,N124AA,AA,ATL,LAX
DAL1791-1777521748-fa-553p,2026-05-03T00:24:00,2026-05-03T02:03:00Z,99.0,105.0,0,0,2026-05-08T02:08:24.376051+00:00,DL1791,N695DL,DL,ATL,SJU
DAL714-1777522762-fa-1417p,2026-05-03T01:54:00,2026-05-03T01:54:00Z,0.0,-2.0,0,0,2026-05-08T02:08:24.376051+00:00,DL714,N862DN,DL,ATL,SEA
DAL503-1777522691-fa-1074p,2026-05-03T02:05:00,2026-05-03T01:46:00Z,-19.0,-5.0,0,0,2026-05-08T02:08:24.376051+00:00,DL503,N880DN,DL,ATL,PDX
DAL1616-1777522989-fa-2220p,2026-05-03T02:03:00,2026-05-03T01:43:00Z,-20.0,-6.0,0,0,2026-05-08T02:08:24.376051+00:00,DL1616,N966AT,DL,ATL,HPN
DAL653-1777522856-fa-878p,2026-05-03T02:00:00,2026-05-03T01:42:00Z,-18.0,-4.0,0,0,2026-05-08T02:08:24.376051+00:00,DL653,N599DA,DL,ATL,SLC
DAL2306-1777523013-fa-167p,2026-05-03T01:58:00,2026-05-03T01:39:00Z,-19.0,-9.0,0,0,2026-05-08T02:08:24.376051+00:00,DL2306,N945AT,DL,ATL,DSM
DAL1206-1777522778-fa-1p,2026-05-03T01:45:00,2026-05-03T01:33:00Z,-12.0,-5.0,0,0,2026-05-08T02:08:24.376051+00:00,DL1206,N932DZ,DL,ATL,MKE
SWA569-1777535656-airline-496p,2026-05-03T01:50:00,2026-05-03T01:32:00Z,-18.0,1.0,0,0,2026-05-08T02:08:24.376051+00:00,WN569,N8895Q,WN,ATL,LAS
EDV5159-1777507615-fa-653p,2026-05-03T01:38:00,2026-05-03T01:30:00Z,-8.0,-6.0,0,0,2026-05-08T02:08:24.376051+00:00,9E5159,N313PQ,9E,ATL,XNA
CMP891-1777529132-airline-873p,2026-05-03T01:34:00,2026-05-03T01:28:00Z,-6.0,-2.0,0,0,2026-05-08T02:08:24.376051+00:00,CM891,HP-1842CMP,CM,ATL,PTY
SKW4109-1777525098-airline-5030p,2026-05-03T01:38:00,2026-05-03T01:26:00Z,-12.0,2.0,0,0,2026-05-08T02:08:24.376051+00:00,OO4109,N265SY,OO,ATL,SBN
DAL2881-1777521731-fa-1326p,2026-05-03T00:53:00,2026-05-03T01:26:00Z,33.0,-2.0,0,0,2026-05-08T02:08:24.376051+00:00,DL2881,N692DL,DL,ATL,MCO
DAL2891-1777522144-fa-1930p,2026-05-03T01:33:00,2026-05-03T01:26:00Z,-7.0,-4.0,0,0,2026-05-08T02:08:24.376051+00:00,DL2891,N103DY,DL,ATL,ONT
DAL1489-1777522158-fa-982p,2026-05-03T01:21:00,2026-05-03T01:24:00Z,3.0,-7.0,0,0,2026-05-08T02:08:24.376051+00:00,DL1489,N330DX,DL,ATL,FLL
DAL1939-1777522639-fa-204p,2026-05-03T01:15:00,2026-05-03T01:23:00Z,8.0,-4.0,0,0,2026-05-08T02:08:24.376051+00:00,DL1939,N382DA,DL,ATL,CUN
SWA2604-1777535004-airline-712p,2026-05-03T01:20:00,2026-05-03T01:23:00Z,3.0,12.0,0,0,2026-05-08T02:08:24.376051+00:00,WN2604,N8841L,WN,ATL,PHX
DAL468-1777522200-fa-1233p,2026-05-03T01:44:00,2026-05-03T01:17:00Z,-27.0,-4.0,0,0,2026-05-08T02:08:24.376051+00:00,DL468,N126DN,DL,ATL,LGA
SKW3753-1777525535-airline-972p,2026-05-02T23:45:00,2026-05-03T01:15:00Z,90.0,64.0,0,0,2026-05-08T02:08:24.376051+00:00,OO3753,N304SY,OO,ATL,XNA
DAL1588-1777521746-fa-1065p,2026-05-03T00:48:00,2026-05-03T01:15:00Z,27.0,-7.0,0,0,2026-05-08T02:08:24.376051+00:00,DL1588,N688DL,DL,ATL,MIA
AAL1811-1777527354-airline-1248p,2026-05-03T01:15:00,2026-05-03T01:13:00Z,-2.0,0.0,0,0,2026-05-08T02:08:24.376051+00:00,AA1811,N913AN,AA,ATL,DFW
SWA1249-1777532230-airline-1310p,2026-05-03T00:55:00,2026-05-03T01:12:00Z,17.0,22.0,0,0,2026-05-08T02:08:24.376051+00:00,WN1249,N8938Q,WN,ATL,DEN
UAL1359-1777507438-fa-835p,2026-05-03T01:33:00,2026-05-03T01:07:00Z,-26.0,-14.0,0,0,2026-05-08T02:08:24.376051+00:00,UA1359,N23721,UA,ATL,IAH
DAL711-1777521983-fa-948p,2026-05-03T01:27:00,2026-05-03T01:07:00Z,-20.0,-4.0,0,0,2026-05-08T02:08:24.376051+00:00,DL711,N325DN,DL,ATL,LAS
DAL1284-1777522189-fa-520p,2026-05-03T01:18:00,2026-05-03T01:04:00Z,-14.0,-6.0,0,0,2026-05-08T02:08:24.376051+00:00,DL1284,N320DN,DL,ATL,IAH
UAL2634-1777507446-fa-878p,2026-05-03T01:18:00,2026-05-03T01:01:00Z,-17.0,-8.0,0,0,2026-05-08T02:08:24.376051+00:00,UA2634,N832UA,UA,ATL,IAD
UAL1046-1777507403-fa-1420p,2026-05-03T01:28:00,2026-05-03T01:01:00Z,-27.0,-7.0,0,0,2026-05-08T02:08:24.376051+00:00,UA1046,N838UA,UA,ATL,ORD
DAL2784-1777522357-fa-1154p,2026-05-03T00:30:00,2026-05-03T01:00:00Z,30.0,36.0,0,0,2026-05-08T02:08:24.376051+00:00,DL2784,N347NW,DL,ATL,OKC
DAL1130-1777522797-fa-897p,2026-05-03T01:10:00,2026-05-03T00:58:00Z,-12.0,-3.0,0,0,2026-05-08T02:08:24.376051+00:00,DL1130,N950DZ,DL,ATL,MCI
DAL2984-1777522792-fa-268p,2026-05-03T00:49:00,2026-05-03T00:56:00Z,7.0,20.0,0,0,2026-05-08T02:08:24.376051+00:00,DL2984,N943DZ,DL,ATL,ORF
DAL3070-1777523000-fa-1271p,2026-05-03T01:04:00,2026-05-03T00:55:00Z,-9.0,-6.0,0,0,2026-05-08T02:08:24.376051+00:00,DL3070,N965AT,DL,ATL,ILM
DAL790-1777522634-fa-4964p,2026-05-03T00:52:00,2026-05-03T00:53:00Z,1.0,-2.0,0,0,2026-05-08T02:08:24.376051+00:00,DL790,N3745B,DL,ATL,BNA
DAL1339-1777522549-fa-1065p,2026-05-03T01:07:00,2026-05-03T00:51:00Z,-16.0,-6.0,0,0,2026-05-08T02:08:24.376051+00:00,DL1339,N3739P,DL,ATL,CLE
DAL1058-1777522154-fa-611p,2026-05-03T00:34:00,2026-05-03T00:49:00Z,15.0,16.0,0,0,2026-05-08T02:08:24.376051+00:00,DL1058,N304DN,DL,ATL,PBI
DAL1497-1777522911-fa-1201p,2026-05-02T22:45:00,2026-05-03T00:48:00Z,123.0,89.0,0,0,2026-05-08T02:08:24.376051+00:00,DL1497,N821DX,DL,ATL,MCO
DAL1450-1777522664-fa-959p,2026-05-03T00:30:00,2026-05-03T00:46:00Z,16.0,11.0,0,0,2026-05-08T02:08:24.376051+00:00,DL1450,N807DN,DL,ATL,MSY
RPA4622-1777525687-airline-820p,2026-05-03T00:09:00,2026-05-03T00:42:00Z,33.0,32.0,0,0,2026-05-08T02:08:24.376051+00:00,YX4622,N129HQ,YX,ATL,MIA
DAL1060-1777522045-fa-238p,2026-05-03T00:46:00,2026-05-03T00:42:00Z,-4.0,10.0,0,0,2026-05-08T02:08:24.376051+00:00,DL1060,N396DN,DL,ATL,AUS
DAL2498-1777522722-fa-1105p,2026-05-03T00:59:00,2026-05-03T00:40:00Z,-19.0,-4.0,0,0,2026-05-08T02:08:24.376051+00:00,DL2498,N810DN,DL,ATL,EWR
DAL1906-1777522601-fa-2297p,2026-05-03T01:00:00,2026-05-03T00:40:00Z,-20.0,-7.0,0,0,2026-05-08T02:08:24.376051+00:00,DL1906,N3763D,DL,ATL,KIN
DAL1131-1777522124-fa-1202p,2026-05-02T23:35:00,2026-05-03T00:39:00Z,64.0,75.0,0,0,2026-05-08T02:08:24.376051+00:00,DL1131,N344DN,DL,ATL,IAH
DAL2493-1777522765-fa-505p,2026-05-03T00:41:00,2026-05-03T00:37:00Z,-4.0,0.0,0,0,2026-05-08T02:08:24.376051+00:00,DL2493,N815DN,DL,ATL,CHS
DAL1518-1777522799-fa-964p,2026-05-03T00:57:00,2026-05-03T00:36:00Z,-21.0,-3.0,0,0,2026-05-08T02:08:24.376051+00:00,DL1518,N954DZ,DL,ATL,RDU
DAL693-1777522606-fa-1580p,2026-05-03T00:32:00,2026-05-03T00:36:00Z,4.0,17.0,0,0,2026-05-08T02:08:24.376051+00:00,DL693,N395DN,DL,ATL,CMH
DAL1576-1777522881-fa-546p,2026-05-02T18:04:00,2026-05-03T00:34:00Z,390.0,304.0,0,0,2026-05-08T02:08:24.376051+00:00,DL1576,N697DL,DL,ATL,MCO
DAL2265-1777521724-fa-1138p,2026-05-03T00:12:00,2026-05-03T00:31:00Z,19.0,24.0,0,0,2026-05-08T02:08:24.376051+00:00,DL2265,N685DA,DL,ATL,JAX
SWA224-1777526939-airline-2658p,2026-05-02T23:35:00,2026-05-03T00:29:00Z,54.0,54.0,0,0,2026-05-08T02:08:24.376051+00:00,WN224,N8308K,WN,ATL,DAL
SWA241-1777535004-airline-527p,2026-05-03T00:30:00,2026-05-03T00:29:00Z,-1.0,-2.0,0,0,2026-05-08T02:08:24.376051+00:00,WN241,N8710M,WN,ATL,HOU
DAL836-1777521977-fa-1267p,2026-05-03T00:40:00,2026-05-03T00:24:00Z,-16.0,-8.0,0,0,2026-05-08T02:08:24.376051+00:00,DL836,N114DN,DL,ATL,PHX
FFT2897-1777535406-airline-3197p,2026-05-02T23:55:00,2026-05-03T00:20:00Z,25.0,-8.0,0,0,2026-05-08T02:09:48.379561+00:00,F92897,N614FR,F9,DTW,ATL
DAL2627-1777522925-fa-841p,2026-05-02T21:53:00,2026-05-03T00:19:00Z,146.0,150.0,0,0,2026-05-08T02:08:24.376051+00:00,DL2627,N819DX,DL,ATL,JAX
DAL1329-1777522177-fa-832p,2026-05-02T22:23:00,2026-05-03T00:19:00Z,116.0,121.0,0,0,2026-05-08T02:08:24.376051+00:00,DL1329,N365DN,DL,ATL,PHL
DAL1057-1777522766-fa-450p,2026-05-03T00:00:00,2026-05-03T00:18:00Z,18.0,-4.0,0,0,2026-05-08T02:08:24.376051+00:00,DL1057,N917DU,DL,ATL,SRQ
DAL3082-1777523003-fa-84p,2026-05-02T23:41:00,2026-05-03T00:17:00Z,36.0,8.0,0,0,2026-05-08T02:08:24.376051+00:00,DL3082,N971AT,DL,ATL,LEX
DAL1443-1777522994-fa-233p,2026-05-03T00:29:00,2026-05-03T00:16:00Z,-13.0,-2.0,0,0,2026-05-08T02:08:24.376051+00:00,DL1443,N948AT,DL,ATL,MEM
DAL325-1777522311-fa-937p,2026-05-03T00:33:00,2026-05-03T00:16:00Z,-17.0,-6.0,0,0,2026-05-08T02:08:24.376051+00:00,DL325,N344NB,DL,ATL,DCA
DAL2780-1777522987-fa-869p,2026-05-02T22:50:00,2026-05-03T00:16:00Z,86.0,92.0,0,0,2026-05-08T02:08:24.376051+00:00,DL2780,N930AT,DL,ATL,DAL
FFT1659-1777526060-airline-1988p,2026-05-02T20:44:00,2026-05-03T00:16:00Z,212.0,-1.0,0,0,2026-05-08T02:09:48.379561+00:00,F91659,N394FR,F9,EWR,ATL
DAL3120-1777522698-fa-4674p,2026-05-03T00:30:00,2026-05-03T00:15:00Z,-15.0,-6.0,0,0,2026-05-08T02:08:24.376051+00:00,DL3120,N922DZ,DL,ATL,IND
DAL1328-1777521737-fa-634p,2026-05-02T22:35:00,2026-05-03T00:15:00Z,100.0,8.0,0,0,2026-05-08T02:08:24.376051+00:00,DL1328,N6713Y,DL,ATL,MIA
DAL1132-1777522987-fa-876p,2026-05-02T23:21:00,2026-05-03T00:14:00Z,53.0,59.0,0,0,2026-05-08T02:08:24.376051+00:00,DL1132,N717JL,DL,ATL,BHM
SKW3935-1777526377-airline-266p,2026-05-02T21:48:00,2026-05-03T00:12:00Z,144.0,145.0,0,0,2026-05-08T02:08:24.376051+00:00,OO3935,N281SY,OO,ATL,MOB
DAL2504-1777522088-fa-761p,2026-05-03T00:31:00,2026-05-03T00:11:00Z,-20.0,-2.0,0,0,2026-05-08T02:08:24.376051+00:00,DL2504,N306DN,DL,ATL,BDL
DAL821-1777522075-fa-812p,2026-05-03T00:38:00,2026-05-03T00:09:00Z,-29.0,-1.0,0,0,2026-05-08T02:08:24.376051+00:00,DL821,N101DQ,DL,ATL,BOS
UAL235-1777504265-fa-4149p,2026-05-03T00:10:00,2026-05-03T00:07:00Z,-3.0,-9.0,0,0,2026-05-08T02:08:24.376051+00:00,UA235,N37318,UA,ATL,DEN
DAL1555-1777522141-fa-844p,2026-05-02T20:19:00,2026-05-03T00:06:00Z,227.0,215.0,0,0,2026-05-08T02:09:48.379561+00:00,DL1555,N336DX,DL,TPA,ATL
DAL3088-1777523009-fa-1645p,2026-05-03T00:35:00,2026-05-03T00:06:00Z,-29.0,-14.0,0,0,2026-05-08T02:09:48.379561+00:00,DL3088,N959AT,DL,DAY,ATL
DAL3171-1777523000-fa-751p,2026-05-03T00:16:00,2026-05-03T00:05:00Z,-11.0,-5.0,0,0,2026-05-08T02:08:24.376051+00:00,DL3171,N920AT,DL,ATL,HSV
DAL1503-1777522698-fa-4676p,2026-05-03T00:15:00,2026-05-03T00:05:00Z,-10.0,-4.0,0,0,2026-05-08T02:08:24.376051+00:00,DL1503,N845DN,DL,ATL,CVG
DAL406-1777521946-fa-1298p,2026-05-03T00:45:00,2026-05-03T00:05:00Z,-40.0,-12.0,0,0,2026-05-08T02:09:48.379561+00:00,DL406,N6710E,DL,BZN,ATL
DAL1379-1777522925-fa-1125p,2026-05-02T23:23:00,2026-05-03T00:05:00Z,42.0,34.0,0,0,2026-05-08T02:09:48.379561+00:00,DL1379,N822DX,DL,RSW,ATL
ACA1573-1777532608-airline-1526p,2026-05-03T00:12:00,2026-05-03T00:04:00Z,-8.0,-6.0,0,0,2026-05-08T02:09:48.379561+00:00,AC1573,,AC,YUL,ATL
DAL2600-1777522925-fa-1119p,2026-05-02T23:42:00,2026-05-03T00:03:00Z,21.0,34.0,0,0,2026-05-08T02:09:48.379561+00:00,DL2600,N690DL,DL,RDU,ATL
DAL985-1777522563-fa-204p,2026-05-02T23:50:00,2026-05-03T00:02:00Z,12.0,38.0,0,0,2026-05-08T02:09:48.379561+00:00,DL985,N387DA,DL,CTG,ATL
FFT1853-1777526060-airline-2028p,2026-05-02T18:48:00,2026-05-03T00:02:00Z,314.0,320.0,0,0,2026-05-08T02:09:48.379561+00:00,F91853,N360FR,F9,TPA,ATL
DAL1978-1777521750-fa-1362p,2026-05-02T23:39:00,2026-05-03T00:02:00Z,23.0,4.0,0,0,2026-05-08T02:09:48.379561+00:00,DL1978,N6703D,DL,SAL,ATL
DAL1478-1777522108-fa-731p,2026-05-03T00:18:00,2026-05-03T00:01:00Z,-17.0,-2.0,0,0,2026-05-08T02:08:24.376051+00:00,DL1478,N361DN,DL,ATL,DTW
DAL2707-1777522425-fa-90p,2026-05-03T00:08:00,2026-05-03T00:01:00Z,-7.0,-2.0,0,0,2026-05-08T02:08:24.376051+00:00,DL2707,N329NW,DL,ATL,OMA
DAL2053-1777522826-fa-5037p,2026-05-03T00:23:00,2026-05-03T00:01:00Z,-22.0,-6.0,0,0,2026-05-08T02:09:48.379561+00:00,DL2053,N579DT,DL,DTW,ATL
DAL329-1777522917-fa-576p,2026-05-03T00:28:00,2026-05-03T00:01:00Z,-27.0,-2.0,0,0,2026-05-08T02:09:48.379561+00:00,DL329,N712TW,DL,SNA,ATL
DAL2902-1777522630-fa-734p,2026-05-02T23:56:00,2026-05-03T00:00:00Z,4.0,12.0,0,0,2026-05-08T02:08:24.376051+00:00,DL2902,N3750D,DL,ATL,IAD
DAL2381-1777522426-fa-2746p,2026-05-03T00:31:00,2026-05-03T00:00:00Z,-31.0,-5.0,0,0,2026-05-08T02:09:48.379561+00:00,DL2381,N349NW,DL,HOU,ATL
DAL3059-1777522785-fa-499p,2026-05-03T00:04:00,2026-05-02T23:59:00Z,-5.0,-6.0,0,0,2026-05-08T02:08:24.376051+00:00,DL3059,N931DQ,DL,ATL,PNS
SKW3804-1777526377-airline-263p,2026-05-03T00:24:00,2026-05-02T23:59:00Z,-25.0,-7.0,0,0,2026-05-08T02:09:48.379561+00:00,OO3804,N292SY,OO,SHV,ATL
DAL850-1777522402-fa-1588p,2026-05-03T00:11:00,2026-05-02T23:58:00Z,-13.0,-2.0,0,0,2026-05-08T02:09:48.379561+00:00,DL850,N334NW,DL,DCA,ATL
FFT3059-1777535406-airline-3213p,2026-05-02T21:30:00,2026-05-02T23:58:00Z,148.0,124.0,0,0,2026-05-08T02:09:48.379561+00:00,F93059,N665FR,F9,MIA,ATL
EDV5368-1777525098-airline-5016p,2026-05-03T00:04:00,2026-05-02T23:57:00Z,-7.0,-4.0,0,0,2026-05-08T02:08:24.376051+00:00,9E5368,N379CA,9E,ATL,ABY
DAL1700-1777522800-fa-1353p,2026-05-03T00:27:00,2026-05-02T23:57:00Z,-30.0,-12.0,0,0,2026-05-08T02:09:48.379561+00:00,DL1700,N955DZ,DL,MEM,ATL
EDV5376-1777529042-airline-1124p,2026-05-02T21:44:00,2026-05-02T23:55:00Z,131.0,-4.0,0,0,2026-05-08T02:08:24.376051+00:00,9E5376,N606LR,9E,ATL,CHA
DAL3025-1777523016-fa-267p,2026-05-03T00:06:00,2026-05-02T23:55:00Z,-11.0,-5.0,0,0,2026-05-08T02:08:24.376051+00:00,DL3025,N991AT,DL,ATL,LIT
DAL874-1777522758-fa-1133p,2026-05-03T00:28:00,2026-05-02T23:55:00Z,-33.0,-10.0,0,0,2026-05-08T02:09:48.379561+00:00,DL874,N831DN,DL,BOI,ATL
DAL2174-1777522994-fa-234p,2026-05-02T23:19:00,2026-05-02T23:54:00Z,35.0,46.0,0,0,2026-05-08T02:09:48.379561+00:00,DL2174,N921AT,DL,CHS,ATL
DAL1758-1777522745-fa-469p,2026-05-02T23:39:00,2026-05-02T23:54:00Z,15.0,1.0,0,0,2026-05-08T02:09:48.379561+00:00,DL1758,N886DN,DL,PTY,ATL
DAL1393-1777522073-fa-3079p,2026-05-03T00:11:00,2026-05-02T23:53:00Z,-18.0,-6.0,0,0,2026-05-08T02:08:24.376051+00:00,DL1393,N353DN,DL,ATL,STL
DAL1124-1777522907-fa-242p,2026-05-02T23:55:00,2026-05-02T23:53:00Z,-2.0,-4.0,0,0,2026-05-08T02:08:24.376051+00:00,DL1124,N6705Y,DL,ATL,RSW
DAL787-1777522763-fa-2053p,2026-05-03T00:15:00,2026-05-02T23:53:00Z,-22.0,-2.0,0,0,2026-05-08T02:09:48.379561+00:00,DL787,N952DZ,DL,GEG,ATL
DAL1323-1777521730-fa-920p,2026-05-02T22:48:00,2026-05-02T23:53:00Z,65.0,57.0,0,0,2026-05-08T02:09:48.379561+00:00,DL1323,N6711M,DL,MIA,ATL
DAL1594-1777522142-fa-460p,2026-05-02T22:50:00,2026-05-02T23:51:00Z,61.0,61.0,0,0,2026-05-08T02:08:24.376051+00:00,DL1594,N364DX,DL,ATL,TPA
SLI979-1777532195-airline-1091p,2026-05-02T23:40:00,2026-05-02T23:51:00Z,11.0,5.0,0,0,2026-05-08T02:08:24.376051+00:00,5D979,XA-MAC,5D,ATL,MTY
DAL1693-1777523003-fa-805p,2026-05-03T00:09:00,2026-05-02T23:51:00Z,-18.0,-6.0,0,0,2026-05-08T02:09:48.379561+00:00,DL1693,N978AT,DL,BNA,ATL
DAL1325-1777523006-fa-336p,2026-05-02T23:49:00,2026-05-02T23:51:00Z,2.0,13.0,0,0,2026-05-08T02:09:48.379561+00:00,DL1325,N982AT,DL,TUL,ATL
FFT1079-1777526060-airline-1902p,2026-05-03T00:09:00,2026-05-02T23:51:00Z,-18.0,-11.0,0,0,2026-05-08T02:09:48.379561+00:00,F91079,N634FR,F9,BWI,ATL
DAL1366-1777523012-fa-1226p,2026-05-03T00:04:00,2026-05-02T23:50:00Z,-14.0,-2.0,0,0,2026-05-08T02:08:24.376051+00:00,DL1366,N974AT,DL,ATL,CHA
EDV4958-1777513652-fa-1962p,2026-05-03T00:11:00,2026-05-02T23:50:00Z,-21.0,-18.0,0,0,2026-05-08T02:09:48.379561+00:00,9E4958,N299PQ,9E,MLI,ATL
DAL1372-1777521724-fa-101p,2026-05-02T19:10:00,2026-05-02T23:49:00Z,279.0,240.0,0,0,2026-05-08T02:08:24.376051+00:00,DL1372,N551NW,DL,ATL,MCO
DAL1660-1777522803-fa-695p,2026-05-03T00:23:00,2026-05-02T23:49:00Z,-34.0,-12.0,0,0,2026-05-08T02:09:48.379561+00:00,DL1660,N956DZ,DL,MCI,ATL
DAL1670-1777522087-fa-982p,2026-05-02T23:34:00,2026-05-02T23:48:00Z,14.0,-6.0,0,0,2026-05-08T02:08:24.376051+00:00,DL1670,N313DN,DL,ATL,FLL
DAL1028-1777521740-fa-353p,2026-05-03T00:04:00,2026-05-02T23:48:00Z,-16.0,7.0,0,0,2026-05-08T02:09:48.379561+00:00,DL1028,N684DA,DL,MSP,ATL
DAL838-1777522081-fa-358p,2026-05-02T22:50:00,2026-05-02T23:48:00Z,58.0,41.0,0,0,2026-05-08T02:09:48.379561+00:00,DL838,N322DN,DL,PBI,ATL
FFT24-1777526060-airline-1881p,2026-05-02T23:15:00,2026-05-02T23:48:00Z,33.0,2.0,0,0,2026-05-08T02:09:48.379561+00:00,F924,N668FR,F9,PUJ,ATL
DAL2037-1777522988-fa-475p,2026-05-02T23:24:00,2026-05-02T23:47:00Z,23.0,33.0,0,0,2026-05-08T02:08:24.376051+00:00,DL2037,N892AT,DL,ATL,AVL
DAL9941-1777542576-fa-3314p,2026-05-02T21:00:00,2026-05-02T23:47:00Z,167.0,162.0,0,0,2026-05-08T02:09:48.379561+00:00,DL9941,N933AT,DL,QRO,ATL
DAL1728-1777522389-fa-382p,2026-05-03T00:24:00,2026-05-02T23:45:00Z,-39.0,-16.0,0,0,2026-05-08T02:09:48.379561+00:00,DL1728,N352NW,DL,MDW,ATL
DAL1347-1777523015-fa-1334p,2026-05-03T00:16:00,2026-05-02T23:45:00Z,-31.0,-21.0,0,0,2026-05-08T02:09:48.379561+00:00,DL1347,N906AT,DL,LIT,ATL
DAL446-1777521924-fa-852p,2026-05-02T23:40:00,2026-05-02T23:43:00Z,3.0,5.0,0,0,2026-05-08T02:09:48.379561+00:00,DL446,N179DN,DL,LAX,ATL
DAL2599-1777523010-fa-552p,2026-05-03T00:16:00,2026-05-02T23:42:00Z,-34.0,-9.0,0,0,2026-05-08T02:09:48.379561+00:00,DL2599,N961AT,DL,MSN,ATL
DAL1435-1777522788-fa-183p,2026-05-02T23:30:00,2026-05-02T23:42:00Z,12.0,10.0,0,0,2026-05-08T02:09:48.379561+00:00,DL1435,N876DN,DL,BWI,ATL
DAL1867-1777522564-fa-534p,2026-05-02T22:57:00,2026-05-02T23:41:00Z,44.0,46.0,0,0,2026-05-08T02:09:48.379561+00:00,DL1867,N3737C,DL,ANU,ATL
DAL1821-1777522879-fa-516p,2026-05-02T23:50:00,2026-05-02T23:41:00Z,-9.0,-5.0,0,0,2026-05-08T02:09:48.379561+00:00,DL1821,N699DL,DL,GUA,ATL
DAL1021-1777522616-fa-111p,2026-05-02T23:44:00,2026-05-02T23:40:00Z,-4.0,0.0,0,0,2026-05-08T02:08:24.376051+00:00,DL1021,N3773D,DL,ATL,GSP
DAL3180-1777523003-fa-806p,2026-05-02T23:49:00,2026-05-02T23:40:00Z,-9.0,-5.0,0,0,2026-05-08T02:08:24.376051+00:00,DL3180,N964AT,DL,ATL,JAN
DAL2815-1777522291-fa-737p,2026-05-02T23:40:00,2026-05-02T23:40:00Z,0.0,-12.0,0,0,2026-05-08T02:08:24.376051+00:00,DL2815,N329NB,DL,ATL,EYW
DAL540-1777522999-fa-786p,2026-05-03T00:03:00,2026-05-02T23:39:00Z,-24.0,-2.0,0,0,2026-05-08T02:09:48.379561+00:00,DL540,N952AT,DL,TLH,ATL
DAL1516-1777522805-fa-1934p,2026-05-03T00:09:00,2026-05-02T23:39:00Z,-30.0,-15.0,0,0,2026-05-08T02:09:48.379561+00:00,DL1516,N959DZ,DL,CVG,ATL
DAL3146-1777522777-fa-964p,2026-05-02T23:53:00,2026-05-02T23:38:00Z,-15.0,1.0,0,0,2026-05-08T02:09:48.379561+00:00,DL3146,N939DZ,DL,MSY,ATL
EDV5485-1777517464-fa-570p,2026-05-02T23:48:00,2026-05-02T23:37:00Z,-11.0,-13.0,0,0,2026-05-08T02:09:48.379561+00:00,9E5485,N293PQ,9E,HPN,ATL
DAL1764-1777522799-fa-104p,2026-05-02T23:45:00,2026-05-02T23:36:00Z,-9.0,-2.0,0,0,2026-05-08T02:09:48.379561+00:00,DL1764,N851DN,DL,BON,ATL
SWA1472-1777532230-airline-1518p,2026-05-02T23:55:00,2026-05-02T23:35:00Z,-20.0,2.0,0,0,2026-05-08T02:08:24.376051+00:00,WN1472,N8303R,WN,ATL,BWI
DAL37-1777522011-fa-1073p,2026-05-02T23:40:00,2026-05-02T23:35:00Z,-5.0,-2.0,0,0,2026-05-08T02:09:48.379561+00:00,DL37,N828MH,DL,LHR,ATL
DAL3122-1777522805-fa-1933p,2026-05-02T23:52:00,2026-05-02T23:33:00Z,-19.0,-9.0,0,0,2026-05-08T02:08:24.376051+00:00,DL3122,N958DZ,DL,ATL,PIT
DAL2654-1777522376-fa-767p,2026-05-02T23:42:00,2026-05-02T23:33:00Z,-9.0,5.0,0,0,2026-05-08T02:08:24.376051+00:00,DL2654,N356NW,DL,ATL,MSP
DAL785-1777522843-fa-1009p,2026-05-02T23:48:00,2026-05-02T23:33:00Z,-15.0,-7.0,0,0,2026-05-08T02:09:48.379561+00:00,DL785,N550DN,DL,SFO,ATL
FFT2198-1777526060-airline-2067p,2026-05-02T23:54:00,2026-05-02T23:33:00Z,-21.0,-10.0,0,0,2026-05-08T02:09:48.379561+00:00,F92198,N651FR,F9,ORD,ATL
DAL2879-1777522708-fa-492p,2026-05-02T23:48:00,2026-05-02T23:32:00Z,-16.0,-2.0,0,0,2026-05-08T02:08:24.376051+00:00,DL2879,N853DN,DL,ATL,ORD
AAL2737-1777524469-airline-2043p,2026-05-03T00:07:00,2026-05-02T23:31:00Z,-36.0,-9.0,0,0,2026-05-08T02:08:24.376051+00:00,AA2737,N9018E,AA,ATL,ORD
FFT1116-1777526060-airline-1910p,2026-05-02T23:40:00,2026-05-02T23:30:00Z,-10.0,8.0,0,0,2026-05-08T02:09:48.379561+00:00,F91116,N370FR,F9,LAS,ATL
AAL2141-1777527354-airline-1682p,2026-05-02T20:26:00,2026-05-02T23:30:00Z,184.0,-8.0,0,0,2026-05-08T02:09:48.379561+00:00,AA2141,N536UW,AA,PHL,ATL
EDV5282-1777529042-airline-1111p,2026-05-02T23:29:00,2026-05-02T23:29:00Z,0.0,-4.0,0,0,2026-05-08T02:08:24.376051+00:00,9E5282,N340CA,9E,ATL,AGS
DAL2831-1777522689-fa-688p,2026-05-02T23:48:00,2026-05-02T23:29:00Z,-19.0,-8.0,0,0,2026-05-08T02:08:24.376051+00:00,DL2831,N903DN,DL,ATL,SDF
DAL3179-1777522803-fa-1179p,2026-05-02T22:52:00,2026-05-02T23:29:00Z,37.0,29.0,0,0,2026-05-08T02:08:24.376051+00:00,DL3179,N957DZ,DL,ATL,CHS
AAL3295-1777528605-airline-208p,2026-05-02T20:03:00,2026-05-02T23:29:00Z,206.0,227.0,0,0,2026-05-08T02:09:48.379561+00:00,AA3295,N886NN,AA,PHX,ATL
DAL945-1777522442-fa-2370p,2026-05-02T22:59:00,2026-05-02T23:29:00Z,30.0,34.0,0,0,2026-05-08T02:09:48.379561+00:00,DL945,N808NW,DL,LAS,ATL
SWA1936-1777526939-airline-2366p,2026-05-02T23:45:00,2026-05-02T23:28:00Z,-17.0,-2.0,0,0,2026-05-08T02:09:48.379561+00:00,WN1936,N8527Q,WN,STL,ATL
DAL1800-1777522554-fa-157p,2026-05-02T22:15:00,2026-05-02T23:28:00Z,73.0,87.0,0,0,2026-05-08T02:09:48.379561+00:00,DL1800,N3754A,DL,MBJ,ATL
DAL1783-1777522695-fa-144p,2026-05-02T23:36:00,2026-05-02T23:28:00Z,-8.0,-8.0,0,0,2026-05-08T02:09:48.379561+00:00,DL1783,N941DZ,DL,CUR,ATL
DAL2241-1777523010-fa-917p,2026-05-02T23:34:00,2026-05-02T23:27:00Z,-7.0,-5.0,0,0,2026-05-08T02:08:24.376051+00:00,DL2241,N990AT,DL,ATL,TLH
DAL904-1777522732-fa-94p,2026-05-02T23:57:00,2026-05-02T23:27:00Z,-30.0,-11.0,0,0,2026-05-08T02:09:48.379561+00:00,DL904,N863DN,DL,SMF,ATL
DAL1150-1777521712-fa-1279p,2026-05-02T20:40:00,2026-05-02T23:26:00Z,166.0,147.0,0,0,2026-05-08T02:08:24.376051+00:00,DL1150,N556NW,DL,ATL,MCO
DAL519-1777522195-fa-798p,2026-05-02T23:25:00,2026-05-02T23:26:00Z,1.0,10.0,0,0,2026-05-08T02:08:24.376051+00:00,DL519,N367DN,DL,ATL,DEN
DAL1836-1777522079-fa-1235p,2026-05-02T23:50:00,2026-05-02T23:26:00Z,-24.0,-9.0,0,0,2026-05-08T02:09:48.379561+00:00,DL1836,N302DN,DL,PUJ,ATL
EDV5245-1777524843-airline-604p,2026-05-02T23:00:00,2026-05-02T23:26:00Z,26.0,16.0,0,0,2026-05-08T02:09:48.379561+00:00,9E5245,N133EV,9E,BQK,ATL
AAL1045-1777530885-airline-556p,2026-05-02T23:17:00,2026-05-02T23:25:00Z,8.0,-2.0,0,0,2026-05-08T02:09:48.379561+00:00,AA1045,N755US,AA,MIA,ATL
JZA8508-1777528789-airline-530p,2026-05-02T23:16:00,2026-05-02T23:24:00Z,8.0,-10.0,0,0,2026-05-08T02:08:24.376051+00:00,QK8508,C-FEKD,QK,ATL,YYZ
DAL1820-1777522137-fa-3092p,2026-05-02T23:27:00,2026-05-02T23:23:00Z,-4.0,-5.0,0,0,2026-05-08T02:09:48.379561+00:00,DL1820,N340DN,DL,LIR,ATL
DAL997-1777522209-fa-1922p,2026-05-02T23:43:00,2026-05-02T23:22:00Z,-21.0,-3.0,0,0,2026-05-08T02:08:24.376051+00:00,DL997,N117DX,DL,ATL,LGA
DAL2235-1777522235-fa-69p,2026-05-02T20:38:00,2026-05-02T23:22:00Z,164.0,182.0,0,0,2026-05-08T02:09:48.379561+00:00,DL2235,N383DZ,DL,DEN,ATL
DAL9962-1777542646-fa-632p,2026-05-02T21:30:00,2026-05-02T23:22:00Z,112.0,117.0,0,0,2026-05-08T02:09:48.379561+00:00,DL9962,N935AT,DL,QRO,ATL
AAL1855-1777527354-airline-1303p,2026-05-02T23:27:00,2026-05-02T23:22:00Z,-5.0,-1.0,0,0,2026-05-08T02:09:48.379561+00:00,AA1855,N768US,AA,ORD,ATL
DAL3094-1777523015-fa-1341p,2026-05-02T23:22:00,2026-05-02T23:22:00Z,0.0,2.0,0,0,2026-05-08T02:09:48.379561+00:00,DL3094,N896AT,DL,ECP,ATL
DAL1902-1777521720-fa-1565p,2026-05-02T23:15:00,2026-05-02T23:21:00Z,6.0,11.0,0,0,2026-05-08T02:09:48.379561+00:00,DL1902,N552NW,DL,STT,ATL
FFT2291-1777526060-airline-2084p,2026-05-02T23:37:00,2026-05-02T23:20:00Z,-17.0,-8.0,0,0,2026-05-08T02:08:24.376051+00:00,F92291,N386FR,F9,ATL,MDW
DAL2266-1777522129-fa-320p,2026-05-02T23:30:00,2026-05-02T23:20:00Z,-10.0,-5.0,0,0,2026-05-08T02:09:48.379561+00:00,DL2266,N333DX,DL,BUF,ATL
EDV5314-1777524843-airline-601p,2026-05-02T23:47:00,2026-05-02T23:20:00Z,-27.0,-15.0,0,0,2026-05-08T02:09:48.379561+00:00,9E5314,N181GJ,9E,AEX,ATL
DAL1490-1777523010-fa-556p,2026-05-02T23:24:00,2026-05-02T23:19:00Z,-5.0,-4.0,0,0,2026-05-08T02:08:24.376051+00:00,DL1490,N924AT,DL,ATL,BNA
DAL2211-1777523005-fa-954p,2026-05-02T23:40:00,2026-05-02T23:17:00Z,-23.0,-12.0,0,0,2026-05-08T02:09:48.379561+00:00,DL2211,N955AT,DL,PNS,ATL
DAL2193-1777523015-fa-1335p,2026-05-02T23:29:00,2026-05-02T23:16:00Z,-13.0,-7.0,0,0,2026-05-08T02:08:24.376051+00:00,DL2193,N899AT,DL,ATL,CAE
EDV5203-1777526377-airline-286p,2026-05-02T23:30:00,2026-05-02T23:15:00Z,-15.0,-8.0,0,0,2026-05-08T02:08:24.376051+00:00,9E5203,N479PX,9E,ATL,TYS
DAL581-1777522756-fa-166p,2026-05-02T23:47:00,2026-05-02T23:14:00Z,-33.0,-16.0,0,0,2026-05-08T02:09:48.379561+00:00,DL581,N930DZ,DL,AUA,ATL
DAL3109-1777522729-fa-2338p,2026-05-02T21:20:00,2026-05-02T23:13:00Z,113.0,35.0,0,0,2026-05-08T02:08:24.376051+00:00,DL3109,N827DN,DL,ATL,SRQ
DAL796-1777521981-fa-464p,2026-05-02T23:40:00,2026-05-02T23:13:00Z,-27.0,-6.0,0,0,2026-05-08T02:09:48.379561+00:00,DL796,N128DN,DL,PHX,ATL
DAL2329-1777522791-fa-161p,2026-05-02T23:27:00,2026-05-02T23:13:00Z,-14.0,-10.0,0,0,2026-05-08T02:09:48.379561+00:00,DL2329,N942DZ,DL,ORF,ATL
DAL543-1777523009-fa-1652p,2026-05-02T23:37:00,2026-05-02T23:13:00Z,-24.0,-15.0,0,0,2026-05-08T02:09:48.379561+00:00,DL543,N938AT,DL,STL,ATL
AAL1810-1777527354-airline-1246p,2026-05-02T23:07:00,2026-05-02T23:12:00Z,5.0,-3.0,0,0,2026-05-08T02:08:24.376051+00:00,AA1810,N105UW,AA,ATL,DFW
EDV5537-1777527320-airline-1539p,2026-05-02T23:28:00,2026-05-02T23:12:00Z,-16.0,-6.0,0,0,2026-05-08T02:09:48.379561+00:00,9E5537,N929XJ,9E,AGS,ATL
DAL1348-1777522926-fa-1063p,2026-05-02T22:50:00,2026-05-02T23:11:00Z,21.0,20.0,0,0,2026-05-08T02:08:24.376051+00:00,DL1348,N823DX,DL,ATL,RIC
RPA3429-1777531821-airline-4308p,2026-05-02T23:39:00,2026-05-02T23:11:00Z,-28.0,-9.0,0,0,2026-05-08T02:08:24.376051+00:00,YX3429,N760YX,YX,ATL,EWR
FFT4211-1777748349-airline-2075p,2026-05-02T22:06:00,2026-05-02T23:10:00Z,64.0,72.0,0,0,2026-05-08T02:08:24.376051+00:00,F94211,N675FR,F9,ATL,AUS
DAL562-1777522779-fa-7432p,2026-05-02T19:14:00,2026-05-02T23:10:00Z,236.0,13.0,0,0,2026-05-08T02:09:48.379561+00:00,DL562,N935DZ,DL,SEA,ATL
DAL879-1777522683-fa-889p,2026-05-02T23:30:00,2026-05-02T23:08:00Z,-22.0,-10.0,0,0,2026-05-08T02:09:48.379561+00:00,DL879,N866DN,DL,PDX,ATL
DAL32-1777522099-fa-189p,2026-05-02T23:30:00,2026-05-02T23:08:00Z,-22.0,-1.0,0,0,2026-05-08T02:09:48.379561+00:00,DL32,N332DN,DL,DFW,ATL
DAL937-1777522744-fa-875p,2026-05-02T23:24:00,2026-05-02T23:07:00Z,-17.0,8.0,0,0,2026-05-08T02:09:48.379561+00:00,DL937,N885DN,DL,TUS,ATL
DAL55-1777522474-fa-2999p,2026-05-02T23:24:00,2026-05-02T23:06:00Z,-18.0,-11.0,0,0,2026-05-08T02:09:48.379561+00:00,DL55,N854NW,DL,LOS,ATL
DAL1465-1777522228-fa-463p,2026-05-02T22:59:00,2026-05-02T23:05:00Z,6.0,-1.0,0,0,2026-05-08T02:08:24.376051+00:00,DL1465,N352DN,DL,ATL,SAT
DAL1353-1777522372-fa-503p,2026-05-02T23:30:00,2026-05-02T23:05:00Z,-25.0,-7.0,0,0,2026-05-08T02:09:48.379561+00:00,DL1353,N325US,DL,PIT,ATL
DAL1962-1777522069-fa-891p,2026-05-02T22:56:00,2026-05-02T23:03:00Z,7.0,7.0,0,0,2026-05-08T02:09:48.379561+00:00,DL1962,N318DX,DL,CUN,ATL
DAL2939-1777523012-fa-840p,2026-05-02T23:19:00,2026-05-02T23:02:00Z,-17.0,-6.0,0,0,2026-05-08T02:08:24.376051+00:00,DL2939,N960AT,DL,ATL,MEM
DAL1506-1777522643-fa-639p,2026-05-02T23:26:00,2026-05-02T23:02:00Z,-24.0,-8.0,0,0,2026-05-08T02:09:48.379561+00:00,DL1506,N3758Y,DL,VPS,ATL
SWA3362-1777525254-airline-824p,2026-05-02T23:15:00,2026-05-02T23:02:00Z,-13.0,-1.0,0,0,2026-05-08T02:09:48.379561+00:00,WN3362,N8695D,WN,MDW,ATL
DAL1533-1777523012-fa-886p,2026-05-02T23:30:00,2026-05-02T23:02:00Z,-28.0,-17.0,0,0,2026-05-08T02:09:48.379561+00:00,DL1533,N980AT,DL,BHM,ATL
EDV5287-1777529010-airline-1146p,2026-05-02T23:29:00,2026-05-02T23:02:00Z,-27.0,-19.0,0,0,2026-05-08T02:09:48.379561+00:00,9E5287,N690CA,9E,ABY,ATL
DAL9966-1777722502-fa-1397p,2026-05-02T23:07:00,2026-05-02T23:01:00Z,-6.0,2.0,0,0,2026-05-08T02:08:24.376051+00:00,DL9966,N436DX,DL,ATL,BOS
DAL1809-1777522630-fa-726p,2026-05-02T23:13:00,2026-05-02T23:01:00Z,-12.0,1.0,0,0,2026-05-08T02:09:48.379561+00:00,DL1809,N375DA,DL,STX,ATL
UAL2081-1777507501-fa-2788p,2026-05-02T23:21:00,2026-05-02T23:00:00Z,-21.0,-10.0,0,0,2026-05-08T02:09:48.379561+00:00,UA2081,N37540,UA,IAD,ATL
DAL664-1777522923-fa-947p,2026-05-02T15:55:00,2026-05-02T22:58:00Z,423.0,397.0,0,0,2026-05-08T02:08:24.376051+00:00,DL664,N659DL,DL,ATL,MCO
DAL1126-1777522794-fa-4715p,2026-05-02T23:21:00,2026-05-02T22:58:00Z,-23.0,-12.0,0,0,2026-05-08T02:09:48.379561+00:00,DL1126,N946DZ,DL,SDF,ATL
DAL85-1777522018-fa-595p,2026-05-02T23:16:00,2026-05-02T22:58:00Z,-18.0,-7.0,0,0,2026-05-08T02:09:48.379561+00:00,DL85,N836MH,DL,CDG,ATL
DAL1295-1777522146-fa-362p,2026-05-02T22:28:00,2026-05-02T22:57:00Z,29.0,12.0,0,0,2026-05-08T02:08:24.376051+00:00,DL1295,N305DN,DL,ATL,FLL
FFT3600-1777535406-airline-3285p,2026-05-02T22:22:00,2026-05-02T22:57:00Z,35.0,50.0,0,0,2026-05-08T02:09:48.379561+00:00,F93600,N639FR,F9,DEN,ATL
DAL1125-1777523002-fa-5500p,2026-05-02T23:18:00,2026-05-02T22:55:00Z,-23.0,-5.0,0,0,2026-05-08T02:09:48.379561+00:00,DL1125,N939AT,DL,OMA,ATL
DAL942-1777523001-fa-545p,2026-05-02T22:48:00,2026-05-02T22:54:00Z,6.0,19.0,0,0,2026-05-08T02:09:48.379561+00:00,DL942,N992AT,DL,SGF,ATL
DAL1805-1777522634-fa-1220p,2026-05-02T21:53:00,2026-05-02T22:54:00Z,61.0,69.0,0,0,2026-05-08T02:09:48.379561+00:00,DL1805,N379DA,DL,SAP,ATL
EDV5247-1777500406-fa-400p,2026-05-02T23:05:00,2026-05-02T22:53:00Z,-12.0,-1.0,0,0,2026-05-08T02:08:24.376051+00:00,9E5247,N316PQ,9E,ATL,ROA
DAL2786-1777522679-fa-751p,2026-05-02T23:19:00,2026-05-02T22:53:00Z,-26.0,-9.0,0,0,2026-05-08T02:08:24.376051+00:00,DL2786,N821DN,DL,ATL,CMH
DAL26-1777522530-fa-344p,2026-05-02T23:33:00,2026-05-02T22:52:00Z,-41.0,-9.0,0,0,2026-05-08T02:09:48.379561+00:00,DL26,N519DN,DL,ICN,ATL
DAL3068-1777523003-fa-813p,2026-05-02T23:12:00,2026-05-02T22:51:00Z,-21.0,-10.0,0,0,2026-05-08T02:08:24.376051+00:00,DL3068,N927AT,DL,ATL,HSV
DAL527-1777522794-fa-4041p,2026-05-02T22:54:00,2026-05-02T22:51:00Z,-3.0,-2.0,0,0,2026-05-08T02:08:24.376051+00:00,DL527,N947DZ,DL,ATL,SAV
DAL1579-1777522094-fa-797p,2026-05-02T21:23:00,2026-05-02T22:51:00Z,88.0,46.0,0,0,2026-05-08T02:09:48.379561+00:00,DL1579,N324DX,DL,MIA,ATL
UAL1010-1777747591-fa-1818p,2026-05-02T19:33:00,2026-05-02T22:49:00Z,196.0,320.0,0,0,2026-05-08T02:08:24.376051+00:00,UA1010,N14569,UA,ATL,TPA
DAL906-1777521974-fa-893p,2026-05-02T22:56:00,2026-05-02T22:49:00Z,-7.0,-1.0,0,0,2026-05-08T02:09:48.379561+00:00,DL906,N124DX,DL,SLC,ATL
DAL1278-1777522998-fa-1040p,2026-05-02T23:24:00,2026-05-02T22:47:00Z,-37.0,-19.0,0,0,2026-05-08T02:09:48.379561+00:00,DL1278,N943AT,DL,JAN,ATL
DAL969-1777522840-fa-684p,2026-05-02T22:32:00,2026-05-02T22:46:00Z,14.0,18.0,0,0,2026-05-08T02:09:48.379561+00:00,DL969,N545DE,DL,LGA,ATL
EDV5389-1777499382-fa-185p,2026-05-02T23:10:00,2026-05-02T22:44:00Z,-26.0,-10.0,0,0,2026-05-08T02:09:48.379561+00:00,9E5389,N331CA,9E,BMI,ATL
DAL1807-1777522565-fa-57p,2026-05-02T23:18:00,2026-05-02T22:43:00Z,-35.0,-15.0,0,0,2026-05-08T02:09:48.379561+00:00,DL1807,N377DA,DL,RTB,ATL
DAL2398-1777521930-fa-2516p,2026-05-02T22:45:00,2026-05-02T22:42:00Z,-3.0,29.0,0,0,2026-05-08T02:08:24.376051+00:00,DL2398,N178DZ,DL,ATL,JFK
DAL1004-1777522736-fa-1044p,2026-05-02T23:04:00,2026-05-02T22:42:00Z,-22.0,-8.0,0,0,2026-05-08T02:09:48.379561+00:00,DL1004,N916DU,DL,ABQ,ATL
DAL1491-1777522084-fa-1277p,2026-05-02T22:23:00,2026-05-02T22:41:00Z,18.0,20.0,0,0,2026-05-08T02:08:24.376051+00:00,DL1491,N341DN,DL,ATL,AUS
EDV5555-1777574441-fa-633p,2026-05-02T23:00:00,2026-05-02T22:41:00Z,-19.0,24.0,0,0,2026-05-08T02:09:48.379561+00:00,9E5555,N138EV,9E,QRO,ATL
DAL554-1777522793-fa-1297p,2026-05-02T22:56:00,2026-05-02T22:40:00Z,-16.0,0.0,0,0,2026-05-08T02:09:48.379561+00:00,DL554,N850DN,DL,SEA,ATL
AAL3330-1777528605-airline-250p,2026-05-02T21:13:00,2026-05-02T22:38:00Z,85.0,41.0,0,0,2026-05-08T02:08:24.376051+00:00,AA3330,N188US,AA,ATL,MIA
DAL1720-1777521731-fa-1325p,2026-05-02T18:48:00,2026-05-02T22:37:00Z,229.0,217.0,0,0,2026-05-08T02:08:24.376051+00:00,DL1720,N6706Q,DL,ATL,TPA
FFT4771-1777535406-airline-3420p,2026-05-02T22:36:00,2026-05-02T22:37:00Z,1.0,-1.0,0,0,2026-05-08T02:08:24.376051+00:00,F94771,N606FR,F9,ATL,CVG
DAL1613-1777522072-fa-1637p,2026-05-02T22:20:00,2026-05-02T22:37:00Z,17.0,40.0,0,0,2026-05-08T02:09:48.379561+00:00,DL1613,N339DN,DL,FLL,ATL
DAL3150-1777522768-fa-630p,2026-05-02T23:06:00,2026-05-02T22:37:00Z,-29.0,-13.0,0,0,2026-05-08T02:09:48.379561+00:00,DL3150,N924DZ,DL,CVG,ATL
DAL1093-1777522393-fa-195p,2026-05-02T21:15:00,2026-05-02T22:36:00Z,81.0,73.0,0,0,2026-05-08T02:08:24.376051+00:00,DL1093,N354NW,DL,ATL,MYR
DAL2753-1777745631-fa-1659p,2026-05-02T18:44:00,2026-05-02T22:36:00Z,232.0,15.0,0,0,2026-05-08T02:08:24.376051+00:00,DL2753,N322NB,DL,ATL,SRQ
DAL1029-1777522757-fa-250p,2026-05-02T22:53:00,2026-05-02T22:36:00Z,-17.0,-4.0,0,0,2026-05-08T02:09:48.379561+00:00,DL1029,N900DU,DL,JFK,ATL
DAL2545-1777522783-fa-2231p,2026-05-02T22:46:00,2026-05-02T22:35:00Z,-11.0,-8.0,0,0,2026-05-08T02:09:48.379561+00:00,DL2545,N937DZ,DL,CLE,ATL
DAL2345-1777522056-fa-616p,2026-05-02T21:19:00,2026-05-02T22:34:00Z,75.0,44.0,0,0,2026-05-08T02:08:24.376051+00:00,DL2345,N317DN,DL,ATL,FLL
DAL2006-1777523000-fa-746p,2026-05-02T22:45:00,2026-05-02T22:34:00Z,-11.0,-6.0,0,0,2026-05-08T02:08:24.376051+00:00,DL2006,N989AT,DL,ATL,DSM
DAL3014-1777522671-fa-895p,2026-05-02T22:39:00,2026-05-02T22:34:00Z,-5.0,2.0,0,0,2026-05-08T02:09:48.379561+00:00,DL3014,N826DN,DL,SAV,ATL
DAL3133-1777523000-fa-1270p,2026-05-02T22:56:00,2026-05-02T22:33:00Z,-23.0,-2.0,0,0,2026-05-08T02:09:48.379561+00:00,DL3133,N965AT,DL,GNV,ATL
DAL2067-1777522326-fa-468p,2026-05-02T22:39:00,2026-05-02T22:32:00Z,-7.0,-2.0,0,0,2026-05-08T02:08:24.376051+00:00,DL2067,N517DN,DL,ATL,DTW
EDV5113-1777524843-airline-561p,2026-05-02T22:38:00,2026-05-02T22:32:00Z,-6.0,14.0,0,0,2026-05-08T02:09:48.379561+00:00,9E5113,N601LR,9E,BTR,ATL
DAL1002-1777522658-fa-115p,2026-05-02T22:25:00,2026-05-02T22:31:00Z,6.0,26.0,0,0,2026-05-08T02:09:48.379561+00:00,DL1002,N801DZ,DL,ELP,ATL
DAL1742-1777522172-fa-1038p,2026-05-02T21:40:00,2026-05-02T22:30:00Z,50.0,33.0,0,0,2026-05-08T02:08:24.376051+00:00,DL1742,N307DX,DL,ATL,MCO
RPA5821-1777748335-fa-424p,2026-05-02T20:51:00,2026-05-02T22:30:00Z,99.0,15.0,0,0,2026-05-08T02:08:24.376051+00:00,YX5821,N818MD,YX,ATL,LGA
DAL950-1777522418-fa-464p,2026-05-02T22:36:00,2026-05-02T22:29:00Z,-7.0,2.0,0,0,2026-05-08T02:08:24.376051+00:00,DL950,N358NW,DL,ATL,DCA
DAL2750-1777522377-fa-113p,2026-05-02T22:43:00,2026-05-02T22:28:00Z,-15.0,-4.0,0,0,2026-05-08T02:08:24.376051+00:00,DL2750,N360NW,DL,ATL,CLE
DAL587-1777522591-fa-844p,2026-05-02T22:41:00,2026-05-02T22:27:00Z,-14.0,-10.0,0,0,2026-05-08T02:09:48.379561+00:00,DL587,N397DA,DL,MEX,ATL
DAL1831-1777522881-fa-12p,2026-05-02T22:39:00,2026-05-02T22:27:00Z,-12.0,-6.0,0,0,2026-05-08T02:09:48.379561+00:00,DL1831,N554NW,DL,GUA,ATL
EDV5308-1777505727-fa-1006p,2026-05-02T22:49:00,2026-05-02T22:26:00Z,-23.0,-7.0,0,0,2026-05-08T02:09:48.379561+00:00,9E5308,N272PQ,9E,LFT,ATL
DAL1550-1777522765-fa-502p,2026-05-02T22:25:00,2026-05-02T22:25:00Z,0.0,12.0,0,0,2026-05-08T02:09:48.379561+00:00,DL1550,N815DN,DL,RDU,ATL
DAL1919-1777522104-fa-1215p,2026-05-02T22:39:00,2026-05-02T22:25:00Z,-14.0,-2.0,0,0,2026-05-08T02:09:48.379561+00:00,DL1919,N351DN,DL,PUJ,ATL
EDV5128-1777527320-airline-1531p,2026-05-02T21:17:00,2026-05-02T22:24:00Z,67.0,76.0,0,0,2026-05-08T02:08:24.376051+00:00,9E5128,N655CA,9E,ATL,XNA
ASH4021-1777525129-airline-3928p,2026-05-02T22:25:00,2026-05-02T22:24:00Z,-1.0,4.0,0,0,2026-05-08T02:08:24.376051+00:00,YV4021,N87353,YV,ATL,IAH
DAL1467-1777522754-fa-903p,2026-05-02T22:25:00,2026-05-02T22:24:00Z,-1.0,10.0,0,0,2026-05-08T02:09:48.379561+00:00,DL1467,N832DN,DL,DTW,ATL
FFT3454-1777535406-airline-3271p,2026-05-02T21:52:00,2026-05-02T22:23:00Z,31.0,41.0,0,0,2026-05-08T02:08:24.376051+00:00,F93454,N380FR,F9,ATL,LGA
EDV5013-1777527476-airline-1499p,2026-05-02T22:16:00,2026-05-02T22:23:00Z,7.0,8.0,0,0,2026-05-08T02:08:24.376051+00:00,9E5013,N928XJ,9E,ATL,HPN
DAL1425-1777521945-fa-1042p,2026-05-02T21:49:00,2026-05-02T22:21:00Z,32.0,0.0,0,0,2026-05-08T02:08:24.376051+00:00,DL1425,N555NW,DL,ATL,TPA
DAL2981-1777522138-fa-2564p,2026-05-02T22:40:00,2026-05-02T22:21:00Z,-19.0,-3.0,0,0,2026-05-08T02:08:24.376051+00:00,DL2981,N310DN,DL,ATL,MSP
DAL1386-1777522064-fa-122p,2026-05-02T21:10:00,2026-05-02T22:20:00Z,70.0,38.0,0,0,2026-05-08T02:08:24.376051+00:00,DL1386,N342DN,DL,ATL,MIA
DAL583-1777522311-fa-932p,2026-05-02T22:00:00,2026-05-02T22:20:00Z,20.0,12.0,0,0,2026-05-08T02:09:48.379561+00:00,DL583,N342NB,DL,BDA,ATL
DAL1554-1777522038-fa-292p,2026-05-02T21:13:00,2026-05-02T22:19:00Z,66.0,57.0,0,0,2026-05-08T02:09:48.379561+00:00,DL1554,N303DN,DL,FLL,ATL
DAL3134-1777522778-fa-0p,2026-05-02T22:39:00,2026-05-02T22:19:00Z,-20.0,-3.0,0,0,2026-05-08T02:09:48.379561+00:00,DL3134,N963DZ,DL,IND,ATL
FFT2171-1777526060-airline-2061p,2026-05-02T20:16:00,2026-05-02T22:19:00Z,123.0,107.0,0,0,2026-05-08T02:09:48.379561+00:00,F92171,N607FR,F9,FLL,ATL
DAL3037-1777523012-fa-1224p,2026-05-02T22:10:00,2026-05-02T22:19:00Z,9.0,10.0,0,0,2026-05-08T02:09:48.379561+00:00,DL3037,N974AT,DL,CLT,ATL
DAL1816-1777522584-fa-662p,2026-05-02T22:48:00,2026-05-02T22:18:00Z,-30.0,-12.0,0,0,2026-05-08T02:09:48.379561+00:00,DL1816,N385DN,DL,PVR,ATL
DAL1346-1777522779-fa-7433p,2026-05-02T22:19:00,2026-05-02T22:15:00Z,-4.0,11.0,0,0,2026-05-08T02:08:24.376051+00:00,DL1346,N824DN,DL,ATL,ORF
DAL2892-1777522563-fa-209p,2026-05-02T22:41:00,2026-05-02T22:15:00Z,-26.0,-11.0,0,0,2026-05-08T02:09:48.379561+00:00,DL2892,N3765,DL,CMH,ATL
DAL3142-1777522550-fa-1014p,2026-05-02T22:25:00,2026-05-02T22:15:00Z,-10.0,-1.0,0,0,2026-05-08T02:09:48.379561+00:00,DL3142,N3739P,DL,BNA,ATL
FFT1403-1777526060-airline-1949p,2026-05-02T22:19:00,2026-05-02T22:14:00Z,-5.0,10.0,0,0,2026-05-08T02:08:24.376051+00:00,F91403,N705FR,F9,ATL,IAH
DAL374-1777522211-fa-634p,2026-05-02T22:14:00,2026-05-02T22:14:00Z,0.0,-7.0,0,0,2026-05-08T02:08:24.376051+00:00,DL374,N119DN,DL,ATL,DFW
DAL1882-1777522007-fa-1015p,2026-05-02T22:46:00,2026-05-02T22:14:00Z,-32.0,-8.0,0,0,2026-05-08T02:09:48.379561+00:00,DL1882,N188DN,DL,SJU,ATL
UAL1848-1777507501-fa-930p,2026-05-02T22:28:00,2026-05-02T22:14:00Z,-14.0,-6.0,0,0,2026-05-08T02:09:48.379561+00:00,UA1848,N832UA,UA,EWR,ATL
DAL2314-1777522250-fa-3376p,2026-05-02T22:24:00,2026-05-02T22:13:00Z,-11.0,-12.0,0,0,2026-05-08T02:09:48.379561+00:00,DL2314,N318NB,DL,PVD,ATL
DAL2772-1777522992-fa-719p,2026-05-02T22:24:00,2026-05-02T22:12:00Z,-12.0,-3.0,0,0,2026-05-08T02:09:48.379561+00:00,DL2772,N920AT,DL,GSO,ATL
DAL3043-1777523011-fa-829p,2026-05-02T21:58:00,2026-05-02T22:11:00Z,13.0,-2.0,0,0,2026-05-08T02:08:24.376051+00:00,DL3043,N919AT,DL,ATL,MLB
DAL1030-1777522925-fa-843p,2026-05-02T19:39:00,2026-05-02T22:11:00Z,152.0,32.0,0,0,2026-05-08T02:09:48.379561+00:00,DL1030,N819DX,DL,MCO,ATL
JIA5049-1777526156-airline-922p,2026-05-02T22:04:00,2026-05-02T22:10:00Z,6.0,23.0,0,0,2026-05-08T02:08:24.376051+00:00,OH5049,N535EA,OH,ATL,CLT
EDV5519-1777513645-fa-292p,2026-05-02T22:25:00,2026-05-02T22:10:00Z,-15.0,-9.0,0,0,2026-05-08T02:09:48.379561+00:00,9E5519,N313PQ,9E,TRI,ATL
DAL1587-1777522061-fa-832p,2026-05-02T18:19:00,2026-05-02T22:09:00Z,230.0,235.0,0,0,2026-05-08T02:09:48.379561+00:00,DL1587,N583NW,DL,TPA,ATL
DAL1959-1777522631-fa-1132p,2026-05-02T22:38:00,2026-05-02T22:09:00Z,-29.0,-10.0,0,0,2026-05-08T02:09:48.379561+00:00,DL1959,N372DA,DL,PLS,ATL
DAL3163-1777523015-fa-82p,2026-05-02T22:24:00,2026-05-02T22:07:00Z,-17.0,-7.0,0,0,2026-05-08T02:09:48.379561+00:00,DL3163,N966AT,DL,BHM,ATL
DAL1753-1777522555-fa-314p,2026-05-02T22:31:00,2026-05-02T22:07:00Z,-24.0,-1.0,0,0,2026-05-08T02:09:48.379561+00:00,DL1753,N3757D,DL,SKB,ATL
DAL1167-1777522898-fa-872p,2026-05-02T19:48:00,2026-05-02T22:06:00Z,138.0,130.0,0,0,2026-05-08T02:08:24.376051+00:00,DL1167,N6709,DL,ATL,TPA
DAL2104-1777522110-fa-930p,2026-05-02T22:15:00,2026-05-02T22:05:00Z,-10.0,-1.0,0,0,2026-05-08T02:09:48.379561+00:00,DL2104,N331DN,DL,AUS,ATL
DAL1036-1777522157-fa-1173p,2026-05-02T22:25:00,2026-05-02T22:04:00Z,-21.0,-1.0,0,0,2026-05-08T02:09:48.379561+00:00,DL1036,N330DX,DL,MSP,ATL
FFT102-1777526060-airline-1892p,2026-05-02T22:03:00,2026-05-02T22:04:00Z,1.0,20.0,0,0,2026-05-08T02:09:48.379561+00:00,F9102,N718FR,F9,CUN,ATL
UAL702-1777498721-fa-3721p,2026-05-02T22:09:00,2026-05-02T22:03:00Z,-6.0,11.0,0,0,2026-05-08T02:09:48.379561+00:00,UA702,N17347,UA,SFO,ATL
SKW3890-1777525098-airline-4943p,2026-05-02T21:05:00,2026-05-02T22:03:00Z,58.0,54.0,0,0,2026-05-08T02:09:48.379561+00:00,OO3890,N304SY,OO,ROA,ATL
DAL67-1777522481-fa-953p,2026-05-02T22:13:00,2026-05-02T22:03:00Z,-10.0,-9.0,0,0,2026-05-08T02:09:48.379561+00:00,DL67,N401DZ,DL,FCO,ATL
DAL3189-1777522990-fa-1200p,2026-05-02T21:10:00,2026-05-02T22:02:00Z,52.0,50.0,0,0,2026-05-08T02:08:24.376051+00:00,DL3189,N921AT,DL,ATL,CHS
DAL725-1777521714-fa-918p,2026-05-02T22:18:00,2026-05-02T22:02:00Z,-16.0,-4.0,0,0,2026-05-08T02:09:48.379561+00:00,DL725,N685DA,DL,SAN,ATL
EDV5055-1777507365-fa-1444p,2026-05-02T21:59:00,2026-05-02T22:01:00Z,2.0,16.0,0,0,2026-05-08T02:08:24.376051+00:00,9E5055,N297PQ,9E,ATL,FWA
DAL2718-1777523015-fa-85p,2026-05-02T21:22:00,2026-05-02T22:01:00Z,39.0,50.0,0,0,2026-05-08T02:09:48.379561+00:00,DL2718,N945AT,DL,GPT,ATL
DAL597-1777522091-fa-1134p,2026-05-02T21:35:00,2026-05-02T22:01:00Z,26.0,39.0,0,0,2026-05-08T02:09:48.379561+00:00,DL597,N321DH,DL,CUN,ATL
DAL1099-1777522920-fa-1388p,2026-05-02T19:16:00,2026-05-02T22:00:00Z,164.0,164.0,0,0,2026-05-08T02:09:48.379561+00:00,DL1099,N718TW,DL,TPA,ATL
AFR32-1777524685-airline-261p,2026-05-02T21:25:00,2026-05-02T22:00:00Z,35.0,19.0,0,0,2026-05-08T02:09:48.379561+00:00,AF32,F-GSPU,AF,CDG,ATL
DAL3158-1777523009-fa-355p,2026-05-02T22:11:00,2026-05-02T21:58:00Z,-13.0,-1.0,0,0,2026-05-08T02:08:24.376051+00:00,DL3158,N925AT,DL,ATL,CLT
DAL2322-1777522106-fa-4521p,2026-05-02T21:52:00,2026-05-02T21:58:00Z,6.0,-2.0,0,0,2026-05-08T02:09:48.379561+00:00,DL2322,N338DN,DL,EWR,ATL
RPA4622-1777535159-airline-1197p,2026-05-02T21:37:00,2026-05-02T21:58:00Z,21.0,9.0,0,0,2026-05-08T02:09:48.379561+00:00,YX4622,N129HQ,YX,MIA,ATL
DAL1266-1777522156-fa-1040p,2026-05-02T21:41:00,2026-05-02T21:57:00Z,16.0,-2.0,0,0,2026-05-08T02:09:48.379561+00:00,DL1266,N304DN,DL,PBI,ATL
DAL2799-1777522709-fa-1625p,2026-05-02T22:14:00,2026-05-02T21:54:00Z,-20.0,-10.0,0,0,2026-05-08T02:08:24.376051+00:00,DL2799,N909DN,DL,ATL,BWI
DAL2279-1777522101-fa-1240p,2026-05-02T21:53:00,2026-05-02T21:54:00Z,1.0,3.0,0,0,2026-05-08T02:09:48.379561+00:00,DL2279,N320DN,DL,PHL,ATL
DAL1444-1777522569-fa-3639p,2026-05-02T18:53:00,2026-05-02T21:54:00Z,181.0,186.0,0,0,2026-05-08T02:09:48.379561+00:00,DL1444,N835DN,DL,IAD,ATL
DAL528-1777521980-fa-143p,2026-05-02T21:49:00,2026-05-02T21:53:00Z,4.0,4.0,0,0,2026-05-08T02:09:48.379561+00:00,DL528,N388DN,DL,LAX,ATL
DAL1803-1777522713-fa-2346p,2026-05-02T22:23:00,2026-05-02T21:52:00Z,-31.0,-11.0,0,0,2026-05-08T02:09:48.379561+00:00,DL1803,N861DN,DL,SDQ,ATL
DAL759-1777522060-fa-505p,2026-05-02T20:50:00,2026-05-02T21:51:00Z,61.0,65.0,0,0,2026-05-08T02:08:24.376051+00:00,DL759,N326DN,DL,ATL,TPA
DAL2168-1777522256-fa-689p,2026-05-02T21:23:00,2026-05-02T21:51:00Z,28.0,15.0,0,0,2026-05-08T02:08:24.376051+00:00,DL2168,N357NB,DL,ATL,EYW
SWA1730-1777532230-airline-1753p,2026-05-02T21:55:00,2026-05-02T21:50:00Z,-5.0,6.0,0,0,2026-05-08T02:09:48.379561+00:00,WN1730,N940WN,WN,HOU,ATL
DAL638-1777521955-fa-949p,2026-05-02T21:52:00,2026-05-02T21:49:00Z,-3.0,-8.0,0,0,2026-05-08T02:09:48.379561+00:00,DL638,N692DL,DL,BOS,ATL
SKW3804-1777528887-airline-299p,2026-05-02T21:50:00,2026-05-02T21:47:00Z,-3.0,-7.0,0,0,2026-05-08T02:08:24.376051+00:00,OO3804,N292SY,OO,ATL,SHV
DAL31-1777522014-fa-150p,2026-05-02T21:45:00,2026-05-02T21:47:00Z,2.0,-2.0,0,0,2026-05-08T02:09:48.379561+00:00,DL31,N830MH,DL,LHR,ATL
DAL876-1777522994-fa-232p,2026-05-02T22:07:00,2026-05-02T21:47:00Z,-20.0,-8.0,0,0,2026-05-08T02:09:48.379561+00:00,DL876,N948AT,DL,ILM,ATL
DAL1693-1777523003-fa-803p,2026-05-02T21:50:00,2026-05-02T21:46:00Z,-4.0,-3.0,0,0,2026-05-08T02:08:24.376051+00:00,DL1693,N978AT,DL,ATL,BNA
FFT4210-1777535406-airline-3351p,2026-05-02T21:55:00,2026-05-02T21:45:00Z,-10.0,13.0,0,0,2026-05-08T02:08:24.376051+00:00,F94210,N702FR,F9,ATL,CLE
DAL1458-1777522153-fa-431p,2026-05-02T21:13:00,2026-05-02T21:44:00Z,31.0,16.0,0,0,2026-05-08T02:08:24.376051+00:00,DL1458,N329DN,DL,ATL,PBI
SWA258-1777535004-airline-688p,2026-05-02T22:00:00,2026-05-02T21:44:00Z,-16.0,0.0,0,0,2026-05-08T02:08:24.376051+00:00,WN258,N8680C,WN,ATL,MDW
DAL1572-1777522200-fa-1232p,2026-05-02T22:04:00,2026-05-02T21:44:00Z,-20.0,-2.0,0,0,2026-05-08T02:09:48.379561+00:00,DL1572,N126DN,DL,IAH,ATL
WJA1600-1777535656-airline-1070p,2026-05-02T21:30:00,2026-05-02T21:44:00Z,14.0,20.0,0,0,2026-05-08T02:09:48.379561+00:00,WS1600,C-FJVE,WS,YVR,ATL
DAL1884-1777522639-fa-205p,2026-05-02T21:28:00,2026-05-02T21:44:00Z,16.0,9.0,0,0,2026-05-08T02:09:48.379561+00:00,DL1884,N382DA,DL,ORD,ATL
DAL3088-1777523009-fa-1644p,2026-05-02T21:59:00,2026-05-02T21:43:00Z,-16.0,-3.0,0,0,2026-05-08T02:08:24.376051+00:00,DL3088,N959AT,DL,ATL,DAY
DAL1020-1777522379-fa-822p,2026-05-02T21:59:00,2026-05-02T21:43:00Z,-16.0,-8.0,0,0,2026-05-08T02:09:48.379561+00:00,DL1020,N343NW,DL,DCA,ATL
DAL1873-1777521747-fa-565p,2026-05-02T22:04:00,2026-05-02T21:43:00Z,-21.0,-4.0,0,0,2026-05-08T02:09:48.379561+00:00,DL1873,N6701,DL,SXM,ATL
DAL1545-1777522999-fa-783p,2026-05-02T21:49:00,2026-05-02T21:42:00Z,-7.0,-6.0,0,0,2026-05-08T02:08:24.376051+00:00,DL1545,N952AT,DL,ATL,TLH
SWA232-1777526939-airline-3096p,2026-05-02T21:45:00,2026-05-02T21:42:00Z,-3.0,16.0,0,0,2026-05-08T02:08:24.376051+00:00,WN232,N8600F,WN,ATL,DCA
DAL512-1777523000-fa-1267p,2026-05-02T22:04:00,2026-05-02T21:42:00Z,-22.0,-3.0,0,0,2026-05-08T02:09:48.379561+00:00,DL512,N995AT,DL,DAL,ATL
DAL3169-1777522799-fa-965p,2026-05-02T21:50:00,2026-05-02T21:42:00Z,-8.0,0.0,0,0,2026-05-08T02:09:48.379561+00:00,DL3169,N954DZ,DL,CVG,ATL
DAL2600-1777522925-fa-1118p,2026-05-02T21:04:00,2026-05-02T21:41:00Z,37.0,48.0,0,0,2026-05-08T02:08:24.376051+00:00,DL2600,N690DL,DL,ATL,RDU
DAL1437-1777522662-fa-1193p,2026-05-02T21:52:00,2026-05-02T21:41:00Z,-11.0,-9.0,0,0,2026-05-08T02:09:48.379561+00:00,DL1437,N807DN,DL,RIC,ATL
DAL1347-1777523015-fa-74p,2026-05-02T21:49:00,2026-05-02T21:40:00Z,-9.0,-7.0,0,0,2026-05-08T02:08:24.376051+00:00,DL1347,N906AT,DL,ATL,LIT
DAL1976-1777522122-fa-4893p,2026-05-02T21:55:00,2026-05-02T21:39:00Z,-16.0,-2.0,0,0,2026-05-08T02:09:48.379561+00:00,DL1976,N343DN,DL,NAS,ATL
EDV5379-1777526377-airline-247p,2026-05-02T21:50:00,2026-05-02T21:39:00Z,-11.0,-4.0,0,0,2026-05-08T02:09:48.379561+00:00,9E5379,N479PX,9E,MGM,ATL
DAL3101-1777523002-fa-1893p,2026-05-02T22:17:00,2026-05-02T21:38:00Z,-39.0,-17.0,0,0,2026-05-08T02:09:48.379561+00:00,DL3101,N926AT,DL,AVL,ATL
UAL462-1777494821-fa-898p,2026-05-02T21:55:00,2026-05-02T21:38:00Z,-17.0,-1.0,0,0,2026-05-08T02:09:48.379561+00:00,UA462,N23721,UA,IAH,ATL
DAL1700-1777522800-fa-319p,2026-05-02T21:54:00,2026-05-02T21:37:00Z,-17.0,-8.0,0,0,2026-05-08T02:08:24.376051+00:00,DL1700,N955DZ,DL,ATL,MEM
DAL1772-1777522767-fa-1700p,2026-05-02T22:14:00,2026-05-02T21:37:00Z,-37.0,-26.0,0,0,2026-05-08T02:09:48.379561+00:00,DL1772,N902DN,DL,TQO,ATL
DAL1766-1777522553-fa-2948p,2026-05-02T21:49:00,2026-05-02T21:35:00Z,-14.0,-13.0,0,0,2026-05-08T02:09:48.379561+00:00,DL1766,N378DA,DL,CZM,ATL
DAL2211-1777523005-fa-953p,2026-05-02T21:40:00,2026-05-02T21:34:00Z,-6.0,-5.0,0,0,2026-05-08T02:08:24.376051+00:00,DL2211,N955AT,DL,ATL,PNS
ETD13-1777526598-schedule-988p,2026-05-02T20:30:00,2026-05-02T21:32:00Z,62.0,28.0,0,0,2026-05-08T02:09:48.379561+00:00,EY13,A6-XWO,EY,AUH,ATL
EDV5432-1777500842-fa-1290p,2026-05-02T21:48:00,2026-05-02T21:31:00Z,-17.0,-13.0,0,0,2026-05-08T02:09:48.379561+00:00,9E5432,N538CA,9E,CHO,ATL
EDV5537-1777529042-airline-1113p,2026-05-02T21:41:00,2026-05-02T21:30:00Z,-11.0,-5.0,0,0,2026-05-08T02:08:24.376051+00:00,9E5537,N929XJ,9E,ATL,AGS
DAL3126-1777522746-fa-4739p,2026-05-02T21:44:00,2026-05-02T21:30:00Z,-14.0,-1.0,0,0,2026-05-08T02:08:24.376051+00:00,DL3126,N890DN,DL,ATL,IND
DAL3026-1777523010-fa-557p,2026-05-02T21:42:00,2026-05-02T21:28:00Z,-14.0,-5.0,0,0,2026-05-08T02:08:24.376051+00:00,DL3026,N967AT,DL,ATL,HSV
EDV5245-1777525535-airline-971p,2026-05-02T20:51:00,2026-05-02T21:28:00Z,37.0,35.0,0,0,2026-05-08T02:08:24.376051+00:00,9E5245,N133EV,9E,ATL,BQK
DAL1228-1777522911-fa-1200p,2026-05-02T19:58:00,2026-05-02T21:28:00Z,90.0,92.0,0,0,2026-05-08T02:09:48.379561+00:00,DL1228,N553NW,DL,DTW,ATL
SWA2643-1777535004-airline-745p,2026-05-02T21:30:00,2026-05-02T21:28:00Z,-2.0,-1.0,0,0,2026-05-08T02:09:48.379561+00:00,WN2643,N8710M,WN,DCA,ATL
UAL356-1777507500-fa-1161p,2026-05-02T21:38:00,2026-05-02T21:27:00Z,-11.0,-4.0,0,0,2026-05-08T02:09:48.379561+00:00,UA356,N838UA,UA,ORD,ATL
DAL1480-1777521934-fa-639p,2026-05-02T21:40:00,2026-05-02T21:27:00Z,-13.0,-4.0,0,0,2026-05-08T02:09:48.379561+00:00,DL1480,N197DN,DL,JFK,ATL
SKW3869-1777527320-airline-1572p,2026-05-02T21:25:00,2026-05-02T21:26:00Z,1.0,-8.0,0,0,2026-05-08T02:09:48.379561+00:00,OO3869,N265SY,OO,OAJ,ATL
EDV5163-1777524843-airline-580p,2026-05-02T21:41:00,2026-05-02T21:23:00Z,-18.0,-10.0,0,0,2026-05-08T02:09:48.379561+00:00,9E5163,N606LR,9E,CRW,ATL
DAL2086-1777522996-fa-1211p,2026-05-02T21:49:00,2026-05-02T21:22:00Z,-27.0,-13.0,0,0,2026-05-08T02:09:48.379561+00:00,DL2086,N964AT,DL,DSM,ATL
VIR109-1777531915-airline-136p,2026-05-02T21:30:00,2026-05-02T21:22:00Z,-8.0,-2.0,0,0,2026-05-08T02:09:48.379561+00:00,VS109,G-VLUV,VS,MAN,ATL
SAS929-1777530756-airline-406p,2026-05-02T21:25:00,2026-05-02T21:22:00Z,-3.0,-8.0,0,0,2026-05-08T02:09:48.379561+00:00,SK929,LN-RKU,SK,CPH,ATL
AAL1811-1777527354-airline-1249p,2026-05-02T21:34:00,2026-05-02T21:21:00Z,-13.0,3.0,0,0,2026-05-08T02:09:48.379561+00:00,AA1811,N913AN,AA,DFW,ATL
DAL2484-1777523012-fa-845p,2026-05-02T21:21:00,2026-05-02T21:20:00Z,-1.0,1.0,0,0,2026-05-08T02:08:24.376051+00:00,DL2484,N980AT,DL,ATL,BHM
EDV5287-1777524843-airline-599p,2026-05-02T21:27:00,2026-05-02T21:20:00Z,-7.0,-7.0,0,0,2026-05-08T02:08:24.376051+00:00,9E5287,N690CA,9E,ATL,ABY
EDV5466-1777526917-fa-1591p,2026-05-02T21:33:00,2026-05-02T21:20:00Z,-13.0,-15.0,0,0,2026-05-08T02:09:48.379561+00:00,9E5466,N319PQ,9E,FAY,ATL
DAL1802-1777522191-fa-1294p,2026-05-02T21:45:00,2026-05-02T21:20:00Z,-25.0,-9.0,0,0,2026-05-08T02:09:48.379561+00:00,DL1802,N359DN,DL,BZE,ATL
DAL1866-1777522406-fa-1259p,2026-05-02T21:40:00,2026-05-02T21:19:00Z,-21.0,-8.0,0,0,2026-05-08T02:09:48.379561+00:00,DL1866,N348NW,DL,MTY,ATL
RPA5830-1777529636-airline-1000p,2026-05-02T19:20:00,2026-05-02T21:17:00Z,117.0,126.0,0,0,2026-05-08T02:08:24.376051+00:00,YX5830,N878RW,YX,ATL,SAV
DAL2827-1777522794-fa-4040p,2026-05-02T20:47:00,2026-05-02T21:15:00Z,28.0,37.0,0,0,2026-05-08T02:09:48.379561+00:00,DL2827,N945DZ,DL,DAB,ATL
DAL3027-1777523003-fa-90p,2026-05-02T21:44:00,2026-05-02T21:14:00Z,-30.0,-13.0,0,0,2026-05-08T02:09:48.379561+00:00,DL3027,N717JL,DL,LIT,ATL
DAL2747-1777522814-fa-131p,2026-05-02T21:15:00,2026-05-02T21:12:00Z,-3.0,21.0,0,0,2026-05-08T02:09:48.379561+00:00,DL2747,N932DZ,DL,MCI,ATL
EDV4991-1777488471-fa-6196p,2026-05-02T18:29:00,2026-05-02T21:12:00Z,163.0,176.0,0,0,2026-05-08T02:09:48.379561+00:00,9E4991,N391CA,9E,AEX,ATL
DAL1823-1777521745-fa-834p,2026-05-02T21:32:00,2026-05-02T21:12:00Z,-20.0,-1.0,0,0,2026-05-08T02:09:48.379561+00:00,DL1823,N688DL,DL,STT,ATL
EDV5115-1777524843-airline-583p,2026-05-02T21:33:00,2026-05-02T21:11:00Z,-22.0,-10.0,0,0,2026-05-08T02:09:48.379561+00:00,9E5115,N376CA,9E,EVV,ATL
SKW4093-1777525535-airline-926p,2026-05-02T21:12:00,2026-05-02T21:10:00Z,-2.0,6.0,0,0,2026-05-08T02:09:48.379561+00:00,OO4093,N264SY,OO,HSV,ATL
DAL1035-1777522123-fa-1808p,2026-05-02T20:03:00,2026-05-02T21:10:00Z,67.0,24.0,0,0,2026-05-08T02:09:48.379561+00:00,DL1035,N344DN,DL,FLL,ATL
DAL1317-1777522474-fa-4192p,2026-05-02T21:28:00,2026-05-02T21:08:00Z,-20.0,-10.0,0,0,2026-05-08T02:09:48.379561+00:00,DL1317,N853NW,DL,PHX,ATL
DAL1190-1777522124-fa-1204p,2026-05-02T20:18:00,2026-05-02T21:07:00Z,49.0,27.0,0,0,2026-05-08T02:09:48.379561+00:00,DL1190,N345DN,DL,PBI,ATL
EDV5194-1777529042-airline-1242p,2026-05-02T21:24:00,2026-05-02T21:07:00Z,-17.0,-4.0,0,0,2026-05-08T02:09:48.379561+00:00,9E5194,N390CA,9E,JAN,ATL
DAL1302-1777522988-fa-472p,2026-05-02T21:30:00,2026-05-02T21:06:00Z,-24.0,-15.0,0,0,2026-05-08T02:09:48.379561+00:00,DL1302,N949AT,DL,CHA,ATL
SWA3391-1777525254-airline-844p,2026-05-02T20:55:00,2026-05-02T21:05:00Z,10.0,15.0,0,0,2026-05-08T02:09:48.379561+00:00,WN3391,N8938Q,WN,BWI,ATL
DAL3083-1777523010-fa-911p,2026-05-02T21:14:00,2026-05-02T21:02:00Z,-12.0,4.0,0,0,2026-05-08T02:09:48.379561+00:00,DL3083,N942AT,DL,VPS,ATL
DAL1825-1777522642-fa-787p,2026-05-02T21:00:00,2026-05-02T21:01:00Z,1.0,3.0,0,0,2026-05-08T02:08:24.376051+00:00,DL1825,N3758Y,DL,ATL,VPS
DAL2990-1777521708-fa-1031p,2026-05-02T21:10:00,2026-05-02T21:00:00Z,-10.0,2.0,0,0,2026-05-08T02:09:48.379561+00:00,DL2990,N544US,DL,JAX,ATL
DAL1013-1777523007-fa-769p,2026-05-02T21:13:00,2026-05-02T20:55:00Z,-18.0,-5.0,0,0,2026-05-08T02:09:48.379561+00:00,DL1013,N895AT,DL,PNS,ATL
EDV5327-1777488013-fa-1593p,2026-05-02T21:00:00,2026-05-02T20:55:00Z,-5.0,-5.0,0,0,2026-05-08T02:09:48.379561+00:00,9E5327,N379CA,9E,GGT,ATL
DAL3193-1777523012-fa-834p,2026-05-02T21:10:00,2026-05-02T20:52:00Z,-18.0,-8.0,0,0,2026-05-08T02:09:48.379561+00:00,DL3193,N990AT,DL,CAE,ATL
DAL1870-1777522698-fa-4678p,2026-05-02T21:13:00,2026-05-02T20:52:00Z,-21.0,-8.0,0,0,2026-05-08T02:09:48.379561+00:00,DL1870,N845DN,DL,GCM,ATL
DAL1549-1777523016-fa-266p,2026-05-02T20:58:00,2026-05-02T20:52:00Z,-6.0,-10.0,0,0,2026-05-08T02:09:48.379561+00:00,DL1549,N991AT,DL,TLH,ATL
DAL2135-1777522630-fa-730p,2026-05-02T20:44:00,2026-05-02T20:51:00Z,7.0,5.0,0,0,2026-05-08T02:09:48.379561+00:00,DL2135,N3735D,DL,IAD,ATL
DAL988-1777522190-fa-423p,2026-05-02T20:32:00,2026-05-02T20:51:00Z,19.0,-4.0,0,0,2026-05-08T02:09:48.379561+00:00,DL988,N389DN,DL,LGA,ATL
DAL3127-1777523002-fa-5508p,2026-05-02T20:55:00,2026-05-02T20:50:00Z,-5.0,-2.0,0,0,2026-05-08T02:09:48.379561+00:00,DL3127,N892AT,DL,MLB,ATL
DAL1082-1777522045-fa-2001p,2026-05-02T20:55:00,2026-05-02T20:48:00Z,-7.0,-10.0,0,0,2026-05-08T02:09:48.379561+00:00,DL1082,N306DN,DL,BDL,ATL
DAL927-1777521921-fa-1968p,2026-05-02T20:59:00,2026-05-02T20:45:00Z,-14.0,3.0,0,0,2026-05-08T02:09:48.379561+00:00,DL927,N195DN,DL,LAS,ATL
AAL1802-1777527354-airline-1240p,2026-05-02T20:52:00,2026-05-02T20:44:00Z,-8.0,4.0,0,0,2026-05-08T02:09:48.379561+00:00,AA1802,N124AA,AA,LAX,ATL
DAL1757-1777522906-fa-4872p,2026-05-02T20:57:00,2026-05-02T20:44:00Z,-13.0,-3.0,0,0,2026-05-08T02:09:48.379561+00:00,DL1757,N6705Y,DL,SJU,ATL
DAL1752-1777522698-fa-4673p,2026-05-02T21:07:00,2026-05-02T20:43:00Z,-24.0,-13.0,0,0,2026-05-08T02:09:48.379561+00:00,DL1752,N922DZ,DL,AUA,ATL
DAL2818-1777522271-fa-624p,2026-05-02T11:35:00,2026-05-02T20:43:00Z,548.0,558.0,0,0,2026-05-08T02:09:48.379561+00:00,DL2818,N344NB,DL,ROA,ATL
DAL1472-1777522289-fa-742p,2026-05-02T20:49:00,2026-05-02T20:42:00Z,-7.0,6.0,0,0,2026-05-08T02:09:48.379561+00:00,DL1472,N301NB,DL,EYW,ATL
DAL409-1777522684-fa-378p,2026-05-02T20:56:00,2026-05-02T20:41:00Z,-15.0,-1.0,0,0,2026-05-08T02:09:48.379561+00:00,DL409,N830DN,DL,MSY,ATL
DAL1502-1777522514-fa-1113p,2026-05-02T20:27:00,2026-05-02T20:38:00Z,11.0,-1.0,0,0,2026-05-08T02:09:48.379561+00:00,DL1502,N501DN,DL,LAX,ATL
DAL576-1777522602-fa-4465p,2026-05-02T20:49:00,2026-05-02T20:38:00Z,-11.0,-3.0,0,0,2026-05-08T02:09:48.379561+00:00,DL576,N3750D,DL,MEX,ATL
DAL75-1777522450-fa-573p,2026-05-02T20:55:00,2026-05-02T20:37:00Z,-18.0,-3.0,0,0,2026-05-08T02:09:48.379561+00:00,DL75,N812NW,DL,AMS,ATL
DAL1381-1777522766-fa-447p,2026-05-02T20:48:00,2026-05-02T20:36:00Z,-12.0,0.0,0,0,2026-05-08T02:09:48.379561+00:00,DL1381,N917DU,DL,CHS,ATL
DAL322-1777522073-fa-3082p,2026-05-02T20:50:00,2026-05-02T20:35:00Z,-15.0,-20.0,0,0,2026-05-08T02:09:48.379561+00:00,DL322,N353DN,DL,BOS,ATL
DAL1248-1777522987-fa-875p,2026-05-02T20:43:00,2026-05-02T20:31:00Z,-12.0,-2.0,0,0,2026-05-08T02:09:48.379561+00:00,DL1248,N998AT,DL,MDT,ATL
DAL66-1777436198-fa-334p,2026-05-02T08:50:00,2026-05-02T09:01:00Z,11.0,-6.0,0,0,2026-05-08T02:05:18.576110+00:00,DL66,N401DZ,DL,ATL,FCO
DAL105-1777436183-fa-935p,2026-05-02T08:40:00,2026-05-02T08:29:00Z,-11.0,-4.0,0,0,2026-05-08T02:05:18.576110+00:00,DL105,N816NW,DL,ATL,GRU
DAL54-1777436193-fa-261p,2026-05-02T08:45:00,2026-05-02T08:11:00Z,-34.0,0.0,0,0,2026-05-08T02:05:18.576110+00:00,DL54,N854NW,DL,ATL,LOS
DAL222-1777436207-fa-1385p,2026-05-02T08:00:00,2026-05-02T08:10:00Z,10.0,4.0,0,0,2026-05-08T02:05:18.576110+00:00,DL222,N419DX,DL,ATL,ATH
DAL72-1777436186-fa-812p,2026-05-02T05:45:00,2026-05-02T07:40:00Z,115.0,136.0,0,0,2026-05-08T02:05:18.576110+00:00,DL72,N802NW,DL,ATL,AMS
VIR110-1777445740-airline-1040p,2026-05-02T07:50:00,2026-05-02T07:35:00Z,-15.0,-8.0,0,0,2026-05-08T02:05:18.576110+00:00,VS110,G-VLUV,VS,ATL,MAN
DAL176-1777435705-fa-651p,2026-05-02T07:45:00,2026-05-02T07:22:00Z,-23.0,-3.0,0,0,2026-05-08T02:05:18.576110+00:00,DL176,N826MH,DL,ATL,DUB
DAL192-1777435705-fa-125p,2026-05-02T06:55:00,2026-05-02T07:08:00Z,13.0,2.0,0,0,2026-05-08T02:05:18.576110+00:00,DL192,N838MH,DL,ATL,VCE
DAL174-1777435707-fa-685p,2026-05-02T07:25:00,2026-05-02T07:03:00Z,-22.0,-11.0,0,0,2026-05-08T02:05:18.576110+00:00,DL174,N842MH,DL,ATL,MXP
DAL14-1777436193-fa-723p,2026-05-02T06:55:00,2026-05-02T06:42:00Z,-13.0,-4.0,0,0,2026-05-08T02:05:18.576110+00:00,DL14,N851NW,DL,ATL,FRA
VIR104-1777445740-airline-1036p,2026-05-02T06:15:00,2026-05-02T06:21:00Z,6.0,-2.0,0,0,2026-05-08T02:05:18.576110+00:00,VS104,G-VLUX,VS,ATL,LHR
DAL130-1777435704-fa-349p,2026-05-02T06:25:00,2026-05-02T06:21:00Z,-4.0,-4.0,0,0,2026-05-08T02:05:18.576110+00:00,DL130,N834MH,DL,ATL,MUC
DAL30-1777435708-fa-522p,2026-05-02T05:25:00,2026-05-02T05:30:00Z,5.0,16.0,0,0,2026-05-08T02:05:18.576110+00:00,DL30,N845MH,DL,ATL,LHR
DAL140-1777435707-fa-1000p,2026-05-02T05:40:00,2026-05-02T05:26:00Z,-14.0,-7.0,0,0,2026-05-08T02:05:18.576110+00:00,DL140,N843MH,DL,ATL,BRU
DAL933-1777436441-fa-1079p,2026-05-02T04:45:00,2026-05-02T04:37:00Z,-8.0,-3.0,0,0,2026-05-08T02:05:18.576110+00:00,DL933,N952DZ,DL,ATL,SJC
AFR31-1777438112-airline-1606p,2026-05-02T04:50:00,2026-05-02T04:36:00Z,-14.0,-7.0,0,0,2026-05-08T02:05:18.576110+00:00,AF31,F-GSQV,AF,ATL,CDG
DAL687-1777436239-fa-847p,2026-05-02T04:31:00,2026-05-02T04:23:00Z,-8.0,-1.0,0,0,2026-05-08T02:05:18.576110+00:00,DL687,N375DA,DL,ATL,GEG
DAL731-1777435563-fa-1757p,2026-05-02T04:20:00,2026-05-02T04:16:00Z,-4.0,-3.0,0,0,2026-05-08T02:05:18.576110+00:00,DL731,N179DN,DL,ATL,SAN
DAL495-1777435581-fa-261p,2026-05-02T03:24:00,2026-05-02T04:03:00Z,39.0,14.0,0,0,2026-05-08T02:05:18.576110+00:00,DL495,N6709,DL,ATL,SFO
AAL1805-1777441433-airline-1271p,2026-05-02T02:16:00,2026-05-02T03:54:00Z,98.0,104.0,0,0,2026-05-08T02:05:18.576110+00:00,AA1805,N459AN,AA,ATL,PHX
SWA660-1777442806-airline-1557p,2026-05-02T03:30:00,2026-05-02T03:51:00Z,21.0,30.0,0,0,2026-05-08T02:05:18.576110+00:00,WN660,N8648A,WN,ATL,LAS
DAL919-1777435696-fa-330p,2026-05-02T02:56:00,2026-05-02T03:49:00Z,53.0,37.0,0,0,2026-05-08T02:05:18.576110+00:00,DL919,N837MH,DL,ATL,LAS
DAL301-1777436569-fa-1966p,2026-05-02T02:40:00,2026-05-02T03:47:00Z,67.0,48.0,0,0,2026-05-08T02:05:18.576110+00:00,DL301,N506DA,DL,ATL,LAX
DAL500-1777436229-fa-573p,2026-05-02T03:30:00,2026-05-02T03:37:00Z,7.0,-1.0,0,0,2026-05-08T02:05:18.576110+00:00,DL500,N527DN,DL,ATL,LAX
DAL1661-1777435767-fa-1015p,2026-05-02T02:11:00,2026-05-02T03:12:00Z,61.0,48.0,0,0,2026-05-08T02:05:18.576110+00:00,DL1661,N326DN,DL,ATL,PHX
ASA783-1777438236-airline-450p,2026-05-02T03:35:00,2026-05-02T03:11:00Z,-24.0,-6.0,0,0,2026-05-08T02:05:18.576110+00:00,AS783,N435AS,AS,ATL,PDX
DAL151-1777436189-fa-1175p,2026-05-02T02:55:00,2026-05-02T03:06:00Z,11.0,32.0,0,0,2026-05-08T02:05:18.576110+00:00,DL151,N825NW,DL,ATL,LIM
DAL517-1777436694-fa-1339p,2026-05-02T02:07:00,2026-05-02T03:03:00Z,56.0,49.0,0,0,2026-05-08T02:05:18.576110+00:00,DL517,N685DA,DL,ATL,SFO
DAL1861-1777436696-fa-928p,2026-05-02T03:13:00,2026-05-02T03:01:00Z,-12.0,-1.0,0,0,2026-05-08T02:05:18.576110+00:00,DL1861,N689DL,DL,ATL,SJU
DAL826-1777436656-fa-1381p,2026-05-02T02:47:00,2026-05-02T02:48:00Z,1.0,10.0,0,0,2026-05-08T02:05:18.576110+00:00,DL826,N557NW,DL,ATL,SNA
ASA263-1777442460-airline-1113p,2026-05-02T01:58:00,2026-05-02T02:29:00Z,31.0,30.0,0,0,2026-05-08T02:05:18.576110+00:00,AS263,N971AK,AS,ATL,SEA
DAL712-1777435931-fa-1292p,2026-05-02T01:39:00,2026-05-02T02:17:00Z,38.0,37.0,0,0,2026-05-08T02:05:18.576110+00:00,DL712,N395DZ,DL,ATL,SAN
DAL743-1777436386-fa-318p,2026-05-02T01:56:00,2026-05-02T02:10:00Z,14.0,7.0,0,0,2026-05-08T02:05:18.576110+00:00,DL743,N827DN,DL,ATL,SMF
SWA224-1777440277-airline-951p,2026-05-02T02:00:00,2026-05-02T01:58:00Z,-2.0,1.0,0,0,2026-05-08T02:05:18.576110+00:00,WN224,N8928Q,WN,ATL,DAL
DAL503-1777436492-fa-366p,2026-05-02T02:05:00,2026-05-02T01:58:00Z,-7.0,-5.0,0,0,2026-05-08T02:05:18.576110+00:00,DL503,N891DN,DL,ATL,PDX
UAL521-1777413351-fa-994p,2026-05-01T22:25:00,2026-05-02T01:57:00Z,212.0,208.0,0,0,2026-05-08T02:05:18.576110+00:00,UA521,N13750,UA,ATL,IAH
AAL1256-1777449966-airline-325p,2026-05-02T01:38:00,2026-05-02T01:56:00Z,18.0,0.0,0,0,2026-05-08T02:05:18.576110+00:00,AA1256,N164NN,AA,ATL,LAX
DAL2891-1777435746-fa-886p,2026-05-02T01:33:00,2026-05-02T01:55:00Z,22.0,-3.0,0,0,2026-05-08T02:05:18.576110+00:00,DL2891,N317DN,DL,ATL,ONT
DAL714-1777436488-fa-442p,2026-05-02T01:54:00,2026-05-02T01:49:00Z,-5.0,-1.0,0,0,2026-05-08T02:05:18.576110+00:00,DL714,N911DQ,DL,ATL,SEA
DAL2669-1777436344-fa-76p,2026-05-02T01:59:00,2026-05-02T01:42:00Z,-17.0,-12.0,0,0,2026-05-08T02:05:18.576110+00:00,DL2669,N397DA,DL,ATL,YYZ
UAL1046-1777421008-fa-255p,2026-05-02T01:28:00,2026-05-02T01:42:00Z,14.0,7.0,0,0,2026-05-08T02:05:18.576110+00:00,UA1046,N28457,UA,ATL,ORD
DAL1131-1777435758-fa-1812p,2026-05-02T00:33:00,2026-05-02T01:37:00Z,64.0,43.0,0,0,2026-05-08T02:05:18.576110+00:00,DL1131,N328DN,DL,ATL,IAH
DAL1616-1777436749-fa-432p,2026-05-02T02:03:00,2026-05-02T01:36:00Z,-27.0,-13.0,0,0,2026-05-08T02:05:18.576110+00:00,DL1616,N924AT,DL,ATL,HPN
DAL653-1777436627-fa-344p,2026-05-02T02:00:00,2026-05-02T01:36:00Z,-24.0,-7.0,0,0,2026-05-08T02:05:18.576110+00:00,DL653,N591DT,DL,ATL,SLC
FFT3014-1777443307-airline-2209p,2026-05-02T01:23:00,2026-05-02T01:33:00Z,10.0,12.0,0,0,2026-05-08T02:05:18.576110+00:00,F93014,N613FR,F9,ATL,FLL
DAL585-1777436280-fa-2211p,2026-05-02T01:40:00,2026-05-02T01:33:00Z,-7.0,-7.0,0,0,2026-05-08T02:05:18.576110+00:00,DL585,N3733Z,DL,ATL,MEX
FFT1269-1777444523-airline-2151p,2026-05-02T00:29:00,2026-05-02T01:32:00Z,63.0,80.0,0,0,2026-05-08T02:05:18.576110+00:00,F91269,N614FR,F9,ATL,DFW
RPA4582-1777442030-airline-1998p,2026-05-02T01:29:00,2026-05-02T01:29:00Z,0.0,12.0,0,0,2026-05-08T02:05:18.576110+00:00,YX4582,N135HQ,YX,ATL,LGA
JBU819-1777440180-airline-4842p,2026-05-02T01:30:00,2026-05-02T01:29:00Z,-1.0,-5.0,0,0,2026-05-08T02:05:18.576110+00:00,B6819,N709JB,B6,ATL,JFK
DAL2210-1777436488-fa-2143p,2026-05-02T01:39:00,2026-05-02T01:28:00Z,-11.0,-3.0,0,0,2026-05-08T02:05:18.576110+00:00,DL2210,N902DN,DL,ATL,GRR
DAL2894-1777435789-fa-1510p,2026-05-02T01:16:00,2026-05-02T01:28:00Z,12.0,-4.0,0,0,2026-05-08T02:05:18.576110+00:00,DL2894,N313DN,DL,ATL,ORD
DAL2707-1777436120-fa-268p,2026-05-02T01:29:00,2026-05-02T01:27:00Z,-2.0,-6.0,0,0,2026-05-08T02:05:18.576110+00:00,DL2707,N372NW,DL,ATL,OMA
DAL711-1777435878-fa-2072p,2026-05-02T01:27:00,2026-05-02T01:27:00Z,0.0,3.0,0,0,2026-05-08T02:05:18.576110+00:00,DL711,N334DN,DL,ATL,LAS
SWA1557-1777450060-airline-1331p,2026-05-02T01:35:00,2026-05-02T01:25:00Z,-10.0,-1.0,0,0,2026-05-08T02:05:18.576110+00:00,WN1557,N8983Q,WN,ATL,MDW
DAL1206-1777436554-fa-758p,2026-05-02T01:35:00,2026-05-02T01:25:00Z,-10.0,-6.0,0,0,2026-05-08T02:05:18.576110+00:00,DL1206,N958DZ,DL,ATL,MKE
DAL1130-1777436547-fa-106p,2026-05-02T01:10:00,2026-05-02T01:25:00Z,15.0,15.0,0,0,2026-05-08T02:05:18.576110+00:00,DL1130,N955DZ,DL,ATL,MCI
DAL2504-1777435834-fa-312p,2026-05-02T00:31:00,2026-05-02T01:22:00Z,51.0,66.0,0,0,2026-05-08T02:05:18.576110+00:00,DL2504,N331DN,DL,ATL,BDL
DAL325-1777436152-fa-1064p,2026-05-02T00:33:00,2026-05-02T01:18:00Z,45.0,45.0,0,0,2026-05-08T02:05:18.576110+00:00,DL325,N371NW,DL,ATL,DCA
NKS272-1777445708-airline-1243p,2026-05-02T01:03:00,2026-05-02T01:17:00Z,14.0,0.0,0,0,2026-05-08T02:05:18.576110+00:00,NK272,N669NK,NK,ATL,FLL
DAL1060-1777435714-fa-1457p,2026-05-02T00:46:00,2026-05-02T01:10:00Z,24.0,11.0,0,0,2026-05-08T02:05:18.576110+00:00,DL1060,N302DN,DL,ATL,AUS
DAL1309-1777436286-fa-761p,2026-05-02T01:05:00,2026-05-02T01:09:00Z,4.0,0.0,0,0,2026-05-08T02:05:18.576110+00:00,DL1309,N396DA,DL,ATL,IAD
DAL1450-1777436449-fa-1239p,2026-05-02T01:08:00,2026-05-02T01:02:00Z,-6.0,-9.0,0,0,2026-05-08T02:05:18.576110+00:00,DL1450,N889DN,DL,ATL,MSY
FFT1158-1777447888-airline-1736p,2026-05-02T01:29:00,2026-05-02T01:02:00Z,-27.0,1.0,0,0,2026-05-08T02:05:18.576110+00:00,F91158,N708FR,F9,ATL,EWR
DAL1478-1777435834-fa-394p,2026-05-02T00:18:00,2026-05-02T01:00:00Z,42.0,62.0,0,0,2026-05-08T02:05:18.576110+00:00,DL1478,N311DN,DL,ATL,DTW
FFT1403-1777444523-airline-2166p,2026-05-01T22:19:00,2026-05-02T01:00:00Z,161.0,148.0,0,0,2026-05-08T02:05:18.576110+00:00,F91403,N363FR,F9,ATL,IAH
DAL2928-1777435831-fa-1502p,2026-05-02T00:17:00,2026-05-02T00:58:00Z,41.0,44.0,0,0,2026-05-08T02:05:18.576110+00:00,DL2928,N358DN,DL,ATL,BWI
DAL1939-1777436284-fa-267p,2026-05-02T01:15:00,2026-05-02T00:58:00Z,-17.0,-5.0,0,0,2026-05-08T02:05:18.576110+00:00,DL1939,N3735D,DL,ATL,CUN
DAL2050-1777435677-fa-58p,2026-05-01T22:35:00,2026-05-02T00:57:00Z,142.0,142.0,0,0,2026-05-08T02:05:18.576110+00:00,DL2050,N101DQ,DL,ATL,BUF
DAL836-1777435933-fa-1484p,2026-05-02T00:40:00,2026-05-02T00:55:00Z,15.0,-1.0,0,0,2026-05-08T02:05:18.576110+00:00,DL836,N105DX,DL,ATL,PHX
DAL2065-1777435794-fa-181p,2026-05-02T00:53:00,2026-05-02T00:54:00Z,1.0,-2.0,0,0,2026-05-08T02:05:18.576110+00:00,DL2065,N346DN,DL,ATL,PHL
DAL1588-1777435586-fa-428p,2026-05-02T00:48:00,2026-05-02T00:52:00Z,4.0,4.0,0,0,2026-05-08T02:05:18.576110+00:00,DL1588,N6707A,DL,ATL,MIA
JIA5313-1777448440-airline-1593p,2026-05-02T01:09:00,2026-05-02T00:49:00Z,-20.0,2.0,0,0,2026-05-08T02:05:18.576110+00:00,OH5313,N590NN,OH,ATL,PHL
FFT3458-1777443307-airline-2301p,2026-05-02T00:59:00,2026-05-02T00:49:00Z,-10.0,8.0,0,0,2026-05-08T02:05:18.576110+00:00,F93458,N621FR,F9,ATL,LGA
DAL1906-1777436260-fa-3403p,2026-05-02T01:00:00,2026-05-02T00:49:00Z,-11.0,0.0,0,0,2026-05-08T02:05:18.576110+00:00,DL1906,N3765,DL,ATL,KIN
DAL2494-1777436328-fa-317p,2026-05-02T00:36:00,2026-05-02T00:48:00Z,12.0,6.0,0,0,2026-05-08T02:05:18.576110+00:00,DL2494,N3772H,DL,ATL,ECP
DAL790-1777436742-fa-85p,2026-05-02T00:51:00,2026-05-02T00:47:00Z,-4.0,-3.0,0,0,2026-05-08T02:05:18.576110+00:00,DL790,N906AT,DL,ATL,BNA
DAL1457-1777436658-fa-208p,2026-05-02T00:50:00,2026-05-02T00:46:00Z,-4.0,3.0,0,0,2026-05-08T02:05:18.576110+00:00,DL1457,N659DL,DL,ATL,TPA
DAL2784-1777436072-fa-515p,2026-05-02T00:30:00,2026-05-02T00:44:00Z,14.0,19.0,0,0,2026-05-08T02:05:18.576110+00:00,DL2784,N375NC,DL,ATL,OKC
DAL1518-1777436517-fa-2136p,2026-05-02T00:57:00,2026-05-02T00:42:00Z,-15.0,-4.0,0,0,2026-05-08T02:05:18.576110+00:00,DL1518,N931DQ,DL,ATL,RDU
DAL2881-1777436683-fa-196p,2026-05-02T00:53:00,2026-05-02T00:42:00Z,-11.0,-2.0,0,0,2026-05-08T02:05:18.576110+00:00,DL2881,N6716C,DL,ATL,MCO
DAL2498-1777436485-fa-1167p,2026-05-02T00:59:00,2026-05-02T00:42:00Z,-17.0,-8.0,0,0,2026-05-08T02:05:18.576110+00:00,DL2498,N909DN,DL,ATL,EWR
JBU1697-1777440400-airline-845p,2026-05-02T00:03:00,2026-05-02T00:40:00Z,37.0,10.0,0,0,2026-05-08T02:05:18.576110+00:00,B61697,N3272J,B6,ATL,FLL
DAL1473-1777436764-fa-564p,2026-05-02T00:49:00,2026-05-02T00:38:00Z,-11.0,-5.0,0,0,2026-05-08T02:05:18.576110+00:00,DL1473,N925AT,DL,ATL,GSO
DAL2493-1777436556-fa-823p,2026-05-02T00:41:00,2026-05-02T00:36:00Z,-5.0,-6.0,0,0,2026-05-08T02:05:18.576110+00:00,DL2493,N960DZ,DL,ATL,CHS
FFT4036-1777443307-airline-2366p,2026-05-02T00:54:00,2026-05-02T00:35:00Z,-19.0,9.0,0,0,2026-05-08T02:05:18.576110+00:00,F94036,N622FR,F9,ATL,CLE
FFT2291-1777443307-airline-2083p,2026-05-02T00:31:00,2026-05-02T00:34:00Z,3.0,15.0,0,0,2026-05-08T02:05:18.576110+00:00,F92291,N341FR,F9,ATL,MDW
DAL2015-1777436745-fa-1047p,2026-05-02T00:41:00,2026-05-02T00:33:00Z,-8.0,-4.0,0,0,2026-05-08T02:05:18.576110+00:00,DL2015,N947AT,DL,ATL,AVL
DAL2425-1777436436-fa-352p,2026-05-02T00:53:00,2026-05-02T00:33:00Z,-20.0,-6.0,0,0,2026-05-08T02:05:18.576110+00:00,DL2425,N843DN,DL,ATL,SAV
DAL2984-1777436486-fa-332p,2026-05-02T00:32:00,2026-05-02T00:30:00Z,-2.0,-1.0,0,0,2026-05-08T02:05:18.576110+00:00,DL2984,N870DN,DL,ATL,ORF
DAL1058-1777435837-fa-590p,2026-05-02T00:34:00,2026-05-02T00:29:00Z,-5.0,-4.0,0,0,2026-05-08T02:05:18.576110+00:00,DL1058,N349DX,DL,ATL,PBI
UAL235-1777421079-fa-2262p,2026-05-02T00:10:00,2026-05-02T00:29:00Z,19.0,34.0,0,0,2026-05-08T02:05:18.576110+00:00,UA235,N37277,UA,ATL,DEN
DAL3093-1777436454-fa-574p,2026-05-02T00:39:00,2026-05-02T00:28:00Z,-11.0,-6.0,0,0,2026-05-08T02:05:18.576110+00:00,DL3093,N885DN,DL,ATL,SDF
NKS2410-1777445708-airline-1170p,2026-05-02T00:03:00,2026-05-02T00:28:00Z,25.0,35.0,0,0,2026-05-08T02:05:18.576110+00:00,NK2410,N644NK,NK,ATL,MCO
FFT2050-1777443307-airline-2033p,2026-05-02T00:36:00,2026-05-02T00:28:00Z,-8.0,2.0,0,0,2026-05-08T02:05:18.576110+00:00,F92050,N624FR,F9,ATL,MCO
DAL1670-1777435869-fa-257p,2026-05-01T23:34:00,2026-05-02T00:28:00Z,54.0,28.0,0,0,2026-05-08T02:05:18.576110+00:00,DL1670,N314DN,DL,ATL,FLL
SWA9001-1777646034-sw-85p,2026-05-02T00:45:00,2026-05-02T00:25:00Z,-20.0,0.0,0,0,2026-05-08T02:05:18.576110+00:00,WN9001,N7880D,WN,ATL,BWI
DAL1791-1777436692-fa-1881p,2026-05-02T00:24:00,2026-05-02T00:23:00Z,-1.0,-3.0,0,0,2026-05-08T02:05:18.576110+00:00,DL1791,N6710E,DL,ATL,SJU
FFT1305-1777447888-airline-1771p,2026-05-02T00:10:00,2026-05-02T00:21:00Z,11.0,0.0,0,0,2026-05-08T02:06:42.769794+00:00,F91305,N671FR,F9,BDL,ATL
ACA1573-1777441057-airline-791p,2026-05-02T00:12:00,2026-05-02T00:18:00Z,6.0,-13.0,0,0,2026-05-08T02:06:42.769794+00:00,AC1573,C-GMYU,AC,YUL,ATL
DAL2241-1777436753-fa-1246p,2026-05-02T00:16:00,2026-05-02T00:17:00Z,1.0,-5.0,0,0,2026-05-08T02:05:18.576110+00:00,DL2241,N895AT,DL,ATL,TLH
DAL3120-1777436350-fa-327p,2026-05-02T00:30:00,2026-05-02T00:17:00Z,-13.0,-6.0,0,0,2026-05-08T02:05:18.576110+00:00,DL3120,N801DZ,DL,ATL,IND
DAL2035-1777436651-fa-908p,2026-05-01T23:46:00,2026-05-02T00:17:00Z,31.0,37.0,0,0,2026-05-08T02:05:18.576110+00:00,DL2035,N583NW,DL,ATL,MCO
DAL821-1777435807-fa-1318p,2026-05-02T00:38:00,2026-05-02T00:15:00Z,-23.0,0.0,0,0,2026-05-08T02:05:18.576110+00:00,DL821,N320DN,DL,ATL,BOS
FFT2198-1777443307-airline-2063p,2026-05-01T23:54:00,2026-05-02T00:14:00Z,20.0,-5.0,0,0,2026-05-08T02:06:42.769794+00:00,F92198,N721FR,F9,ORD,ATL
DAL3171-1777436748-fa-201p,2026-05-02T00:16:00,2026-05-02T00:13:00Z,-3.0,11.0,0,0,2026-05-08T02:05:18.576110+00:00,DL3171,N939AT,DL,ATL,HSV
DAL693-1777436343-fa-358p,2026-05-02T00:32:00,2026-05-02T00:13:00Z,-19.0,-8.0,0,0,2026-05-08T02:05:18.576110+00:00,DL693,N377DE,DL,ATL,CMH
DAL1503-1777436260-fa-3400p,2026-05-02T00:15:00,2026-05-02T00:12:00Z,-3.0,4.0,0,0,2026-05-08T02:05:18.576110+00:00,DL1503,N383DN,DL,ATL,CVG
DAL2378-1777436707-fa-4317p,2026-05-02T00:30:00,2026-05-02T00:10:00Z,-20.0,6.0,0,0,2026-05-08T02:05:18.576110+00:00,DL2378,N722TW,DL,ATL,JFK
DAL434-1777435648-fa-967p,2026-05-02T00:14:00,2026-05-02T00:10:00Z,-4.0,-1.0,0,0,2026-05-08T02:05:18.576110+00:00,DL434,N378DN,DL,ATL,LGA
SWA857-1777449776-airline-1401p,2026-05-01T23:30:00,2026-05-02T00:09:00Z,39.0,36.0,0,0,2026-05-08T02:05:18.576110+00:00,WN857,N8550Q,WN,ATL,DAL
AAL2737-1777447517-airline-620p,2026-05-02T00:07:00,2026-05-02T00:09:00Z,2.0,-12.0,0,0,2026-05-08T02:05:18.576110+00:00,AA2737,N9029F,AA,ATL,ORD
SWA3331-1777442371-airline-1404p,2026-05-01T22:25:00,2026-05-02T00:07:00Z,102.0,123.0,0,0,2026-05-08T02:05:18.576110+00:00,WN3331,N473WN,WN,ATL,BWI
DAL2654-1777435765-fa-577p,2026-05-02T00:07:00,2026-05-02T00:07:00Z,0.0,20.0,0,0,2026-05-08T02:05:18.576110+00:00,DL2654,N340DN,DL,ATL,MSP
EDV5508-1777438588-airline-1875p,2026-05-02T00:39:00,2026-05-02T00:07:00Z,-32.0,-14.0,0,0,2026-05-08T02:06:42.769794+00:00,9E5508,N133EV,9E,TRI,ATL
DAL2132-1777436752-fa-193p,2026-05-02T00:16:00,2026-05-02T00:05:00Z,-11.0,-4.0,0,0,2026-05-08T02:05:18.576110+00:00,DL2132,N930AT,DL,ATL,CLT
DAL1987-1777436249-fa-119p,2026-05-02T00:34:00,2026-05-02T00:05:00Z,-29.0,-9.0,0,0,2026-05-08T02:06:42.769794+00:00,DL1987,N387DA,DL,MBJ,ATL
DAL874-1777436477-fa-367p,2026-05-02T00:28:00,2026-05-02T00:05:00Z,-23.0,-11.0,0,0,2026-05-08T02:06:42.769794+00:00,DL874,N858DZ,DL,BOI,ATL
DAL2879-1777436449-fa-689p,2026-05-01T23:35:00,2026-05-02T00:04:00Z,29.0,1.0,0,0,2026-05-08T02:05:18.576110+00:00,DL2879,N831DN,DL,ATL,ORD
DAL1214-1777436712-fa-279p,2026-05-02T00:16:00,2026-05-02T00:04:00Z,-12.0,-1.0,0,0,2026-05-08T02:06:42.769794+00:00,DL1214,N698DL,DL,RIC,ATL
EDV5368-1777431901-fa-2138p,2026-05-02T00:04:00,2026-05-02T00:03:00Z,-1.0,-6.0,0,0,2026-05-08T02:05:18.576110+00:00,9E5368,N398CA,9E,ATL,ABY
DAL466-1777435584-fa-53p,2026-05-02T00:32:00,2026-05-02T00:03:00Z,-29.0,-1.0,0,0,2026-05-08T02:06:42.769794+00:00,DL466,N821DX,DL,LAS,ATL
DAL1700-1777436529-fa-770p,2026-05-02T00:27:00,2026-05-02T00:03:00Z,-24.0,-5.0,0,0,2026-05-08T02:06:42.769794+00:00,DL1700,N946DZ,DL,MEM,ATL
EDV5002-1777419670-fa-1854p,2026-05-02T00:35:00,2026-05-02T00:02:00Z,-33.0,-10.0,0,0,2026-05-08T02:06:42.769794+00:00,9E5002,N354CA,9E,FAY,ATL
AAL1811-1777441433-airline-1278p,2026-05-01T21:34:00,2026-05-02T00:02:00Z,148.0,150.0,0,0,2026-05-08T02:06:42.769794+00:00,AA1811,N355PU,AA,DFW,ATL
EDV5115-1777438651-airline-924p,2026-05-02T00:34:00,2026-05-02T00:01:00Z,-33.0,-14.0,0,0,2026-05-08T02:06:42.769794+00:00,9E5115,N299PQ,9E,EVV,ATL
DAL2319-1777436264-fa-968p,2026-05-02T00:02:00,2026-05-01T23:59:00Z,-3.0,-3.0,0,0,2026-05-08T02:05:18.576110+00:00,DL2319,N378DA,DL,ATL,GSP
DAL3158-1777436760-fa-495p,2026-05-02T00:19:00,2026-05-01T23:59:00Z,-20.0,-4.0,0,0,2026-05-08T02:06:42.769794+00:00,DL3158,N944AT,DL,CLT,ATL
AAL1810-1777441433-airline-1275p,2026-05-01T23:15:00,2026-05-01T23:57:00Z,42.0,39.0,0,0,2026-05-08T02:05:18.576110+00:00,AA1810,N913US,AA,ATL,DFW
DAL2104-1777435780-fa-5825p,2026-05-01T22:53:00,2026-05-01T23:57:00Z,64.0,62.0,0,0,2026-05-08T02:06:42.769794+00:00,DL2104,N321DH,DL,AUS,ATL
DAL904-1777436371-fa-815p,2026-05-01T23:57:00,2026-05-01T23:57:00Z,0.0,12.0,0,0,2026-05-08T02:06:42.769794+00:00,DL904,N817DN,DL,SMF,ATL
DAL2600-1777436519-fa-670p,2026-05-01T23:44:00,2026-05-01T23:57:00Z,13.0,18.0,0,0,2026-05-08T02:06:42.769794+00:00,DL2600,N939DZ,DL,RDU,ATL
EDV5247-1777441651-airline-1574p,2026-05-01T23:05:00,2026-05-01T23:56:00Z,51.0,56.0,0,0,2026-05-08T02:05:18.576110+00:00,9E5247,N176PQ,9E,ATL,ROA
DAL1695-1777436259-fa-2835p,2026-05-01T23:22:00,2026-05-01T23:55:00Z,33.0,49.0,0,0,2026-05-08T02:06:42.769794+00:00,DL1695,N377DA,DL,IAD,ATL
EDV5185-1777438651-airline-934p,2026-05-02T00:27:00,2026-05-01T23:55:00Z,-32.0,-11.0,0,0,2026-05-08T02:06:42.769794+00:00,9E5185,N376CA,9E,MLU,ATL
DAL962-1777436446-fa-2248p,2026-05-02T00:20:00,2026-05-01T23:55:00Z,-25.0,-4.0,0,0,2026-05-08T02:06:42.769794+00:00,DL962,N905DN,DL,JFK,ATL
UAL2247-1777432296-fa-1956p,2026-05-01T23:37:00,2026-05-01T23:54:00Z,17.0,-6.0,0,0,2026-05-08T02:05:18.576110+00:00,UA2247,N889UA,UA,ATL,EWR
DAL3146-1777436401-fa-1563p,2026-05-01T23:53:00,2026-05-01T23:54:00Z,1.0,6.0,0,0,2026-05-08T02:06:42.769794+00:00,DL3146,N894DN,DL,MSY,ATL
DAL1458-1777435843-fa-811p,2026-05-02T00:22:00,2026-05-01T23:54:00Z,-28.0,-6.0,0,0,2026-05-08T02:06:42.769794+00:00,DL1458,N352DN,DL,PBI,ATL
DAL787-1777436272-fa-386p,2026-05-01T23:59:00,2026-05-01T23:54:00Z,-5.0,-6.0,0,0,2026-05-08T02:06:42.769794+00:00,DL787,N381DN,DL,GEG,ATL
DAL1347-1777436739-fa-1141p,2026-05-02T00:16:00,2026-05-01T23:53:00Z,-23.0,-6.0,0,0,2026-05-08T02:06:42.769794+00:00,DL1347,N967AT,DL,LIT,ATL
DAL1660-1777436548-fa-3509p,2026-05-02T00:23:00,2026-05-01T23:52:00Z,-31.0,-5.0,0,0,2026-05-08T02:06:42.769794+00:00,DL1660,N956DZ,DL,MCI,ATL
DAL436-1777436156-fa-200p,2026-05-02T00:04:00,2026-05-01T23:51:00Z,-13.0,-4.0,0,0,2026-05-08T02:05:18.576110+00:00,DL436,N325US,DL,ATL,DFW
DAL1956-1777436405-fa-1281p,2026-05-02T00:29:00,2026-05-01T23:51:00Z,-38.0,-19.0,0,0,2026-05-08T02:06:42.769794+00:00,DL1956,N857DZ,DL,NAS,ATL
EDV4958-1777415538-fa-2119p,2026-05-02T00:11:00,2026-05-01T23:51:00Z,-20.0,-7.0,0,0,2026-05-08T02:06:42.769794+00:00,9E4958,N331CA,9E,MLI,ATL
DAL1490-1777436555-fa-523p,2026-05-01T23:35:00,2026-05-01T23:50:00Z,15.0,-2.0,0,0,2026-05-08T02:05:18.576110+00:00,DL1490,N959DZ,DL,ATL,BNA
SWA3053-1777442371-airline-1127p,2026-05-01T23:59:00,2026-05-01T23:49:00Z,-10.0,1.0,0,0,2026-05-08T02:05:18.576110+00:00,WN3053,N8527Q,WN,ATL,MCO
DAL950-1777436111-fa-1201p,2026-05-01T22:36:00,2026-05-01T23:49:00Z,73.0,57.0,0,0,2026-05-08T02:05:18.576110+00:00,DL950,N354NW,DL,ATL,DCA
EDV5266-1777430677-fa-325p,2026-05-01T23:52:00,2026-05-01T23:49:00Z,-3.0,13.0,0,0,2026-05-08T02:06:42.769794+00:00,9E5266,N606LR,9E,CHO,ATL
DAL1325-1777436754-fa-339p,2026-05-01T23:49:00,2026-05-01T23:49:00Z,0.0,-2.0,0,0,2026-05-08T02:06:42.769794+00:00,DL1325,N957AT,DL,TUL,ATL
DAL2803-1777436747-fa-163p,2026-05-01T23:40:00,2026-05-01T23:48:00Z,8.0,19.0,0,0,2026-05-08T02:05:18.576110+00:00,DL2803,N923AT,DL,ATL,VPS
DAL1785-1777436658-fa-209p,2026-05-02T00:27:00,2026-05-01T23:48:00Z,-39.0,-13.0,0,0,2026-05-08T02:06:42.769794+00:00,DL1785,N684DA,DL,UVF,ATL
DAL1028-1777435581-fa-259p,2026-05-02T00:04:00,2026-05-01T23:47:00Z,-17.0,-2.0,0,0,2026-05-08T02:06:42.769794+00:00,DL1028,N697DL,DL,MSP,ATL
DAL665-1777435784-fa-1388p,2026-05-01T23:59:00,2026-05-01T23:47:00Z,-12.0,0.0,0,0,2026-05-08T02:06:42.769794+00:00,DL665,N323DN,DL,ONT,ATL
DAL850-1777436112-fa-1200p,2026-05-02T00:01:00,2026-05-01T23:46:00Z,-15.0,-2.0,0,0,2026-05-08T02:06:42.769794+00:00,DL850,N358NW,DL,DCA,ATL
DAL3044-1777436756-fa-2900p,2026-05-01T23:57:00,2026-05-01T23:44:00Z,-13.0,-6.0,0,0,2026-05-08T02:05:18.576110+00:00,DL3044,N919AT,DL,ATL,BHM
EDV5059-1777430537-fa-989p,2026-05-01T23:27:00,2026-05-01T23:44:00Z,17.0,-2.0,0,0,2026-05-08T02:05:18.576110+00:00,9E5059,N319PQ,9E,ATL,BTR
DAL3112-1777436515-fa-1586p,2026-05-02T00:08:00,2026-05-01T23:44:00Z,-24.0,-3.0,0,0,2026-05-08T02:06:42.769794+00:00,DL3112,N937DZ,DL,SAV,ATL
DAL554-1777436395-fa-1585p,2026-05-01T22:54:00,2026-05-01T23:43:00Z,49.0,36.0,0,0,2026-05-08T02:06:42.769794+00:00,DL554,N941DZ,DL,SEA,ATL
FFT4211-1777448530-airline-93p,2026-05-01T22:16:00,2026-05-01T23:42:00Z,86.0,67.0,0,0,2026-05-08T02:05:18.576110+00:00,F94211,N385FR,F9,ATL,AUS
DAL1848-1777436404-fa-5518p,2026-05-01T23:23:00,2026-05-01T23:42:00Z,19.0,39.0,0,0,2026-05-08T02:06:42.769794+00:00,DL1848,N813DN,DL,SJD,ATL
FFT2871-1777443307-airline-2194p,2026-05-01T23:45:00,2026-05-01T23:42:00Z,-3.0,8.0,0,0,2026-05-08T02:06:42.769794+00:00,F92871,N639FR,F9,SJU,ATL
DAL3042-1777436755-fa-47p,2026-05-02T00:13:00,2026-05-01T23:41:00Z,-32.0,-9.0,0,0,2026-05-08T02:06:42.769794+00:00,DL3042,N983AT,DL,TYS,ATL
UAL2081-1777421118-fa-1404p,2026-05-01T23:21:00,2026-05-01T23:41:00Z,20.0,32.0,0,0,2026-05-08T02:06:42.769794+00:00,UA2081,N68822,UA,IAD,ATL
SKW4033-1777439213-airline-1384p,2026-05-01T22:57:00,2026-05-01T23:40:00Z,43.0,50.0,0,0,2026-05-08T02:06:42.769794+00:00,OO4033,N281SY,OO,SBN,ATL
SWA286-1777440091-airline-1706p,2026-05-01T23:20:00,2026-05-01T23:39:00Z,19.0,23.0,0,0,2026-05-08T02:05:18.576110+00:00,WN286,N8923Q,WN,ATL,TPA
DAL3143-1777436753-fa-1262p,2026-05-01T22:24:00,2026-05-01T23:39:00Z,75.0,96.0,0,0,2026-05-08T02:06:42.769794+00:00,DL3143,N966AT,DL,LEX,ATL
SKW5703-1777441775-airline-1137p,2026-05-01T23:54:00,2026-05-01T23:39:00Z,-15.0,-4.0,0,0,2026-05-08T02:06:42.769794+00:00,OO5703,N106SY,OO,ORD,ATL
DAL3132-1777436533-fa-922p,2026-05-01T23:17:00,2026-05-01T23:38:00Z,21.0,21.0,0,0,2026-05-08T02:05:18.576110+00:00,DL3132,N947DZ,DL,ATL,MSY
SWA203-1777440277-airline-674p,2026-05-01T23:40:00,2026-05-01T23:38:00Z,-2.0,7.0,0,0,2026-05-08T02:05:18.576110+00:00,WN203,N499WN,WN,ATL,AUS
DAL2815-1777435968-fa-545p,2026-05-01T23:40:00,2026-05-01T23:37:00Z,-3.0,7.0,0,0,2026-05-08T02:05:18.576110+00:00,DL2815,N301NB,DL,ATL,EYW
DAL3109-1777436393-fa-1718p,2026-05-02T00:09:00,2026-05-01T23:37:00Z,-32.0,-6.0,0,0,2026-05-08T02:06:42.769794+00:00,DL3109,N845DN,DL,SRQ,ATL
AAL1855-1777441433-airline-1333p,2026-05-01T23:27:00,2026-05-01T23:37:00Z,10.0,25.0,0,0,2026-05-08T02:06:42.769794+00:00,AA1855,N772XF,AA,ORD,ATL
DAL1516-1777436367-fa-202p,2026-05-01T23:53:00,2026-05-01T23:37:00Z,-16.0,-4.0,0,0,2026-05-08T02:06:42.769794+00:00,DL1516,N826DN,DL,CVG,ATL
EDV5314-1777417602-fa-298p,2026-05-01T23:47:00,2026-05-01T23:37:00Z,-10.0,-1.0,0,0,2026-05-08T02:06:42.769794+00:00,9E5314,N379CA,9E,AEX,ATL
DAL785-1777436568-fa-2224p,2026-05-01T23:48:00,2026-05-01T23:36:00Z,-12.0,0.0,0,0,2026-05-08T02:06:42.769794+00:00,DL785,N504DZ,DL,SFO,ATL
DAL1533-1777436743-fa-1654p,2026-05-01T23:30:00,2026-05-01T23:35:00Z,5.0,20.0,0,0,2026-05-08T02:06:42.769794+00:00,DL1533,N927AT,DL,BHM,ATL
SWA1777-1777450060-airline-1609p,2026-05-01T23:25:00,2026-05-01T23:35:00Z,10.0,26.0,0,0,2026-05-08T02:06:42.769794+00:00,WN1777,N8808Q,WN,DEN,ATL
FFT2898-1777443307-airline-2200p,2026-05-01T23:53:00,2026-05-01T23:33:00Z,-20.0,0.0,0,0,2026-05-08T02:05:18.576110+00:00,F92898,N675FR,F9,ATL,DTW
DAL796-1777436657-fa-845p,2026-05-01T23:29:00,2026-05-01T23:33:00Z,4.0,24.0,0,0,2026-05-08T02:06:42.769794+00:00,DL796,N550NW,DL,PHX,ATL
DAL1497-1777436710-fa-153p,2026-05-01T22:45:00,2026-05-01T23:32:00Z,47.0,54.0,0,0,2026-05-08T02:05:18.576110+00:00,DL1497,N6712B,DL,ATL,MCO
DAL1278-1777436745-fa-1049p,2026-05-01T23:24:00,2026-05-01T23:32:00Z,8.0,26.0,0,0,2026-05-08T02:06:42.769794+00:00,DL1278,N952AT,DL,JAN,ATL
DAL1978-1777435582-fa-278p,2026-05-01T23:39:00,2026-05-01T23:31:00Z,-8.0,-1.0,0,0,2026-05-08T02:06:42.769794+00:00,DL1978,N556NW,DL,SAL,ATL
DAL1235-1777436755-fa-35p,2026-05-01T23:10:00,2026-05-01T23:30:00Z,20.0,31.0,0,0,2026-05-08T02:05:18.576110+00:00,DL1235,N965AT,DL,ATL,LEX
AAL1796-1777441433-airline-1260p,2026-05-01T22:55:00,2026-05-01T23:30:00Z,35.0,51.0,0,0,2026-05-08T02:05:18.576110+00:00,AA1796,N9021H,AA,ATL,MIA
DAL3032-1777436752-fa-199p,2026-05-01T22:57:00,2026-05-01T23:30:00Z,33.0,52.0,0,0,2026-05-08T02:06:42.769794+00:00,DL3032,N990AT,DL,CAE,ATL
NKS261-1777445708-airline-1216p,2026-05-01T23:32:00,2026-05-01T23:28:00Z,-4.0,-2.0,0,0,2026-05-08T02:06:42.769794+00:00,NK261,N667NK,NK,TPA,ATL
EDV5537-1777442865-airline-395p,2026-05-01T23:28:00,2026-05-01T23:28:00Z,0.0,15.0,0,0,2026-05-08T02:06:42.769794+00:00,9E5537,N928XJ,9E,AGS,ATL
EDV5374-1777416297-fa-1954p,2026-05-01T23:30:00,2026-05-01T23:27:00Z,-3.0,-1.0,0,0,2026-05-08T02:06:42.769794+00:00,9E5374,N316PQ,9E,CSG,ATL
DAL1758-1777436433-fa-825p,2026-05-01T23:39:00,2026-05-01T23:27:00Z,-12.0,-2.0,0,0,2026-05-08T02:06:42.769794+00:00,DL1758,N828DN,DL,PTY,ATL
DAL1836-1777435821-fa-1206p,2026-05-01T23:50:00,2026-05-01T23:27:00Z,-23.0,-7.0,0,0,2026-05-08T02:06:42.769794+00:00,DL1836,N337DN,DL,PUJ,ATL
DAL2266-1777435796-fa-714p,2026-05-01T22:54:00,2026-05-01T23:27:00Z,33.0,28.0,0,0,2026-05-08T02:06:42.769794+00:00,DL2266,N306DN,DL,BUF,ATL
DAL2211-1777436753-fa-1264p,2026-05-01T23:40:00,2026-05-01T23:24:00Z,-16.0,-2.0,0,0,2026-05-08T02:06:42.769794+00:00,DL2211,N959AT,DL,PNS,ATL
FFT152-1777443307-airline-1919p,2026-05-01T23:55:00,2026-05-01T23:24:00Z,-31.0,-11.0,0,0,2026-05-08T02:06:42.769794+00:00,F9152,N702FR,F9,CUN,ATL
EDV5203-1777438588-airline-1878p,2026-05-01T23:35:00,2026-05-01T23:23:00Z,-12.0,-7.0,0,0,2026-05-08T02:05:18.576110+00:00,9E5203,N901XJ,9E,ATL,TYS
DAL832-1777436094-fa-62p,2026-05-01T23:34:00,2026-05-01T23:23:00Z,-11.0,-2.0,0,0,2026-05-08T02:05:18.576110+00:00,DL832,N361NW,DL,ATL,DCA
DAL2131-1777435868-fa-495p,2026-05-01T23:30:00,2026-05-01T23:23:00Z,-7.0,-1.0,0,0,2026-05-08T02:06:42.769794+00:00,DL2131,N315DN,DL,PHL,ATL
DAL759-1777435849-fa-264p,2026-05-01T23:38:00,2026-05-01T23:22:00Z,-16.0,-3.0,0,0,2026-05-08T02:06:42.769794+00:00,DL759,N329DN,DL,TPA,ATL
JIA5067-1777444617-airline-1277p,2026-05-01T23:31:00,2026-05-01T23:22:00Z,-9.0,-2.0,0,0,2026-05-08T02:06:42.769794+00:00,OH5067,N635NN,OH,CLT,ATL
DAL1435-1777436443-fa-304p,2026-05-01T23:30:00,2026-05-01T23:21:00Z,-9.0,-6.0,0,0,2026-05-08T02:06:42.769794+00:00,DL1435,N888DU,DL,BWI,ATL
DAL879-1777436459-fa-784p,2026-05-01T23:30:00,2026-05-01T23:21:00Z,-9.0,-7.0,0,0,2026-05-08T02:06:42.769794+00:00,DL879,N851DN,DL,PDX,ATL
DAL3063-1777436751-fa-240p,2026-05-01T22:09:00,2026-05-01T23:20:00Z,71.0,76.0,0,0,2026-05-08T02:05:18.576110+00:00,DL3063,N960AT,DL,ATL,GPT
DAL2862-1777436092-fa-842p,2026-05-01T22:04:00,2026-05-01T23:19:00Z,75.0,69.0,0,0,2026-05-08T02:05:18.576110+00:00,DL2862,N348NW,DL,ATL,OKC
NKS2407-1777445708-airline-1167p,2026-05-01T22:50:00,2026-05-01T23:18:00Z,28.0,33.0,0,0,2026-05-08T02:06:42.769794+00:00,NK2407,N741NK,NK,FLL,ATL
JZA8508-1777442087-airline-641p,2026-05-01T23:16:00,2026-05-01T23:17:00Z,1.0,0.0,0,0,2026-05-08T02:05:18.576110+00:00,QK8508,C-FEJB,QK,ATL,YYZ
DAL1756-1777436683-fa-864p,2026-05-01T23:35:00,2026-05-01T23:17:00Z,-18.0,-6.0,0,0,2026-05-08T02:06:42.769794+00:00,DL1756,N693DL,DL,SJO,ATL
EDV5377-1777413312-fa-338p,2026-05-01T22:43:00,2026-05-01T23:16:00Z,33.0,35.0,0,0,2026-05-08T02:05:18.576110+00:00,9E5377,N909XJ,9E,ATL,DHN
DAL1506-1777436334-fa-1678p,2026-05-01T23:26:00,2026-05-01T23:16:00Z,-10.0,7.0,0,0,2026-05-08T02:06:42.769794+00:00,DL1506,N3773D,DL,VPS,ATL
EDV5281-1777435589-fa-1770p,2026-05-01T23:26:00,2026-05-01T23:15:00Z,-11.0,2.0,0,0,2026-05-08T02:06:42.769794+00:00,9E5281,N601LR,9E,CHA,ATL
DAL37-1777435701-fa-1052p,2026-05-01T23:40:00,2026-05-01T23:15:00Z,-25.0,-1.0,0,0,2026-05-08T02:06:42.769794+00:00,DL37,N830MH,DL,LHR,ATL
EDV5193-1777430749-fa-784p,2026-05-01T23:23:00,2026-05-01T23:14:00Z,-9.0,-10.0,0,0,2026-05-08T02:05:18.576110+00:00,9E5193,N340CA,9E,ATL,MOB
DAL3122-1777436510-fa-393p,2026-05-01T22:39:00,2026-05-01T23:14:00Z,35.0,23.0,0,0,2026-05-08T02:05:18.576110+00:00,DL3122,N932DZ,DL,ATL,PIT
SKW3753-1777438959-airline-1149p,2026-05-01T23:21:00,2026-05-01T23:14:00Z,-7.0,-8.0,0,0,2026-05-08T02:05:18.576110+00:00,OO3753,N264SY,OO,ATL,XNA
DAL1465-1777436161-fa-149p,2026-05-01T22:38:00,2026-05-01T23:14:00Z,36.0,31.0,0,0,2026-05-08T02:05:18.576110+00:00,DL1465,N343NW,DL,ATL,SAT
JIA5155-1777438430-airline-1050p,2026-05-01T23:39:00,2026-05-01T23:14:00Z,-25.0,-7.0,0,0,2026-05-08T02:06:42.769794+00:00,OH5155,N594NN,OH,DFW,ATL
DAL2718-1777436739-fa-560p,2026-05-01T21:02:00,2026-05-01T23:14:00Z,132.0,138.0,0,0,2026-05-08T02:06:42.769794+00:00,DL2718,N961AT,DL,GPT,ATL
DAL3026-1777436750-fa-740p,2026-05-01T23:29:00,2026-05-01T23:12:00Z,-17.0,-14.0,0,0,2026-05-08T02:06:42.769794+00:00,DL3026,N978AT,DL,HSV,ATL
DAL26-1777436229-fa-575p,2026-05-01T23:33:00,2026-05-01T23:12:00Z,-21.0,-9.0,0,0,2026-05-08T02:06:42.769794+00:00,DL26,N528DN,DL,ICN,ATL
FFT1116-1777447888-airline-1730p,2026-05-01T23:40:00,2026-05-01T23:12:00Z,-28.0,-9.0,0,0,2026-05-08T02:06:42.769794+00:00,F91116,N317FR,F9,LAS,ATL
EDV5051-1777414951-fa-906p,2026-05-01T23:12:00,2026-05-01T23:11:00Z,-1.0,-1.0,0,0,2026-05-08T02:05:18.576110+00:00,9E5051,N391CA,9E,ATL,SGF
SWA258-1777440091-airline-1389p,2026-05-01T23:15:00,2026-05-01T23:11:00Z,-4.0,6.0,0,0,2026-05-08T02:05:18.576110+00:00,WN258,N468WN,WN,ATL,MDW
DAL1820-1777435836-fa-812p,2026-05-01T23:27:00,2026-05-01T23:11:00Z,-16.0,-12.0,0,0,2026-05-08T02:06:42.769794+00:00,DL1820,N304DN,DL,LIR,ATL
DAL3025-1777436755-fa-1435p,2026-05-01T23:21:00,2026-05-01T23:10:00Z,-11.0,-7.0,0,0,2026-05-08T02:05:18.576110+00:00,DL3025,N998AT,DL,ATL,LIT
DAL1124-1777435889-fa-0p,2026-05-01T22:49:00,2026-05-01T23:10:00Z,21.0,28.0,0,0,2026-05-08T02:05:18.576110+00:00,DL1124,N339DN,DL,ATL,RSW
DAL85-1777435698-fa-142p,2026-05-01T23:16:00,2026-05-01T23:10:00Z,-6.0,-2.0,0,0,2026-05-08T02:06:42.769794+00:00,DL85,N828MH,DL,CDG,ATL
DAL581-1777436488-fa-2144p,2026-05-01T23:47:00,2026-05-01T23:10:00Z,-37.0,-14.0,0,0,2026-05-08T02:06:42.769794+00:00,DL581,N879DN,DL,AUA,ATL
UAL1848-1777421118-fa-1403p,2026-05-01T22:28:00,2026-05-01T23:10:00Z,42.0,-2.0,0,0,2026-05-08T02:06:42.769794+00:00,UA1848,N811UA,UA,EWR,ATL
DAL2939-1777436545-fa-246p,2026-05-01T23:20:00,2026-05-01T23:09:00Z,-11.0,-2.0,0,0,2026-05-08T02:05:18.576110+00:00,DL2939,N954DZ,DL,ATL,MEM
DAL327-1777436702-fa-748p,2026-05-01T23:05:00,2026-05-01T23:09:00Z,4.0,24.0,0,0,2026-05-08T02:06:42.769794+00:00,DL327,N717TW,DL,SNA,ATL
DAL3094-1777436551-fa-827p,2026-05-01T22:43:00,2026-05-01T23:09:00Z,26.0,34.0,0,0,2026-05-08T02:06:42.769794+00:00,DL3094,N957DZ,DL,ECP,ATL
DAL2786-1777436018-fa-832p,2026-05-01T22:18:00,2026-05-01T23:08:00Z,50.0,63.0,0,0,2026-05-08T02:05:18.576110+00:00,DL2786,N342NB,DL,ATL,CMH
DAL2006-1777436740-fa-817p,2026-05-01T22:45:00,2026-05-01T23:08:00Z,23.0,-2.0,0,0,2026-05-08T02:05:18.576110+00:00,DL2006,N915AT,DL,ATL,DSM
SWA1936-1777440277-airline-570p,2026-05-01T23:05:00,2026-05-01T23:07:00Z,2.0,10.0,0,0,2026-05-08T02:06:42.769794+00:00,WN1936,N8888M,WN,STL,ATL
DAL3068-1777436758-fa-2170p,2026-05-01T23:12:00,2026-05-01T23:06:00Z,-6.0,8.0,0,0,2026-05-08T02:05:18.576110+00:00,DL3068,N995AT,DL,ATL,HSV
DAL2659-1777436424-fa-1283p,2026-05-01T22:12:00,2026-05-01T23:06:00Z,54.0,57.0,0,0,2026-05-08T02:05:18.576110+00:00,DL2659,N355NW,DL,ATL,PVD
EDV5287-1777442865-airline-422p,2026-05-01T23:29:00,2026-05-01T23:06:00Z,-23.0,-9.0,0,0,2026-05-08T02:06:42.769794+00:00,9E5287,N655CA,9E,ABY,ATL
DAL1379-1777436708-fa-3620p,2026-05-01T23:23:00,2026-05-01T23:06:00Z,-17.0,-6.0,0,0,2026-05-08T02:06:42.769794+00:00,DL1379,N822DX,DL,RSW,ATL
FFT2051-1777443307-airline-2034p,2026-05-01T22:32:00,2026-05-01T23:05:00Z,33.0,25.0,0,0,2026-05-08T02:05:18.576110+00:00,F92051,N646FR,F9,ATL,MSY
DAL543-1777436387-fa-1140p,2026-05-01T23:15:00,2026-05-01T23:05:00Z,-10.0,-1.0,0,0,2026-05-08T02:06:42.769794+00:00,DL543,N830DN,DL,STL,ATL
DAL976-1777436761-fa-1404p,2026-05-01T23:30:00,2026-05-01T23:05:00Z,-25.0,-9.0,0,0,2026-05-08T02:06:42.769794+00:00,DL976,N608AT,DL,ILM,ATL
DAL2189-1777435857-fa-504p,2026-05-01T22:54:00,2026-05-01T23:04:00Z,10.0,-5.0,0,0,2026-05-08T02:05:18.576110+00:00,DL2189,N335DN,DL,ATL,JAX
DAL2312-1777436510-fa-1103p,2026-05-01T22:54:00,2026-05-01T23:04:00Z,10.0,1.0,0,0,2026-05-08T02:06:42.769794+00:00,DL2312,N916DU,DL,EWR,ATL
DAL1783-1777436379-fa-65p,2026-05-01T23:36:00,2026-05-01T23:04:00Z,-32.0,-8.0,0,0,2026-05-08T02:06:42.769794+00:00,DL1783,N908DN,DL,CUR,ATL
ENY4087-1777450685-airline-1846p,2026-05-01T22:21:00,2026-05-01T23:03:00Z,42.0,50.0,0,0,2026-05-08T02:05:18.576110+00:00,MQ4087,N316GS,MQ,ATL,DCA
DAL1491-1777435935-fa-1037p,2026-05-01T22:23:00,2026-05-01T23:03:00Z,40.0,37.0,0,0,2026-05-08T02:05:18.576110+00:00,DL1491,N388DN,DL,ATL,AUS
ACA7305-1777439336-airline-644p,2026-05-01T22:45:00,2026-05-01T23:02:00Z,17.0,26.0,0,0,2026-05-08T02:05:18.576110+00:00,AC7305,C-GHLV,AC,ATL,YYZ
DAL2780-1777436746-fa-1656p,2026-05-01T22:50:00,2026-05-01T23:01:00Z,11.0,7.0,0,0,2026-05-08T02:05:18.576110+00:00,DL2780,N920AT,DL,ATL,DAL
EDV5485-1777409852-fa-2320p,2026-05-01T22:55:00,2026-05-01T23:01:00Z,6.0,-6.0,0,0,2026-05-08T02:06:42.769794+00:00,9E5485,N181GJ,9E,HPN,ATL
SKW3935-1777441744-airline-1444p,2026-05-01T22:25:00,2026-05-01T23:01:00Z,36.0,52.0,0,0,2026-05-08T02:06:42.769794+00:00,OO3935,N284SY,OO,MOB,ATL
DAL2152-1777436562-fa-495p,2026-05-01T23:30:00,2026-05-01T23:01:00Z,-29.0,-16.0,0,0,2026-05-08T02:06:42.769794+00:00,DL2152,N963DZ,DL,MKE,ATL
DAL518-1777435925-fa-802p,2026-05-01T23:14:00,2026-05-01T23:00:00Z,-14.0,7.0,0,0,2026-05-08T02:05:18.576110+00:00,DL518,N380DN,DL,ATL,BOS
AAL1045-1777449966-airline-59p,2026-05-01T23:17:00,2026-05-01T23:00:00Z,-17.0,-11.0,0,0,2026-05-08T02:06:42.769794+00:00,AA1045,N751UW,AA,MIA,ATL
DAL1186-1777436753-fa-1257p,2026-05-01T23:03:00,2026-05-01T22:59:00Z,-4.0,-7.0,0,0,2026-05-08T02:05:18.576110+00:00,DL1186,N922AT,DL,ATL,TUL
AAL1802-1777441433-airline-1268p,2026-05-01T20:59:00,2026-05-01T22:59:00Z,120.0,148.0,0,0,2026-05-08T02:06:42.769794+00:00,AA1802,N459AN,AA,LAX,ATL
EDV5282-1777442865-airline-426p,2026-05-01T23:00:00,2026-05-01T22:58:00Z,-2.0,-2.0,0,0,2026-05-08T02:05:18.576110+00:00,9E5282,N355CA,9E,ATL,AGS
DAL1328-1777436696-fa-921p,2026-05-01T22:35:00,2026-05-01T22:58:00Z,23.0,0.0,0,0,2026-05-08T02:05:18.576110+00:00,DL1328,N6704Z,DL,ATL,MIA
NKS613-1777445708-airline-1415p,2026-05-01T23:02:00,2026-05-01T22:57:00Z,-5.0,-1.0,0,0,2026-05-08T02:05:18.576110+00:00,NK613,N663NK,NK,ATL,DTW
SWA1445-1777450060-airline-1190p,2026-05-01T22:55:00,2026-05-01T22:57:00Z,2.0,11.0,0,0,2026-05-08T02:06:42.769794+00:00,WN1445,N8928Q,WN,BWI,ATL
DAL2037-1777436743-fa-1212p,2026-05-01T23:10:00,2026-05-01T22:56:00Z,-14.0,-6.0,0,0,2026-05-08T02:05:18.576110+00:00,DL2037,N954AT,DL,ATL,AVL
DAL1467-1777436441-fa-1080p,2026-05-01T22:25:00,2026-05-01T22:56:00Z,31.0,46.0,0,0,2026-05-08T02:06:42.769794+00:00,DL1467,N880DN,DL,DTW,ATL
SWA279-1777440091-airline-1655p,2026-05-01T22:05:00,2026-05-01T22:55:00Z,50.0,66.0,0,0,2026-05-08T02:06:42.769794+00:00,WN279,N8769Q,WN,AUS,ATL
DAL512-1777436764-fa-1000p,2026-05-01T22:58:00,2026-05-01T22:54:00Z,-4.0,-2.0,0,0,2026-05-08T02:06:42.769794+00:00,DL512,N717JL,DL,DAL,ATL
DAL527-1777436539-fa-1687p,2026-05-01T22:54:00,2026-05-01T22:53:00Z,-1.0,-1.0,0,0,2026-05-08T02:05:18.576110+00:00,DL527,N950DZ,DL,ATL,SAV
DAL2174-1777436749-fa-293p,2026-05-01T23:19:00,2026-05-01T22:53:00Z,-26.0,-5.0,0,0,2026-05-08T02:06:42.769794+00:00,DL2174,N921AT,DL,CHS,ATL
DAL937-1777436438-fa-1120p,2026-05-01T23:24:00,2026-05-01T22:53:00Z,-31.0,-4.0,0,0,2026-05-08T02:06:42.769794+00:00,DL937,N918DU,DL,TUS,ATL
EDV5470-1777430612-fa-346p,2026-05-01T23:09:00,2026-05-01T22:52:00Z,-17.0,-10.0,0,0,2026-05-08T02:05:18.576110+00:00,9E5470,N302PQ,9E,ATL,CHA
EDV4993-1777417906-fa-1091p,2026-05-01T23:06:00,2026-05-01T22:51:00Z,-15.0,-16.0,0,0,2026-05-08T02:06:42.769794+00:00,9E4993,N668CA,9E,VLD,ATL
DAL399-1777435715-fa-548p,2026-05-01T22:54:00,2026-05-01T22:51:00Z,-3.0,-5.0,0,0,2026-05-08T02:06:42.769794+00:00,DL399,N332DN,DL,BOS,ATL
DAL1125-1777436764-fa-569p,2026-05-01T23:16:00,2026-05-01T22:49:00Z,-27.0,-8.0,0,0,2026-05-08T02:06:42.769794+00:00,DL1125,N942AT,DL,OMA,ATL
DAL2831-1777436742-fa-68p,2026-05-01T23:07:00,2026-05-01T22:48:00Z,-19.0,-5.0,0,0,2026-05-08T02:05:18.576110+00:00,DL2831,N949AT,DL,ATL,SDF
DAL1295-1777435774-fa-1220p,2026-05-01T22:28:00,2026-05-01T22:48:00Z,20.0,16.0,0,0,2026-05-08T02:05:18.576110+00:00,DL1295,N310DN,DL,ATL,FLL
EDV5389-1777441744-airline-1394p,2026-05-01T23:10:00,2026-05-01T22:48:00Z,-22.0,-5.0,0,0,2026-05-08T02:06:42.769794+00:00,9E5389,N678CA,9E,BMI,ATL
FFT1550-1777443307-airline-1932p,2026-05-01T22:33:00,2026-05-01T22:47:00Z,14.0,8.0,0,0,2026-05-08T02:05:18.576110+00:00,F91550,N705FR,F9,ATL,JAX
DAL959-1777435883-fa-230p,2026-05-01T22:28:00,2026-05-01T22:47:00Z,19.0,25.0,0,0,2026-05-08T02:05:18.576110+00:00,DL959,N327DN,DL,ATL,PBI
DAL2806-1777436320-fa-815p,2026-05-01T22:51:00,2026-05-01T22:45:00Z,-6.0,-7.0,0,0,2026-05-08T02:05:18.576110+00:00,DL2806,N3758Y,DL,ATL,MKE
DAL2364-1777436745-fa-35p,2026-05-01T22:49:00,2026-05-01T22:45:00Z,-4.0,-2.0,0,0,2026-05-08T02:05:18.576110+00:00,DL2364,N892AT,DL,ATL,OMA
RPA4582-1777442030-airline-1999p,2026-05-01T22:34:00,2026-05-01T22:45:00Z,11.0,13.0,0,0,2026-05-08T02:06:42.769794+00:00,YX4582,N135HQ,YX,LGA,ATL
DAL3115-1777436534-fa-790p,2026-05-01T22:53:00,2026-05-01T22:44:00Z,-9.0,-5.0,0,0,2026-05-08T02:05:18.576110+00:00,DL3115,N948DZ,DL,ATL,SRQ
SWA3362-1777442371-airline-1434p,2026-05-01T22:55:00,2026-05-01T22:44:00Z,-11.0,-1.0,0,0,2026-05-08T02:06:42.769794+00:00,WN3362,N8983Q,WN,MDW,ATL
DAL1348-1777436712-fa-283p,2026-05-01T22:50:00,2026-05-01T22:43:00Z,-7.0,8.0,0,0,2026-05-08T02:05:18.576110+00:00,DL1348,N819DX,DL,ATL,RIC
DAL1323-1777436651-fa-901p,2026-05-01T22:48:00,2026-05-01T22:42:00Z,-6.0,-3.0,0,0,2026-05-08T02:06:42.769794+00:00,DL1323,N544US,DL,MIA,ATL
DAL1729-1777436745-fa-338p,2026-05-01T22:58:00,2026-05-01T22:42:00Z,-16.0,-7.0,0,0,2026-05-08T02:06:42.769794+00:00,DL1729,N947AT,DL,TYS,ATL
EDV5245-1777434357-fa-823p,2026-05-01T23:00:00,2026-05-01T22:41:00Z,-19.0,-4.0,0,0,2026-05-08T02:06:42.769794+00:00,9E5245,N607LR,9E,BQK,ATL
DAL3101-1777436758-fa-1713p,2026-05-01T23:13:00,2026-05-01T22:41:00Z,-32.0,-15.0,0,0,2026-05-08T02:06:42.769794+00:00,DL3101,N992AT,DL,AVL,ATL
DAL906-1777435947-fa-1132p,2026-05-01T22:56:00,2026-05-01T22:41:00Z,-15.0,-3.0,0,0,2026-05-08T02:06:42.769794+00:00,DL906,N102DN,DL,SLC,ATL
DAL3179-1777436442-fa-543p,2026-05-01T22:38:00,2026-05-01T22:40:00Z,2.0,-1.0,0,0,2026-05-08T02:05:18.576110+00:00,DL3179,N815DN,DL,ATL,CHS
DAL2067-1777436579-fa-4455p,2026-05-01T22:39:00,2026-05-01T22:39:00Z,0.0,1.0,0,0,2026-05-08T02:05:18.576110+00:00,DL2067,N524DE,DL,ATL,DTW
DAL1962-1777435831-fa-1504p,2026-05-01T22:56:00,2026-05-01T22:39:00Z,-17.0,-4.0,0,0,2026-05-08T02:06:42.769794+00:00,DL1962,N338DN,DL,CUN,ATL
DAL1021-1777436264-fa-966p,2026-05-01T22:55:00,2026-05-01T22:38:00Z,-17.0,-9.0,0,0,2026-05-08T02:05:18.576110+00:00,DL1021,N3763D,DL,ATL,GSP
DAL2545-1777436559-fa-666p,2026-05-01T22:46:00,2026-05-01T22:38:00Z,-8.0,0.0,0,0,2026-05-08T02:06:42.769794+00:00,DL2545,N962DZ,DL,CLE,ATL
DAL838-1777435791-fa-616p,2026-05-01T22:50:00,2026-05-01T22:38:00Z,-12.0,5.0,0,0,2026-05-08T02:06:42.769794+00:00,DL838,N322DN,DL,PBI,ATL
DAL1097-1777435919-fa-1191p,2026-05-01T22:54:00,2026-05-01T22:37:00Z,-17.0,-6.0,0,0,2026-05-08T02:05:18.576110+00:00,DL1097,N128DN,DL,ATL,RDU
EDV5161-1777430644-fa-759p,2026-05-01T22:45:00,2026-05-01T22:36:00Z,-9.0,-4.0,0,0,2026-05-08T02:05:18.576110+00:00,9E5161,N272PQ,9E,ATL,MGM
DAL1831-1777435587-fa-1623p,2026-05-01T22:39:00,2026-05-01T22:36:00Z,-3.0,1.0,0,0,2026-05-08T02:06:42.769794+00:00,DL1831,N6715C,DL,GUA,ATL
DAL1804-1777436435-fa-474p,2026-05-01T22:29:00,2026-05-01T22:36:00Z,7.0,20.0,0,0,2026-05-08T02:06:42.769794+00:00,DL1804,N375DA,DL,GDL,ATL
DAL1346-1777436447-fa-788p,2026-05-01T22:19:00,2026-05-01T22:33:00Z,14.0,24.0,0,0,2026-05-08T02:05:18.576110+00:00,DL1346,N863DN,DL,ATL,ORF
DAL2892-1777436238-fa-815p,2026-05-01T22:41:00,2026-05-01T22:33:00Z,-8.0,11.0,0,0,2026-05-08T02:06:42.769794+00:00,DL2892,N372DA,DL,CMH,ATL
DAL945-1777436176-fa-1451p,2026-05-01T22:59:00,2026-05-01T22:33:00Z,-26.0,-11.0,0,0,2026-05-08T02:06:42.769794+00:00,DL945,N811NW,DL,LAS,ATL
DAL1470-1777436527-fa-208p,2026-05-01T22:41:00,2026-05-01T22:32:00Z,-9.0,-3.0,0,0,2026-05-08T02:05:18.576110+00:00,DL1470,N943DZ,DL,ATL,MCI
DAL3163-1777436558-fa-926p,2026-05-01T22:25:00,2026-05-01T22:32:00Z,7.0,4.0,0,0,2026-05-08T02:06:42.769794+00:00,DL3163,N960DZ,DL,BHM,ATL
DAL1882-1777436168-fa-1221p,2026-05-01T22:46:00,2026-05-01T22:32:00Z,-14.0,-8.0,0,0,2026-05-08T02:06:42.769794+00:00,DL1882,N807NW,DL,SJU,ATL
DAL942-1777436742-fa-87p,2026-05-01T22:47:00,2026-05-01T22:31:00Z,-16.0,-3.0,0,0,2026-05-08T02:06:42.769794+00:00,DL942,N906AT,DL,SGF,ATL
DAL1902-1777435584-fa-764p,2026-05-01T23:15:00,2026-05-01T22:30:00Z,-45.0,-14.0,0,0,2026-05-08T02:06:42.769794+00:00,DL1902,N694DL,DL,STT,ATL
FFT4771-1777448530-airline-164p,2026-05-01T22:36:00,2026-05-01T22:29:00Z,-7.0,-1.0,0,0,2026-05-08T02:05:18.576110+00:00,F94771,N668FR,F9,ATL,CVG
DAL1029-1777436446-fa-2250p,2026-05-01T22:40:00,2026-05-01T22:29:00Z,-11.0,-1.0,0,0,2026-05-08T02:06:42.769794+00:00,DL1029,N874DN,DL,JFK,ATL
FFT1079-1777447888-airline-1716p,2026-05-01T22:35:00,2026-05-01T22:29:00Z,-6.0,-5.0,0,0,2026-05-08T02:06:42.769794+00:00,F91079,N634FR,F9,BWI,ATL
DAL969-1777435642-fa-1003p,2026-05-01T22:32:00,2026-05-01T22:28:00Z,-4.0,-4.0,0,0,2026-05-08T02:06:42.769794+00:00,DL969,N116DN,DL,LGA,ATL
SWA1689-1777450060-airline-1485p,2026-05-01T22:10:00,2026-05-01T22:27:00Z,17.0,15.0,0,0,2026-05-08T02:05:18.576110+00:00,WN1689,N8839Q,WN,ATL,PIT
EDV5308-1777436760-fa-1995p,2026-05-01T22:04:00,2026-05-01T22:27:00Z,23.0,37.0,0,0,2026-05-08T02:06:42.769794+00:00,9E5308,N232PQ,9E,LFT,ATL
DAL1816-1777436329-fa-982p,2026-05-01T22:48:00,2026-05-01T22:27:00Z,-21.0,-10.0,0,0,2026-05-08T02:06:42.769794+00:00,DL1816,N3751B,DL,PVR,ATL
JIA5026-1777445960-airline-358p,2026-05-01T22:25:00,2026-05-01T22:26:00Z,1.0,7.0,0,0,2026-05-08T02:06:42.769794+00:00,OH5026,N590NN,OH,PHL,ATL
FFT3600-1777443307-airline-2318p,2026-05-01T22:13:00,2026-05-01T22:26:00Z,13.0,4.0,0,0,2026-05-08T02:06:42.769794+00:00,F93600,N613FR,F9,DEN,ATL
DAL540-1777436765-fa-1047p,2026-05-01T22:20:00,2026-05-01T22:25:00Z,5.0,6.0,0,0,2026-05-08T02:05:18.576110+00:00,DL540,N948AT,DL,ATL,TLH
AAL3330-1777450967-airline-1530p,2026-05-01T21:13:00,2026-05-01T22:25:00Z,72.0,73.0,0,0,2026-05-08T02:05:18.576110+00:00,AA3330,N157UW,AA,ATL,MIA
DAL1545-1777436748-fa-137p,2026-05-01T22:25:00,2026-05-01T22:25:00Z,0.0,9.0,0,0,2026-05-08T02:06:42.769794+00:00,DL1545,N939AT,DL,TLH,ATL
DAL587-1777436337-fa-676p,2026-05-01T22:41:00,2026-05-01T22:25:00Z,-16.0,-2.0,0,0,2026-05-08T02:06:42.769794+00:00,DL587,N3766,DL,MEX,ATL
DAL1919-1777435944-fa-1230p,2026-05-01T22:39:00,2026-05-01T22:25:00Z,-14.0,0.0,0,0,2026-05-08T02:06:42.769794+00:00,DL1919,N390DN,DL,PUJ,ATL
DAL1550-1777436519-fa-667p,2026-05-01T22:25:00,2026-05-01T22:24:00Z,-1.0,-5.0,0,0,2026-05-08T02:06:42.769794+00:00,DL1550,N931DQ,DL,RDU,ATL
DAL1866-1777436149-fa-204p,2026-05-01T21:40:00,2026-05-01T22:23:00Z,43.0,-3.0,0,0,2026-05-08T02:06:42.769794+00:00,DL1866,N371NW,DL,MTY,ATL
DAL1742-1777436684-fa-1245p,2026-05-01T21:40:00,2026-05-01T22:22:00Z,42.0,40.0,0,0,2026-05-08T02:05:18.576110+00:00,DL1742,N6705Y,DL,ATL,MCO
DAL1036-1777435862-fa-716p,2026-05-01T22:25:00,2026-05-01T22:22:00Z,-3.0,5.0,0,0,2026-05-08T02:06:42.769794+00:00,DL1036,N362DN,DL,MSP,ATL
DAL2314-1777436006-fa-146p,2026-05-01T22:24:00,2026-05-01T22:21:00Z,-3.0,-7.0,0,0,2026-05-08T02:06:42.769794+00:00,DL2314,N346NB,DL,PVD,ATL
EDV5508-1777438588-airline-1872p,2026-05-01T22:39:00,2026-05-01T22:20:00Z,-19.0,-6.0,0,0,2026-05-08T02:05:18.576110+00:00,9E5508,N133EV,9E,ATL,TRI
DAL2193-1777436760-fa-1996p,2026-05-01T22:27:00,2026-05-01T22:19:00Z,-8.0,-6.0,0,0,2026-05-08T02:05:18.576110+00:00,DL2193,N894AT,DL,ATL,CAE
DAL997-1777435916-fa-423p,2026-05-01T22:41:00,2026-05-01T22:19:00Z,-22.0,-3.0,0,0,2026-05-08T02:05:18.576110+00:00,DL997,N103DY,DL,ATL,LGA
EDV5105-1777414914-fa-12p,2026-05-01T22:24:00,2026-05-01T22:18:00Z,-6.0,-5.0,0,0,2026-05-08T02:05:18.576110+00:00,9E5105,N690CA,9E,ATL,CRW
DAL1425-1777436697-fa-680p,2026-05-01T21:49:00,2026-05-01T22:18:00Z,29.0,35.0,0,0,2026-05-08T02:05:18.576110+00:00,DL1425,N823DX,DL,ATL,TPA
DAL3142-1777436328-fa-318p,2026-05-01T22:25:00,2026-05-01T22:18:00Z,-7.0,7.0,0,0,2026-05-08T02:06:42.769794+00:00,DL3142,N3755D,DL,BNA,ATL
DAL1585-1777436150-fa-1397p,2026-05-01T16:49:00,2026-05-01T22:18:00Z,329.0,334.0,0,0,2026-05-08T02:06:42.769794+00:00,DL1585,N329NW,DL,IAH,ATL
DAL1150-1777435590-fa-130p,2026-05-01T20:40:00,2026-05-01T22:16:00Z,96.0,97.0,0,0,2026-05-08T02:05:18.576110+00:00,DL1150,N551NW,DL,ATL,MCO
DAL2539-1777436751-fa-1936p,2026-05-01T22:19:00,2026-05-01T22:16:00Z,-3.0,13.0,0,0,2026-05-08T02:06:42.769794+00:00,DL2539,N895AT,DL,GSO,ATL
DAL1167-1777436689-fa-1155p,2026-05-01T22:32:00,2026-05-01T22:16:00Z,-16.0,-5.0,0,0,2026-05-08T02:06:42.769794+00:00,DL1167,N555NW,DL,TPA,ATL
DAL1002-1777436315-fa-637p,2026-05-01T22:21:00,2026-05-01T22:15:00Z,-6.0,4.0,0,0,2026-05-08T02:06:42.769794+00:00,DL1002,N821DN,DL,ELP,ATL
DAL528-1777435563-fa-539p,2026-05-01T21:46:00,2026-05-01T22:14:00Z,28.0,18.0,0,0,2026-05-08T02:06:42.769794+00:00,DL528,N179DN,DL,LAX,ATL
UAL1746-1777413351-fa-1919p,2026-05-01T19:01:00,2026-05-01T22:14:00Z,193.0,175.0,0,0,2026-05-08T02:06:42.769794+00:00,UA1746,N13750,UA,IAH,ATL
ETD13-1777439085-airline-1438p,2026-05-01T20:30:00,2026-05-01T22:14:00Z,104.0,59.0,0,0,2026-05-08T02:06:42.769794+00:00,EY13,A6-XWL,EY,AUH,ATL
EDV5144-1777410964-fa-70p,2026-05-01T22:18:00,2026-05-01T22:13:00Z,-5.0,-5.0,0,0,2026-05-08T02:05:18.576110+00:00,9E5144,N299PQ,9E,ATL,EVV
DAL1437-1777436531-fa-540p,2026-05-01T22:24:00,2026-05-01T22:13:00Z,-11.0,-5.0,0,0,2026-05-08T02:06:42.769794+00:00,DL1437,N945DZ,DL,RIC,ATL
SWA4529-1777442806-airline-1309p,2026-05-01T22:20:00,2026-05-01T22:13:00Z,-7.0,-5.0,0,0,2026-05-08T02:06:42.769794+00:00,WN4529,N8648A,WN,TPA,ATL
DAL1381-1777436547-fa-107p,2026-05-01T21:54:00,2026-05-01T22:12:00Z,18.0,6.0,0,0,2026-05-08T02:06:42.769794+00:00,DL1381,N955DZ,DL,CHS,ATL
SWA9001-1777646034-sw-167p,2026-05-01T22:15:00,2026-05-01T22:12:00Z,-3.0,10.0,0,0,2026-05-08T02:06:42.769794+00:00,WN9001,N7880D,WN,DAL,ATL
DAL995-1777435916-fa-422p,2026-05-01T22:17:00,2026-05-01T22:12:00Z,-5.0,2.0,0,0,2026-05-08T02:06:42.769794+00:00,DL995,N383DZ,DL,DEN,ATL
DAL1126-1777436254-fa-283p,2026-05-01T20:40:00,2026-05-01T22:11:00Z,91.0,-3.0,0,0,2026-05-08T02:05:18.576110+00:00,DL1126,N3745B,DL,ATL,SDF
DAL3095-1777436312-fa-529p,2026-05-01T22:27:00,2026-05-01T22:10:00Z,-17.0,-4.0,0,0,2026-05-08T02:06:42.769794+00:00,DL3095,N3772H,DL,GSP,ATL
DAL725-1777436682-fa-816p,2026-05-01T22:18:00,2026-05-01T22:10:00Z,-8.0,17.0,0,0,2026-05-08T02:06:42.769794+00:00,DL725,N6703D,DL,SAN,ATL
UAL462-1777421119-fa-687p,2026-05-01T21:55:00,2026-05-01T22:10:00Z,15.0,18.0,0,0,2026-05-08T02:06:42.769794+00:00,UA462,N28457,UA,IAH,ATL
DAL2427-1777436304-fa-593p,2026-05-01T22:10:00,2026-05-01T22:09:00Z,-1.0,22.0,0,0,2026-05-08T02:06:42.769794+00:00,DL2427,N397DA,DL,COS,ATL
DAL3157-1777436358-fa-982p,2026-05-01T22:01:00,2026-05-01T22:09:00Z,8.0,7.0,0,0,2026-05-08T02:06:42.769794+00:00,DL3157,N807DN,DL,MSY,ATL
DAL1959-1777436343-fa-1053p,2026-05-01T22:38:00,2026-05-01T22:09:00Z,-29.0,-17.0,0,0,2026-05-08T02:06:42.769794+00:00,DL1959,N3750D,DL,PLS,ATL
DAL3158-1777436760-fa-1987p,2026-05-01T22:11:00,2026-05-01T22:07:00Z,-4.0,-1.0,0,0,2026-05-08T02:05:18.576110+00:00,DL3158,N944AT,DL,ATL,CLT
DAL67-1777436199-fa-73p,2026-05-01T22:13:00,2026-05-01T22:07:00Z,-6.0,-1.0,0,0,2026-05-08T02:06:42.769794+00:00,DL67,N409DX,DL,FCO,ATL
DAL3014-1777436453-fa-622p,2026-05-01T22:11:00,2026-05-01T22:06:00Z,-5.0,-6.0,0,0,2026-05-08T02:06:42.769794+00:00,DL3014,N885DN,DL,SAV,ATL
FFT4209-1777448530-airline-92p,2026-05-01T21:48:00,2026-05-01T22:06:00Z,18.0,-3.0,0,0,2026-05-08T02:06:42.769794+00:00,F94209,N622FR,F9,CLE,ATL
EDV5553-1777585661-fa-1082p,2026-05-01T23:20:00,2026-05-01T22:04:00Z,-76.0,-149.0,0,0,2026-05-08T02:06:42.769794+00:00,9E5553,N293PQ,9E,CHO,ATL
DAL3134-1777436552-fa-928p,2026-05-01T22:25:00,2026-05-01T22:03:00Z,-22.0,-6.0,0,0,2026-05-08T02:06:42.769794+00:00,DL3134,N958DZ,DL,IND,ATL
DAL1353-1777435658-fa-1289p,2026-05-01T20:19:00,2026-05-01T22:02:00Z,103.0,112.0,0,0,2026-05-08T02:05:18.576110+00:00,DL1353,N389DN,DL,ATL,PIT
DAL3027-1777436752-fa-191p,2026-05-01T21:44:00,2026-05-01T22:02:00Z,18.0,25.0,0,0,2026-05-08T02:06:42.769794+00:00,DL3027,N930AT,DL,LIT,ATL
DAL3042-1777436755-fa-44p,2026-05-01T22:14:00,2026-05-01T22:01:00Z,-13.0,-2.0,0,0,2026-05-08T02:05:18.576110+00:00,DL3042,N983AT,DL,ATL,TYS
EDV5002-1777414588-fa-445p,2026-05-01T22:19:00,2026-05-01T22:01:00Z,-18.0,-10.0,0,0,2026-05-08T02:05:18.576110+00:00,9E5002,N354CA,9E,ATL,FAY
FFT2540-1777443307-airline-2142p,2026-05-01T21:40:00,2026-05-01T22:01:00Z,21.0,36.0,0,0,2026-05-08T02:05:18.576110+00:00,F92540,N386FR,F9,ATL,CMH
DAL3088-1777436761-fa-1405p,2026-05-01T21:59:00,2026-05-01T22:01:00Z,2.0,6.0,0,0,2026-05-08T02:05:18.576110+00:00,DL3088,N980AT,DL,ATL,DAY
SWA3933-1777442651-airline-626p,2026-05-01T21:45:00,2026-05-01T22:00:00Z,15.0,13.0,0,0,2026-05-08T02:05:18.576110+00:00,WN3933,N8827Q,WN,ATL,MSY
NKS2405-1777445708-airline-1165p,2026-05-01T21:35:00,2026-05-01T21:59:00Z,24.0,25.0,0,0,2026-05-08T02:06:42.769794+00:00,NK2405,N644NK,NK,MCO,ATL
DAL1148-1777436746-fa-1661p,2026-05-01T21:41:00,2026-05-01T21:59:00Z,18.0,30.0,0,0,2026-05-08T02:06:42.769794+00:00,DL1148,N923AT,DL,TYS,ATL
DAL1472-1777435967-fa-995p,2026-05-01T20:49:00,2026-05-01T21:59:00Z,70.0,72.0,0,0,2026-05-08T02:06:42.769794+00:00,DL1472,N329NB,DL,EYW,ATL
FFT4076-1777443307-airline-2370p,2026-05-01T20:27:00,2026-05-01T21:59:00Z,92.0,85.0,0,0,2026-05-08T02:06:42.769794+00:00,F94076,N614FR,F9,IAH,ATL
DAL2627-1777436698-fa-1005p,2026-05-01T21:53:00,2026-05-01T21:58:00Z,5.0,-3.0,0,0,2026-05-08T02:05:18.576110+00:00,DL2627,N706TW,DL,ATL,JAX
EDV5185-1777438651-airline-933p,2026-05-01T22:04:00,2026-05-01T21:58:00Z,-6.0,-3.0,0,0,2026-05-08T02:05:18.576110+00:00,9E5185,N376CA,9E,ATL,MLU
DAL3133-1777436743-fa-1208p,2026-05-01T22:21:00,2026-05-01T21:58:00Z,-23.0,-10.0,0,0,2026-05-08T02:06:42.769794+00:00,DL3133,N925AT,DL,GNV,ATL
DAL1803-1777436488-fa-637p,2026-05-01T22:23:00,2026-05-01T21:58:00Z,-25.0,-7.0,0,0,2026-05-08T02:06:42.769794+00:00,DL1803,N902DN,DL,SDQ,ATL
JBU220-1777440400-airline-1008p,2026-05-01T22:10:00,2026-05-01T21:57:00Z,-13.0,0.0,0,0,2026-05-08T02:06:42.769794+00:00,B6220,N709JB,B6,JFK,ATL
DAL3037-1777436756-fa-2899p,2026-05-01T22:10:00,2026-05-01T21:56:00Z,-14.0,-3.0,0,0,2026-05-08T02:06:42.769794+00:00,DL3037,N919AT,DL,CLT,ATL
DAL1873-1777436681-fa-595p,2026-05-01T22:04:00,2026-05-01T21:56:00Z,-8.0,-6.0,0,0,2026-05-08T02:06:42.769794+00:00,DL1873,N689DL,DL,SXM,ATL
DAL1682-1777435668-fa-4750p,2026-05-01T19:28:00,2026-05-01T21:56:00Z,148.0,111.0,0,0,2026-05-08T02:06:42.769794+00:00,DL1682,N101DQ,DL,IAH,ATL
DAL2747-1777436537-fa-182p,2026-05-01T22:09:00,2026-05-01T21:55:00Z,-14.0,4.0,0,0,2026-05-08T02:06:42.769794+00:00,DL2747,N949DZ,DL,MCI,ATL
DAL2020-1777436469-fa-940p,2026-05-01T22:01:00,2026-05-01T21:55:00Z,-6.0,5.0,0,0,2026-05-08T02:06:42.769794+00:00,DL2020,N842DN,DL,OKC,ATL
DAL1802-1777435733-fa-1099p,2026-05-01T21:45:00,2026-05-01T21:54:00Z,9.0,17.0,0,0,2026-05-08T02:06:42.769794+00:00,DL1802,N363DN,DL,BZE,ATL
DAL3032-1777436752-fa-198p,2026-05-01T20:59:00,2026-05-01T21:53:00Z,54.0,64.0,0,0,2026-05-08T02:05:18.576110+00:00,DL3032,N990AT,DL,ATL,CAE
DAL3143-1777436753-fa-1245p,2026-05-01T20:07:00,2026-05-01T21:53:00Z,106.0,108.0,0,0,2026-05-08T02:05:18.576110+00:00,DL3143,N966AT,DL,ATL,LEX
DAL1579-1777435831-fa-1501p,2026-05-01T21:23:00,2026-05-01T21:53:00Z,30.0,49.0,0,0,2026-05-08T02:06:42.769794+00:00,DL1579,N113DX,DL,MIA,ATL
FFT2171-1777443307-airline-2056p,2026-05-01T21:23:00,2026-05-01T21:52:00Z,29.0,44.0,0,0,2026-05-08T02:06:42.769794+00:00,F92171,N624FR,F9,FLL,ATL
DAL2279-1777435795-fa-151p,2026-05-01T21:53:00,2026-05-01T21:51:00Z,-2.0,8.0,0,0,2026-05-08T02:06:42.769794+00:00,DL2279,N328DN,DL,PHL,ATL
EDV5503-1777431904-fa-559p,2026-05-01T22:13:00,2026-05-01T21:51:00Z,-22.0,-10.0,0,0,2026-05-08T02:06:42.769794+00:00,9E5503,N398CA,9E,XNA,ATL
DAL3112-1777436515-fa-1588p,2026-05-01T21:43:00,2026-05-01T21:50:00Z,7.0,15.0,0,0,2026-05-08T02:05:18.576110+00:00,DL3112,N937DZ,DL,ATL,SAV
DAL3126-1777436498-fa-663p,2026-05-01T21:44:00,2026-05-01T21:50:00Z,6.0,16.0,0,0,2026-05-08T02:05:18.576110+00:00,DL3126,N924DZ,DL,ATL,IND
SWA717-1777442806-airline-1612p,2026-05-01T22:10:00,2026-05-01T21:49:00Z,-21.0,-5.0,0,0,2026-05-08T02:05:18.576110+00:00,WN717,N8532S,WN,ATL,CMH
DAL2322-1777436343-fa-359p,2026-05-01T21:48:00,2026-05-01T21:49:00Z,1.0,-8.0,0,0,2026-05-08T02:06:42.769794+00:00,DL2322,N377DE,DL,EWR,ATL
DAL1800-1777436286-fa-762p,2026-05-01T22:15:00,2026-05-01T21:49:00Z,-26.0,-13.0,0,0,2026-05-08T02:06:42.769794+00:00,DL1800,N379DA,DL,MBJ,ATL
DAL1498-1777436755-fa-34p,2026-05-01T21:14:00,2026-05-01T21:49:00Z,35.0,39.0,0,0,2026-05-08T02:06:42.769794+00:00,DL1498,N965AT,DL,MYR,ATL
EDV5374-1777414498-fa-232p,2026-05-01T21:47:00,2026-05-01T21:48:00Z,1.0,-3.0,0,0,2026-05-08T02:05:18.576110+00:00,9E5374,N316PQ,9E,ATL,CSG
DAL1700-1777436528-fa-493p,2026-05-01T21:54:00,2026-05-01T21:48:00Z,-6.0,-1.0,0,0,2026-05-08T02:05:18.576110+00:00,DL1700,N946DZ,DL,ATL,MEM
DAL3169-1777436351-fa-635p,2026-05-01T21:51:00,2026-05-01T21:48:00Z,-3.0,4.0,0,0,2026-05-08T02:06:42.769794+00:00,DL3169,N801DZ,DL,CVG,ATL
JIA5049-1777448440-airline-1284p,2026-05-01T22:04:00,2026-05-01T21:46:00Z,-18.0,-3.0,0,0,2026-05-08T02:05:18.576110+00:00,OH5049,N535EA,OH,ATL,CLT
SKW3843-1777438959-airline-1046p,2026-05-01T22:09:00,2026-05-01T21:46:00Z,-23.0,-7.0,0,0,2026-05-08T02:05:18.576110+00:00,OO3843,N265SY,OO,ATL,OAJ
DAL8850-1777620335-fa-1257p,2026-05-01T20:22:00,2026-05-01T21:46:00Z,84.0,85.0,0,0,2026-05-08T02:06:42.769794+00:00,DL8850,N664DN,DL,PIE,ATL
SWA853-1777449776-airline-1396p,2026-05-01T19:50:00,2026-05-01T21:46:00Z,116.0,88.0,0,0,2026-05-08T02:06:42.769794+00:00,WN853,N473WN,WN,HOU,ATL
FFT1669-1777443307-airline-1951p,2026-05-01T21:28:00,2026-05-01T21:45:00Z,17.0,-2.0,0,0,2026-05-08T02:06:42.769794+00:00,F91669,N708FR,F9,RDU,ATL
EDV5376-1777435585-fa-1126p,2026-05-01T21:44:00,2026-05-01T21:44:00Z,0.0,-4.0,0,0,2026-05-08T02:05:18.576110+00:00,9E5376,N601LR,9E,ATL,CHA
DAL638-1777435788-fa-1517p,2026-05-01T21:54:00,2026-05-01T21:44:00Z,-10.0,-4.0,0,0,2026-05-08T02:06:42.769794+00:00,DL638,N313DN,DL,BOS,ATL
DAL3127-1777436749-fa-298p,2026-05-01T20:55:00,2026-05-01T21:44:00Z,49.0,56.0,0,0,2026-05-08T02:06:42.769794+00:00,DL3127,N924AT,DL,MLB,ATL
DAL1278-1777436745-fa-1048p,2026-05-01T21:15:00,2026-05-01T21:43:00Z,28.0,35.0,0,0,2026-05-08T02:05:18.576110+00:00,DL1278,N952AT,DL,ATL,JAN
DAL1772-1777436449-fa-1241p,2026-05-01T22:14:00,2026-05-01T21:43:00Z,-31.0,-16.0,0,0,2026-05-08T02:06:42.769794+00:00,DL1772,N889DN,DL,TQO,ATL
EDV5537-1777441744-airline-1399p,2026-05-01T21:41:00,2026-05-01T21:42:00Z,1.0,1.0,0,0,2026-05-08T02:05:18.576110+00:00,9E5537,N928XJ,9E,ATL,AGS
DAL2484-1777436744-fa-437p,2026-05-01T21:26:00,2026-05-01T21:41:00Z,15.0,8.0,0,0,2026-05-08T02:05:18.576110+00:00,DL2484,N927AT,DL,ATL,BHM
UAL356-1777421118-fa-1402p,2026-05-01T21:38:00,2026-05-01T21:41:00Z,3.0,1.0,0,0,2026-05-08T02:06:42.769794+00:00,UA356,N69838,UA,ORD,ATL
EDV5466-1777410589-fa-639p,2026-05-01T21:01:00,2026-05-01T21:40:00Z,39.0,43.0,0,0,2026-05-08T02:06:42.769794+00:00,9E5466,N909XJ,9E,FAY,ATL
DAL1805-1777436264-fa-881p,2026-05-01T21:53:00,2026-05-01T21:40:00Z,-13.0,-6.0,0,0,2026-05-08T02:06:42.769794+00:00,DL1805,N832DN,DL,SAP,ATL
DAL1480-1777435567-fa-1206p,2026-05-01T21:40:00,2026-05-01T21:39:00Z,-1.0,14.0,0,0,2026-05-08T02:06:42.769794+00:00,DL1480,N187DN,DL,JFK,ATL
DAL2211-1777436753-fa-1263p,2026-05-01T21:40:00,2026-05-01T21:38:00Z,-2.0,4.0,0,0,2026-05-08T02:05:18.576110+00:00,DL2211,N959AT,DL,ATL,PNS
UAL702-1777421119-fa-2014p,2026-05-01T22:09:00,2026-05-01T21:38:00Z,-31.0,0.0,0,0,2026-05-08T02:06:42.769794+00:00,UA702,N47330,UA,SFO,ATL
DAL1372-1777436696-fa-926p,2026-05-01T21:58:00,2026-05-01T21:37:00Z,-21.0,-4.0,0,0,2026-05-08T02:06:42.769794+00:00,DL1372,N659DL,DL,MCO,ATL
DAL1408-1777436071-fa-169p,2026-05-01T21:13:00,2026-05-01T21:37:00Z,24.0,35.0,0,0,2026-05-08T02:06:42.769794+00:00,DL1408,N375NC,DL,SAT,ATL
FFT2780-1777443307-airline-2181p,2026-05-01T21:21:00,2026-05-01T21:36:00Z,15.0,31.0,0,0,2026-05-08T02:06:42.769794+00:00,F92780,N341FR,F9,MDW,ATL
DAL1013-1777436758-fa-2168p,2026-05-01T21:13:00,2026-05-01T21:35:00Z,22.0,31.0,0,0,2026-05-08T02:06:42.769794+00:00,DL1013,N995AT,DL,PNS,ATL
SWA4144-1777442651-airline-804p,2026-05-01T21:10:00,2026-05-01T21:34:00Z,24.0,28.0,0,0,2026-05-08T02:06:42.769794+00:00,WN4144,N8923Q,WN,SAT,ATL
SWA3001-1777440091-airline-1829p,2026-05-01T21:50:00,2026-05-01T21:34:00Z,-16.0,-10.0,0,0,2026-05-08T02:06:42.769794+00:00,WN3001,N8527Q,WN,MCI,ATL
DAL1976-1777435819-fa-885p,2026-05-01T21:55:00,2026-05-01T21:33:00Z,-22.0,-9.0,0,0,2026-05-08T02:06:42.769794+00:00,DL1976,N346DN,DL,NAS,ATL
DAL1884-1777436284-fa-38p,2026-05-01T21:28:00,2026-05-01T21:32:00Z,4.0,-2.0,0,0,2026-05-08T02:06:42.769794+00:00,DL1884,N3735D,DL,ORD,ATL
DAL2086-1777436749-fa-431p,2026-05-01T21:49:00,2026-05-01T21:31:00Z,-18.0,-9.0,0,0,2026-05-08T02:06:42.769794+00:00,DL2086,N896AT,DL,DSM,ATL
DAL31-1777435705-fa-126p,2026-05-01T21:45:00,2026-05-01T21:31:00Z,-14.0,-1.0,0,0,2026-05-08T02:06:42.769794+00:00,DL31,N826MH,DL,LHR,ATL
DAL3083-1777436751-fa-233p,2026-05-01T21:14:00,2026-05-01T21:30:00Z,16.0,31.0,0,0,2026-05-08T02:06:42.769794+00:00,DL3083,N971AT,DL,VPS,ATL
DAL1246-1777436258-fa-351p,2026-05-01T21:51:00,2026-05-01T21:27:00Z,-24.0,-13.0,0,0,2026-05-08T02:06:42.769794+00:00,DL1246,N383DN,DL,MKE,ATL
DAL3026-1777436751-fa-228p,2026-05-01T21:42:00,2026-05-01T21:26:00Z,-16.0,-8.0,0,0,2026-05-08T02:05:18.576110+00:00,DL3026,N978AT,DL,ATL,HSV
DAL1720-1777435592-fa-877p,2026-05-01T21:28:00,2026-05-01T21:26:00Z,-2.0,3.0,0,0,2026-05-08T02:06:42.769794+00:00,DL1720,N583NW,DL,TPA,ATL
NKS271-1777445708-airline-1240p,2026-05-01T21:52:00,2026-05-01T21:26:00Z,-26.0,-9.0,0,0,2026-05-08T02:06:42.769794+00:00,NK271,N669NK,NK,MIA,ATL
JBU2098-1777440400-airline-982p,2026-05-01T21:11:00,2026-05-01T21:26:00Z,15.0,22.0,0,0,2026-05-08T02:06:42.769794+00:00,B62098,N3272J,B6,FLL,ATL
AFR32-1777438112-airline-1607p,2026-05-01T21:25:00,2026-05-01T21:24:00Z,-1.0,12.0,0,0,2026-05-08T02:06:42.769794+00:00,AF32,F-HTYI,AF,CDG,ATL
DAL974-1777435924-fa-513p,2026-05-01T21:36:00,2026-05-01T21:21:00Z,-15.0,-2.0,0,0,2026-05-08T02:06:42.769794+00:00,DL974,N118DY,DL,LGA,ATL
EDV5364-1777410970-fa-499p,2026-05-01T21:05:00,2026-05-01T21:21:00Z,16.0,22.0,0,0,2026-05-08T02:06:42.769794+00:00,9E5364,N929XJ,9E,HSV,ATL
DAL2252-1777436739-fa-568p,2026-05-01T21:32:00,2026-05-01T21:18:00Z,-14.0,-5.0,0,0,2026-05-08T02:06:42.769794+00:00,DL2252,N955AT,DL,MEM,ATL
EDV5287-1777439369-airline-1278p,2026-05-01T21:27:00,2026-05-01T21:16:00Z,-11.0,-7.0,0,0,2026-05-08T02:05:18.576110+00:00,9E5287,N655CA,9E,ATL,ABY
DAL1266-1777435837-fa-591p,2026-05-01T21:41:00,2026-05-01T21:16:00Z,-25.0,-7.0,0,0,2026-05-08T02:06:42.769794+00:00,DL1266,N349DX,DL,PBI,ATL
EDV5339-1777430608-fa-1053p,2026-05-01T21:24:00,2026-05-01T21:11:00Z,-13.0,-16.0,0,0,2026-05-08T02:06:42.769794+00:00,9E5339,N302PQ,9E,AVL,ATL
DAL3193-1777436754-fa-325p,2026-05-01T21:10:00,2026-05-01T21:11:00Z,1.0,-1.0,0,0,2026-05-08T02:06:42.769794+00:00,DL3193,N964AT,DL,CAE,ATL
DAL8849-1777566824-fa-1544p,2026-05-01T21:12:00,2026-05-01T21:10:00Z,-2.0,-12.0,0,0,2026-05-08T02:06:42.769794+00:00,DL8849,N666DN,DL,RDU,ATL
DAL1302-1777436743-fa-1214p,2026-05-01T21:30:00,2026-05-01T21:09:00Z,-21.0,-6.0,0,0,2026-05-08T02:06:42.769794+00:00,DL1302,N954AT,DL,CHA,ATL
EDV5163-1777410602-fa-2092p,2026-05-01T20:54:00,2026-05-01T21:09:00Z,15.0,16.0,0,0,2026-05-08T02:06:42.769794+00:00,9E5163,N176PQ,9E,CRW,ATL
EDV5519-1777430749-fa-783p,2026-05-01T21:21:00,2026-05-01T21:09:00Z,-12.0,-10.0,0,0,2026-05-08T02:06:42.769794+00:00,9E5519,N340CA,9E,TRI,ATL
DAL2990-1777436657-fa-852p,2026-05-01T21:10:00,2026-05-01T21:08:00Z,-2.0,8.0,0,0,2026-05-08T02:06:42.769794+00:00,DL2990,N6716C,DL,JAX,ATL
DAL1752-1777436486-fa-282p,2026-05-01T21:29:00,2026-05-01T21:05:00Z,-24.0,-19.0,0,0,2026-05-08T02:06:42.769794+00:00,DL1752,N870DN,DL,AUA,ATL
DAL1554-1777435755-fa-171p,2026-05-01T21:13:00,2026-05-01T21:03:00Z,-10.0,5.0,0,0,2026-05-08T02:06:42.769794+00:00,DL1554,N314DN,DL,FLL,ATL
