fa_flight_id,predicted_at_utc,proba_delay,predicted_delay,threshold_used,threshold_strategy,ident_iata,tail_num,op_carrier,origin,dest,scheduled_off_utc,scheduled_on_utc,inbound_fa_flight_id,aircraft_type
ETD13-1777699354-schedule-2901p,2026-05-04T03:30:00,0.08098137900990834,0,0.24444198344361692,replay_quantile@0.22,EY13,A6-BNJ,EY,AUH,ATL,2026-05-04T05:30:00,2026-05-04T20:53:00,ETD128-1777612758-airline-799p,B789 
DAL26-1777695409-fa-146p,2026-05-04T08:00:00,0.06302521008403361,0,0.24444198344361692,replay_quantile@0.22,DL26,N531DN,DL,ICN,ATL,2026-05-04T10:00:00,2026-05-04T23:00:00,DAL159-1777608927-fa-122p,A359 
DAL55-1777695372-fa-277p,2026-05-04T08:55:00,0.06644576982549151,0,0.24444198344361692,replay_quantile@0.22,DL55,N858NW,DL,LOS,ATL,2026-05-04T10:55:00,2026-05-04T23:12:00,DAL54-1777608885-fa-1456p,A332 
DAL67-1777695388-fa-1098p,2026-05-04T09:20:00,0.06644576982549151,0,0.24444198344361692,replay_quantile@0.22,DL67,N423DX,DL,FCO,ATL,2026-05-04T11:20:00,2026-05-04T21:29:00,DAL298-1777608904-fa-461p,A339 
DAL75-1777695352-fa-465p,2026-05-04T09:30:00,0.06654470615138347,0,0.24444198344361692,replay_quantile@0.22,DL75,N818NW,DL,AMS,ATL,2026-05-04T11:30:00,2026-05-04T20:32:00,DAL74-1777608852-fa-280p,A333
THY31-1777706886-airline-920p,2026-05-04T09:55:00,0.08899350310947436,0,0.24444198344361692,replay_quantile@0.22,TK31,TC-LLD,TK,IST,ATL,2026-05-04T11:55:00,2026-05-04T23:09:00,THY12E-1777886374-adhoc-1122p,B789 
AFR32-1777703565-airline-971p,2026-05-04T10:10:00,0.09016480407412646,0,0.24444198344361692,replay_quantile@0.22,AF32,F-HRBH,AF,CDG,ATL,2026-05-04T12:10:00,2026-05-04T20:43:00,AFR75-1777612852-airline-1912p,B789 
DAL31-1777694866-fa-1493p,2026-05-04T10:35:00,0.0689159398063836,0,0.24444198344361692,replay_quantile@0.22,DL31,N842MH,DL,LHR,ATL,2026-05-04T12:35:00,2026-05-04T21:24:00,DAL32-1777608446-fa-624p,B764 
DAL299-1777695410-fa-739p,2026-05-04T10:55:00,0.0689159398063836,0,0.24444198344361692,replay_quantile@0.22,DL299,N571DZ,DL,FCO,ATL,2026-05-04T12:55:00,2026-05-04T23:14:00,DAL238-1777608932-fa-1076p,A359 
DAL898-1777694759-fa-241p,2026-05-04T11:05:00,0.08899350310947436,0,0.24444198344361692,replay_quantile@0.22,DL898,N1200K,DL,ATL,LAX,2026-05-04T13:05:00,2026-05-04T17:55:00,DAL905-1777608405-fa-2073p,B763
BOX458-1777706757-airline-299p,2026-05-04T11:20:00,0.09789156626506024,0,0.24444198344361692,replay_quantile@0.22,3S458,D-AALO,3S,FRA,ATL,2026-05-04T13:20:00,2026-05-04T22:21:00,BOX469-1777615793-airline-2884p,B772 
DAL1394-1777694902-fa-1561p,2026-05-04T11:30:00,0.027213251670378618,0,0.24444198344361692,replay_quantile@0.22,DL1394,N328DN,DL,PBI,ATL,2026-05-04T13:30:00,2026-05-04T14:47:00,DAL1606-1777608488-fa-1028p,A321 
DAL85-1777694868-fa-4285p,2026-05-04T11:50:00,0.0746744847805467,0,0.24444198344361692,replay_quantile@0.22,DL85,N844MH,DL,CDG,ATL,2026-05-04T13:50:00,2026-05-04T22:48:00,DAL264-1777608458-fa-62p,B764 
DAL37-1777694851-fa-423p,2026-05-04T12:25:00,0.08003691700113763,0,0.24444198344361692,replay_quantile@0.22,DL37,N831MH,DL,LHR,ATL,2026-05-04T14:25:00,2026-05-04T23:01:00,DAL36-1777608433-fa-5623p,B764 
AAL3330-1777709994-airline-1762p,2026-05-04T14:20:00,0.3341444672131147,1,0.24444198344361692,replay_quantile@0.22,AA3330,N149AN,AA,MIA,ATL,2026-05-04T16:20:00,2026-05-04T18:06:00,AAL1286-1777705939-airline-524p,A321 
DAL350-1777694917-fa-1164p,2026-05-04T14:20:00,0.05349705365131275,0,0.24444198344361692,replay_quantile@0.22,DL350,N354DN,DL,ATL,BOS,2026-05-04T16:20:00,2026-05-04T18:28:00,DAL2562-1777694916-fa-4749p,A321
SWA700-1777704167-airline-3089p,2026-05-04T15:00:00,0.08899350310947436,0,0.24444198344361692,replay_quantile@0.22,WN700,N8763L,WN,ATL,DEN,2026-05-04T17:00:00,2026-05-04T19:57:00,SWA3232-1777704104-airline-1546p,B38M 
DAL2312-1777695595-fa-345p,2026-05-04T15:25:00,0.17452252415732888,0,0.24444198344361692,replay_quantile@0.22,DL2312,N930DZ,DL,ATL,EWR,2026-05-04T17:25:00,2026-05-04T19:02:00,DAL1688-1777695594-fa-135p,B739
UAL702-1777680322-fa-1107p,2026-05-04T15:25:00,0.08899350310947436,0,0.24444198344361692,replay_quantile@0.22,UA702,N17361,UA,SFO,ATL,2026-05-04T17:25:00,2026-05-04T21:38:00,UAL1750-1777625069-fa-1281p,B38M 
DAL1823-1777694784-fa-1333p,2026-05-04T15:32:00,0.1286818671102847,0,0.24444198344361692,replay_quantile@0.22,DL1823,N685DA,DL,STT,ATL,2026-05-04T17:32:00,2026-05-04T21:03:00,DAL1930-1777694785-fa-933p,B752 
DAL2908-1777695734-fa-163p,2026-05-04T15:35:00,0.02076670681563317,0,0.24444198344361692,replay_quantile@0.22,DL2908,N948DZ,DL,MCI,ATL,2026-05-04T17:35:00,2026-05-04T19:06:00,DAL2908-1777695734-fa-162p,B739 
DAL1873-1777695888-fa-1052p,2026-05-04T15:45:00,0.12616630588937827,0,0.24444198344361692,replay_quantile@0.22,DL1873,N6701,DL,SXM,ATL,2026-05-04T17:45:00,2026-05-04T21:24:00,DAL1887-1777695888-fa-1053p,B752 
DAL528-1777695900-fa-1901p,2026-05-04T15:45:00,0.07195336483736332,0,0.24444198344361692,replay_quantile@0.22,DL528,N550NW,DL,LAX,ATL,2026-05-04T17:45:00,2026-05-04T21:13:00,DAL996-1777695900-fa-1903p,B752 
DAL1323-1777695894-fa-966p,2026-05-04T15:55:00,0.2536811420883474,1,0.24444198344361692,replay_quantile@0.22,DL1323,N6716C,DL,ATL,MIA,2026-05-04T17:55:00,2026-05-04T19:16:00,DAL2326-1777695895-fa-883p,B752
UAL2345-1777680325-fa-100p,2026-05-04T15:58:00,0.1172872010903234,0,0.24444198344361692,replay_quantile@0.22,UA2345,N804UA,UA,EWR,ATL,2026-05-04T17:58:00,2026-05-04T19:58:00,UAL1992-1777679318-fa-2181p,A319 
DAL988-1777695769-fa-1216p,2026-05-04T16:09:00,0.028611464603857755,0,0.24444198344361692,replay_quantile@0.22,DL988,N550DN,DL,LGA,ATL,2026-05-04T18:09:00,2026-05-04T19:59:00,DAL1164-1777695769-fa-1213p,A21N 
DAL725-1777694807-fa-472p,2026-05-04T16:12:00,0.06644576982549151,0,0.24444198344361692,replay_quantile@0.22,DL725,N900PC,DL,SAN,ATL,2026-05-04T18:12:00,2026-05-04T21:36:00,DAL725-1777694807-fa-468p,B752 
DAL1872-1777695643-fa-926p,2026-05-04T16:15:00,0.07195336483736332,0,0.24444198344361692,replay_quantile@0.22,DL1872,N892DN,DL,PLS,ATL,2026-05-04T18:15:00,2026-05-04T20:50:00,DAL1869-1777695642-fa-476p,B739
DAL554-1777695553-fa-707p,2026-05-04T16:22:00,0.0872515462679397,0,0.24444198344361692,replay_quantile@0.22,DL554,N872DN,DL,SEA,ATL,2026-05-04T18:22:00,2026-05-04T22:28:00,DAL2980-1777695554-fa-798p,B739 
SKW3869-1777686154-fa-967p,2026-05-04T16:30:00,0.03264864864864865,0,0.24444198344361692,replay_quantile@0.22,OO3869,N265SY,OO,OAJ,ATL,2026-05-04T18:30:00,2026-05-04T19:39:00,SKW3869-1777530790-airline-1898p,E75L 
DAL2778-1777695948-fa-860p,2026-05-04T16:35:00,0.018873720136518772,0,0.24444198344361692,replay_quantile@0.22,DL2778,N959AT,DL,MEM,ATL,2026-05-04T18:35:00,2026-05-04T19:28:00,,B712 
DAL1292-1777694945-fa-1019p,2026-05-04T16:39:00,0.19439755646652196,0,0.24444198344361692,replay_quantile@0.22,DL1292,N352DN,DL,ATL,FLL,2026-05-04T18:39:00,2026-05-04T19:59:00,DAL1094-1777694945-fa-1018p,A321
DAL1805-1777695416-fa-1668p,2026-05-04T16:45:00,0.06654470615138347,0,0.24444198344361692,replay_quantile@0.22,DL1805,N3735D,DL,SAP,ATL,2026-05-04T18:45:00,2026-05-04T21:18:00,DAL1782-1777695416-fa-1719p,B738 
DAL1803-1777695699-fa-651p,2026-05-04T16:47:00,0.0872515462679397,0,0.24444198344361692,replay_quantile@0.22,DL1803,N917DU,DL,SDQ,ATL,2026-05-04T18:47:00,2026-05-04T22:03:00,DAL1958-1777695699-fa-652p,B739 
DAL1802-1777694919-fa-527p,2026-05-04T16:51:00,0.08098137900990834,0,0.24444198344361692,replay_quantile@0.22,DL1802,N363DN,DL,BZE,ATL,2026-05-04T18:51:00,2026-05-04T21:29:00,DAL1656-1777694918-fa-490p,A321 
DAL1882-1777694850-fa-580p,2026-05-04T16:55:00,0.07195336483736332,0,0.24444198344361692,replay_quantile@0.22,DL1882,N177DZ,DL,SJU,ATL,2026-05-04T18:55:00,2026-05-04T22:26:00,DAL1882-1777694849-fa-314p,B763 
DAL583-1777695156-fa-5010p,2026-05-04T16:55:00,0.063874838254323,0,0.24444198344361692,replay_quantile@0.22,DL583,N342NB,DL,BDA,ATL,2026-05-04T18:55:00,2026-05-04T21:46:00,DAL584-1777695151-fa-612p,A319 
DAL1919-1777694950-fa-574p,2026-05-04T16:56:00,0.0689159398063836,0,0.24444198344361692,replay_quantile@0.22,DL1919,N333DX,DL,PUJ,ATL,2026-05-04T18:56:00,2026-05-04T22:22:00,DAL1796-1777694949-fa-556p,A321 
DAL597-1777695020-fa-1073p,2026-05-04T17:00:00,0.08899350310947436,0,0.24444198344361692,replay_quantile@0.22,DL597,N329DN,DL,CUN,ATL,2026-05-04T19:00:00,2026-05-04T21:08:00,DAL598-1777695019-fa-987p,A321 
DAL879-1777695614-fa-654p,2026-05-04T17:01:00,0.04516412427122434,0,0.24444198344361692,replay_quantile@0.22,DL879,N855DN,DL,PDX,ATL,2026-05-04T19:01:00,2026-05-04T23:04:00,DAL539-1777695614-fa-1237p,B739 
DAL327-1777695909-fa-845p,2026-05-04T17:04:00,0.10966116696548124,0,0.24444198344361692,replay_quantile@0.22,DL327,N718TW,DL,SNA,ATL,2026-05-04T19:04:00,2026-05-04T22:42:00,DAL1857-1777695907-fa-890p,B752 
SWA4144-1777707879-airline-782p,2026-05-04T17:05:00,0.0689159398063836,0,0.24444198344361692,replay_quantile@0.22,WN4144,N8978G,WN,SAT,ATL,2026-05-04T19:05:00,2026-05-04T21:01:00,SWA4478-1777704167-airline-2768p,B38M 
DAL1866-1777695245-fa-550p,2026-05-04T17:06:00,0.0746744847805467,0,0.24444198344361692,replay_quantile@0.22,DL1866,N348NW,DL,MTY,ATL,2026-05-04T19:06:00,2026-05-04T21:25:00,DAL1929-1777695245-fa-549p,A320
FFT3600-1777702820-airline-1183p,2026-05-04T17:07:00,0.1523089517022199,0,0.24444198344361692,replay_quantile@0.22,F93600,N675FR,F9,DEN,ATL,2026-05-04T19:07:00,2026-05-04T21:23:00,FFT3293-1777699828-airline-623p,A21N 
DAL945-1777695353-fa-272p,2026-05-04T17:10:00,0.1286818671102847,0,0.24444198344361692,replay_quantile@0.22,DL945,N810NW,DL,LAS,ATL,2026-05-04T19:10:00,2026-05-04T22:23:00,DAL945-1777695352-fa-464p,A333 
DAL638-1777694909-fa-858p,2026-05-04T17:10:00,0.08098137900990834,0,0.24444198344361692,replay_quantile@0.22,DL638,N365DN,DL,BOS,ATL,2026-05-04T19:10:00,2026-05-04T21:22:00,DAL862-1777694911-fa-189p,A321
DAL974-1777695027-fa-757p,2026-05-04T17:10:00,0.08003691700113763,0,0.24444198344361692,replay_quantile@0.22,DL974,N377DN,DL,LGA,ATL,2026-05-04T19:10:00,2026-05-04T21:02:00,DAL467-1777695029-fa-707p,A321
DAL1804-1777695542-fa-1461p,2026-05-04T17:12:00,0.08098137900990834,0,0.24444198344361692,replay_quantile@0.22,DL1804,N811DZ,DL,GDL,ATL,2026-05-04T19:12:00,2026-05-04T22:10:00,DAL1992-1777695542-fa-1460p,B739 
DAL1902-1777695870-fa-1949p,2026-05-04T17:15:00,0.12616630588937827,0,0.24444198344361692,replay_quantile@0.22,DL1902,N67171,DL,STT,ATL,2026-05-04T19:15:00,2026-05-04T22:58:00,DAL1902-1777695870-fa-1947p,B752 
FFT2171-1777702820-airline-929p,2026-05-04T17:16:00,0.5911656788032743,1,0.24444198344361692,replay_quantile@0.22,F92171,N702FR,F9,FLL,ATL,2026-05-04T19:16:00,2026-05-04T20:57:00,FFT1688-1777702820-airline-679p,A321
DAL1816-1777695431-fa-1158p,2026-05-04T17:16:00,0.08098137900990834,0,0.24444198344361692,replay_quantile@0.22,DL1816,N382DA,DL,PVR,ATL,2026-05-04T19:16:00,2026-05-04T22:28:00,DAL1941-1777695432-fa-1186p,B738 
DAL785-1777695774-fa-1319p,2026-05-04T17:16:00,0.03660663833132693,0,0.24444198344361692,replay_quantile@0.22,DL785,N540DE,DL,SFO,ATL,2026-05-04T19:16:00,2026-05-04T23:08:00,DAL785-1777695774-fa-1318p,A21N 
FFT1116-1777705129-airline-1432p,2026-05-04T17:19:00,0.4043801329683223,1,0.24444198344361692,replay_quantile@0.22,F91116,N654FR,F9,LAS,ATL,2026-05-04T19:19:00,2026-05-04T22:28:00,FFT3231-1777699828-airline-615p,A21N 
DAL1800-1777695424-fa-563p,2026-05-04T17:20:00,0.10165879973027646,0,0.24444198344361692,replay_quantile@0.22,DL1800,N378DA,DL,MBJ,ATL,2026-05-04T19:20:00,2026-05-04T21:54:00,DAL1801-1777695424-fa-562p,B738 
DAL1831-1777695896-fa-1160p,2026-05-04T17:24:00,0.0746744847805467,0,0.24444198344361692,replay_quantile@0.22,DL1831,N555NW,DL,GUA,ATL,2026-05-04T19:24:00,2026-05-04T22:31:00,DAL1830-1777695898-fa-546p,B752 
DAL2427-1777695476-fa-2598p,2026-05-04T17:24:00,0.042102979369667747,0,0.24444198344361692,replay_quantile@0.22,DL2427,N3737C,DL,COS,ATL,2026-05-04T19:24:00,2026-05-04T21:42:00,DAL2427-1777695476-fa-2599p,B738 
SWA2449-1777698769-airline-1508p,2026-05-04T17:25:00,0.2550037570872327,1,0.24444198344361692,replay_quantile@0.22,WN2449,N8676A,WN,LAS,ATL,2026-05-04T19:25:00,2026-05-04T22:40:00,SWA2449-1777698769-airline-1509p,B738 
DAL1576-1777695862-fa-1334p,2026-05-04T17:25:00,0.2536811420883474,1,0.24444198344361692,replay_quantile@0.22,DL1576,N694DL,DL,MCO,ATL,2026-05-04T19:25:00,2026-05-04T20:26:00,DAL1576-1777695864-fa-1086p,B752 
DAL1579-1777694981-fa-1142p,2026-05-04T17:27:00,0.31901094446696393,1,0.24444198344361692,replay_quantile@0.22,DL1579,N303DN,DL,MIA,ATL,2026-05-04T19:27:00,2026-05-04T20:51:00,DAL1579-1777694977-fa-1040p,A321
JBU2098-1777704754-airline-1216p,2026-05-04T17:29:00,0.47724317295188556,1,0.24444198344361692,replay_quantile@0.22,B62098,N3255J,B6,FLL,ATL,2026-05-04T19:29:00,2026-05-04T20:54:00,JBU2194-1777704754-airline-1240p,BCS3
DAL1002-1777695503-fa-267p,2026-05-04T17:29:00,0.1286818671102847,0,0.24444198344361692,replay_quantile@0.22,DL1002,N3751B,DL,ELP,ATL,2026-05-04T19:29:00,2026-05-04T21:53:00,DAL1002-1777695501-fa-1207p,B738 
DAL906-1777694834-fa-3028p,2026-05-04T17:30:00,0.0772815092624162,0,0.24444198344361692,replay_quantile@0.22,DL906,N373DX,DL,SLC,ATL,2026-05-04T19:30:00,2026-05-04T22:32:00,DAL387-1777694835-fa-1559p,A321 
DAL587-1777695531-fa-176p,2026-05-04T17:30:00,0.06644576982549151,0,0.24444198344361692,replay_quantile@0.22,DL587,N3752,DL,MEX,ATL,2026-05-04T19:30:00,2026-05-04T22:18:00,DAL588-1777695532-fa-220p,B738 
DAL1756-1777695889-fa-653p,2026-05-04T17:31:00,0.10165879973027646,0,0.24444198344361692,replay_quantile@0.22,DL1756,N553NW,DL,SJO,ATL,2026-05-04T19:31:00,2026-05-04T23:01:00,DAL1937-1777695889-fa-174p,B752 
DAL904-1777695640-fa-1001p,2026-05-04T17:34:00,0.0522695476449557,0,0.24444198344361692,replay_quantile@0.22,DL904,N890DN,DL,SMF,ATL,2026-05-04T19:34:00,2026-05-04T23:21:00,DAL904-1777695641-fa-1806p,B739 
AAL1811-1777701683-airline-1447p,2026-05-04T17:35:00,0.3371394230769231,1,0.24444198344361692,replay_quantile@0.22,AA1811,N801NN,AA,DFW,ATL,2026-05-04T19:35:00,2026-05-04T21:22:00,AAL2385-1777698615-airline-512p,B738
DAL759-1777694996-fa-1160p,2026-05-04T17:35:00,0.2243580904051408,0,0.24444198344361692,replay_quantile@0.22,DL759,N353DN,DL,ATL,TPA,2026-05-04T19:35:00,2026-05-04T20:30:00,DAL761-1777694995-fa-1675p,A321
DAL374-1777695021-fa-1435p,2026-05-04T17:35:00,0.18666021986970685,0,0.24444198344361692,replay_quantile@0.22,DL374,N128DN,DL,ATL,DFW,2026-05-04T19:35:00,2026-05-04T21:27:00,DAL1384-1777695017-fa-1022p,A321 
DAL1884-1777695454-fa-1034p,2026-05-04T17:35:00,0.12616630588937827,0,0.24444198344361692,replay_quantile@0.22,DL1884,N398DA,DL,ORD,ATL,2026-05-04T19:35:00,2026-05-04T20:59:00,DAL2055-1777695452-fa-472p,B738 
DAL1820-1777694955-fa-1173p,2026-05-04T17:35:00,0.10165879973027646,0,0.24444198344361692,replay_quantile@0.22,DL1820,N339DN,DL,LIR,ATL,2026-05-04T19:35:00,2026-05-04T23:00:00,DAL1898-1777694955-fa-1172p,A321 
DAL581-1777695660-fa-119p,2026-05-04T17:35:00,0.08003691700113763,0,0.24444198344361692,replay_quantile@0.22,DL581,N904DN,DL,AUA,ATL,2026-05-04T19:35:00,2026-05-04T23:26:00,DAL582-1777695658-fa-1529p,B739 
DAL995-1777695077-fa-997p,2026-05-04T17:35:00,0.08003691700113763,0,0.24444198344361692,replay_quantile@0.22,DL995,N372DN,DL,DEN,ATL,2026-05-04T19:35:00,2026-05-04T21:57:00,DAL995-1777695076-fa-3017p,A321 
DAL1959-1777695425-fa-869p,2026-05-04T17:35:00,0.06654470615138347,0,0.24444198344361692,replay_quantile@0.22,DL1959,N392DA,DL,PLS,ATL,2026-05-04T19:35:00,2026-05-04T22:10:00,DAL1996-1777695428-fa-4128p,B738 
DAL2322-1777695417-fa-1072p,2026-05-04T17:36:00,0.3028464769015398,1,0.24444198344361692,replay_quantile@0.22,DL2322,N3773D,DL,EWR,ATL,2026-05-04T19:36:00,2026-05-04T21:23:00,DAL2322-1777695418-fa-494p,B738 
DAL1545-1777695939-fa-4137p,2026-05-04T17:36:00,0.05946357494627077,0,0.24444198344361692,replay_quantile@0.22,DL1545,N971AT,DL,ATL,TLH,2026-05-04T19:36:00,2026-05-04T20:10:00,DAL3012-1777695940-fa-3100p,B712 
DAL1772-1777695608-fa-1245p,2026-05-04T17:36:00,0.05946357494627077,0,0.24444198344361692,replay_quantile@0.22,DL1772,N866DN,DL,TQO,ATL,2026-05-04T19:36:00,2026-05-04T21:58:00,DAL1773-1777695606-fa-1103p,B739 
FFT4211-1777702820-airline-1262p,2026-05-04T17:37:00,0.448126105838829,1,0.24444198344361692,replay_quantile@0.22,F94211,N393FR,F9,ATL,AUS,2026-05-04T19:37:00,2026-05-04T21:32:00,FFT1407-1777705129-airline-1491p,A20N 
UAL356-1777670495-fa-1861p,2026-05-04T17:37:00,0.10165879973027646,0,0.24444198344361692,replay_quantile@0.22,UA356,N850UA,UA,ORD,ATL,2026-05-04T19:37:00,2026-05-04T21:07:00,UAL374-1777653000-fa-448p,A319 
DAL1758-1777695657-fa-1901p,2026-05-04T17:37:00,0.0772815092624162,0,0.24444198344361692,replay_quantile@0.22,DL1758,N896DN,DL,PTY,ATL,2026-05-04T19:37:00,2026-05-04T23:12:00,DAL1759-1777695657-fa-1899p,B739 
SKW3890-1777686151-fa-3510p,2026-05-04T17:38:00,0.0746744847805467,0,0.24444198344361692,replay_quantile@0.22,OO3890,N304SY,OO,ROA,ATL,2026-05-04T19:38:00,2026-05-04T20:37:00,SKW3890-1777686151-fa-3508p,E75L 
DAL1976-1777694915-fa-136p,2026-05-04T17:38:00,0.07233496018494733,0,0.24444198344361692,replay_quantile@0.22,DL1976,N316DN,DL,NAS,ATL,2026-05-04T19:38:00,2026-05-04T21:25:00,DAL1938-1777694914-fa-832p,A321 
DAL446-1777694762-fa-860p,2026-05-04T17:40:00,0.10165879973027646,0,0.24444198344361692,replay_quantile@0.22,DL446,N1200K,DL,LAX,ATL,2026-05-04T19:40:00,2026-05-04T23:03:00,DAL898-1777694759-fa-241p,B763 
DAL2738-1777695559-fa-1096p,2026-05-04T17:43:00,0.1456462741179806,0,0.24444198344361692,replay_quantile@0.22,DL2738,N830DN,DL,ATL,ORD,2026-05-04T19:43:00,2026-05-04T21:40:00,DAL2342-1777695559-fa-675p,B739 
JBU220-1777704754-airline-1241p,2026-05-04T17:45:00,0.4072312083729781,1,0.24444198344361692,replay_quantile@0.22,B6220,N636JB,B6,JFK,ATL,2026-05-04T19:45:00,2026-05-04T21:38:00,JBU284-1777704754-airline-1371p,A320 
DAL519-1777694831-fa-727p,2026-05-04T17:46:00,0.18666021986970685,0,0.24444198344361692,replay_quantile@0.22,DL519,N103DY,DL,ATL,DEN,2026-05-04T19:46:00,2026-05-04T22:38:00,DAL990-1777694830-fa-985p,A321 
DAL1848-1777695555-fa-731p,2026-05-04T17:46:00,0.09016480407412646,0,0.24444198344361692,replay_quantile@0.22,DL1848,N823DN,DL,SJD,ATL,2026-05-04T19:46:00,2026-05-04T23:14:00,DAL1815-1777695554-fa-796p,B739 
DAL787-1777695432-fa-1188p,2026-05-04T17:46:00,0.06375216611437083,0,0.24444198344361692,replay_quantile@0.22,DL787,N383DN,DL,GEG,ATL,2026-05-04T19:46:00,2026-05-04T23:24:00,DAL787-1777695435-fa-605p,B738 
UAL516-1777680201-fa-1643p,2026-05-04T17:47:00,0.17757594738490443,0,0.24444198344361692,replay_quantile@0.22,UA516,N493UA,UA,ATL,ORD,2026-05-04T19:47:00,2026-05-04T21:35:00,UAL471-1777680322-fa-1100p,A320 
DAL2314-1777695134-fa-1000p,2026-05-04T17:51:00,0.05725833614011452,0,0.24444198344361692,replay_quantile@0.22,DL2314,N329NB,DL,PVD,ATL,2026-05-04T19:51:00,2026-05-04T22:06:00,DAL2314-1777695134-fa-999p,A319 
DAL2279-1777694923-fa-988p,2026-05-04T17:52:00,0.051103988603988605,0,0.24444198344361692,replay_quantile@0.22,DL2279,N324DX,DL,PHL,ATL,2026-05-04T19:52:00,2026-05-04T21:30:00,DAL2279-1777694923-fa-987p,A321 
DAL1266-1777694895-fa-1326p,2026-05-04T17:53:00,0.0872515462679397,0,0.24444198344361692,replay_quantile@0.22,DL1266,N336DX,DL,PBI,ATL,2026-05-04T19:53:00,2026-05-04T21:10:00,DAL1266-1777694899-fa-1444p,A321 
DAL2086-1777695937-fa-883p,2026-05-04T17:54:00,0.02076670681563317,0,0.24444198344361692,replay_quantile@0.22,DL2086,N944AT,DL,DSM,ATL,2026-05-04T19:54:00,2026-05-04T21:33:00,DAL2086-1777695937-fa-884p,B712 
UAL462-1777680322-fa-1105p,2026-05-04T17:55:00,0.16686944314459523,0,0.24444198344361692,replay_quantile@0.22,UA462,N35407,UA,IAH,ATL,2026-05-04T19:55:00,2026-05-04T21:37:00,UAL2095-1777588635-fa-3073p,B739 
DAL665-1777694911-fa-1004p,2026-05-04T17:59:00,0.05650722331429998,0,0.24444198344361692,replay_quantile@0.22,DL665,N318DX,DL,ONT,ATL,2026-05-04T19:59:00,2026-05-04T23:19:00,DAL665-1777694912-fa-1018p,A321 
FFT1305-1777705129-airline-1473p,2026-05-04T18:00:00,0.45117200396170354,1,0.24444198344361692,replay_quantile@0.22,F91305,N665FR,F9,BDL,ATL,2026-05-04T20:00:00,2026-05-04T21:51:00,FFT1306-1777705129-airline-1474p,A21N 
SWA3001-1777709839-airline-1027p,2026-05-04T18:00:00,0.1653163404642695,0,0.24444198344361692,replay_quantile@0.22,WN3001,N8815L,WN,MCI,ATL,2026-05-04T20:00:00,2026-05-04T21:40:00,SWA3583-1777704104-airline-1897p,B38M
DAL1246-1777695516-fa-2179p,2026-05-04T18:00:00,0.0522695476449557,0,0.24444198344361692,replay_quantile@0.22,DL1246,N3765,DL,MKE,ATL,2026-05-04T20:00:00,2026-05-04T21:36:00,DAL1246-1777695516-fa-92p,B738 
DAL796-1777694781-fa-290p,2026-05-04T18:01:00,0.052474761637689285,0,0.24444198344361692,replay_quantile@0.22,DL796,N6702,DL,PHX,ATL,2026-05-04T20:01:00,2026-05-04T22:54:00,DAL1053-1777694780-fa-866p,B752 
DAL937-1777695724-fa-1207p,2026-05-04T18:01:00,0.04101666212201668,0,0.24444198344361692,replay_quantile@0.22,DL937,N860DN,DL,TUS,ATL,2026-05-04T20:01:00,2026-05-04T22:59:00,DAL937-1777695723-fa-1614p,B739 
EDV5013-1777923644-fa-1681p,2026-05-04T18:02:00,0.08098137900990834,0,0.24444198344361692,replay_quantile@0.22,9E5013,N928XJ,9E,ATL,HPN,2026-05-04T20:02:00,2026-05-04T22:28:00,EDV5193-1777613573-airline-746p,CRJ9 
DAL1720-1777695890-fa-1012p,2026-05-04T18:05:00,0.13837174940898342,0,0.24444198344361692,replay_quantile@0.22,DL1720,N697DL,DL,TPA,ATL,2026-05-04T20:05:00,2026-05-04T21:06:00,,B752 
DAL1029-1777695623-fa-911p,2026-05-04T18:05:00,0.09471272171772895,0,0.24444198344361692,replay_quantile@0.22,DL1029,N875DN,DL,JFK,ATL,2026-05-04T20:05:00,2026-05-04T21:56:00,DAL2380-1777695621-fa-1561p,B739 
SWA279-1777709839-airline-853p,2026-05-04T18:05:00,0.08003691700113763,0,0.24444198344361692,replay_quantile@0.22,WN279,N8759Q,WN,AUS,ATL,2026-05-04T20:05:00,2026-05-04T21:55:00,SWA4221-1777707879-airline-844p,B38M 
RPA4582-1777699644-airline-538p,2026-05-04T18:06:00,0.0689159398063836,0,0.24444198344361692,replay_quantile@0.22,YX4582,N105HQ,YX,LGA,ATL,2026-05-04T20:06:00,2026-05-04T21:50:00,RPA4407-1777699644-airline-330p,E75S 
DAL1836-1777694985-fa-488p,2026-05-04T18:07:00,0.10966116696548124,0,0.24444198344361692,replay_quantile@0.22,DL1836,N321DH,DL,PUJ,ATL,2026-05-04T20:07:00,2026-05-04T23:30:00,DAL1916-1777694983-fa-243p,A321 
DAL2990-1777695868-fa-1370p,2026-05-04T18:07:00,0.03580259633216567,0,0.24444198344361692,replay_quantile@0.22,DL2990,N554NW,DL,JAX,ATL,2026-05-04T20:07:00,2026-05-04T20:54:00,DAL2990-1777695867-fa-846p,B752
DAL2020-1777695648-fa-1242p,2026-05-04T18:07:00,0.01544998068752414,0,0.24444198344361692,replay_quantile@0.22,DL2020,N835DN,DL,OKC,ATL,2026-05-04T20:07:00,2026-05-04T21:56:00,DAL2020-1777695648-fa-1243p,B739 
DAL1572-1777694835-fa-2927p,2026-05-04T18:09:00,0.1467644845748683,0,0.24444198344361692,replay_quantile@0.22,DL1572,N392DN,DL,IAH,ATL,2026-05-04T20:09:00,2026-05-04T21:40:00,DAL2890-1777694836-fa-3509p,A321 
DAL1036-1777694894-fa-875p,2026-05-04T18:09:00,0.0522695476449557,0,0.24444198344361692,replay_quantile@0.22,DL1036,N320DN,DL,MSP,ATL,2026-05-04T20:09:00,2026-05-04T22:18:00,DAL2901-1777694890-fa-839p,A321 
DAL3083-1777695941-fa-2p,2026-05-04T18:09:00,0.018873720136518772,0,0.24444198344361692,replay_quantile@0.22,DL3083,N961AT,DL,VPS,ATL,2026-05-04T20:09:00,2026-05-04T21:01:00,DAL3083-1777695940-fa-3123p,B712 
DAL399-1777694917-fa-1166p,2026-05-04T18:10:00,0.1172872010903234,0,0.24444198344361692,replay_quantile@0.22,DL399,N354DN,DL,BOS,ATL,2026-05-04T20:10:00,2026-05-04T22:30:00,DAL350-1777694917-fa-1164p,A321 
DAL1020-1777695306-fa-1358p,2026-05-04T18:10:00,0.09471272171772895,0,0.24444198344361692,replay_quantile@0.22,DL1020,N360NW,DL,DCA,ATL,2026-05-04T20:10:00,2026-05-04T21:32:00,DAL360-1777695306-fa-1362p,A320 
UAL1848-1777669572-fa-2460p,2026-05-04T18:12:00,0.24444198344361692,1,0.24444198344361692,replay_quantile@0.22,UA1848,N853UA,UA,EWR,ATL,2026-05-04T20:12:00,2026-05-04T22:09:00,UAL556-1777669572-fa-2459p,A319 
JIA5026-1777703038-airline-1580p,2026-05-04T18:12:00,0.051103988603988605,0,0.24444198344361692,replay_quantile@0.22,OH5026,N613NN,OH,PHL,ATL,2026-05-04T20:12:00,2026-05-04T22:15:00,JIA5383-1777697558-airline-465p,CRJ9 
DAL1978-1777694771-fa-854p,2026-05-04T18:14:00,0.0772815092624162,0,0.24444198344361692,replay_quantile@0.22,DL1978,N6704Z,DL,SAL,ATL,2026-05-04T20:14:00,2026-05-04T23:07:00,DAL1910-1777694767-fa-574p,B752 
EDV5364-1777698708-airline-1517p,2026-05-04T18:14:00,0.031036712407500545,0,0.24444198344361692,replay_quantile@0.22,9E5364,N302PQ,9E,HSV,ATL,2026-05-04T20:14:00,2026-05-04T20:59:00,EDV5344-1777697742-airline-1334p,CRJ9 
DAL2747-1777695747-fa-1189p,2026-05-04T18:14:00,0.028611464603857755,0,0.24444198344361692,replay_quantile@0.22,DL2747,N943DZ,DL,MCI,ATL,2026-05-04T20:14:00,2026-05-04T21:44:00,DAL2747-1777695747-fa-1192p,B739 
SWA3933-1777707879-airline-600p,2026-05-04T18:20:00,0.23455243167045187,0,0.24444198344361692,replay_quantile@0.22,WN3933,N8849Q,WN,ATL,MSY,2026-05-04T20:20:00,2026-05-04T21:35:00,SWA3237-1777704104-airline-1551p,B38M 
SWA1472-1777701030-airline-1980p,2026-05-04T18:20:00,0.16176214522026816,0,0.24444198344361692,replay_quantile@0.22,WN1472,N7747C,WN,DAL,ATL,2026-05-04T20:20:00,2026-05-04T22:01:00,SWA1472-1777701030-airline-1982p,B737 
DAL3027-1777695946-fa-936p,2026-05-04T18:21:00,0.023605150214592276,0,0.24444198344361692,replay_quantile@0.22,DL3027,N964AT,DL,LIT,ATL,2026-05-04T20:21:00,2026-05-04T21:27:00,DAL3027-1777695946-fa-935p,B712 
DAL2252-1777695952-fa-1329p,2026-05-04T18:23:00,0.03660663833132693,0,0.24444198344361692,replay_quantile@0.22,DL2252,N978AT,DL,MEM,ATL,2026-05-04T20:23:00,2026-05-04T21:17:00,DAL1681-1777695951-fa-1370p,B712 
DAL1962-1777694928-fa-209p,2026-05-04T18:25:00,0.08899350310947436,0,0.24444198344361692,replay_quantile@0.22,DL1962,N322DN,DL,CUN,ATL,2026-05-04T20:25:00,2026-05-04T22:34:00,DAL592-1777694927-fa-598p,A321 
EDV5308-1777674364-fa-1830p,2026-05-04T18:25:00,0.042102979369667747,0,0.24444198344361692,replay_quantile@0.22,9E5308,N183GJ,9E,LFT,ATL,2026-05-04T20:25:00,2026-05-04T21:35:00,EDV5308-1777661587-fa-1405p,CRJ9 
DAL1693-1777695586-fa-174p,2026-05-04T18:27:00,0.10966116696548124,0,0.24444198344361692,replay_quantile@0.22,DL1693,N941DZ,DL,ATL,BNA,2026-05-04T20:27:00,2026-05-04T21:02:00,DAL562-1777695542-fa-1463p,B739 
DAL1613-1777694995-fa-82p,2026-05-04T18:30:00,0.3773768462014681,1,0.24444198344361692,replay_quantile@0.22,DL1613,N331DN,DL,FLL,ATL,2026-05-04T20:30:00,2026-05-04T21:51:00,DAL1413-1777694991-fa-1005p,A321 
DAL1372-1777694801-fa-1007p,2026-05-04T18:30:00,0.28363367069859274,1,0.24444198344361692,replay_quantile@0.22,DL1372,N6714Q,DL,MCO,ATL,2026-05-04T20:30:00,2026-05-04T21:36:00,DAL1372-1777694793-fa-766p,B752 
EDV5339-1777697742-airline-1282p,2026-05-04T18:30:00,0.042102979369667747,0,0.24444198344361692,replay_quantile@0.22,9E5339,N316PQ,9E,AVL,ATL,2026-05-04T20:30:00,2026-05-04T21:05:00,EDV5339-1777697306-airline-935p,CRJ9 
FFT4209-1777702820-airline-1261p,2026-05-04T18:32:00,0.1866118444781072,0,0.24444198344361692,replay_quantile@0.22,F94209,N637FR,F9,CLE,ATL,2026-05-04T20:32:00,2026-05-04T22:12:00,FFT3232-1777699828-airline-616p,A21N 
DAL3169-1777695561-fa-579p,2026-05-04T18:32:00,0.03660663833132693,0,0.24444198344361692,replay_quantile@0.22,DL3169,N916DU,DL,CVG,ATL,2026-05-04T20:32:00,2026-05-04T21:33:00,DAL3169-1777695560-fa-963p,B739 
EDV5503-1777697742-airline-1270p,2026-05-04T18:33:00,0.03407691579047077,0,0.24444198344361692,replay_quantile@0.22,9E5503,N390CA,9E,XNA,ATL,2026-05-04T20:33:00,2026-05-04T21:46:00,EDV5503-1777698708-airline-1668p,CRJ7 
DAL1329-1777694929-fa-419p,2026-05-04T18:35:00,0.24607329842931938,1,0.24444198344361692,replay_quantile@0.22,DL1329,N306DN,DL,ATL,PHL,2026-05-04T20:35:00,2026-05-04T22:04:00,DAL1099-1777694931-fa-704p,A321 
DAL1467-1777695545-fa-584p,2026-05-04T18:36:00,0.0788256227758007,0,0.24444198344361692,replay_quantile@0.22,DL1467,N815DN,DL,DTW,ATL,2026-05-04T20:36:00,2026-05-04T22:07:00,DAL2236-1777695545-fa-585p,B739 
EDV5287-1777697306-airline-940p,2026-05-04T18:36:00,0.053504249686498535,0,0.24444198344361692,replay_quantile@0.22,9E5287,N690CA,9E,ATL,ABY,2026-05-04T20:36:00,2026-05-04T21:07:00,EDV5157-1777663656-fa-1334p,CRJ7 
DAL2799-1777695542-fa-1465p,2026-05-04T18:38:00,0.24444198344361692,1,0.24444198344361692,replay_quantile@0.22,DL2799,N827DN,DL,ATL,BWI,2026-05-04T20:38:00,2026-05-04T21:59:00,DAL1640-1777695586-fa-171p,B739 
DAL836-1777694809-fa-1231p,2026-05-04T18:39:00,0.26972624798711764,1,0.24444198344361692,replay_quantile@0.22,DL836,N390DN,DL,ATL,PHX,2026-05-04T20:39:00,2026-05-05T00:31:00,DAL346-1777694810-fa-1660p,A321 
DAL466-1777694806-fa-269p,2026-05-04T18:39:00,0.2608988647555856,1,0.24444198344361692,replay_quantile@0.22,DL466,N551NW,DL,LAS,ATL,2026-05-04T20:39:00,2026-05-04T23:58:00,DAL824-1777694795-fa-588p,B752 
DAL2312-1777695594-fa-133p,2026-05-04T18:39:00,0.18666021986970685,0,0.24444198344361692,replay_quantile@0.22,DL2312,N930DZ,DL,EWR,ATL,2026-05-04T20:39:00,2026-05-04T22:26:00,DAL2312-1777695595-fa-345p,B739 
EDV5485-1777674549-fa-51p,2026-05-04T18:39:00,0.12506268806419255,0,0.24444198344361692,replay_quantile@0.22,9E5485,N176PQ,9E,HPN,ATL,2026-05-04T20:39:00,2026-05-04T22:49:00,EDV5107-1777674549-fa-52p,CRJ9 
DAL3088-1777695948-fa-861p,2026-05-04T18:39:00,0.05083729067733067,0,0.24444198344361692,replay_quantile@0.22,DL3088,N927AT,DL,ATL,DAY,2026-05-04T20:39:00,2026-05-04T21:41:00,DAL2179-1777695936-fa-558p,B712 
DAL997-1777695057-fa-492p,2026-05-04T18:40:00,0.28996138996139,1,0.24444198344361692,replay_quantile@0.22,DL997,N114DN,DL,ATL,LGA,2026-05-04T20:40:00,2026-05-04T22:15:00,DAL994-1777694838-fa-605p,A321 
SWA1689-1777704136-airline-779p,2026-05-04T18:40:00,0.2185076223589195,0,0.24444198344361692,replay_quantile@0.22,WN1689,N1811U,WN,ATL,PIT,2026-05-04T20:40:00,2026-05-04T22:03:00,SWA3217-1777704104-airline-1529p,B38M 
SWA3331-1777704104-airline-1645p,2026-05-04T18:40:00,0.17757594738490443,0,0.24444198344361692,replay_quantile@0.22,WN3331,N472WN,WN,ATL,BWI,2026-05-04T20:40:00,2026-05-04T22:07:00,SWA853-1777704167-airline-3209p,B737 
AFR31-1777703565-airline-970p,2026-05-04T18:40:00,0.16686944314459523,0,0.24444198344361692,replay_quantile@0.22,AF31,F-GSQM,AF,ATL,CDG,2026-05-04T20:40:00,2026-05-05T04:31:00,AFR30-1777703565-airline-969p,B77W 
DAL1470-1777695748-fa-925p,2026-05-04T18:40:00,0.1467644845748683,0,0.24444198344361692,replay_quantile@0.22,DL1470,N945DZ,DL,ATL,MCI,2026-05-04T20:40:00,2026-05-04T22:25:00,DAL3013-1777695747-fa-4808p,B739 
SLI979-1777698579-airline-1527p,2026-05-04T18:40:00,0.1456462741179806,0,0.24444198344361692,replay_quantile@0.22,5D979,XA-ALP,5D,ATL,MTY,2026-05-04T20:40:00,2026-05-04T23:21:00,SLI2708-1777697306-airline-917p,E190 
DAL2211-1777695945-fa-326p,2026-05-04T18:40:00,0.12616630588937827,0,0.24444198344361692,replay_quantile@0.22,DL2211,N982AT,DL,ATL,PNS,2026-05-04T20:40:00,2026-05-04T21:26:00,DAL3159-1777695944-fa-1514p,B712 
DAL3043-1777695946-fa-160p,2026-05-04T18:40:00,0.08899350310947436,0,0.24444198344361692,replay_quantile@0.22,DL3043,N995AT,DL,ATL,MLB,2026-05-04T20:40:00,2026-05-04T21:37:00,DAL1359-1777695945-fa-482p,B712 
DAL3157-1777694790-fa-1139p,2026-05-04T18:40:00,0.05349705365131275,0,0.24444198344361692,replay_quantile@0.22,DL3157,N698DL,DL,MSY,ATL,2026-05-04T20:40:00,2026-05-04T21:43:00,DAL3157-1777694796-fa-711p,B752 
JIA5049-1777701898-airline-1316p,2026-05-04T18:43:00,0.13837174940898342,0,0.24444198344361692,replay_quantile@0.22,OH5049,N646NN,OH,ATL,CLT,2026-05-04T20:43:00,2026-05-04T21:22:00,JIA5049-1777701898-airline-1336p,CRJ9 
DAL1700-1777695738-fa-749p,2026-05-04T18:44:00,0.1705034624742654,0,0.24444198344361692,replay_quantile@0.22,DL1700,N956DZ,DL,ATL,MEM,2026-05-04T20:44:00,2026-05-04T21:32:00,DAL3092-1777695740-fa-1428p,B739 
DAL2104-1777694908-fa-437p,2026-05-04T18:44:00,0.04696156671356183,0,0.24444198344361692,replay_quantile@0.22,DL2104,N312DN,DL,AUS,ATL,2026-05-04T20:44:00,2026-05-04T22:26:00,DAL2104-1777694908-fa-433p,A321 
UAL235-1777680280-fa-1814p,2026-05-04T18:45:00,0.29915460484180867,1,0.24444198344361692,replay_quantile@0.22,UA235,N76502,UA,ATL,DEN,2026-05-04T20:45:00,2026-05-04T23:48:00,UAL2424-1777668003-fa-993p,B738 
SWA1777-1777704136-airline-903p,2026-05-04T18:45:00,0.26631118265506304,1,0.24444198344361692,replay_quantile@0.22,WN1777,N8854Q,WN,DEN,ATL,2026-05-04T20:45:00,2026-05-04T23:04:00,SWA3782-1777707879-airline-454p,B38M 
DAL518-1777694838-fa-604p,2026-05-04T18:45:00,0.203078123124925,0,0.24444198344361692,replay_quantile@0.22,DL518,N391DN,DL,ATL,BOS,2026-05-04T20:45:00,2026-05-04T22:53:00,DAL835-1777694823-fa-863p,A321 
SWA717-1777704167-airline-3104p,2026-05-04T18:45:00,0.1162886825208741,0,0.24444198344361692,replay_quantile@0.22,WN717,N8953Q,WN,ATL,CMH,2026-05-04T20:45:00,2026-05-04T21:58:00,SWA1974-1777704136-airline-1114p,B38M 
DAL2484-1777695936-fa-556p,2026-05-04T18:45:00,0.07233496018494733,0,0.24444198344361692,replay_quantile@0.22,DL2484,N717JL,DL,ATL,BHM,2026-05-04T20:45:00,2026-05-04T21:10:00,DAL1273-1777695947-fa-3p,B712 
AAL1810-1777701683-airline-1444p,2026-05-04T18:46:00,0.3341444672131147,1,0.24444198344361692,replay_quantile@0.22,AA1810,N174US,AA,ATL,DFW,2026-05-04T20:46:00,2026-05-04T22:51:00,AAL1810-1777701683-airline-1445p,A321 
DAL2780-1777695956-fa-3437p,2026-05-04T18:46:00,0.06644576982549151,0,0.24444198344361692,replay_quantile@0.22,DL2780,N922AT,DL,ATL,DAL,2026-05-04T20:46:00,2026-05-04T22:35:00,DAL3078-1777695956-fa-3450p,B712 
EDV5537-1777674463-fa-1828p,2026-05-04T18:46:00,0.05258134490238612,0,0.24444198344361692,replay_quantile@0.22,9E5537,N272PQ,9E,ATL,AGS,2026-05-04T20:46:00,2026-05-04T21:19:00,EDV5288-1777663538-fa-2913p,CRJ9 
DAL1381-1777695731-fa-973p,2026-05-04T18:46:00,0.03709898372041161,0,0.24444198344361692,replay_quantile@0.22,DL1381,N946DZ,DL,CHS,ATL,2026-05-04T20:46:00,2026-05-04T21:34:00,DAL1381-1777695731-fa-975p,B739 
DAL2902-1777695120-fa-284p,2026-05-04T18:47:00,0.24444198344361692,1,0.24444198344361692,replay_quantile@0.22,DL2902,N337NB,DL,ATL,IAD,2026-05-04T20:47:00,2026-05-04T21:57:00,DAL8818-1777608748-fa-707p,A319 
DAL2050-1777695029-fa-156p,2026-05-04T18:47:00,0.21077547339945898,0,0.24444198344361692,replay_quantile@0.22,DL2050,N359DN,DL,ATL,BUF,2026-05-04T20:47:00,2026-05-04T22:15:00,DAL2270-1777695001-fa-73p,A321 
DAL1437-1777695740-fa-810p,2026-05-04T18:48:00,0.03580259633216567,0,0.24444198344361692,replay_quantile@0.22,DL1437,N947DZ,DL,RIC,ATL,2026-05-04T20:48:00,2026-05-04T22:08:00,DAL1437-1777695739-fa-727p,B739 
DAL1148-1777695956-fa-3396p,2026-05-04T18:48:00,0.018873720136518772,0,0.24444198344361692,replay_quantile@0.22,DL1148,N919AT,DL,TYS,ATL,2026-05-04T20:48:00,2026-05-04T21:26:00,DAL2496-1777695956-fa-3425p,B712 
DAL1295-1777695000-fa-143p,2026-05-04T18:49:00,0.3599545798637396,1,0.24444198344361692,replay_quantile@0.22,DL1295,N309DN,DL,ATL,FLL,2026-05-04T20:49:00,2026-05-04T22:08:00,DAL1035-1777694963-fa-1322p,A321 
DAL1328-1777695890-fa-1016p,2026-05-04T18:50:00,0.4713622291021672,1,0.24444198344361692,replay_quantile@0.22,DL1328,N6709,DL,ATL,MIA,2026-05-04T20:50:00,2026-05-04T22:29:00,DAL1963-1777695904-fa-241p,B752 
AAL1256-1777705939-airline-427p,2026-05-04T18:50:00,0.43997776954427564,1,0.24444198344361692,replay_quantile@0.22,AA1256,N558UW,AA,ATL,LAX,2026-05-04T20:50:00,2026-05-05T01:29:00,AAL3295-1777709994-airline-1717p,A321 
SKW3843-1777697897-airline-823p,2026-05-04T18:50:00,0.0872515462679397,0,0.24444198344361692,replay_quantile@0.22,OO3843,N265SY,OO,ATL,OAJ,2026-05-04T20:50:00,2026-05-04T21:51:00,SKW4097-1777697897-airline-779p,E75L 
DAL959-1777694892-fa-1358p,2026-05-04T18:51:00,0.28363367069859274,1,0.24444198344361692,replay_quantile@0.22,DL959,N364DX,DL,ATL,PBI,2026-05-04T20:51:00,2026-05-04T22:11:00,DAL1682-1777695029-fa-708p,A321 
DAL3112-1777695755-fa-815p,2026-05-04T18:51:00,0.17452252415732888,0,0.24444198344361692,replay_quantile@0.22,DL3112,N958DZ,DL,ATL,SAV,2026-05-04T20:51:00,2026-05-04T21:25:00,DAL566-1777695754-fa-1073p,B739 
DAL2067-1777695772-fa-671p,2026-05-04T18:52:00,0.10344462109167991,0,0.24444198344361692,replay_quantile@0.22,DL2067,N524DE,DL,ATL,DTW,2026-05-04T20:52:00,2026-05-04T22:22:00,DAL390-1777695805-fa-477p,A21N 
DAL1323-1777695895-fa-330p,2026-05-04T18:53:00,0.45117200396170354,1,0.24444198344361692,replay_quantile@0.22,DL1323,N6716C,DL,MIA,ATL,2026-05-04T20:53:00,2026-05-04T22:26:00,DAL1323-1777695894-fa-966p,B752 
DAL2627-1777695914-fa-1651p,2026-05-04T18:55:00,0.23455243167045187,0,0.24444198344361692,replay_quantile@0.22,DL2627,N822DX,DL,ATL,JAX,2026-05-04T20:55:00,2026-05-04T21:35:00,DAL1030-1777695914-fa-1652p,B752 
SWA4529-1777704167-airline-2799p,2026-05-04T18:55:00,0.137732836615221,0,0.24444198344361692,replay_quantile@0.22,WN4529,N8536Z,WN,TPA,ATL,2026-05-04T20:55:00,2026-05-04T22:08:00,SWA2105-1777698769-airline-1083p,B738 
DAL2786-1777695274-fa-1034p,2026-05-04T18:55:00,0.12506268806419255,0,0.24444198344361692,replay_quantile@0.22,DL2786,N355NW,DL,ATL,CMH,2026-05-04T20:55:00,2026-05-04T22:05:00,DAL1137-1777695271-fa-1005p,A320 
DAL3026-1777695939-fa-4126p,2026-05-04T18:55:00,0.05421656561607456,0,0.24444198344361692,replay_quantile@0.22,DL3026,N953AT,DL,ATL,HSV,2026-05-04T20:55:00,2026-05-04T21:28:00,DAL2157-1777695939-fa-4125p,B712 
DAL3134-1777695713-fa-563p,2026-05-04T18:55:00,0.03660663833132693,0,0.24444198344361692,replay_quantile@0.22,DL3134,N938DZ,DL,IND,ATL,2026-05-04T20:55:00,2026-05-04T22:00:00,DAL3134-1777695713-fa-559p,B739 
EDV5376-1777698708-airline-1535p,2026-05-04T18:55:40,0.08098137900990834,0,0.24444198344361692,replay_quantile@0.22,9E5376,N601LR,9E,ATL,CHA,2026-05-04T20:55:40,2026-05-04T21:19:40,EDV5468-1777697742-airline-1307p,CRJ9 
DAL1346-1777695741-fa-320p,2026-05-04T18:56:00,0.1456462741179806,0,0.24444198344361692,replay_quantile@0.22,DL1346,N884DN,DL,ATL,ORF,2026-05-04T20:56:00,2026-05-04T22:06:00,DAL1159-1777695742-fa-1289p,B739 
DAL3063-1777695936-fa-571p,2026-05-04T18:57:00,0.0788256227758007,0,0.24444198344361692,replay_quantile@0.22,DL3063,N949AT,DL,ATL,GPT,2026-05-04T20:57:00,2026-05-04T21:55:00,DAL876-1777695936-fa-569p,B712 
FFT1082-1777705129-airline-1422p,2026-05-04T18:58:00,0.8641399416909621,1,0.24444198344361692,replay_quantile@0.22,F91082,N624FR,F9,ATL,IAD,2026-05-04T20:58:00,2026-05-04T22:24:00,FFT4731-1777702596-airline-759p,A21N 
AAL1796-1777701683-airline-1429p,2026-05-04T18:59:00,0.9064227177434725,1,0.24444198344361692,replay_quantile@0.22,AA1796,N722US,AA,ATL,MIA,2026-05-04T20:59:00,2026-05-04T22:43:00,AAL1796-1777701683-airline-1430p,A319 
EDV5144-1777697306-airline-953p,2026-05-04T18:59:00,0.03580259633216567,0,0.24444198344361692,replay_quantile@0.22,9E5144,N181GJ,9E,ATL,EVV,2026-05-04T20:59:00,2026-05-04T22:01:00,EDV5325-1777697742-airline-1381p,CRJ9 
DAL3056-1777695763-fa-3546p,2026-05-04T19:00:00,0.137732836615221,0,0.24444198344361692,replay_quantile@0.22,DL3056,N960DZ,DL,ATL,DAB,2026-05-04T21:00:00,2026-05-04T21:47:00,DAL2542-1777695765-fa-113p,B739 
EJA853-1777863621-sw-315p,2026-05-04T19:00:00,0.08003691700113763,0,0.24444198344361692,replay_quantile@0.22,1I695,N695QS,1I,SAV,ATL,2026-05-04T21:00:00,2026-05-04T21:35:00,EJA695-1777868714-sw-432p,C68A 
FFT1550-1777702820-airline-627p,2026-05-04T19:01:00,0.6236085343228202,1,0.24444198344361692,replay_quantile@0.22,F91550,N341FR,F9,ATL,JAX,2026-05-04T21:01:00,2026-05-04T21:49:00,FFT2409-1777702820-airline-979p,A20N 
DAL503-1777695688-fa-5p,2026-05-04T19:01:00,0.08899350310947436,0,0.24444198344361692,replay_quantile@0.22,DL503,N919DU,DL,ATL,PDX,2026-05-04T21:01:00,2026-05-05T01:47:00,DAL2547-1777695689-fa-821p,B739 
DAL838-1777694922-fa-1148p,2026-05-04T19:02:00,0.09016480407412646,0,0.24444198344361692,replay_quantile@0.22,DL838,N115DN,DL,PBI,ATL,2026-05-04T21:02:00,2026-05-04T22:21:00,DAL838-1777694919-fa-530p,A321 
DAL950-1777695326-fa-1059p,2026-05-04T19:03:00,0.2243580904051408,0,0.24444198344361692,replay_quantile@0.22,DL950,N366NW,DL,ATL,DCA,2026-05-04T21:03:00,2026-05-04T22:14:00,DAL737-1777695308-fa-883p,A320 
DAL743-1777695694-fa-1485p,2026-05-04T19:03:00,0.137732836615221,0,0.24444198344361692,replay_quantile@0.22,DL743,N833DN,DL,ATL,SMF,2026-05-04T21:03:00,2026-05-05T01:36:00,DAL640-1777695695-fa-70p,B739 
DAL2891-1777694965-fa-570p,2026-05-04T19:03:00,0.1286818671102847,0,0.24444198344361692,replay_quantile@0.22,DL2891,N343DN,DL,ATL,ONT,2026-05-04T21:03:00,2026-05-05T01:25:00,DAL1121-1777694964-fa-4206p,A321 
DAL512-1777695943-fa-883p,2026-05-04T19:03:00,0.12616630588937827,0,0.24444198344361692,replay_quantile@0.22,DL512,N939AT,DL,DAL,ATL,2026-05-04T21:03:00,2026-05-04T22:39:00,DAL512-1777695943-fa-882p,B712 
DAL2806-1777695531-fa-177p,2026-05-04T19:03:00,0.0788256227758007,0,0.24444198344361692,replay_quantile@0.22,DL2806,N377DA,DL,ATL,MKE,2026-05-04T21:03:00,2026-05-04T22:37:00,DAL2710-1777695528-fa-1485p,B738 
DAL3143-1777695954-fa-958p,2026-05-04T19:03:00,0.011462667818167545,0,0.24444198344361692,replay_quantile@0.22,DL3143,N921AT,DL,LEX,ATL,2026-05-04T21:03:00,2026-05-04T22:06:00,DAL3143-1777695954-fa-439p,B712 
DAL2545-1777695706-fa-1687p,2026-05-04T19:04:00,0.042102979369667747,0,0.24444198344361692,replay_quantile@0.22,DL2545,N931DQ,DL,CLE,ATL,2026-05-04T21:04:00,2026-05-04T22:31:00,DAL2545-1777695704-fa-887p,B739 
DAL3037-1777695938-fa-733p,2026-05-04T19:04:00,0.03407691579047077,0,0.24444198344361692,replay_quantile@0.22,DL3037,N945AT,DL,CLT,ATL,2026-05-04T21:04:00,2026-05-04T21:48:00,DAL1429-1777695938-fa-734p,B712 
DAL1167-1777694806-fa-1299p,2026-05-04T19:05:00,0.10966116696548124,0,0.24444198344361692,replay_quantile@0.22,DL1167,N6707A,DL,TPA,ATL,2026-05-04T21:05:00,2026-05-04T22:05:00,DAL1167-1777694803-fa-1157p,B752 
DAL2539-1777695957-fa-1016p,2026-05-04T19:05:00,0.027213251670378618,0,0.24444198344361692,replay_quantile@0.22,DL2539,N937AT,DL,GSO,ATL,2026-05-04T21:05:00,2026-05-04T21:57:00,DAL2539-1777695957-fa-25p,B712 
DAL517-1777694794-fa-1045p,2026-05-04T19:06:00,0.3118771544970228,1,0.24444198344361692,replay_quantile@0.22,DL517,N695DL,DL,ATL,SFO,2026-05-04T21:06:00,2026-05-05T03:18:00,DAL927-1777695862-fa-1291p,B752 
DAL2739-1777694989-fa-1021p,2026-05-04T19:06:00,0.10966116696548124,0,0.24444198344361692,replay_quantile@0.22,DL2739,N355DN,DL,BDL,ATL,2026-05-04T21:06:00,2026-05-04T23:06:00,DAL2739-1777694989-fa-1019p,A321 
EDV5374-1777674492-fa-2916p,2026-05-04T19:06:00,0.04516412427122434,0,0.24444198344361692,replay_quantile@0.22,9E5374,N319PQ,9E,ATL,CSG,2026-05-04T21:06:00,2026-05-04T21:25:00,EDV5292-1777698708-airline-1416p,CRJ9 
DAL1093-1777695340-fa-1536p,2026-05-04T19:07:00,0.1305571690273,0,0.24444198344361692,replay_quantile@0.22,DL1093,N378NW,DL,ATL,MYR,2026-05-04T21:07:00,2026-05-04T21:56:00,DAL2629-1777695340-fa-1534p,A320 
FFT2051-1777702820-airline-909p,2026-05-04T19:08:00,0.3938996220075599,1,0.24444198344361692,replay_quantile@0.22,F92051,N625FR,F9,ATL,MSY,2026-05-04T21:08:00,2026-05-04T22:42:00,FFT1263-1777705129-airline-1462p,A21N 
EDV5002-1777697897-airline-814p,2026-05-04T19:08:00,0.0746744847805467,0,0.24444198344361692,replay_quantile@0.22,9E5002,N367CA,9E,ATL,FAY,2026-05-04T21:08:00,2026-05-04T21:44:00,EDV4953-1777697897-airline-939p,CRJ7 
DAL711-1777694962-fa-1007p,2026-05-04T19:09:00,0.3938996220075599,1,0.24444198344361692,replay_quantile@0.22,DL711,N337DN,DL,ATL,LAS,2026-05-04T21:09:00,2026-05-05T01:20:00,DAL2779-1777694890-fa-1505p,A321 
DAL1791-1777695893-fa-1078p,2026-05-04T19:09:00,0.35878070973612364,1,0.24444198344361692,replay_quantile@0.22,DL1791,N556NW,DL,ATL,SJU,2026-05-04T21:09:00,2026-05-05T00:13:00,DAL1153-1777695892-fa-2533p,B752 
DAL712-1777694824-fa-290p,2026-05-04T19:09:00,0.2735095812633074,1,0.24444198344361692,replay_quantile@0.22,DL712,N386DN,DL,ATL,SAN,2026-05-04T21:09:00,2026-05-05T01:41:00,DAL1965-1777694962-fa-1006p,A321 
DAL2750-1777695513-fa-1576p,2026-05-04T19:09:00,0.23455243167045187,0,0.24444198344361692,replay_quantile@0.22,DL2750,N3763D,DL,ATL,CLE,2026-05-04T21:09:00,2026-05-04T22:47:00,DAL3054-1777695457-fa-1425p,B738 
EDV5105-1777697897-airline-807p,2026-05-04T19:09:00,0.19439755646652196,0,0.24444198344361692,replay_quantile@0.22,9E5105,N355CA,9E,ATL,CRW,2026-05-04T21:09:00,2026-05-04T22:03:00,EDV5423-1777697897-airline-738p,CRJ7 
DAL942-1777695950-fa-1713p,2026-05-04T19:09:00,0.1305571690273,0,0.24444198344361692,replay_quantile@0.22,DL942,N895AT,DL,SGF,ATL,2026-05-04T21:09:00,2026-05-04T22:26:00,DAL872-1777695950-fa-1714p,B712 
SKW4033-1777697771-airline-1191p,2026-05-04T19:09:00,0.10966116696548124,0,0.24444198344361692,replay_quantile@0.22,OO4033,N292SY,OO,SBN,ATL,2026-05-04T21:09:00,2026-05-04T22:34:00,SKW4033-1777697771-airline-1190p,E75L 
DAL2266-1777694943-fa-1242p,2026-05-04T19:09:00,0.0746744847805467,0,0.24444198344361692,replay_quantile@0.22,DL2266,N348DN,DL,BUF,ATL,2026-05-04T21:09:00,2026-05-04T22:54:00,DAL2266-1777694941-fa-1916p,A321 
DAL3014-1777695574-fa-1385p,2026-05-04T19:09:00,0.06375216611437083,0,0.24444198344361692,replay_quantile@0.22,DL3014,N810DN,DL,SAV,ATL,2026-05-04T21:09:00,2026-05-04T21:50:00,DAL3014-1777695573-fa-666p,B739 
DAL3133-1777695949-fa-1127p,2026-05-04T19:09:00,0.03709898372041161,0,0.24444198344361692,replay_quantile@0.22,DL3133,N985AT,DL,GNV,ATL,2026-05-04T21:09:00,2026-05-04T21:59:00,DAL3133-1777695949-fa-1126p,B712 
DAL1125-1777695952-fa-1583p,2026-05-04T19:09:00,0.02076670681563317,0,0.24444198344361692,replay_quantile@0.22,DL1125,N965AT,DL,OMA,ATL,2026-05-04T21:09:00,2026-05-04T22:55:00,DAL1125-1777695952-fa-1580p,B712 
FFT4771-1777702596-airline-767p,2026-05-04T19:10:00,0.8367777309152257,1,0.24444198344361692,replay_quantile@0.22,F94771,N720FR,F9,ATL,CVG,2026-05-04T21:10:00,2026-05-04T22:13:00,FFT3511-1777702820-airline-1175p,A321 
SWA1445-1777701030-airline-1949p,2026-05-04T19:10:00,0.4056037358238826,1,0.24444198344361692,replay_quantile@0.22,WN1445,N8318F,WN,BWI,ATL,2026-05-04T21:10:00,2026-05-04T22:44:00,SWA464-1777704167-airline-2857p,B738 
DAL140-1777694854-fa-642p,2026-05-04T19:10:00,0.19439755646652196,0,0.24444198344361692,replay_quantile@0.22,DL140,N837MH,DL,ATL,BRU,2026-05-04T21:10:00,2026-05-05T05:20:00,DAL177-1777694861-fa-1164p,B764 
DAL30-1777694867-fa-344p,2026-05-04T19:10:00,0.19439755646652196,0,0.24444198344361692,replay_quantile@0.22,DL30,N843MH,DL,ATL,LHR,2026-05-04T21:10:00,2026-05-05T05:04:00,DAL141-1777694868-fa-4287p,B764 
DAL72-1777695368-fa-981p,2026-05-04T19:10:00,0.19439755646652196,0,0.24444198344361692,replay_quantile@0.22,DL72,N824NW,DL,ATL,AMS,2026-05-04T21:10:00,2026-05-05T05:31:00,DAL73-1777695368-fa-982p,A333 
DAL3158-1777695947-fa-5p,2026-05-04T19:10:00,0.1523089517022199,0,0.24444198344361692,replay_quantile@0.22,DL3158,N954AT,DL,ATL,CLT,2026-05-04T21:10:00,2026-05-04T21:48:00,DAL3060-1777695952-fa-1332p,B712 
DAL3122-1777695744-fa-1177p,2026-05-04T19:10:00,0.1470810266733769,0,0.24444198344361692,replay_quantile@0.22,DL3122,N954DZ,DL,ATL,PIT,2026-05-04T21:10:00,2026-05-04T22:23:00,DAL775-1777695744-fa-1176p,B739 
JZA8508-1777703004-airline-164p,2026-05-04T19:10:00,0.1456462741179806,0,0.24444198344361692,replay_quantile@0.22,QK8508,C-FEJP,QK,ATL,YYZ,2026-05-04T21:10:00,2026-05-04T22:58:00,JZA8503-1777704474-airline-724p,E75S 
DAL968-1777695033-fa-939p,2026-05-04T19:10:00,0.09789156626506024,0,0.24444198344361692,replay_quantile@0.22,DL968,N374DX,DL,LGA,ATL,2026-05-04T21:10:00,2026-05-04T22:58:00,DAL524-1777694825-fa-569p,A321 
DAL1186-1777695951-fa-1366p,2026-05-04T19:10:00,0.08098137900990834,0,0.24444198344361692,replay_quantile@0.22,DL1186,N923AT,DL,ATL,TUL,2026-05-04T21:10:00,2026-05-04T22:49:00,DAL1420-1777695951-fa-1365p,B712 
DAL1550-1777695716-fa-3351p,2026-05-04T19:10:00,0.05038602194229989,0,0.24444198344361692,replay_quantile@0.22,DL1550,N937DZ,DL,RDU,ATL,2026-05-04T21:10:00,2026-05-04T22:07:00,DAL1550-1777695714-fa-60p,B739 
DAL2730-1777695942-fa-131p,2026-05-04T19:10:00,0.03983455719720428,0,0.24444198344361692,replay_quantile@0.22,DL2730,N892AT,DL,BTR,ATL,2026-05-04T21:10:00,2026-05-04T22:21:00,DAL2730-1777695942-fa-129p,B712 
DAL2892-1777695423-fa-281p,2026-05-04T19:10:00,0.03580259633216567,0,0.24444198344361692,replay_quantile@0.22,DL2892,N376DA,DL,CMH,ATL,2026-05-04T21:10:00,2026-05-04T22:25:00,DAL2892-1777695422-fa-235p,B738 
SKW3935-1777697771-airline-1219p,2026-05-04T19:14:00,0.19439755646652196,0,0.24444198344361692,replay_quantile@0.22,OO3935,N264SY,OO,MOB,ATL,2026-05-04T21:14:00,2026-05-04T22:02:00,SKW3935-1777697771-airline-1220p,E75L 
DAL1393-1777695623-fa-907p,2026-05-04T19:14:00,0.1456462741179806,0,0.24444198344361692,replay_quantile@0.22,DL1393,N858DZ,DL,ATL,STL,2026-05-04T21:14:00,2026-05-04T22:24:00,DAL2925-1777695623-fa-918p,B739 
DAL90-1777694862-fa-492p,2026-05-04T19:15:00,0.19439755646652196,0,0.24444198344361692,replay_quantile@0.22,DL90,N836MH,DL,ATL,ZRH,2026-05-04T21:15:00,2026-05-05T05:51:00,DAL193-1777694862-fa-490p,B764 
EJA200-1777904735-sw-3093p,2026-05-04T19:15:00,0.1467644845748683,0,0.24444198344361692,replay_quantile@0.22,1I135,N135QS,1I,ATL,APF,2026-05-04T21:15:00,2026-05-04T22:25:00,EJA187-1777834819-sw-557p,GL5T 
DAL2220-1777695952-fa-1336p,2026-05-04T19:16:00,0.09016480407412646,0,0.24444198344361692,replay_quantile@0.22,DL2220,N915AT,DL,ATL,GNV,2026-05-04T21:16:00,2026-05-04T21:57:00,DAL3020-1777523007-fa-772p,B712 
DAL1124-1777694963-fa-1325p,2026-05-04T19:19:00,0.24444198344361692,1,0.24444198344361692,replay_quantile@0.22,DL1124,N335DN,DL,ATL,RSW,2026-05-04T21:19:00,2026-05-04T22:26:00,DAL1755-1777694945-fa-1020p,A321 
SWA203-1777704136-airline-1169p,2026-05-04T19:20:00,0.2608988647555856,1,0.24444198344361692,replay_quantile@0.22,WN203,N7832A,WN,ATL,AUS,2026-05-04T21:20:00,2026-05-04T23:22:00,SWA799-1777704167-airline-3168p,B737 
DAL222-1777695396-fa-1911p,2026-05-04T19:20:00,0.18666021986970685,0,0.24444198344361692,replay_quantile@0.22,DL222,N401DZ,DL,ATL,ATH,2026-05-04T21:20:00,2026-05-05T07:36:00,DAL110-1777608888-fa-317p,A339 
ACA1573-1777705284-airline-1429p,2026-05-04T19:20:00,0.0689159398063836,0,0.24444198344361692,replay_quantile@0.22,AC1573,C-GROV,AC,YUL,ATL,2026-05-04T21:20:00,2026-05-04T23:37:00,ACA1072-1777705284-airline-1326p,BCS3 
AAL1045-1777708252-airline-445p,2026-05-04T19:21:00,0.6434965414349654,1,0.24444198344361692,replay_quantile@0.22,AA1045,N838AW,AA,MIA,ATL,2026-05-04T21:21:00,2026-05-04T23:06:00,AAL1516-1777705939-airline-777p,A319 
UAL2247-1777705318-airline-1710p,2026-05-04T19:22:00,0.5885333003830471,1,0.24444198344361692,replay_quantile@0.22,UA2247,N804UA,UA,ATL,EWR,2026-05-04T21:22:00,2026-05-04T23:25:00,,A319 
DAL3142-1777695512-fa-897p,2026-05-04T19:23:00,0.031036712407500545,0,0.24444198344361692,replay_quantile@0.22,DL3142,N3757D,DL,BNA,ATL,2026-05-04T21:23:00,2026-05-04T22:02:00,DAL3142-1777695511-fa-535p,B738 
DAL1497-1777695904-fa-1436p,2026-05-04T19:25:00,0.46543264942016055,1,0.24444198344361692,replay_quantile@0.22,DL1497,N821DX,DL,ATL,MCO,2026-05-04T21:25:00,2026-05-04T22:30:00,DAL1228-1777695904-fa-1435p,B752 
SWA857-1777704167-airline-3214p,2026-05-04T19:25:00,0.3653794940079894,1,0.24444198344361692,replay_quantile@0.22,WN857,N8823Q,WN,ATL,DAL,2026-05-04T21:25:00,2026-05-04T23:21:00,SWA2813-1777709839-airline-874p,B38M 
DAL130-1777694854-fa-920p,2026-05-04T19:25:00,0.19439755646652196,0,0.24444198344361692,replay_quantile@0.22,DL130,N828MH,DL,ATL,MUC,2026-05-04T21:25:00,2026-05-05T06:04:00,DAL1510-1777694854-fa-922p,B764 
EDV5051-1777697742-airline-1265p,2026-05-04T19:25:00,0.1172872010903234,0,0.24444198344361692,replay_quantile@0.22,9E5051,N391CA,9E,ATL,SGF,2026-05-04T21:25:00,2026-05-04T23:13:00,EDV5327-1777698708-airline-1469p,CRJ7 
DAL1545-1777695939-fa-4140p,2026-05-04T19:25:00,0.02278018717187857,0,0.24444198344361692,replay_quantile@0.22,DL1545,N971AT,DL,TLH,ATL,2026-05-04T21:25:00,2026-05-04T22:11:00,DAL1545-1777695939-fa-4137p,B712 
DAL540-1777695940-fa-3104p,2026-05-04T19:26:00,0.063874838254323,0,0.24444198344361692,replay_quantile@0.22,DL540,N943AT,DL,ATL,TLH,2026-05-04T21:26:00,2026-05-04T22:03:00,DAL3195-1777695941-fa-1630p,B712 
DAL1348-1777695916-fa-1109p,2026-05-04T19:28:00,0.19439755646652196,0,0.24444198344361692,replay_quantile@0.22,DL1348,N823DX,DL,ATL,RIC,2026-05-04T21:28:00,2026-05-04T22:30:00,DAL1048-1777695916-fa-1108p,B752 
DAL3163-1777695764-fa-2231p,2026-05-04T19:29:00,0.023605150214592276,0,0.24444198344361692,replay_quantile@0.22,DL3163,N962DZ,DL,BHM,ATL,2026-05-04T21:29:00,2026-05-04T22:06:00,DAL3163-1777695763-fa-138p,B739 
SWA258-1777709839-airline-585p,2026-05-04T19:30:00,0.29915460484180867,1,0.24444198344361692,replay_quantile@0.22,WN258,N495WN,WN,ATL,MDW,2026-05-04T21:30:00,2026-05-04T23:06:00,SWA3738-1777704104-airline-2054p,B737 
DAL32-1777694925-fa-693p,2026-05-04T19:30:00,0.2800737794685573,1,0.24444198344361692,replay_quantile@0.22,DL32,N314DN,DL,DFW,ATL,2026-05-04T21:30:00,2026-05-04T23:07:00,DAL921-1777694925-fa-688p,A321 
UAL2081-1777680452-fa-1219p,2026-05-04T19:30:00,0.2154495864860109,0,0.24444198344361692,replay_quantile@0.22,UA2081,N66808,UA,IAD,ATL,2026-05-04T21:30:00,2026-05-04T23:07:00,UAL2065-1777680250-fa-1873p,B739 
DAL3042-1777695955-fa-2190p,2026-05-04T19:30:00,0.114362296180478,0,0.24444198344361692,replay_quantile@0.22,DL3042,N998AT,DL,ATL,TYS,2026-05-04T21:30:00,2026-05-04T21:54:00,DAL1195-1777695955-fa-2194p,B712 
EDV5389-1777697897-airline-839p,2026-05-04T19:30:00,0.03407691579047077,0,0.24444198344361692,replay_quantile@0.22,9E5389,N901XJ,9E,BMI,ATL,2026-05-04T21:30:00,2026-05-04T22:52:00,EDV5389-1777697897-airline-838p,CRJ9 
SKW3753-1777686152-fa-232p,2026-05-04T19:31:00,0.18179841252582363,0,0.24444198344361692,replay_quantile@0.22,OO3753,N304SY,OO,ATL,XNA,2026-05-04T21:31:00,2026-05-04T23:14:00,SKW3890-1777686151-fa-3510p,E75L 
DAL1292-1777694944-fa-1679p,2026-05-04T19:32:00,0.43568089277635347,1,0.24444198344361692,replay_quantile@0.22,DL1292,N352DN,DL,FLL,ATL,2026-05-04T21:32:00,2026-05-04T22:54:00,DAL1292-1777694945-fa-1019p,A321 
DAL3115-1777695737-fa-820p,2026-05-04T19:32:00,0.1697625664277705,0,0.24444198344361692,replay_quantile@0.22,DL3115,N940DU,DL,ATL,SRQ,2026-05-04T21:32:00,2026-05-04T22:32:00,DAL9980-1777877519-fa-1411p,B739 
DAL3095-1777695479-fa-891p,2026-05-04T19:33:00,0.025967908140733107,0,0.24444198344361692,replay_quantile@0.22,DL3095,N3741S,DL,GSP,ATL,2026-05-04T21:33:00,2026-05-04T22:05:00,DAL3095-1777695478-fa-1110p,B738 
DAL2879-1777695557-fa-1015p,2026-05-04T19:34:00,0.42767950052029136,1,0.24444198344361692,replay_quantile@0.22,DL2879,N839DN,DL,ATL,ORD,2026-05-04T21:34:00,2026-05-04T22:55:00,DAL1004-1777695585-fa-100p,B739 
DAL1594-1777694967-fa-1257p,2026-05-04T19:35:00,0.24444198344361692,1,0.24444198344361692,replay_quantile@0.22,DL1594,N344DN,DL,ATL,TPA,2026-05-04T21:35:00,2026-05-04T22:33:00,DAL1190-1777694874-fa-123p,A321 
DAL192-1777694863-fa-811p,2026-05-04T19:35:00,0.18666021986970685,0,0.24444198344361692,replay_quantile@0.22,DL192,N827MH,DL,ATL,VCE,2026-05-04T21:35:00,2026-05-05T06:37:00,DAL33-1777694851-fa-427p,B764 
DAL2654-1777694873-fa-1085p,2026-05-04T19:35:00,0.16686944314459523,0,0.24444198344361692,replay_quantile@0.22,DL2654,N323DN,DL,ATL,MSP,2026-05-04T21:35:00,2026-05-04T23:45:00,DAL1555-1777694967-fa-1255p,A321 
DAL2152-1777695706-fa-1686p,2026-05-04T19:35:00,0.04101666212201668,0,0.24444198344361692,replay_quantile@0.22,DL2152,N932DZ,DL,MKE,ATL,2026-05-04T21:35:00,2026-05-04T23:11:00,DAL2152-1777695706-fa-1683p,B739 
CMP891-1777702209-airline-865p,2026-05-04T19:36:00,0.16176214522026816,0,0.24444198344361692,replay_quantile@0.22,CM891,HP-1825CMP,CM,ATL,PTY,2026-05-04T21:36:00,2026-05-05T01:23:00,CMP880-1777702209-airline-859p,B738 
DAL1695-1777695524-fa-5090p,2026-05-04T19:37:00,0.1697625664277705,0,0.24444198344361692,replay_quantile@0.22,DL1695,N3762Y,DL,IAD,ATL,2026-05-04T21:37:00,2026-05-04T23:01:00,DAL1695-1777695524-fa-5091p,B738 
DAL2193-1777695941-fa-1632p,2026-05-04T19:37:00,0.0522695476449557,0,0.24444198344361692,replay_quantile@0.22,DL2193,N959AT,DL,ATL,CAE,2026-05-04T21:37:00,2026-05-04T22:09:00,DAL2778-1777695948-fa-860p,B712 
FFT2198-1777699828-airline-511p,2026-05-04T19:38:00,0.6236085343228202,1,0.24444198344361692,replay_quantile@0.22,F92198,N721FR,F9,ORD,ATL,2026-05-04T21:38:00,2026-05-04T23:04:00,FFT45-1777704225-airline-540p,A321 
AAL1812-1777701683-airline-1449p,2026-05-04T19:38:00,0.5270259352023917,1,0.24444198344361692,replay_quantile@0.22,AA1812,N105UW,AA,DFW,ATL,2026-05-04T21:38:00,2026-05-04T23:25:00,AAL649-1777700836-airline-789p,A320 
EDV5508-1777689218-fa-3757p,2026-05-04T19:38:00,0.03983455719720428,0,0.24444198344361692,replay_quantile@0.22,9E5508,N293PQ,9E,ATL,TRI,2026-05-04T21:38:00,2026-05-04T22:16:00,EDV5361-1777674492-fa-2918p,CRJ9 
SWA1936-1777704136-airline-1065p,2026-05-04T19:40:00,0.1697625664277705,0,0.24444198344361692,replay_quantile@0.22,WN1936,N8966S,WN,STL,ATL,2026-05-04T21:40:00,2026-05-04T22:55:00,SWA320-1777704104-airline-1510p,B38M 
DAL2009-1777695046-fa-892p,2026-05-04T19:40:00,0.1456462741179806,0,0.24444198344361692,replay_quantile@0.22,DL2009,N382DN,DL,SAT,ATL,2026-05-04T21:40:00,2026-05-04T23:32:00,DAL2009-1777695046-fa-894p,A321 
DAL957-1777694830-fa-986p,2026-05-04T19:40:00,0.11065904259218533,0,0.24444198344361692,replay_quantile@0.22,DL957,N118DY,DL,DEN,ATL,2026-05-04T21:40:00,2026-05-04T23:58:00,DAL2927-1777694829-fa-1004p,A321 
DAL962-1777695569-fa-656p,2026-05-04T19:40:00,0.09471272171772895,0,0.24444198344361692,replay_quantile@0.22,DL962,N841DN,DL,JFK,ATL,2026-05-04T21:40:00,2026-05-04T23:30:00,DAL2044-1777695569-fa-657p,B739 
DAL2329-1777695720-fa-261p,2026-05-04T19:40:00,0.05019932083271814,0,0.24444198344361692,replay_quantile@0.22,DL2329,N939DZ,DL,ORF,ATL,2026-05-04T21:40:00,2026-05-04T23:06:00,DAL2329-1777695720-fa-259p,B739 
DAL1379-1777695913-fa-1121p,2026-05-04T19:40:00,0.04477611940298507,0,0.24444198344361692,replay_quantile@0.22,DL1379,N820DX,DL,RSW,ATL,2026-05-04T21:40:00,2026-05-04T23:04:00,DAL1379-1777695911-fa-1102p,B752 
DAL3179-1777695712-fa-300p,2026-05-04T19:41:00,0.24444198344361692,1,0.24444198344361692,replay_quantile@0.22,DL3179,N897DN,DL,ATL,CHS,2026-05-04T21:41:00,2026-05-04T22:26:00,DAL2711-1777695557-fa-1016p,B739 
DAL1097-1777694840-fa-1311p,2026-05-04T19:41:00,0.18666021986970685,0,0.24444198344361692,replay_quantile@0.22,DL1097,N368DN,DL,ATL,RDU,2026-05-04T21:41:00,2026-05-04T22:38:00,DAL1345-1777694839-fa-1117p,A321 
DAL3094-1777695724-fa-1216p,2026-05-04T19:41:00,0.04101666212201668,0,0.24444198344361692,replay_quantile@0.22,DL3094,N942DZ,DL,ECP,ATL,2026-05-04T21:41:00,2026-05-04T22:29:00,DAL3094-1777695729-fa-106p,B739 
DAL1435-1777695548-fa-1054p,2026-05-04T19:43:00,0.08098137900990834,0,0.24444198344361692,replay_quantile@0.22,DL1435,N819DN,DL,BWI,ATL,2026-05-04T21:43:00,2026-05-04T23:09:00,DAL1267-1777695548-fa-1052p,B739 
EDV5247-1777697897-airline-826p,2026-05-04T19:44:00,0.042372881355932195,0,0.24444198344361692,replay_quantile@0.22,9E5247,N297PQ,9E,ATL,ROA,2026-05-04T21:44:00,2026-05-04T22:55:00,EDV5163-1777697897-airline-743p,CRJ9 
DAL54-1777695375-fa-538p,2026-05-04T19:45:00,0.1866118444781072,0,0.24444198344361692,replay_quantile@0.22,DL54,N434DX,DL,ATL,LOS,2026-05-04T21:45:00,2026-05-05T08:08:00,DAL223-1777695396-fa-1915p,A339 
DAL436-1777695290-fa-1325p,2026-05-04T19:46:00,0.3938996220075599,1,0.24444198344361692,replay_quantile@0.22,DL436,N329NW,DL,ATL,DFW,2026-05-04T21:46:00,2026-05-04T23:40:00,DAL414-1777695290-fa-1097p,A320 
DAL1126-1777695455-fa-2712p,2026-05-04T19:46:00,0.02089538560234615,0,0.24444198344361692,replay_quantile@0.22,DL1126,N396DA,DL,SDF,ATL,2026-05-04T21:46:00,2026-05-04T22:52:00,DAL1126-1777695454-fa-1036p,B738 
AAL2737-1777703383-airline-1363p,2026-05-04T19:48:00,0.7712901923853087,1,0.24444198344361692,replay_quantile@0.22,AA2737,N9002U,AA,ATL,ORD,2026-05-04T21:48:00,2026-05-04T23:25:00,AAL2737-1777703383-airline-1364p,A319 
DAL2720-1777694961-fa-1240p,2026-05-04T19:49:00,0.08899350310947436,0,0.24444198344361692,replay_quantile@0.22,DL2720,N301DV,DL,JAX,ATL,2026-05-04T21:49:00,2026-05-04T22:37:00,DAL2720-1777694960-fa-804p,A321 
FFT1269-1777704225-airline-582p,2026-05-04T19:50:00,0.8986362711174435,1,0.24444198344361692,replay_quantile@0.22,F91269,N655FR,F9,ATL,DFW,2026-05-04T21:50:00,2026-05-04T23:57:00,FFT4076-1777699828-airline-681p,A21N 
EDV5377-1777697306-airline-950p,2026-05-04T19:51:00,0.08098137900990834,0,0.24444198344361692,replay_quantile@0.22,9E5377,N929XJ,9E,ATL,DHN,2026-05-04T21:51:00,2026-05-04T22:33:00,EDV5379-1777689218-fa-3755p,CRJ9 
DAL543-1777695557-fa-288p,2026-05-04T19:51:00,0.03660663833132693,0,0.24444198344361692,replay_quantile@0.22,DL543,N864DN,DL,STL,ATL,2026-05-04T21:51:00,2026-05-04T23:10:00,DAL1485-1777695557-fa-287p,B739 
EDV5245-1777697897-airline-732p,2026-05-04T19:53:00,0.05946357494627077,0,0.24444198344361692,replay_quantile@0.22,9E5245,N376CA,9E,BQK,ATL,2026-05-04T21:53:00,2026-05-04T22:36:00,EDV5245-1777697771-airline-1200p,CRJ7 
DAL1150-1777695902-fa-2228p,2026-05-04T19:55:00,0.608453121647715,1,0.24444198344361692,replay_quantile@0.22,DL1150,N692DL,DL,MCO,ATL,2026-05-04T21:55:00,2026-05-04T22:57:00,DAL1150-1777695904-fa-1431p,B752 
DAL1670-1777694981-fa-1145p,2026-05-04T19:55:00,0.31706281833616307,1,0.24444198344361692,replay_quantile@0.22,DL1670,N350DN,DL,ATL,FLL,2026-05-04T21:55:00,2026-05-04T23:15:00,DAL2200-1777694917-fa-1165p,A321 
DAL301-1777695769-fa-1215p,2026-05-04T19:55:00,0.23371647509578541,0,0.24444198344361692,replay_quantile@0.22,DL301,N502DX,DL,ATL,LAX,2026-05-04T21:55:00,2026-05-05T02:26:00,DAL782-1777695771-fa-303p,A21N 
DAL3132-1777695736-fa-905p,2026-05-04T19:55:00,0.17757594738490443,0,0.24444198344361692,replay_quantile@0.22,DL3132,N950DZ,DL,ATL,MSY,2026-05-04T21:55:00,2026-05-04T23:01:00,DAL2692-1777695739-fa-538p,B739 
EDV5161-1777697771-airline-1214p,2026-05-04T19:55:00,0.08899350310947436,0,0.24444198344361692,replay_quantile@0.22,9E5161,N313PQ,9E,ATL,MGM,2026-05-04T21:55:00,2026-05-04T22:39:00,EDV5263-1777668383-fa-2142p,CRJ9 
DAL3025-1777695956-fa-3464p,2026-05-04T19:55:00,0.05725833614011452,0,0.24444198344361692,replay_quantile@0.22,DL3025,N906AT,DL,ATL,LIT,2026-05-04T21:55:00,2026-05-04T23:00:00,DAL2620-1777695956-fa-3474p,B712 
EDV4993-1777697897-airline-785p,2026-05-04T19:55:00,0.031036712407500545,0,0.24444198344361692,replay_quantile@0.22,9E4993,N655CA,9E,VLD,ATL,2026-05-04T21:55:00,2026-05-04T23:02:00,EDV4993-1777670332-fa-2077p,CRJ7 
DAL2189-1777694932-fa-5741p,2026-05-04T19:56:00,0.2154495864860109,0,0.24444198344361692,replay_quantile@0.22,DL2189,N332DN,DL,ATL,JAX,2026-05-04T21:56:00,2026-05-04T22:36:00,DAL322-1777694957-fa-301p,A321 
DAL1132-1777695941-fa-1634p,2026-05-04T19:56:00,0.09471272171772895,0,0.24444198344361692,replay_quantile@0.22,DL1132,N966AT,DL,ATL,BHM,2026-05-04T21:56:00,2026-05-04T22:28:00,DAL3127-1777695941-fa-1625p,B712 
DAL3032-1777695945-fa-470p,2026-05-04T19:57:00,0.01544998068752414,0,0.24444198344361692,replay_quantile@0.22,DL3032,N974AT,DL,CAE,ATL,2026-05-04T21:57:00,2026-05-04T22:39:00,DAL3032-1777695945-fa-467p,B712 
DAL653-1777695836-fa-886p,2026-05-04T19:58:00,0.12616630588937827,0,0.24444198344361692,replay_quantile@0.22,DL653,N591DT,DL,ATL,SLC,2026-05-04T21:58:00,2026-05-05T01:47:00,DAL885-1777695836-fa-885p,A21N 
DAL2831-1777695944-fa-158p,2026-05-04T19:58:00,0.06233204725946158,0,0.24444198344361692,replay_quantile@0.22,DL2831,N991AT,DL,ATL,SDF,2026-05-04T21:58:00,2026-05-04T22:48:00,DAL1549-1777695943-fa-895p,B712 
EDV5059-1777697306-airline-939p,2026-05-04T19:58:00,0.05650722331429998,0,0.24444198344361692,replay_quantile@0.22,9E5059,N302PQ,9E,ATL,BTR,2026-05-04T21:58:00,2026-05-04T23:14:00,EDV5364-1777698708-airline-1517p,CRJ9 
DAL1325-1777695940-fa-3108p,2026-05-04T19:59:00,0.03264864864864865,0,0.24444198344361692,replay_quantile@0.22,DL1325,N896AT,DL,TUL,ATL,2026-05-04T21:59:00,2026-05-04T23:23:00,DAL1325-1777695940-fa-3120p,B712 
SWA286-1777709839-airline-904p,2026-05-04T20:00:00,0.3118771544970228,1,0.24444198344361692,replay_quantile@0.22,WN286,N8978G,WN,ATL,TPA,2026-05-04T22:00:00,2026-05-04T23:10:00,SWA4144-1777707879-airline-782p,B38M 
DAL2815-1777695102-fa-1572p,2026-05-04T20:00:00,0.1866118444781072,0,0.24444198344361692,replay_quantile@0.22,DL2815,N325NB,DL,ATL,EYW,2026-05-04T22:00:00,2026-05-04T23:21:00,DAL1472-1777695100-fa-144p,A319 
N818RC-1777863624-sw-1406p,2026-05-04T20:00:00,0.05946357494627077,0,0.24444198344361692,replay_quantile@0.22,,N818RC,,BNA,ATL,2026-05-04T22:00:00,2026-05-04T22:39:00,,CL30 
DAL976-1777695948-fa-129p,2026-05-04T20:00:00,0.02076670681563317,0,0.24444198344361692,replay_quantile@0.22,DL976,N981AT,DL,ILM,ATL,2026-05-04T22:00:00,2026-05-04T23:11:00,DAL976-1777695948-fa-128p,B712 
DAL527-1777695731-fa-971p,2026-05-04T20:02:00,0.16686944314459523,0,0.24444198344361692,replay_quantile@0.22,DL527,N949DZ,DL,ATL,SAV,2026-05-04T22:02:00,2026-05-04T22:40:00,DAL2827-1777695731-fa-970p,B739 
DAL832-1777695228-fa-556p,2026-05-04T20:03:00,0.3938996220075599,1,0.24444198344361692,replay_quantile@0.22,DL832,N334NW,DL,ATL,DCA,2026-05-04T22:03:00,2026-05-04T23:14:00,DAL2135-1777695226-fa-1328p,A320 
EDV5266-1777681119-fa-1154p,2026-05-04T20:04:00,0.05421656561607456,0,0.24444198344361692,replay_quantile@0.22,9E5266,N354CA,9E,CHO,ATL,2026-05-04T22:04:00,2026-05-04T23:12:00,EDV5266-1777668335-fa-3552p,CRJ7 
DAL3180-1777695955-fa-2199p,2026-05-04T20:04:00,0.03983455719720428,0,0.24444198344361692,replay_quantile@0.22,DL3180,N608AT,DL,ATL,JAN,2026-05-04T22:04:00,2026-05-04T22:57:00,DAL2718-1777695955-fa-2184p,B712 
DAL1729-1777695952-fa-1598p,2026-05-04T20:04:00,0.014231308879534978,0,0.24444198344361692,replay_quantile@0.22,DL1729,N967AT,DL,TYS,ATL,2026-05-04T22:04:00,2026-05-04T22:42:00,DAL1834-1777695953-fa-754p,B712 
DAL14-1777695372-fa-279p,2026-05-04T20:05:00,0.1866118444781072,0,0.24444198344361692,replay_quantile@0.22,DL14,N859NW,DL,ATL,FRA,2026-05-04T22:05:00,2026-05-05T06:39:00,DAL15-1777695372-fa-278p,A332 
DAL759-1777694996-fa-1162p,2026-05-04T20:05:00,0.1456462741179806,0,0.24444198344361692,replay_quantile@0.22,DL759,N353DN,DL,TPA,ATL,2026-05-04T22:05:00,2026-05-04T23:06:00,DAL759-1777694996-fa-1160p,A321 
DAL3053-1777695943-fa-892p,2026-05-04T20:06:00,0.10263351251015122,0,0.24444198344361692,replay_quantile@0.22,DL3053,N924AT,DL,ATL,ECP,2026-05-04T22:06:00,2026-05-04T22:46:00,DAL3193-1777695943-fa-890p,B712 
DAL2378-1777695907-fa-884p,2026-05-04T20:07:00,0.28363367069859274,1,0.24444198344361692,replay_quantile@0.22,DL2378,N717TW,DL,ATL,JFK,2026-05-04T22:07:00,2026-05-04T23:48:00,DAL1488-1777695907-fa-885p,B752 
DAL2174-1777695946-fa-917p,2026-05-04T20:07:00,0.03709898372041161,0,0.24444198344361692,replay_quantile@0.22,DL2174,N930AT,DL,CHS,ATL,2026-05-04T22:07:00,2026-05-04T22:52:00,DAL3189-1777695946-fa-920p,B712 
DAL1956-1777695684-fa-1576p,2026-05-04T20:08:00,0.042102979369667747,0,0.24444198344361692,replay_quantile@0.22,DL1956,N929DZ,DL,NAS,ATL,2026-05-04T22:08:00,2026-05-05T00:04:00,DAL1947-1777695683-fa-4488p,B739 
DAL1661-1777694917-fa-981p,2026-05-04T20:09:00,0.30834430546412095,1,0.24444198344361692,replay_quantile@0.22,DL1661,N123DW,DL,ATL,PHX,2026-05-04T22:09:00,2026-05-05T02:01:00,DAL1179-1777695055-fa-987p,A321 
DAL821-1777694957-fa-300p,2026-05-04T20:09:00,0.3014599803797104,1,0.24444198344361692,replay_quantile@0.22,DL821,N338DN,DL,ATL,BOS,2026-05-04T22:09:00,2026-05-05T00:16:00,DAL641-1777694930-fa-765p,A321 
DAL826-1777695904-fa-1432p,2026-05-04T20:09:00,0.2243580904051408,0,0.24444198344361692,replay_quantile@0.22,DL826,N550NW,DL,ATL,SNA,2026-05-04T22:09:00,2026-05-05T03:14:00,DAL528-1777695900-fa-1901p,B752 
DAL2939-1777695764-fa-2234p,2026-05-04T20:09:00,0.1456462741179806,0,0.24444198344361692,replay_quantile@0.22,DL2939,N959DZ,DL,ATL,MEM,2026-05-04T22:09:00,2026-05-04T23:04:00,DAL409-1777695759-fa-51p,B739 
DAL585-1777695513-fa-1577p,2026-05-04T20:09:00,0.1456462741179806,0,0.24444198344361692,replay_quantile@0.22,DL585,N3764D,DL,ATL,MEX,2026-05-04T22:09:00,2026-05-05T01:09:00,DAL3150-1777695514-fa-1729p,B738 
DAL1223-1777694899-fa-1629p,2026-05-04T20:09:00,0.13837174940898342,0,0.24444198344361692,replay_quantile@0.22,DL1223,N327DN,DL,IAH,ATL,2026-05-04T22:09:00,2026-05-04T23:43:00,DAL1223-1777694899-fa-1626p,A321 
DAL1021-1777695497-fa-1240p,2026-05-04T20:09:00,0.06644576982549151,0,0.24444198344361692,replay_quantile@0.22,DL1021,N3750D,DL,ATL,GSP,2026-05-04T22:09:00,2026-05-04T22:40:00,DAL576-1777695497-fa-1241p,B738 
DAL1235-1777695941-fa-1p,2026-05-04T20:09:00,0.05725833614011452,0,0.24444198344361692,replay_quantile@0.22,DL1235,N961AT,DL,ATL,LEX,2026-05-04T22:09:00,2026-05-04T22:54:00,DAL3083-1777695941-fa-2p,B712 
EDV5246-1777698708-airline-1355p,2026-05-04T20:09:00,0.05650722331429998,0,0.24444198344361692,replay_quantile@0.22,9E5246,N133EV,9E,ABE,ATL,2026-05-04T22:09:00,2026-05-04T23:46:00,EDV5246-1777697306-airline-932p,CRJ9 
DAL434-1777695046-fa-897p,2026-05-04T20:10:00,0.3392294333311893,1,0.24444198344361692,replay_quantile@0.22,DL434,N379DN,DL,ATL,LGA,2026-05-04T22:10:00,2026-05-04T23:44:00,DAL2235-1777695047-fa-722p,A321 
DAL850-1777695263-fa-2084p,2026-05-04T20:10:00,0.1456462741179806,0,0.24444198344361692,replay_quantile@0.22,DL850,N353NW,DL,DCA,ATL,2026-05-04T22:10:00,2026-05-04T23:33:00,DAL850-1777695263-fa-379p,A320 
EDV5282-1777698708-airline-1404p,2026-05-04T20:10:00,0.10165879973027646,0,0.24444198344361692,replay_quantile@0.22,9E5282,N379CA,9E,ATL,AGS,2026-05-04T22:10:00,2026-05-04T22:42:00,EDV5416-1777697742-airline-1284p,CRJ7 
DAL3017-1777695945-fa-334p,2026-05-04T20:10:00,0.07233496018494733,0,0.24444198344361692,replay_quantile@0.22,DL3017,N926AT,DL,ATL,GSO,2026-05-04T22:10:00,2026-05-04T22:54:00,DAL1013-1777695945-fa-333p,B712 
EDV5314-1777698708-airline-1448p,2026-05-04T20:10:00,0.02076670681563317,0,0.24444198344361692,replay_quantile@0.22,9E5314,N195PQ,9E,AEX,ATL,2026-05-04T22:10:00,2026-05-04T23:18:00,EDV5314-1777670350-fa-1345p,CRJ9 
DAL2772-1777695937-fa-907p,2026-05-04T20:10:00,0.011359133535860523,0,0.24444198344361692,replay_quantile@0.22,DL2772,N990AT,DL,GSO,ATL,2026-05-04T22:10:00,2026-05-04T23:02:00,DAL2812-1777695937-fa-912p,B712 
EDV5193-1777674486-fa-1626p,2026-05-04T20:12:00,0.0689159398063836,0,0.24444198344361692,replay_quantile@0.22,9E5193,N324PQ,9E,ATL,MOB,2026-05-04T22:12:00,2026-05-04T23:06:00,EDV5519-1777674484-fa-1355p,CRJ9 
DAL1278-1777695940-fa-3118p,2026-05-04T20:12:00,0.026723396118175733,0,0.24444198344361692,replay_quantile@0.22,DL1278,N960AT,DL,JAN,ATL,2026-05-04T22:12:00,2026-05-04T23:07:00,DAL1278-1777695940-fa-3117p,B712 
FDX985-1777849536-sw-487p,2026-05-04T20:13:00,0.0788256227758007,0,0.24444198344361692,replay_quantile@0.22,FX985,N141FE,FX,MEM,ATL,2026-05-04T22:13:00,2026-05-04T23:09:00,FDX644-1777725366-sw-959p,B763 
DAL2599-1777695958-fa-147p,2026-05-04T20:14:00,0.02966784908094162,0,0.24444198344361692,replay_quantile@0.22,DL2599,N957AT,DL,MSN,ATL,2026-05-04T22:14:00,2026-05-04T23:55:00,DAL2599-1777695958-fa-146p,B712 
JIA5067-1777700019-airline-2059p,2026-05-04T20:15:00,0.17452252415732888,0,0.24444198344361692,replay_quantile@0.22,OH5067,N607NN,OH,CLT,ATL,2026-05-04T22:15:00,2026-05-04T23:03:00,JIA5350-1777703258-airline-1431p,CRJ9 
DAL1506-1777695459-fa-2931p,2026-05-04T20:15:00,0.03407691579047077,0,0.24444198344361692,replay_quantile@0.22,DL1506,N3772H,DL,VPS,ATL,2026-05-04T22:15:00,2026-05-04T23:02:00,DAL1825-1777695459-fa-2928p,B738 
JBU1697-1777704754-airline-1096p,2026-05-04T20:16:00,0.9347181008902077,1,0.24444198344361692,replay_quantile@0.22,B61697,N3255J,B6,ATL,FLL,2026-05-04T22:16:00,2026-05-04T23:35:00,JBU2098-1777704754-airline-1216p,BCS3 
DAL3101-1777695953-fa-1102p,2026-05-04T20:16:00,0.042102979369667747,0,0.24444198344361692,replay_quantile@0.22,DL3101,N950AT,DL,AVL,ATL,2026-05-04T22:16:00,2026-05-04T22:54:00,DAL3101-1777695953-fa-1101p,B712 
DAL1906-1777695500-fa-1058p,2026-05-04T20:19:00,0.16686944314459523,0,0.24444198344361692,replay_quantile@0.22,DL1906,N3740C,DL,ATL,KIN,2026-05-04T22:19:00,2026-05-05T00:47:00,DAL1055-1777695469-fa-958p,B738 
DAL495-1777695862-fa-1332p,2026-05-04T20:20:00,0.24444198344361692,1,0.24444198344361692,replay_quantile@0.22,DL495,N694DL,DL,ATL,SFO,2026-05-04T22:20:00,2026-05-05T03:06:00,DAL1576-1777695862-fa-1334p,B752 
DAL174-1777694855-fa-364p,2026-05-04T20:20:00,0.203078123124925,0,0.24444198344361692,replay_quantile@0.22,DL174,N832MH,DL,ATL,MXP,2026-05-04T22:20:00,2026-05-05T07:07:00,DAL175-1777694855-fa-367p,B764 
DAL2600-1777695765-fa-874p,2026-05-04T20:20:00,0.031036712407500545,0,0.24444198344361692,replay_quantile@0.22,DL2600,N963DZ,DL,RDU,ATL,2026-05-04T22:20:00,2026-05-04T23:19:00,DAL2600-1777695765-fa-872p,B739 
ASA783-1777705720-airline-563p,2026-05-04T20:21:00,0.2243580904051408,0,0.24444198344361692,replay_quantile@0.22,AS783,N462AS,AS,ATL,PDX,2026-05-04T22:21:00,2026-05-05T03:32:00,ASA334-1777705256-airline-912p,B739 
DAL1060-1777694955-fa-1167p,2026-05-04T20:22:00,0.24444198344361692,1,0.24444198344361692,replay_quantile@0.22,DL1060,N330DX,DL,ATL,AUS,2026-05-04T22:22:00,2026-05-05T00:35:00,DAL1082-1777694955-fa-1170p,A321 
DAL1660-1777695727-fa-1511p,2026-05-04T20:22:00,0.03709898372041161,0,0.24444198344361692,replay_quantile@0.22,DL1660,N955DZ,DL,MCI,ATL,2026-05-04T22:22:00,2026-05-04T23:52:00,DAL1660-1777695727-fa-25p,B739 
EDV5470-1777698708-airline-1641p,2026-05-04T20:22:20,0.05258134490238612,0,0.24444198344361692,replay_quantile@0.22,9E5470,N925XJ,9E,ATL,CHA,2026-05-04T22:22:20,2026-05-04T22:44:20,EDV5194-1777697618-airline-1499p,CRJ9 
DAL2035-1777695867-fa-847p,2026-05-04T20:25:00,0.45117200396170354,1,0.24444198344361692,replay_quantile@0.22,DL2035,N554NW,DL,ATL,MCO,2026-05-04T22:25:00,2026-05-04T23:31:00,DAL2990-1777695868-fa-1370p,B752 
DAL2504-1777694946-fa-0p,2026-05-04T20:25:00,0.18666021986970685,0,0.24444198344361692,replay_quantile@0.22,DL2504,N328DN,DL,ATL,BDL,2026-05-04T22:25:00,2026-05-05T00:15:00,DAL1394-1777694902-fa-1561p,A321 
VIR104-1777703629-airline-889p,2026-05-04T20:25:00,0.17164653528289892,0,0.24444198344361692,replay_quantile@0.22,VS104,G-VRNB,VS,ATL,LHR,2026-05-04T22:25:00,2026-05-05T05:52:00,VIR103-1777703629-airline-888p,A35K 
DAL2037-1777695948-fa-136p,2026-05-04T20:25:00,0.1172872010903234,0,0.24444198344361692,replay_quantile@0.22,DL2037,N989AT,DL,ATL,AVL,2026-05-04T22:25:00,2026-05-04T23:04:00,DAL1302-1777695948-fa-137p,B712 
DAL2784-1777695324-fa-510p,2026-05-04T20:25:00,0.09471272171772895,0,0.24444198344361692,replay_quantile@0.22,DL2784,N343NW,DL,ATL,OKC,2026-05-04T22:25:00,2026-05-05T00:19:00,DAL1408-1777695324-fa-1514p,A320 
DAL3068-1777695955-fa-1341p,2026-05-04T20:25:00,0.09471272171772895,0,0.24444198344361692,replay_quantile@0.22,DL3068,N933AT,DL,ATL,HSV,2026-05-04T22:25:00,2026-05-04T23:01:00,DAL1498-1777695955-fa-1339p,B712 
DAL2053-1777694816-fa-1273p,2026-05-04T20:27:00,0.1172872010903234,0,0.24444198344361692,replay_quantile@0.22,DL2053,N394DX,DL,DTW,ATL,2026-05-04T22:27:00,2026-05-04T23:57:00,DAL308-1777694817-fa-288p,A321 
EDV5537-1777674427-fa-1816p,2026-05-04T20:27:00,0.05946357494627077,0,0.24444198344361692,replay_quantile@0.22,9E5537,N272PQ,9E,AGS,ATL,2026-05-04T22:27:00,2026-05-04T22:58:00,EDV5537-1777674463-fa-1828p,CRJ9 
DAL1131-1777694890-fa-841p,2026-05-04T20:28:00,0.2608988647555856,1,0.24444198344361692,replay_quantile@0.22,DL1131,N342DN,DL,ATL,IAH,2026-05-04T22:28:00,2026-05-05T00:05:00,DAL2011-1777694889-fa-574p,A321 
EDV5529-1777697742-airline-1186p,2026-05-04T20:29:00,0.06635364989369241,0,0.24444198344361692,replay_quantile@0.22,9E5529,N340CA,9E,LFT,ATL,2026-05-04T22:29:00,2026-05-04T23:41:00,EDV5529-1777665453-fa-1628p,CRJ7 
EDV5287-1777697771-airline-1195p,2026-05-04T20:29:00,0.052474761637689285,0,0.24444198344361692,replay_quantile@0.22,9E5287,N690CA,9E,ABY,ATL,2026-05-04T22:29:00,2026-05-04T23:05:00,EDV5287-1777697306-airline-940p,CRJ7 
DAL1516-1777695617-fa-592p,2026-05-04T20:29:00,0.042102979369667747,0,0.24444198344361692,replay_quantile@0.22,DL1516,N853DN,DL,CVG,ATL,2026-05-04T22:29:00,2026-05-04T23:33:00,DAL1008-1777695617-fa-670p,B739 
DAL2857-1777695939-fa-2739p,2026-05-04T20:29:00,0.027213251670378618,0,0.24444198344361692,replay_quantile@0.22,DL2857,N980AT,DL,MDT,ATL,2026-05-04T22:29:00,2026-05-05T00:04:00,DAL2857-1777695939-fa-2737p,B712 
DAL1214-1777695913-fa-1124p,2026-05-04T20:30:00,0.06654470615138347,0,0.24444198344361692,replay_quantile@0.22,DL1214,N706TW,DL,RIC,ATL,2026-05-04T22:30:00,2026-05-04T23:46:00,DAL1214-1777695914-fa-336p,B752 
DAL3109-1777695603-fa-117p,2026-05-04T20:30:00,0.02966784908094162,0,0.24444198344361692,replay_quantile@0.22,DL3109,N878DN,DL,SRQ,ATL,2026-05-04T22:30:00,2026-05-04T23:44:00,DAL3109-1777695603-fa-126p,B739 
DAL3146-1777695568-fa-1187p,2026-05-04T20:32:00,0.05038602194229989,0,0.24444198344361692,replay_quantile@0.22,DL3146,N838DN,DL,MSY,ATL,2026-05-04T22:32:00,2026-05-04T23:35:00,DAL3146-1777695568-fa-1184p,B739 
DAL2058-1777695649-fa-1824p,2026-05-04T20:32:00,0.02076670681563317,0,0.24444198344361692,replay_quantile@0.22,DL2058,N899DN,DL,GRR,ATL,2026-05-04T22:32:00,2026-05-05T00:20:00,DAL2058-1777695651-fa-948p,B739 
EDV5281-1777697618-airline-1523p,2026-05-04T20:35:00,0.06233204725946158,0,0.24444198344361692,replay_quantile@0.22,9E5281,N601LR,9E,CHA,ATL,2026-05-04T22:35:00,2026-05-04T23:21:00,EDV5376-1777698708-airline-1535p,CRJ9 
DAL1533-1777695936-fa-224p,2026-05-04T20:35:00,0.013656590455731163,0,0.24444198344361692,replay_quantile@0.22,DL1533,N717JL,DL,BHM,ATL,2026-05-04T22:35:00,2026-05-04T23:14:00,DAL2484-1777695936-fa-556p,B712 
RPA4350-1777699925-airline-1312p,2026-05-04T20:36:00,0.0689159398063836,0,0.24444198344361692,replay_quantile@0.22,YX4350,N130HQ,YX,DCA,ATL,2026-05-04T22:36:00,2026-05-04T23:59:00,RPA4450-1777699644-airline-395p,E75S 
DAL2211-1777695945-fa-327p,2026-05-04T20:36:00,0.03407691579047077,0,0.24444198344361692,replay_quantile@0.22,DL2211,N982AT,DL,PNS,ATL,2026-05-04T22:36:00,2026-05-04T23:26:00,DAL2211-1777695945-fa-326p,B712 
DAL2803-1777695956-fa-3400p,2026-05-04T20:38:00,0.08899350310947436,0,0.24444198344361692,replay_quantile@0.22,DL2803,N919AT,DL,ATL,VPS,2026-05-04T22:38:00,2026-05-04T23:20:00,DAL1148-1777695956-fa-3396p,B712 
DAL3026-1777695939-fa-4128p,2026-05-04T20:38:00,0.015716680637049455,0,0.24444198344361692,replay_quantile@0.22,DL3026,N953AT,DL,HSV,ATL,2026-05-04T22:38:00,2026-05-04T23:13:00,DAL3026-1777695939-fa-4126p,B712 
SWA3053-1777709839-airline-1072p,2026-05-04T20:40:00,0.42103079954371053,1,0.24444198344361692,replay_quantile@0.22,WN3053,N8815L,WN,ATL,MCO,2026-05-04T22:40:00,2026-05-04T23:53:00,SWA3001-1777709839-airline-1027p,B38M 
SKW3804-1777697897-airline-796p,2026-05-04T20:40:00,0.12616630588937827,0,0.24444198344361692,replay_quantile@0.22,OO3804,N309SY,OO,SHV,ATL,2026-05-04T22:40:00,2026-05-05T00:07:00,SKW3804-1777697897-airline-795p,E75L 
DAL1693-1777695586-fa-175p,2026-05-04T20:40:00,0.04696156671356183,0,0.24444198344361692,replay_quantile@0.22,DL1693,N941DZ,DL,BNA,ATL,2026-05-04T22:40:00,2026-05-04T23:18:00,DAL1693-1777695586-fa-174p,B739 
EDV5374-1777676293-fa-712p,2026-05-04T20:40:00,0.031036712407500545,0,0.24444198344361692,replay_quantile@0.22,9E5374,N319PQ,9E,CSG,ATL,2026-05-04T22:40:00,2026-05-04T23:07:00,EDV5374-1777674492-fa-2916p,CRJ9 
DAL2928-1777694983-fa-242p,2026-05-04T20:41:00,0.26631118265506304,1,0.24444198344361692,replay_quantile@0.22,DL2928,N303DN,DL,ATL,BWI,2026-05-04T22:41:00,2026-05-05T00:00:00,DAL1579-1777694981-fa-1142p,A321 
DAL919-1777695358-fa-1373p,2026-05-04T20:45:00,0.31706281833616307,1,0.24444198344361692,replay_quantile@0.22,DL919,N818NW,DL,ATL,LAS,2026-05-04T22:45:00,2026-05-05T02:41:00,DAL75-1777695352-fa-465p,A333 
DAL3059-1777695952-fa-1330p,2026-05-04T20:45:00,0.13837174940898342,0,0.24444198344361692,replay_quantile@0.22,DL3059,N978AT,DL,ATL,PNS,2026-05-04T22:45:00,2026-05-04T23:30:00,DAL2252-1777695952-fa-1329p,B712 
DAL1347-1777695945-fa-476p,2026-05-04T20:46:00,0.03264864864864865,0,0.24444198344361692,replay_quantile@0.22,DL1347,N899AT,DL,LIT,ATL,2026-05-04T22:46:00,2026-05-05T00:00:00,DAL1347-1777695945-fa-484p,B712 
FFT3458-1777702820-airline-1169p,2026-05-04T20:50:00,0.7317925810837056,1,0.24444198344361692,replay_quantile@0.22,F93458,N675FR,F9,ATL,LGA,2026-05-04T22:50:00,2026-05-05T00:35:00,FFT3600-1777702820-airline-1183p,A21N 
AAL1811-1777701683-airline-1446p,2026-05-04T20:50:00,0.5885333003830471,1,0.24444198344361692,replay_quantile@0.22,AA1811,N801NN,AA,ATL,DFW,2026-05-04T22:50:00,2026-05-05T00:53:00,AAL1811-1777701683-airline-1447p,B738 
DAL3088-1777695948-fa-862p,2026-05-04T20:54:00,0.011359133535860523,0,0.24444198344361692,replay_quantile@0.22,DL3088,N927AT,DL,DAY,ATL,2026-05-04T22:54:00,2026-05-05T00:10:00,DAL3088-1777695948-fa-861p,B712 
SWA526-1777704167-airline-2943p,2026-05-04T20:55:00,0.07233496018494733,0,0.24444198344361692,replay_quantile@0.22,WN526,N7861J,WN,BNA,ATL,2026-05-04T22:55:00,2026-05-04T23:34:00,SWA1924-1777704136-airline-1051p,B737 
DAL1939-1777695468-fa-999p,2026-05-04T20:56:00,0.1523089517022199,0,0.24444198344361692,replay_quantile@0.22,DL1939,N398DA,DL,ATL,CUN,2026-05-04T22:56:00,2026-05-05T00:55:00,DAL1884-1777695454-fa-1034p,B738 
FFT1158-1777705129-airline-1438p,2026-05-04T20:57:00,0.9774214137545876,1,0.24444198344361692,replay_quantile@0.22,F91158,N702FR,F9,ATL,EWR,2026-05-04T22:57:00,2026-05-05T00:38:00,FFT2171-1777702820-airline-929p,A321 
FFT1549-1777702820-airline-626p,2026-05-04T20:59:00,0.31706281833616307,1,0.24444198344361692,replay_quantile@0.22,F91549,N341FR,F9,JAX,ATL,2026-05-04T22:59:00,2026-05-05T00:08:00,FFT1550-1777702820-airline-627p,A20N 
DAL3112-1777695755-fa-1470p,2026-05-04T20:59:00,0.08401499659168372,0,0.24444198344361692,replay_quantile@0.22,DL3112,N958DZ,DL,SAV,ATL,2026-05-04T22:59:00,2026-05-04T23:41:00,DAL3112-1777695755-fa-815p,B739 
DAL2498-1777695581-fa-1261p,2026-05-04T21:00:00,0.6289223682947892,1,0.24444198344361692,replay_quantile@0.22,DL2498,N892DN,DL,ATL,EWR,2026-05-04T23:00:00,2026-05-05T00:35:00,DAL1872-1777695643-fa-926p,B739 
SWA1472-1777701030-airline-1979p,2026-05-04T21:00:00,0.31901094446696393,1,0.24444198344361692,replay_quantile@0.22,WN1472,N7747C,WN,ATL,BWI,2026-05-04T23:00:00,2026-05-05T00:22:00,SWA1472-1777701030-airline-1980p,B737 
DAL1058-1777694979-fa-300p,2026-05-04T21:00:00,0.26000000000000006,1,0.24444198344361692,replay_quantile@0.22,DL1058,N347DN,DL,ATL,PBI,2026-05-04T23:00:00,2026-05-05T00:20:00,DAL1196-1777694975-fa-799p,A321 
DAL1503-1777695492-fa-2296p,2026-05-04T21:02:00,0.1653163404642695,0,0.24444198344361692,replay_quantile@0.22,DL1503,N3748Y,DL,ATL,CVG,2026-05-04T23:02:00,2026-05-04T23:59:00,DAL1928-1777695492-fa-2297p,B738 
DAL325-1777695246-fa-680p,2026-05-04T21:03:00,0.29915460484180867,1,0.24444198344361692,replay_quantile@0.22,DL325,N348NW,DL,ATL,DCA,2026-05-04T23:03:00,2026-05-05T00:14:00,DAL1866-1777695245-fa-550p,A320 
JIA5313-1777701898-airline-1317p,2026-05-04T21:05:00,0.3773768462014681,1,0.24444198344361692,replay_quantile@0.22,OH5313,N613NN,OH,ATL,PHL,2026-05-04T23:05:00,2026-05-05T00:59:00,JIA5026-1777703038-airline-1580p,CRJ9 
DAL500-1777695405-fa-831p,2026-05-04T21:05:00,0.26631118265506304,1,0.24444198344361692,replay_quantile@0.22,DL500,N523DN,DL,ATL,LAX,2026-05-04T23:05:00,2026-05-05T03:49:00,DAL201-1777608920-fa-241p,A359 
DAL3063-1777695936-fa-572p,2026-05-04T21:05:00,0.027213251670378618,0,0.24444198344361692,replay_quantile@0.22,DL3063,N949AT,DL,GPT,ATL,2026-05-04T23:05:00,2026-05-05T00:13:00,DAL3063-1777695936-fa-571p,B712 
DAL3158-1777695947-fa-994p,2026-05-04T21:06:00,0.05650722331429998,0,0.24444198344361692,replay_quantile@0.22,DL3158,N954AT,DL,CLT,ATL,2026-05-04T23:06:00,2026-05-04T23:53:00,DAL3158-1777695947-fa-5p,B712 
DAL1588-1777695900-fa-1904p,2026-05-04T21:07:00,0.5379232078683562,1,0.24444198344361692,replay_quantile@0.22,DL1588,N900PC,DL,ATL,MIA,2026-05-04T23:07:00,2026-05-05T00:32:00,DAL725-1777694807-fa-472p,B752 
DAL2893-1777695019-fa-989p,2026-05-04T21:07:00,0.2550037570872327,1,0.24444198344361692,replay_quantile@0.22,DL2893,N329DN,DL,ATL,SAT,2026-05-04T23:07:00,2026-05-05T01:15:00,DAL597-1777695020-fa-1073p,A321 
EDV5115-1777698708-airline-1186p,2026-05-04T21:08:00,0.06233204725946158,0,0.24444198344361692,replay_quantile@0.22,9E5115,N181GJ,9E,EVV,ATL,2026-05-04T23:08:00,2026-05-04T23:59:00,EDV5144-1777697306-airline-953p,CRJ9 
EDV5002-1777697897-airline-815p,2026-05-04T21:09:00,0.6744702918950956,1,0.24444198344361692,replay_quantile@0.22,9E5002,N367CA,9E,FAY,ATL,2026-05-04T23:09:00,2026-05-05T00:03:00,EDV5002-1777697897-airline-814p,CRJ7 
DAL746-1777695027-fa-756p,2026-05-04T21:09:00,0.31901094446696393,1,0.24444198344361692,replay_quantile@0.22,DL746,N377DN,DL,ATL,DEN,2026-05-04T23:09:00,2026-05-05T02:03:00,DAL974-1777695027-fa-757p,A321 
DAL2065-1777694909-fa-554p,2026-05-04T21:09:00,0.28363367069859274,1,0.24444198344361692,replay_quantile@0.22,DL2065,N365DN,DL,ATL,PHL,2026-05-04T23:09:00,2026-05-05T00:34:00,DAL638-1777694909-fa-858p,A321 
DAL2984-1777695587-fa-2914p,2026-05-04T21:09:00,0.19514215942787372,0,0.24444198344361692,replay_quantile@0.22,DL2984,N824DN,DL,ATL,ORF,2026-05-04T23:09:00,2026-05-05T00:19:00,DAL1067-1777695711-fa-1339p,B739 
DAL3120-1777695668-fa-4131p,2026-05-04T21:09:00,0.1653163404642695,0,0.24444198344361692,replay_quantile@0.22,DL3120,N909DN,DL,ATL,IND,2026-05-04T23:09:00,2026-05-05T00:13:00,DAL1870-1777695668-fa-4130p,B739 
DAL396-1777695022-fa-1284p,2026-05-04T21:09:00,0.1456462741179806,0,0.24444198344361692,replay_quantile@0.22,DL396,N128DN,DL,DFW,ATL,2026-05-04T23:09:00,2026-05-05T00:50:00,DAL374-1777695021-fa-1435p,A321 
DAL1130-1777695734-fa-161p,2026-05-04T21:09:00,0.10934441102038868,0,0.24444198344361692,replay_quantile@0.22,DL1130,N851DN,DL,ATL,MCI,2026-05-04T23:09:00,2026-05-05T00:54:00,DAL1002-1777608981-fa-1429p,B739 
DAL693-1777695418-fa-493p,2026-05-04T21:09:00,0.09471272171772895,0,0.24444198344361692,replay_quantile@0.22,DL693,N3765,DL,ATL,CMH,2026-05-04T23:09:00,2026-05-05T00:17:00,DAL1246-1777695516-fa-2179p,B738 
DAL2627-1777695914-fa-1653p,2026-05-04T21:09:00,0.02966784908094162,0,0.24444198344361692,replay_quantile@0.22,DL2627,N822DX,DL,JAX,ATL,2026-05-04T23:09:00,2026-05-05T00:03:00,DAL2627-1777695914-fa-1651p,B752 
SWA660-1777704167-airline-3049p,2026-05-04T21:10:00,0.5270259352023917,1,0.24444198344361692,replay_quantile@0.22,WN660,N8536Z,WN,ATL,LAS,2026-05-04T23:10:00,2026-05-05T03:11:00,SWA4529-1777704167-airline-2799p,B738 
DAL3042-1777695955-fa-2189p,2026-05-04T21:10:00,0.028611464603857755,0,0.24444198344361692,replay_quantile@0.22,DL3042,N998AT,DL,TYS,ATL,2026-05-04T23:10:00,2026-05-05T00:02:00,DAL3042-1777695955-fa-2190p,B712 
DAL2220-1777695952-fa-1337p,2026-05-04T21:13:00,0.03983455719720428,0,0.24444198344361692,replay_quantile@0.22,DL2220,N915AT,DL,GNV,ATL,2026-05-04T23:13:00,2026-05-05T00:03:00,DAL2220-1777695952-fa-1336p,B712 
UAL1359-1777680243-fa-517p,2026-05-04T21:14:00,0.44826254826254824,1,0.24444198344361692,replay_quantile@0.22,UA1359,N35407,UA,ATL,IAH,2026-05-04T23:14:00,2026-05-05T01:03:00,UAL462-1777680322-fa-1105p,B739 
RPA4582-1777699644-airline-537p,2026-05-04T21:14:00,0.19439755646652196,0,0.24444198344361692,replay_quantile@0.22,YX4582,N105HQ,YX,ATL,LGA,2026-05-04T23:14:00,2026-05-05T01:11:00,RPA4582-1777699644-airline-538p,E170 
EDV5368-1777697306-airline-942p,2026-05-04T21:14:50,0.04696156671356183,0,0.24444198344361692,replay_quantile@0.22,9E5368,N390CA,9E,ATL,ABY,2026-05-04T23:14:50,2026-05-04T23:42:50,EDV5503-1777697742-airline-1270p,CRJ7 
SKW3815-1777697897-airline-830p,2026-05-04T21:15:00,0.3014599803797104,1,0.24444198344361692,replay_quantile@0.22,OO3815,N264SY,OO,ATL,SHV,2026-05-04T23:15:00,2026-05-05T00:57:00,SKW3935-1777697771-airline-1219p,E75L 
DAL2265-1777694792-fa-1202p,2026-05-04T21:15:00,0.2550037570872327,1,0.24444198344361692,replay_quantile@0.22,DL2265,N6714Q,DL,ATL,JAX,2026-05-04T23:15:00,2026-05-04T23:57:00,DAL1372-1777694801-fa-1007p,B752 
DAL105-1777695368-fa-542p,2026-05-04T21:15:00,0.203078123124925,0,0.24444198344361692,replay_quantile@0.22,DL105,N826NW,DL,ATL,GRU,2026-05-04T23:15:00,2026-05-05T08:18:00,DAL195-1777695367-fa-1272p,A333 
DAL2707-1777695306-fa-1360p,2026-05-04T21:15:00,0.1523089517022199,0,0.24444198344361692,replay_quantile@0.22,DL2707,N360NW,DL,ATL,OMA,2026-05-04T23:15:00,2026-05-05T01:16:00,DAL1020-1777695306-fa-1358p,A320 
DAL2132-1777695946-fa-937p,2026-05-04T21:15:00,0.1162886825208741,0,0.24444198344361692,replay_quantile@0.22,DL2132,N964AT,DL,ATL,CLT,2026-05-04T23:15:00,2026-05-04T23:48:00,DAL3027-1777695946-fa-936p,B712 
EDV5203-1777697897-airline-716p,2026-05-04T21:15:00,0.09804633890368933,0,0.24444198344361692,replay_quantile@0.22,9E5203,N183GJ,9E,ATL,TYS,2026-05-04T23:15:00,2026-05-04T23:46:00,EDV5308-1777674364-fa-1830p,CRJ9 
DAL3044-1777695937-fa-885p,2026-05-04T21:15:00,0.08899350310947436,0,0.24444198344361692,replay_quantile@0.22,DL3044,N944AT,DL,ATL,BHM,2026-05-04T23:15:00,2026-05-04T23:39:00,DAL2086-1777695937-fa-883p,B712 
JBU819-1777703787-airline-394p,2026-05-04T21:16:00,0.9554394789449926,1,0.24444198344361692,replay_quantile@0.22,B6819,N636JB,B6,ATL,JFK,2026-05-04T23:16:00,2026-05-05T01:15:00,JBU220-1777704754-airline-1241p,A320 
DAL2319-1777695516-fa-91p,2026-05-04T21:16:00,0.10855020416195209,0,0.24444198344361692,replay_quantile@0.22,DL2319,N3735D,DL,ATL,GSP,2026-05-04T23:16:00,2026-05-04T23:42:00,DAL1805-1777695416-fa-1668p,B738 
DAL1443-1777695949-fa-387p,2026-05-04T21:17:00,0.1653163404642695,0,0.24444198344361692,replay_quantile@0.22,DL1443,N945AT,DL,ATL,MEM,2026-05-04T23:17:00,2026-05-05T00:22:00,DAL3037-1777695938-fa-733p,B712 
DAL1280-1777694924-fa-728p,2026-05-04T21:18:00,0.2057850357562173,0,0.24444198344361692,replay_quantile@0.22,DL1280,N324DX,DL,ATL,MSP,2026-05-04T23:18:00,2026-05-05T01:25:00,DAL2279-1777694923-fa-988p,A321 
DAL66-1777695396-fa-1916p,2026-05-04T21:20:00,0.2057850357562173,0,0.24444198344361692,replay_quantile@0.22,DL66,N416DX,DL,ATL,FCO,2026-05-04T23:20:00,2026-05-05T08:23:00,DAL215-1777695378-fa-596p,A339 
DAL971-1777695476-fa-2600p,2026-05-04T21:20:00,0.15560165975103737,0,0.24444198344361692,replay_quantile@0.22,DL971,N3737C,DL,ATL,COS,2026-05-04T23:20:00,2026-05-05T02:02:00,DAL2427-1777695476-fa-2598p,B738 
UAL2416-1777680228-fa-1402p,2026-05-04T21:22:00,0.4157848582285882,1,0.24444198344361692,replay_quantile@0.22,UA2416,N17361,UA,ATL,SFO,2026-05-04T23:22:00,2026-05-05T04:37:00,UAL702-1777680322-fa-1107p,B38M 
DAL2241-1777695957-fa-23p,2026-05-04T21:22:00,0.1151597817614965,0,0.24444198344361692,replay_quantile@0.22,DL2241,N937AT,DL,ATL,TLH,2026-05-04T23:22:00,2026-05-04T23:56:00,DAL2539-1777695957-fa-1016p,B712 
DAL468-1777694837-fa-212p,2026-05-04T21:26:00,0.3118771544970228,1,0.24444198344361692,replay_quantile@0.22,DL468,N392DN,DL,ATL,LGA,2026-05-04T23:26:00,2026-05-05T01:03:00,DAL1572-1777694835-fa-2927p,A321 
EDV5508-1777689217-fa-542p,2026-05-04T21:29:00,0.023605150214592276,0,0.24444198344361692,replay_quantile@0.22,9E5508,N293PQ,9E,TRI,ATL,2026-05-04T23:29:00,2026-05-05T00:09:00,EDV5508-1777689218-fa-3757p,CRJ9 
DAL779-1777694915-fa-124p,2026-05-04T21:30:00,0.24444198344361692,1,0.24444198344361692,replay_quantile@0.22,DL779,N316DN,DL,ATL,ONT,2026-05-04T23:30:00,2026-05-05T03:49:00,DAL1976-1777694915-fa-136p,A321 
DAL3093-1777695648-fa-1241p,2026-05-04T21:30:00,0.1456462741179806,0,0.24444198344361692,replay_quantile@0.22,DL3093,N835DN,DL,ATL,SDF,2026-05-04T23:30:00,2026-05-05T00:22:00,DAL2020-1777695648-fa-1242p,B739 
DAL3171-1777695939-fa-4142p,2026-05-04T21:30:00,0.07233496018494733,0,0.24444198344361692,replay_quantile@0.22,DL3171,N921AT,DL,ATL,HSV,2026-05-04T23:30:00,2026-05-04T23:57:00,DAL3143-1777695954-fa-958p,B712 
DAL1339-1777695417-fa-1070p,2026-05-04T21:34:00,0.24444198344361692,1,0.24444198344361692,replay_quantile@0.22,DL1339,N378DA,DL,ATL,CLE,2026-05-04T23:34:00,2026-05-05T00:56:00,DAL1800-1777695424-fa-563p,B738 
UAL2634-1777680255-fa-1427p,2026-05-04T21:34:00,0.23455243167045187,0,0.24444198344361692,replay_quantile@0.22,UA2634,N853UA,UA,ATL,IAD,2026-05-04T23:34:00,2026-05-05T01:15:00,UAL1848-1777669572-fa-2460p,A319 
DAL2881-1777694787-fa-286p,2026-05-04T21:35:00,0.3938996220075599,1,0.24444198344361692,replay_quantile@0.22,DL2881,N685DA,DL,ATL,MCO,2026-05-04T23:35:00,2026-05-05T00:38:00,DAL1823-1777694784-fa-1333p,B752 
DAL1309-1777695454-fa-440p,2026-05-04T21:35:00,0.24444198344361692,1,0.24444198344361692,replay_quantile@0.22,DL1309,N3773D,DL,ATL,IAD,2026-05-04T23:35:00,2026-05-05T00:52:00,DAL2322-1777695417-fa-1072p,B738 
DAL1489-1777694992-fa-1183p,2026-05-04T21:40:00,0.3014599803797104,1,0.24444198344361692,replay_quantile@0.22,DL1489,N331DN,DL,ATL,FLL,2026-05-04T23:40:00,2026-05-05T01:01:00,DAL1613-1777694995-fa-82p,A321 
DAL2494-1777695512-fa-896p,2026-05-04T21:40:00,0.09789156626506024,0,0.24444198344361692,replay_quantile@0.22,DL2494,N3757D,DL,ATL,ECP,2026-05-04T23:40:00,2026-05-05T00:19:00,DAL3142-1777695512-fa-897p,B738 
DAL2493-1777695713-fa-561p,2026-05-04T21:42:00,0.2608988647555856,1,0.24444198344361692,replay_quantile@0.22,DL2493,N938DZ,DL,ATL,CHS,2026-05-04T23:42:00,2026-05-05T00:27:00,DAL3134-1777695713-fa-563p,B739 
DAL1518-1777695716-fa-3350p,2026-05-04T21:42:00,0.23455243167045187,0,0.24444198344361692,replay_quantile@0.22,DL1518,N937DZ,DL,ATL,RDU,2026-05-04T23:42:00,2026-05-05T00:44:00,DAL1550-1777695716-fa-3351p,B739 
DAL2524-1777695565-fa-1724p,2026-05-04T21:42:00,0.203078123124925,0,0.24444198344361692,replay_quantile@0.22,DL2524,N837DN,DL,ATL,SEA,2026-05-04T23:42:00,2026-05-05T04:45:00,DAL2401-1777695565-fa-1725p,B739 
DAL1450-1777695545-fa-586p,2026-05-04T21:45:00,0.2608988647555856,1,0.24444198344361692,replay_quantile@0.22,DL1450,N815DN,DL,ATL,MSY,2026-05-04T23:45:00,2026-05-05T00:53:00,DAL1467-1777695545-fa-584p,B739 
DAL1206-1777695765-fa-116p,2026-05-04T21:45:00,0.2057850357562173,0,0.24444198344361692,replay_quantile@0.22,DL1206,N962DZ,DL,ATL,MKE,2026-05-04T23:45:00,2026-05-05T01:20:00,DAL3163-1777695764-fa-2231p,B739 
DAL1473-1777695950-fa-1722p,2026-05-04T21:45:00,0.19514215942787372,0,0.24444198344361692,replay_quantile@0.22,DL1473,N895AT,DL,ATL,GSO,2026-05-04T23:45:00,2026-05-05T00:31:00,DAL942-1777695950-fa-1713p,B712 
DAL933-1777695643-fa-922p,2026-05-04T21:47:00,0.12616630588937827,0,0.24444198344361692,replay_quantile@0.22,DL933,N810DN,DL,ATL,SJC,2026-05-04T23:47:00,2026-05-05T04:30:00,DAL3014-1777695574-fa-1385p,B739 
FFT4036-1777702820-airline-1236p,2026-05-04T21:48:00,0.9347181008902077,1,0.24444198344361692,replay_quantile@0.22,F94036,N646FR,F9,ATL,CLE,2026-05-04T23:48:00,2026-05-05T01:11:00,FFT1669-1777702820-airline-671p,A21N 
EDV5159-1777697897-airline-718p,2026-05-04T21:48:00,0.11086816081101228,0,0.24444198344361692,replay_quantile@0.22,9E5159,N176PQ,9E,ATL,XNA,2026-05-04T23:48:00,2026-05-05T01:29:00,EDV5485-1777674549-fa-51p,CRJ9 
SWA224-1777698769-airline-1262p,2026-05-04T21:50:00,0.31706281833616307,1,0.24444198344361692,replay_quantile@0.22,WN224,N8318F,WN,ATL,DAL,2026-05-04T23:50:00,2026-05-05T01:56:00,SWA1445-1777701030-airline-1949p,B738 
DAL825-1777694886-fa-202p,2026-05-04T21:50:00,0.29915460484180867,1,0.24444198344361692,replay_quantile@0.22,DL825,N363DN,DL,ATL,LAS,2026-05-04T23:50:00,2026-05-05T03:50:00,DAL1802-1777694919-fa-527p,A321 
DAL790-1777695939-fa-2730p,2026-05-04T21:50:00,0.0872515462679397,0,0.24444198344361692,replay_quantile@0.22,DL790,N892AT,DL,ATL,BNA,2026-05-04T23:50:00,2026-05-05T00:29:00,DAL2730-1777695942-fa-131p,B712 
SWA241-1777698769-airline-1457p,2026-05-04T21:55:00,0.28996138996139,1,0.24444198344361692,replay_quantile@0.22,WN241,N8966S,WN,ATL,HOU,2026-05-04T23:55:00,2026-05-05T01:52:00,SWA1936-1777704136-airline-1065p,B38M 
VIR110-1777703629-airline-893p,2026-05-04T21:55:00,0.203078123124925,0,0.24444198344361692,replay_quantile@0.22,VS110,G-VLUV,VS,ATL,MAN,2026-05-04T23:55:00,2026-05-05T07:51:00,VIR109-1777703629-airline-892p,A333 
DAL2015-1777695943-fa-884p,2026-05-04T21:55:00,0.18666021986970685,0,0.24444198344361692,replay_quantile@0.22,DL2015,N967AT,DL,ATL,AVL,2026-05-04T23:55:00,2026-05-05T00:34:00,DAL1729-1777695952-fa-1598p,B712 
DAL2669-1777695479-fa-888p,2026-05-04T21:55:00,0.18666021986970685,0,0.24444198344361692,replay_quantile@0.22,DL2669,N3741S,DL,ATL,YYZ,2026-05-04T23:55:00,2026-05-05T01:35:00,DAL3095-1777695479-fa-891p,B738 
DAL687-1777695422-fa-237p,2026-05-04T21:55:00,0.16686944314459523,0,0.24444198344361692,replay_quantile@0.22,DL687,N376DA,DL,ATL,GEG,2026-05-04T23:55:00,2026-05-05T04:18:00,DAL2892-1777695423-fa-281p,B738 
DAL478-1777695699-fa-2855p,2026-05-04T21:55:00,0.137732836615221,0,0.24444198344361692,replay_quantile@0.22,DL478,N866DN,DL,ATL,PDX,2026-05-04T23:55:00,2026-05-05T04:41:00,DAL1772-1777695608-fa-1245p,B739 
DAL2210-1777695561-fa-439p,2026-05-04T21:56:00,0.18666021986970685,0,0.24444198344361692,replay_quantile@0.22,DL2210,N916DU,DL,ATL,GRR,2026-05-04T23:56:00,2026-05-05T01:25:00,DAL3169-1777695561-fa-579p,B739 
AAL3212-1777703383-airline-2000p,2026-05-04T21:57:00,0.5428122545168891,1,0.24444198344361692,replay_quantile@0.22,AA3212,N906AA,AA,DFW,ATL,2026-05-04T23:57:00,2026-05-05T01:55:00,AAL2501-1777698615-airline-672p,A321 
DAL3021-1777695728-fa-1169p,2026-05-04T21:59:00,0.1653163404642695,0,0.24444198344361692,replay_quantile@0.22,DL3021,N942DZ,DL,ATL,PNS,2026-05-04T23:59:00,2026-05-05T00:50:00,DAL3094-1777695724-fa-1216p,B739 
DAL3084-1777695945-fa-469p,2026-05-04T22:04:00,0.06233204725946158,0,0.23455243167045187,replay_quantile@0.22,DL3084,N974AT,DL,ATL,JAN,2026-05-05T00:04:00,2026-05-05T01:03:00,DAL3032-1777695945-fa-470p,B712 
AAL1045-1777708252-airline-444p,2026-05-04T22:08:00,0.6977372989896117,1,0.23455243167045187,replay_quantile@0.22,AA1045,N838AW,AA,ATL,MIA,2026-05-05T00:08:00,2026-05-05T01:50:00,AAL1045-1777708252-airline-445p,A319 
DAL2928-1777694983-fa-242p,2026-05-04T22:16:38.676026+00:00,0.7257769652650823,1,0.29,artifact,DL2928,N303DN,DL,ATL,BWI,2026-05-04T22:41:00,2026-05-05T00:00:00,DAL1579-1777694981-fa-1142p,A321 
JBU1697-1777704754-airline-1096p,2026-05-04T22:16:38.676026+00:00,0.4227405247813411,1,0.29,artifact,B61697,N3255J,B6,ATL,FLL,2026-05-04T22:16:00,2026-05-04T23:35:00,JBU2098-1777704754-airline-1216p,BCS3 
DAL2035-1777695867-fa-847p,2026-05-04T22:16:38.676026+00:00,0.4150537634408602,1,0.29,artifact,DL2035,N554NW,DL,ATL,MCO,2026-05-04T22:25:00,2026-05-04T23:31:00,DAL2990-1777695868-fa-1370p,B752 
SWA3053-1777709839-airline-1072p,2026-05-04T22:16:38.676026+00:00,0.3219178082191781,1,0.29,artifact,WN3053,N8815L,WN,ATL,MCO,2026-05-04T22:40:00,2026-05-04T23:53:00,SWA3001-1777709839-airline-1027p,B38M 
FFT3458-1777702820-airline-1169p,2026-05-04T22:23:00.510459+00:00,0.9224137931034483,1,0.6475237079459297,quantile@0.26,F93458,N675FR,F9,ATL,LGA,2026-05-04T22:50:00,2026-05-05T00:35:00,FFT3600-1777702820-airline-1183p,A21N 
DAL468-1777694837-fa-212p,2026-05-04T22:23:00.510459+00:00,0.7439446366782007,1,0.6475237079459297,quantile@0.26,DL468,N392DN,DL,ATL,LGA,2026-05-04T23:26:00,2026-05-05T01:03:00,DAL1572-1777694835-fa-2927p,A321 
SWA1472-1777701030-airline-1979p,2026-05-04T22:23:00.510459+00:00,0.7257769652650823,1,0.6475237079459297,quantile@0.26,WN1472,N7747C,WN,ATL,BWI,2026-05-04T23:00:00,2026-05-05T00:22:00,SWA1472-1777701030-airline-1980p,B737 
SWA660-1777704167-airline-3049p,2026-05-04T22:23:00.510459+00:00,0.7257769652650823,1,0.6475237079459297,quantile@0.26,WN660,N8536Z,WN,ATL,LAS,2026-05-04T23:10:00,2026-05-05T03:11:00,SWA4529-1777704167-airline-2799p,B738 
AAL1045-1777708252-airline-445p,2026-05-04T22:23:00.510459+00:00,0.6872682323856613,1,0.6475237079459297,quantile@0.26,AA1045,N838AW,AA,MIA,ATL,2026-05-04T21:21:00,2026-05-04T23:06:00,AAL1516-1777705939-airline-777p,A319 
JIA5313-1777701898-airline-1317p,2026-05-04T22:23:00.510459+00:00,0.6872682323856613,1,0.6475237079459297,quantile@0.26,OH5313,N613NN,OH,ATL,PHL,2026-05-04T23:05:00,2026-05-05T00:59:00,JIA5026-1777703038-airline-1580p,CRJ9 
DAL1588-1777695900-fa-1904p,2026-05-04T22:23:00.510459+00:00,0.6660019940179462,1,0.6475237079459297,quantile@0.26,DL1588,N900PC,DL,ATL,MIA,2026-05-04T23:07:00,2026-05-05T00:32:00,DAL725-1777694807-fa-472p,B752 
FFT1158-1777705129-airline-1438p,2026-05-04T22:23:00.510459+00:00,0.6660019940179462,1,0.6475237079459297,quantile@0.26,F91158,N702FR,F9,ATL,EWR,2026-05-04T22:57:00,2026-05-05T00:38:00,FFT2171-1777702820-airline-929p,A321 
DAL746-1777695027-fa-756p,2026-05-04T22:23:00.510459+00:00,0.6317829457364341,0,0.6475237079459297,quantile@0.26,DL746,N377DN,DL,ATL,DEN,2026-05-04T23:09:00,2026-05-05T02:03:00,DAL974-1777695027-fa-757p,A321 
RPA4582-1777699644-airline-537p,2026-05-04T22:23:00.510459+00:00,0.5678059536934951,0,0.6475237079459297,quantile@0.26,YX4582,N105HQ,YX,ATL,LGA,2026-05-04T23:14:00,2026-05-05T01:11:00,RPA4582-1777699644-airline-538p,E170 
DAL500-1777695405-fa-831p,2026-05-04T22:23:00.510459+00:00,0.4567940893029232,0,0.6475237079459297,quantile@0.26,DL500,N523DN,DL,ATL,LAX,2026-05-04T23:05:00,2026-05-05T03:49:00,DAL201-1777608920-fa-241p,A359 
AAL1811-1777701683-airline-1446p,2026-05-04T22:23:00.510459+00:00,0.4227405247813411,0,0.6475237079459297,quantile@0.26,AA1811,N801NN,AA,ATL,DFW,2026-05-04T22:50:00,2026-05-05T00:53:00,AAL1811-1777701683-airline-1447p,B738 
DAL2498-1777695581-fa-1261p,2026-05-04T22:23:00.510459+00:00,0.4150537634408602,0,0.6475237079459297,quantile@0.26,DL2498,N892DN,DL,ATL,EWR,2026-05-04T23:00:00,2026-05-05T00:35:00,DAL1872-1777695643-fa-926p,B739 
DAL325-1777695246-fa-680p,2026-05-04T22:23:00.510459+00:00,0.3645364536453644,0,0.6475237079459297,quantile@0.26,DL325,N348NW,DL,ATL,DCA,2026-05-04T23:03:00,2026-05-05T00:14:00,DAL1866-1777695245-fa-550p,A320 
DAL2035-1777695867-fa-847p,2026-05-04T22:23:00.510459+00:00,0.34657039711191334,0,0.6475237079459297,quantile@0.26,DL2035,N554NW,DL,ATL,MCO,2026-05-04T22:25:00,2026-05-04T23:31:00,DAL2990-1777695868-fa-1370p,B752 
DAL919-1777695358-fa-1373p,2026-05-04T22:23:00.510459+00:00,0.314540059347181,0,0.6475237079459297,quantile@0.26,DL919,N818NW,DL,ATL,LAS,2026-05-04T22:45:00,2026-05-05T02:41:00,DAL75-1777695352-fa-465p,A333 
SWA3053-1777709839-airline-1072p,2026-05-04T22:23:00.510459+00:00,0.2964071856287426,0,0.6475237079459297,quantile@0.26,WN3053,N8815L,WN,ATL,MCO,2026-05-04T22:40:00,2026-05-04T23:53:00,SWA3001-1777709839-airline-1027p,B38M 
DAL2928-1777694983-fa-242p,2026-05-04T22:23:00.510459+00:00,0.24591156874621442,0,0.6475237079459297,quantile@0.26,DL2928,N303DN,DL,ATL,BWI,2026-05-04T22:41:00,2026-05-05T00:00:00,DAL1579-1777694981-fa-1142p,A321 
DAL446-1777694762-fa-860p,2026-05-04T22:23:00.510459+00:00,0.22489626556016598,0,0.6475237079459297,quantile@0.26,DL446,N1200K,DL,LAX,ATL,2026-05-04T19:40:00,2026-05-04T23:03:00,DAL898-1777694759-fa-241p,B763 
DAL2065-1777694909-fa-554p,2026-05-04T22:23:00.510459+00:00,0.2066365007541478,0,0.6475237079459297,quantile@0.26,DL2065,N365DN,DL,ATL,PHL,2026-05-04T23:09:00,2026-05-05T00:34:00,DAL638-1777694909-fa-858p,A321 
DAL1292-1777694944-fa-1679p,2026-05-04T22:23:00.510459+00:00,0.1295171090502078,0,0.6475237079459297,quantile@0.26,DL1292,N352DN,DL,FLL,ATL,2026-05-04T21:32:00,2026-05-04T22:54:00,DAL1292-1777694945-fa-1019p,A321 
FFT1116-1777705129-airline-1432p,2026-05-04T22:23:00.510459+00:00,0.1295171090502078,0,0.6475237079459297,quantile@0.26,F91116,N654FR,F9,LAS,ATL,2026-05-04T19:19:00,2026-05-04T22:28:00,FFT3231-1777699828-airline-615p,A21N 
SWA1445-1777701030-airline-1949p,2026-05-04T22:23:00.510459+00:00,0.11714770797962648,0,0.6475237079459297,quantile@0.26,WN1445,N8318F,WN,BWI,ATL,2026-05-04T21:10:00,2026-05-04T22:44:00,SWA464-1777704167-airline-2857p,B738 
AAL3330-1777709994-airline-1762p,2026-05-04T22:23:00.510459+00:00,0.1001700417375174,0,0.6475237079459297,quantile@0.26,AA3330,N149AN,AA,MIA,ATL,2026-05-04T16:20:00,2026-05-04T18:06:00,AAL1286-1777705939-airline-524p,A321 
DAL2312-1777695594-fa-133p,2026-05-04T22:23:00.510459+00:00,0.059004203039120594,0,0.6475237079459297,quantile@0.26,DL2312,N930DZ,DL,EWR,ATL,2026-05-04T20:39:00,2026-05-04T22:26:00,DAL2312-1777695595-fa-345p,B739 
DAL399-1777694917-fa-1166p,2026-05-04T22:23:00.510459+00:00,0.059004203039120594,0,0.6475237079459297,quantile@0.26,DL399,N354DN,DL,BOS,ATL,2026-05-04T20:10:00,2026-05-04T22:30:00,DAL350-1777694917-fa-1164p,A321 
DAL1323-1777695895-fa-330p,2026-05-04T22:23:00.510459+00:00,0.05149617258176757,0,0.6475237079459297,quantile@0.26,DL1323,N6716C,DL,MIA,ATL,2026-05-04T20:53:00,2026-05-04T22:26:00,DAL1323-1777695894-fa-966p,B752 
DAL759-1777694996-fa-1162p,2026-05-04T22:23:00.510459+00:00,0.03428239395700175,0,0.6475237079459297,quantile@0.26,DL759,N353DN,DL,TPA,ATL,2026-05-04T22:05:00,2026-05-04T23:06:00,DAL759-1777694996-fa-1160p,A321 
SWA4529-1777704167-airline-2799p,2026-05-04T22:23:00.510459+00:00,0.03428239395700175,0,0.6475237079459297,quantile@0.26,WN4529,N8536Z,WN,TPA,ATL,2026-05-04T20:55:00,2026-05-04T22:08:00,SWA2105-1777698769-airline-1083p,B738 
RPA4582-1777699644-airline-538p,2026-05-04T22:23:00.510459+00:00,0.031007751937984496,0,0.6475237079459297,quantile@0.26,YX4582,N105HQ,YX,LGA,ATL,2026-05-04T20:06:00,2026-05-04T21:50:00,RPA4407-1777699644-airline-330p,E75S 
FFT3458-1777702820-airline-1169p,2026-05-04T22:30:02.506672+00:00,0.9224137931034483,1,0.6660019940179462,quantile@0.26,F93458,N675FR,F9,ATL,LGA,2026-05-04T22:50:00,2026-05-05T00:35:00,FFT3600-1777702820-airline-1183p,A21N 
SWA1472-1777701030-airline-1979p,2026-05-04T22:30:02.506672+00:00,0.7257769652650823,1,0.6660019940179462,quantile@0.26,WN1472,N7747C,WN,ATL,BWI,2026-05-04T23:00:00,2026-05-05T00:22:00,SWA1472-1777701030-airline-1980p,B737 
JIA5313-1777701898-airline-1317p,2026-05-04T22:30:02.506672+00:00,0.6872682323856613,1,0.6660019940179462,quantile@0.26,OH5313,N613NN,OH,ATL,PHL,2026-05-04T23:05:00,2026-05-05T00:59:00,JIA5026-1777703038-airline-1580p,CRJ9 
DAL1588-1777695900-fa-1904p,2026-05-04T22:30:02.506672+00:00,0.6660019940179462,1,0.6660019940179462,quantile@0.26,DL1588,N900PC,DL,ATL,MIA,2026-05-04T23:07:00,2026-05-05T00:32:00,DAL725-1777694807-fa-472p,B752 
FFT1158-1777705129-airline-1438p,2026-05-04T22:30:02.506672+00:00,0.6660019940179462,1,0.6660019940179462,quantile@0.26,F91158,N702FR,F9,ATL,EWR,2026-05-04T22:57:00,2026-05-05T00:38:00,FFT2171-1777702820-airline-929p,A321 
DAL500-1777695405-fa-831p,2026-05-04T22:30:02.506672+00:00,0.4567940893029232,0,0.6660019940179462,quantile@0.26,DL500,N523DN,DL,ATL,LAX,2026-05-04T23:05:00,2026-05-05T03:49:00,DAL201-1777608920-fa-241p,A359 
AAL1811-1777701683-airline-1446p,2026-05-04T22:30:02.506672+00:00,0.4227405247813411,0,0.6660019940179462,quantile@0.26,AA1811,N801NN,AA,ATL,DFW,2026-05-04T22:50:00,2026-05-05T00:53:00,AAL1811-1777701683-airline-1447p,B738 
DAL2498-1777695581-fa-1261p,2026-05-04T22:30:02.506672+00:00,0.40625,0,0.6660019940179462,quantile@0.26,DL2498,N892DN,DL,ATL,EWR,2026-05-04T23:00:00,2026-05-05T00:35:00,DAL1872-1777695643-fa-926p,B739 
DAL325-1777695246-fa-680p,2026-05-04T22:30:02.506672+00:00,0.3645364536453644,0,0.6660019940179462,quantile@0.26,DL325,N348NW,DL,ATL,DCA,2026-05-04T23:03:00,2026-05-05T00:14:00,DAL1866-1777695245-fa-550p,A320 
DAL746-1777695027-fa-756p,2026-05-04T22:30:02.506672+00:00,0.2964071856287426,0,0.6660019940179462,quantile@0.26,DL746,N377DN,DL,ATL,DEN,2026-05-04T23:09:00,2026-05-05T02:03:00,DAL974-1777695027-fa-757p,A321 
DAL919-1777695358-fa-1373p,2026-05-04T22:30:02.506672+00:00,0.2964071856287426,0,0.6660019940179462,quantile@0.26,DL919,N818NW,DL,ATL,LAS,2026-05-04T22:45:00,2026-05-05T02:41:00,DAL75-1777695352-fa-465p,A333 
SWA3053-1777709839-airline-1072p,2026-05-04T22:30:02.506672+00:00,0.2964071856287426,0,0.6660019940179462,quantile@0.26,WN3053,N8815L,WN,ATL,MCO,2026-05-04T22:40:00,2026-05-04T23:53:00,SWA3001-1777709839-airline-1027p,B38M 
RPA4582-1777699644-airline-537p,2026-05-04T22:30:02.506672+00:00,0.28205128205128194,0,0.6660019940179462,quantile@0.26,YX4582,N105HQ,YX,ATL,LGA,2026-05-04T23:14:00,2026-05-05T01:11:00,RPA4582-1777699644-airline-538p,E170 
DAL2928-1777694983-fa-242p,2026-05-04T22:30:02.506672+00:00,0.24591156874621442,0,0.6660019940179462,quantile@0.26,DL2928,N303DN,DL,ATL,BWI,2026-05-04T22:41:00,2026-05-05T00:00:00,DAL1579-1777694981-fa-1142p,A321 
DAL2065-1777694909-fa-554p,2026-05-04T22:30:02.506672+00:00,0.20079787234042554,0,0.6660019940179462,quantile@0.26,DL2065,N365DN,DL,ATL,PHL,2026-05-04T23:09:00,2026-05-05T00:34:00,DAL638-1777694909-fa-858p,A321 
ETD13-1777785703-airline-1095p,2026-05-05T03:30:00,0.0872515462679397,0,0.23455243167045187,replay_quantile@0.22,EY13,A6-BNF,EY,AUH,ATL,2026-05-05T05:30:00,2026-05-05T19:51:00,ETD160-1777698985-airline-1377p,B789 
DAL929-1777708222-airline-1360p,2026-05-05T05:05:00,0.026723396118175733,0,0.23455243167045187,replay_quantile@0.22,DL929,N819DX,DL,PHX,ATL,2026-05-05T07:05:00,2026-05-05T10:07:00,DAL842-1777695900-fa-102p,B752
DAL26-1777781717-fa-2383p,2026-05-05T08:00:00,0.063874838254323,0,0.23455243167045187,replay_quantile@0.22,DL26,N526DN,DL,ICN,ATL,2026-05-05T10:00:00,2026-05-05T22:56:00,DAL159-1777695407-fa-1440p,A359 
DAL55-1777781682-fa-1911p,2026-05-05T08:55:00,0.0689159398063836,0,0.23455243167045187,replay_quantile@0.22,DL55,N434DX,DL,LOS,ATL,2026-05-05T10:55:00,2026-05-05T22:58:00,DAL54-1777695375-fa-538p,A339 
DAL67-1777781694-fa-776p,2026-05-05T09:20:00,0.0689159398063836,0,0.23455243167045187,replay_quantile@0.22,DL67,N416DX,DL,FCO,ATL,2026-05-05T11:20:00,2026-05-05T21:48:00,DAL66-1777695396-fa-1916p,A339 
SAS929-1777787444-airline-1096p,2026-05-05T09:45:00,0.10934441102038868,0,0.23455243167045187,replay_quantile@0.22,SK929,LN-RKS,SK,CPH,ATL,2026-05-05T11:45:00,2026-05-05T21:15:00,SAS944-1777703190-airline-1061p,A333 
THY31-1777791499-airline-1456p,2026-05-05T09:55:00,0.10934441102038868,0,0.23455243167045187,replay_quantile@0.22,TK31,TC-LLG,TK,IST,ATL,2026-05-05T11:55:00,2026-05-05T22:58:00,THY134-1777706886-airline-1092p,B789 
AFR32-1777788009-airline-1457p,2026-05-05T10:10:00,0.10934441102038868,0,0.23455243167045187,replay_quantile@0.22,AF32,F-GSPU,AF,CDG,ATL,2026-05-05T12:10:00,2026-05-05T20:52:00,AFR705-1777772915-schedule-346p,B772 
DAL31-1777781244-fa-188p,2026-05-05T10:35:00,0.0746744847805467,0,0.23455243167045187,replay_quantile@0.22,DL31,N844MH,DL,LHR,ATL,2026-05-05T12:35:00,2026-05-05T21:17:00,DAL32-1777694868-fa-4283p,B764 
DAL85-1777781227-fa-1258p,2026-05-05T11:50:00,0.0747827136648962,0,0.23455243167045187,replay_quantile@0.22,DL85,N825MH,DL,CDG,ATL,2026-05-05T13:50:00,2026-05-05T22:58:00,DAL264-1777694855-fa-179p,B764 
DAL721-1777782224-fa-1769p,2026-05-05T11:55:00,0.05448268961376826,0,0.23455243167045187,replay_quantile@0.22,DL721,N6701,DL,SNA,ATL,2026-05-05T13:55:00,2026-05-05T17:24:00,,B752 
DAL37-1777781235-fa-609p,2026-05-05T12:25:00,0.08098137900990834,0,0.23455243167045187,replay_quantile@0.22,DL37,N831MH,DL,LHR,ATL,2026-05-05T14:25:00,2026-05-05T23:12:00,DAL36-1777694858-fa-852p,B764 
AFR34-1777788009-airline-1459p,2026-05-05T12:35:00,0.10934441102038868,0,0.23455243167045187,replay_quantile@0.22,AF34,F-HTYA,AF,CDG,ATL,2026-05-05T14:35:00,2026-05-05T23:06:00,AFR595-1777709961-airline-301p,A359 
FFT3782-1777794329-airline-108p,2026-05-05T13:10:00,0.23455243167045187,1,0.23455243167045187,replay_quantile@0.22,F93782,N379FR,F9,ATL,TPA,2026-05-05T15:10:00,2026-05-05T16:15:00,FFT3409-1777794329-airline-89p,A20N 
AAL1802-1777792886-airline-4842p,2026-05-05T14:39:00,0.2154495864860109,0,0.23455243167045187,replay_quantile@0.22,AA1802,N184US,AA,LAX,ATL,2026-05-05T16:39:00,2026-05-05T20:29:00,AAL3224-1777794646-airline-2360p,A321 
SWA3237-1777792004-airline-1537p,2026-05-05T15:00:00,0.0872515462679397,0,0.23455243167045187,replay_quantile@0.22,WN3237,N872CB,WN,DEN,ATL,2026-05-05T17:00:00,2026-05-05T19:22:00,SWA1695-1777704136-airline-791p,B38M 
SKW3648-1777755515-fa-653p,2026-05-05T15:22:00,0.08003691700113763,0,0.23455243167045187,replay_quantile@0.22,OO3648,N309SY,OO,XNA,ATL,2026-05-05T17:22:00,2026-05-05T18:33:00,SKW3744-1777788227-airline-1340p,E75L 
UAL702-1777766707-fa-884p,2026-05-05T15:25:00,0.10165879973027646,0,0.23455243167045187,replay_quantile@0.22,UA702,N17422,UA,SFO,ATL,2026-05-05T17:25:00,2026-05-05T21:43:00,UAL2420-1777766614-fa-256p,B39M 
DAL1823-1777782224-fa-768p,2026-05-05T15:32:00,0.10966116696548124,0,0.23455243167045187,replay_quantile@0.22,DL1823,N693DL,DL,STT,ATL,2026-05-05T17:32:00,2026-05-05T21:15:00,DAL1930-1777782221-fa-903p,B752 
DAL1873-1777782228-fa-3406p,2026-05-05T15:45:00,0.09789156626506024,0,0.23455243167045187,replay_quantile@0.22,DL1873,N6715C,DL,SXM,ATL,2026-05-05T17:45:00,2026-05-05T21:45:00,DAL1887-1777782228-fa-3405p,B752 
DAL528-1777781167-fa-731p,2026-05-05T15:45:00,0.0689159398063836,0,0.23455243167045187,replay_quantile@0.22,DL528,N687DL,DL,LAX,ATL,2026-05-05T17:45:00,2026-05-05T21:21:00,DAL630-1777694783-fa-797p,B752 
DAL1030-1777782244-fa-699p,2026-05-05T16:10:00,0.17757594738490443,0,0.23455243167045187,replay_quantile@0.22,DL1030,N6706Q,DL,MCO,ATL,2026-05-05T18:10:00,2026-05-05T19:14:00,DAL1576-1777782224-fa-775p,B752 
DAL725-1777781148-fa-161p,2026-05-05T16:12:00,0.0747827136648962,0,0.23455243167045187,replay_quantile@0.22,DL725,N659DL,DL,SAN,ATL,2026-05-05T18:12:00,2026-05-05T21:31:00,DAL725-1777781146-fa-365p,B752 
EDV4920-1777793043-airline-1599p,2026-05-05T16:12:00,0.07195336483736332,0,0.23455243167045187,replay_quantile@0.22,9E4920,N668CA,9E,ELH,ATL,2026-05-05T18:12:00,2026-05-05T20:12:00,,CRJ7 
DAL554-1777781965-fa-465p,2026-05-05T16:20:00,0.09568441652075393,0,0.23455243167045187,replay_quantile@0.22,DL554,N861DN,DL,SEA,ATL,2026-05-05T18:20:00,2026-05-05T22:29:00,DAL2980-1777781965-fa-464p,B739 
DAL1805-1777781807-fa-994p,2026-05-05T16:45:00,0.08098137900990834,0,0.23455243167045187,replay_quantile@0.22,DL1805,N3741S,DL,SAP,ATL,2026-05-05T18:45:00,2026-05-05T21:38:00,DAL1782-1777781805-fa-890p,B738 
DAL1803-1777781934-fa-1200p,2026-05-05T16:47:00,0.07233496018494733,0,0.23455243167045187,replay_quantile@0.22,DL1803,N834DN,DL,SDQ,ATL,2026-05-05T18:47:00,2026-05-05T22:04:00,DAL1958-1777781936-fa-826p,B739 
DAL1802-1777781266-fa-810p,2026-05-05T16:51:00,0.07233496018494733,0,0.23455243167045187,replay_quantile@0.22,DL1802,N341DN,DL,BZE,ATL,2026-05-05T18:51:00,2026-05-05T21:38:00,DAL1656-1777781268-fa-1223p,A321 
DAL1882-1777781212-fa-330p,2026-05-05T16:55:00,0.04794745484400657,0,0.23455243167045187,replay_quantile@0.22,DL1882,N1200K,DL,SJU,ATL,2026-05-05T18:55:00,2026-05-05T22:33:00,DAL1882-1777781208-fa-1004p,B763 
DAL1919-1777781322-fa-135p,2026-05-05T16:56:00,0.10165879973027646,0,0.23455243167045187,replay_quantile@0.22,DL1919,N332DN,DL,PUJ,ATL,2026-05-05T18:56:00,2026-05-05T22:33:00,DAL1796-1777781326-fa-1357p,A321 
DAL597-1777781399-fa-74p,2026-05-05T17:00:00,0.07195336483736332,0,0.23455243167045187,replay_quantile@0.22,DL597,N365DN,DL,CUN,ATL,2026-05-05T19:00:00,2026-05-05T21:12:00,DAL598-1777781398-fa-1316p,A321 
DAL879-1777782010-fa-1005p,2026-05-05T17:01:00,0.03407691579047077,0,0.23455243167045187,replay_quantile@0.22,DL879,N890DN,DL,PDX,ATL,2026-05-05T19:01:00,2026-05-05T23:07:00,DAL539-1777782010-fa-1004p,B739 
DAL327-1777782242-fa-891p,2026-05-05T17:04:00,0.11065904259218533,0,0.23455243167045187,replay_quantile@0.22,DL327,N722TW,DL,SNA,ATL,2026-05-05T19:04:00,2026-05-05T22:37:00,DAL1857-1777782242-fa-890p,B752
DAL1866-1777781650-fa-843p,2026-05-05T17:06:00,0.08899350310947436,0,0.23455243167045187,replay_quantile@0.22,DL1866,N349NW,DL,MTY,ATL,2026-05-05T19:06:00,2026-05-05T21:14:00,DAL1929-1777781650-fa-839p,A320 
DAL945-1777781659-fa-968p,2026-05-05T17:10:00,0.13837174940898342,0,0.23455243167045187,replay_quantile@0.22,DL945,N818NW,DL,LAS,ATL,2026-05-05T19:10:00,2026-05-05T22:14:00,DAL945-1777781659-fa-964p,A333 
DAL974-1777781441-fa-159p,2026-05-05T17:10:00,0.09789156626506024,0,0.23455243167045187,replay_quantile@0.22,DL974,N387DN,DL,LGA,ATL,2026-05-05T19:10:00,2026-05-05T20:58:00,DAL467-1777781438-fa-809p,A321 
DAL2135-1777781579-fa-356p,2026-05-05T17:10:00,0.08461696446909016,0,0.23455243167045187,replay_quantile@0.22,DL2135,N377DN,DL,IAD,ATL,2026-05-05T19:10:00,2026-05-05T20:41:00,,A321 
DAL1408-1777781579-fa-358p,2026-05-05T17:10:00,0.0746744847805467,0,0.23455243167045187,replay_quantile@0.22,DL1408,N343NW,DL,SAT,ATL,2026-05-05T19:10:00,2026-05-05T21:02:00,DAL1408-1777781579-fa-360p,A320 
DAL638-1777781304-fa-504p,2026-05-05T17:10:00,0.063874838254323,0,0.23455243167045187,replay_quantile@0.22,DL638,N354DN,DL,BOS,ATL,2026-05-05T19:10:00,2026-05-05T21:25:00,DAL862-1777781302-fa-775p,A321 
DAL1804-1777781958-fa-901p,2026-05-05T17:12:00,0.06375216611437083,0,0.23455243167045187,replay_quantile@0.22,DL1804,N864DN,DL,GDL,ATL,2026-05-05T19:12:00,2026-05-05T22:09:00,DAL1992-1777781958-fa-902p,B739
DAL1902-1777781142-fa-702p,2026-05-05T17:15:00,0.12616630588937827,0,0.23455243167045187,replay_quantile@0.22,DL1902,N900PC,DL,STT,ATL,2026-05-05T19:15:00,2026-05-05T22:58:00,DAL1902-1777781141-fa-4430p,B752 
DAL1816-1777781869-fa-1050p,2026-05-05T17:16:00,0.08899350310947436,0,0.23455243167045187,replay_quantile@0.22,DL1816,N3751B,DL,PVR,ATL,2026-05-05T19:16:00,2026-05-05T22:18:00,DAL1941-1777781869-fa-1054p,B738 
DAL785-1777782125-fa-897p,2026-05-05T17:16:00,0.06233204725946158,0,0.23455243167045187,replay_quantile@0.22,DL785,N514DE,DL,SFO,ATL,2026-05-05T19:16:00,2026-05-05T23:18:00,DAL785-1777782125-fa-885p,A21N 
FFT3975-1777794329-airline-121p,2026-05-05T17:20:00,0.4809129871424299,1,0.23455243167045187,replay_quantile@0.22,F93975,N636FR,F9,MCO,ATL,2026-05-05T19:20:00,2026-05-05T20:50:00,FFT3976-1777784511-airline-1321p,A21N 
DAL1800-1777781772-fa-1122p,2026-05-05T17:20:00,0.0872515462679397,0,0.23455243167045187,replay_quantile@0.22,DL1800,N3734B,DL,MBJ,ATL,2026-05-05T19:20:00,2026-05-05T22:02:00,DAL1801-1777781774-fa-796p,B738 
DAL1831-1777781150-fa-993p,2026-05-05T17:24:00,0.08899350310947436,0,0.23455243167045187,replay_quantile@0.22,DL1831,N694DL,DL,GUA,ATL,2026-05-05T19:24:00,2026-05-05T22:26:00,DAL1830-1777781148-fa-666p,B752 
DAL2427-1777781734-fa-473p,2026-05-05T17:24:00,0.05083729067733067,0,0.23455243167045187,replay_quantile@0.22,DL2427,N3735D,DL,COS,ATL,2026-05-05T19:24:00,2026-05-05T21:36:00,DAL2427-1777781731-fa-942p,B738 
DAL1576-1777782225-fa-910p,2026-05-05T17:25:00,0.2608988647555856,1,0.23455243167045187,replay_quantile@0.22,DL1576,N697DL,DL,MCO,ATL,2026-05-05T19:25:00,2026-05-05T20:26:00,DAL1372-1777782186-fa-623p,B752 
DAL3031-1777782312-fa-7p,2026-05-05T17:25:00,0.04794745484400657,0,0.23455243167045187,replay_quantile@0.22,DL3031,N985AT,DL,ATL,CLT,2026-05-05T19:25:00,2026-05-05T20:03:00,DAL1481-1777782311-fa-883p,B712 
DAL1002-1777781758-fa-180p,2026-05-05T17:29:00,0.137732836615221,0,0.23455243167045187,replay_quantile@0.22,DL1002,N378DA,DL,ELP,ATL,2026-05-05T19:29:00,2026-05-05T21:51:00,DAL1002-1777781757-fa-1596p,B738 
DAL587-1777781873-fa-419p,2026-05-05T17:30:00,0.0689159398063836,0,0.23455243167045187,replay_quantile@0.22,DL587,N776DE,DL,MEX,ATL,2026-05-05T19:30:00,2026-05-05T22:13:00,DAL588-1777781869-fa-1052p,B738 
DAL906-1777781406-fa-403p,2026-05-05T17:30:00,0.053504249686498535,0,0.23455243167045187,replay_quantile@0.22,DL906,N369DN,DL,SLC,ATL,2026-05-05T19:30:00,2026-05-05T22:25:00,DAL387-1777781406-fa-405p,A321 
DAL1756-1777782184-fa-1422p,2026-05-05T17:31:00,0.1456462741179806,0,0.23455243167045187,replay_quantile@0.22,DL1756,N551NW,DL,SJO,ATL,2026-05-05T19:31:00,2026-05-05T23:26:00,DAL1937-1777782183-fa-667p,B752 
DAL904-1777781964-fa-638p,2026-05-05T17:34:00,0.06233204725946158,0,0.23455243167045187,replay_quantile@0.22,DL904,N855DN,DL,SMF,ATL,2026-05-05T19:34:00,2026-05-05T23:28:00,DAL904-1777781965-fa-461p,B739 
AAL1811-1777792886-airline-4861p,2026-05-05T17:35:00,0.2550037570872327,1,0.23455243167045187,replay_quantile@0.22,AA1811,N960NN,AA,DFW,ATL,2026-05-05T19:35:00,2026-05-05T21:14:00,AAL2192-1777783797-airline-4447p,B738 
DAL1820-1777781298-fa-639p,2026-05-05T17:35:00,0.1705034624742654,0,0.23455243167045187,replay_quantile@0.22,DL1820,N359DN,DL,LIR,ATL,2026-05-05T19:35:00,2026-05-05T22:51:00,DAL1898-1777781297-fa-532p,A321 
DAL581-1777781889-fa-346p,2026-05-05T17:35:00,0.1172872010903234,0,0.23455243167045187,replay_quantile@0.22,DL581,N826DN,DL,AUA,ATL,2026-05-05T19:35:00,2026-05-05T23:30:00,DAL582-1777781889-fa-344p,B739 
DAL1959-1777781837-fa-1723p,2026-05-05T17:35:00,0.08401499659168372,0,0.23455243167045187,replay_quantile@0.22,DL1959,N371DA,DL,PLS,ATL,2026-05-05T19:35:00,2026-05-05T22:17:00,DAL1996-1777781837-fa-1303p,B738 
DAL995-1777781425-fa-999p,2026-05-05T17:35:00,0.08138552520416784,0,0.23455243167045187,replay_quantile@0.22,DL995,N394DX,DL,DEN,ATL,2026-05-05T19:35:00,2026-05-05T21:46:00,DAL995-1777781425-fa-288p,A321 
DAL1772-1777781939-fa-1086p,2026-05-05T17:36:00,0.09016480407412646,0,0.23455243167045187,replay_quantile@0.22,DL1772,N838DN,DL,TQO,ATL,2026-05-05T19:36:00,2026-05-05T22:01:00,DAL1773-1777781939-fa-1085p,B739 
UAL356-1777766706-fa-421p,2026-05-05T17:37:00,0.10675192370217838,0,0.23455243167045187,replay_quantile@0.22,UA356,N17401,UA,ORD,ATL,2026-05-05T19:37:00,2026-05-05T21:18:00,UAL1335-1777680197-fa-1181p,B39M 
DAL1758-1777781914-fa-1902p,2026-05-05T17:37:00,0.08899350310947436,0,0.23455243167045187,replay_quantile@0.22,DL1758,N841DN,DL,PTY,ATL,2026-05-05T19:37:00,2026-05-05T23:19:00,DAL1759-1777781913-fa-901p,B739 
SKW3890-1777788227-airline-1130p,2026-05-05T17:38:00,0.1172872010903234,0,0.23455243167045187,replay_quantile@0.22,OO3890,N264SY,OO,ROA,ATL,2026-05-05T19:38:00,2026-05-05T20:35:00,SKW3890-1777784077-airline-1155p,E75L 
DAL1976-1777781381-fa-2359p,2026-05-05T17:38:00,0.08899350310947436,0,0.23455243167045187,replay_quantile@0.22,DL1976,N358DN,DL,NAS,ATL,2026-05-05T19:38:00,2026-05-05T21:33:00,DAL1938-1777781382-fa-1042p,A321 
DAL409-1777782093-fa-474p,2026-05-05T17:38:00,0.02568992001695005,0,0.23455243167045187,replay_quantile@0.22,DL409,N963DZ,DL,MSY,ATL,2026-05-05T19:38:00,2026-05-05T20:45:00,DAL409-1777782093-fa-471p,B739 
DAL2322-1777781972-fa-1660p,2026-05-05T17:39:00,0.4157848582285882,1,0.23455243167045187,replay_quantile@0.22,DL2322,N824DN,DL,EWR,ATL,2026-05-05T19:39:00,2026-05-05T21:34:00,DAL2322-1777781973-fa-2823p,B739 
FFT3454-1777794329-airline-95p,2026-05-05T17:40:00,0.6057268722466957,1,0.23455243167045187,replay_quantile@0.22,F93454,N374FR,F9,ATL,LGA,2026-05-05T19:40:00,2026-05-05T21:35:00,FFT3507-1777699828-airline-643p,A20N
SWA1275-1777794866-airline-1190p,2026-05-05T17:40:00,0.15638614996560415,0,0.23455243167045187,replay_quantile@0.22,WN1275,N428WN,WN,DAL,ATL,2026-05-05T19:40:00,2026-05-05T21:19:00,SWA852-1777784479-airline-1812p,B737 
DAL446-1777781135-fa-939p,2026-05-05T17:40:00,0.13837174940898342,0,0.23455243167045187,replay_quantile@0.22,DL446,N193DN,DL,LAX,ATL,2026-05-05T19:40:00,2026-05-05T23:08:00,DAL898-1777781135-fa-840p,B763 
JBU220-1777786731-airline-2042p,2026-05-05T17:45:00,0.4157848582285882,1,0.23455243167045187,replay_quantile@0.22,B6220,N606JB,B6,JFK,ATL,2026-05-05T19:45:00,2026-05-05T21:30:00,JBU678-1777795234-airline-1363p,A320 
SWA3453-1777792004-airline-1740p,2026-05-05T17:45:00,0.13837174940898342,0,0.23455243167045187,replay_quantile@0.22,WN3453,N8682B,WN,MDW,ATL,2026-05-05T19:45:00,2026-05-05T21:15:00,SWA123-1777352945-airline-1465p,B738 
DAL985-1777781841-fa-18p,2026-05-05T17:45:00,0.0746744847805467,0,0.23455243167045187,replay_quantile@0.22,DL985,N3757D,DL,CTG,ATL,2026-05-05T19:45:00,2026-05-05T23:36:00,DAL1717-1777781841-fa-16p,B738 
DAL519-1777781180-fa-1116p,2026-05-05T17:46:00,0.46543264942016055,1,0.23455243167045187,replay_quantile@0.22,DL519,N395DZ,DL,ATL,DEN,2026-05-05T19:46:00,2026-05-05T22:42:00,DAL729-1777780821-fa-1203p,A321 
DAL1848-1777781901-fa-823p,2026-05-05T17:46:00,0.0788256227758007,0,0.23455243167045187,replay_quantile@0.22,DL1848,N875DN,DL,SJD,ATL,2026-05-05T19:46:00,2026-05-05T22:57:00,DAL1815-1777781902-fa-784p,B739 
DAL787-1777781746-fa-307p,2026-05-05T17:46:00,0.05946357494627077,0,0.23455243167045187,replay_quantile@0.22,DL787,N377DA,DL,GEG,ATL,2026-05-05T19:46:00,2026-05-05T23:34:00,DAL787-1777781747-fa-548p,B738 
UAL516-1777766601-fa-135p,2026-05-05T17:47:00,0.1470810266733769,0,0.23455243167045187,replay_quantile@0.22,UA516,N853UA,UA,ATL,ORD,2026-05-05T19:47:00,2026-05-05T21:34:00,UAL1848-1777669572-fa-2460p,A319 
DAL2314-1777781489-fa-1022p,2026-05-05T17:51:00,0.07195336483736332,0,0.23455243167045187,replay_quantile@0.22,DL2314,N333NB,DL,PVD,ATL,2026-05-05T19:51:00,2026-05-05T22:05:00,DAL2314-1777781489-fa-1020p,A319 
DAL2279-1777781310-fa-611p,2026-05-05T17:52:00,0.05946357494627077,0,0.23455243167045187,replay_quantile@0.22,DL2279,N330DX,DL,PHL,ATL,2026-05-05T19:52:00,2026-05-05T21:31:00,DAL2279-1777781310-fa-610p,A321 
DAL1266-1777781307-fa-904p,2026-05-05T17:53:00,0.09016480407412646,0,0.23455243167045187,replay_quantile@0.22,DL1266,N346DN,DL,PBI,ATL,2026-05-05T19:53:00,2026-05-05T21:15:00,DAL1266-1777781304-fa-938p,A321 
DAL2086-1777782311-fa-870p,2026-05-05T17:54:00,0.023605150214592276,0,0.23455243167045187,replay_quantile@0.22,DL2086,N929AT,DL,DSM,ATL,2026-05-05T19:54:00,2026-05-05T21:29:00,DAL2086-1777782311-fa-869p,B712 
UAL462-1777766706-fa-829p,2026-05-05T17:55:00,0.14021052631578948,0,0.23455243167045187,replay_quantile@0.22,UA462,N39728,UA,IAH,ATL,2026-05-05T19:55:00,2026-05-05T21:29:00,UAL1089-1777779118-fa-1083p,B737 
EDV5529-1777786044-airline-103p,2026-05-05T17:55:00,0.05946357494627077,0,0.23455243167045187,replay_quantile@0.22,9E5529,N367CA,9E,ATL,LFT,2026-05-05T19:55:00,2026-05-05T21:34:00,EDV4991-1777788507-airline-1309p,CRJ7 
DAL2020-1777781800-fa-1166p,2026-05-05T17:55:00,0.02278018717187857,0,0.23455243167045187,replay_quantile@0.22,DL2020,N3737C,DL,OKC,ATL,2026-05-05T19:55:00,2026-05-05T21:31:00,DAL2020-1777781801-fa-299p,B738 
DAL1491-1777781417-fa-261p,2026-05-05T17:57:00,0.17757594738490443,0,0.23455243167045187,replay_quantile@0.22,DL1491,N126DN,DL,ATL,AUS,2026-05-05T19:57:00,2026-05-05T22:04:00,DAL990-1777781181-fa-833p,A321 
DAL665-1777781256-fa-1840p,2026-05-05T17:59:00,0.05083729067733067,0,0.23455243167045187,replay_quantile@0.22,DL665,N328DN,DL,ONT,ATL,2026-05-05T19:59:00,2026-05-05T23:33:00,DAL665-1777781255-fa-443p,A321 
DAL1246-1777781785-fa-1315p,2026-05-05T18:00:00,0.03580259633216567,0,0.23455243167045187,replay_quantile@0.22,DL1246,N385DN,DL,MKE,ATL,2026-05-05T20:00:00,2026-05-05T21:34:00,DAL1246-1777781784-fa-940p,B738 
DAL796-1777782181-fa-2557p,2026-05-05T18:01:00,0.06654470615138347,0,0.23455243167045187,replay_quantile@0.22,DL796,N553NW,DL,PHX,ATL,2026-05-05T20:01:00,2026-05-05T22:59:00,DAL1053-1777782181-fa-2555p,B752 
DAL937-1777781925-fa-2555p,2026-05-05T18:01:00,0.051103988603988605,0,0.23455243167045187,replay_quantile@0.22,DL937,N858DZ,DL,TUS,ATL,2026-05-05T20:01:00,2026-05-05T22:51:00,DAL937-1777781925-fa-3599p,B739 
SKW3804-1777755550-fa-387p,2026-05-05T18:04:00,0.10165879973027646,0,0.23455243167045187,replay_quantile@0.22,OO3804,N265SY,OO,ATL,SHV,2026-05-05T20:04:00,2026-05-05T21:45:00,SKW3820-1777784077-airline-1182p,E75L 
SWA2088-1777795268-airline-1778p,2026-05-05T18:05:00,0.18666021986970685,0,0.23455243167045187,replay_quantile@0.22,WN2088,N8777Q,WN,MCO,ATL,2026-05-05T20:05:00,2026-05-05T21:09:00,SWA182-1777795268-airline-1477p,B38M 
DAL214-1777781692-fa-993p,2026-05-05T18:05:00,0.1456462741179806,0,0.23455243167045187,replay_quantile@0.22,DL214,N411DX,DL,ATL,FCO,2026-05-05T20:05:00,2026-05-06T05:20:00,DAL215-1777781680-fa-426p,A339 
DAL1720-1777782191-fa-1199p,2026-05-05T18:05:00,0.1286818671102847,0,0.23455243167045187,replay_quantile@0.22,DL1720,N67171,DL,TPA,ATL,2026-05-05T20:05:00,2026-05-05T21:13:00,DAL1720-1777782191-fa-177p,B752 
DAL1029-1777781957-fa-762p,2026-05-05T18:05:00,0.0689159398063836,0,0.23455243167045187,replay_quantile@0.22,DL1029,N892DN,DL,JFK,ATL,2026-05-05T20:05:00,2026-05-05T21:53:00,DAL2380-1777781957-fa-761p,B739 
SWA3001-1777792004-airline-1329p,2026-05-05T18:05:00,0.042102979369667747,0,0.23455243167045187,replay_quantile@0.22,WN3001,N8610A,WN,MCI,ATL,2026-05-05T20:05:00,2026-05-05T21:42:00,SWA3140-1777792004-airline-1446p,B738 
RPA4582-1777788725-airline-4548p,2026-05-05T18:06:00,0.0746744847805467,0,0.23455243167045187,replay_quantile@0.22,YX4582,N119HQ,YX,LGA,ATL,2026-05-05T20:06:00,2026-05-05T22:12:00,RPA4407-1777788725-airline-4344p,E75S 
UAL521-1777766632-fa-1396p,2026-05-05T18:07:00,0.1653163404642695,0,0.23455243167045187,replay_quantile@0.22,UA521,N33714,UA,ATL,IAH,2026-05-05T20:07:00,2026-05-05T22:03:00,UAL1746-1777766706-fa-416p,B737 
DAL1836-1777781291-fa-922p,2026-05-05T18:07:00,0.08899350310947436,0,0.23455243167045187,replay_quantile@0.22,DL1836,N329DN,DL,PUJ,ATL,2026-05-05T20:07:00,2026-05-05T23:38:00,DAL1916-1777781291-fa-921p,A321 
DAL3032-1777782306-fa-2190p,2026-05-05T18:08:00,0.06233204725946158,0,0.23455243167045187,replay_quantile@0.22,DL3032,N717JL,DL,ATL,CAE,2026-05-05T20:08:00,2026-05-05T20:41:00,DAL2394-1777782295-fa-348p,B712 
DAL1572-1777781406-fa-408p,2026-05-05T18:09:00,0.12616630588937827,0,0.23455243167045187,replay_quantile@0.22,DL1572,N374DX,DL,IAH,ATL,2026-05-05T20:09:00,2026-05-05T21:42:00,DAL2890-1777781406-fa-407p,A321 
EDV5263-1777752697-fa-1689p,2026-05-05T18:09:00,0.05650722331429998,0,0.23455243167045187,replay_quantile@0.22,9E5263,N607LR,9E,AGS,ATL,2026-05-05T20:09:00,2026-05-05T20:51:00,EDV5263-1777750899-fa-1612p,CRJ9 
DAL1036-1777781993-fa-392p,2026-05-05T18:09:00,0.042102979369667747,0,0.23455243167045187,replay_quantile@0.22,DL1036,N877DN,DL,MSP,ATL,2026-05-05T20:09:00,2026-05-05T22:09:00,DAL2304-1777781991-fa-1412p,B739 
SWA1777-1777795268-airline-1439p,2026-05-05T18:10:00,0.3014599803797104,1,0.23455243167045187,replay_quantile@0.22,WN1777,N8788L,WN,DEN,ATL,2026-05-05T20:10:00,2026-05-05T22:32:00,SWA1219-1777794866-airline-1135p,B38M
DAL399-1777781353-fa-1386p,2026-05-05T18:10:00,0.1523089517022199,0,0.23455243167045187,replay_quantile@0.22,DL399,N535DN,DL,BOS,ATL,2026-05-05T20:10:00,2026-05-05T22:54:00,DAL350-1777781354-fa-733p,A21N 
DAL969-1777781443-fa-1333p,2026-05-05T18:10:00,0.12616630588937827,0,0.23455243167045187,replay_quantile@0.22,DL969,N396DN,DL,LGA,ATL,2026-05-05T20:10:00,2026-05-05T22:00:00,DAL460-1777780820-fa-105p,A321 
DAL1020-1777781586-fa-767p,2026-05-05T18:10:00,0.0746744847805467,0,0.23455243167045187,replay_quantile@0.22,DL1020,N333DX,DL,DCA,ATL,2026-05-05T20:10:00,2026-05-05T21:29:00,DAL360-1777781587-fa-542p,A321 
UAL1848-1777766707-fa-883p,2026-05-05T18:12:00,0.23371647509578541,0,0.23455243167045187,replay_quantile@0.22,UA1848,N873UA,UA,EWR,ATL,2026-05-05T20:12:00,2026-05-05T22:07:00,UAL2454-1777751056-fa-2544p,A319 
JIA5026-1777783643-airline-135p,2026-05-05T18:12:00,0.05946357494627077,0,0.23455243167045187,replay_quantile@0.22,OH5026,N570NN,OH,PHL,ATL,2026-05-05T20:12:00,2026-05-05T22:09:00,JIA5383-1777783643-airline-501p,CRJ9 
DAL2747-1777781990-fa-1328p,2026-05-05T18:13:00,0.028611464603857755,0,0.23455243167045187,replay_quantile@0.22,DL2747,N876DN,DL,MCI,ATL,2026-05-05T20:13:00,2026-05-05T21:48:00,DAL2747-1777781990-fa-1327p,B739 
DAL1978-1777782231-fa-1316p,2026-05-05T18:14:00,0.0872515462679397,0,0.23455243167045187,replay_quantile@0.22,DL1978,N684DA,DL,SAL,ATL,2026-05-05T20:14:00,2026-05-05T23:33:00,DAL1910-1777782231-fa-1315p,B752 
SWA461-1777786389-airline-5240p,2026-05-05T18:20:00,0.07195336483736332,0,0.23455243167045187,replay_quantile@0.22,WN461,N231WN,WN,STL,ATL,2026-05-05T20:20:00,2026-05-05T21:47:00,SWA461-1777786389-airline-5239p,B737 
DAL3027-1777782304-fa-1678p,2026-05-05T18:21:00,0.01544998068752414,0,0.23455243167045187,replay_quantile@0.22,DL3027,N892AT,DL,LIT,ATL,2026-05-05T20:21:00,2026-05-05T21:23:00,DAL3027-1777782304-fa-1673p,B712 
DAL2252-1777782302-fa-1142p,2026-05-05T18:23:00,0.042102979369667747,0,0.23455243167045187,replay_quantile@0.22,DL2252,N930AT,DL,MEM,ATL,2026-05-05T20:23:00,2026-05-05T21:18:00,DAL1681-1777782302-fa-1143p,B712 
DAL1742-1777782210-fa-1673p,2026-05-05T18:25:00,0.44021739130434784,1,0.23455243167045187,replay_quantile@0.22,DL1742,N689DL,DL,ATL,MCO,2026-05-05T20:25:00,2026-05-05T21:33:00,DAL980-1777781151-fa-1780p,B752 
DAL2735-1777781262-fa-1130p,2026-05-05T18:25:00,0.18666021986970685,0,0.23455243167045187,replay_quantile@0.22,DL2735,N322DN,DL,ATL,BDL,2026-05-05T20:25:00,2026-05-05T22:15:00,DAL1099-1777781328-fa-648p,A321 
UPS2308-1777959058-sw-278p,2026-05-05T18:25:00,0.137732836615221,0,0.23455243167045187,replay_quantile@0.22,5X2308,N137UP,5X,DFW,ATL,2026-05-05T20:25:00,2026-05-05T21:55:00,UPS2307-1777928457-sw-28p,A306
DAL1962-1777781288-fa-176p,2026-05-05T18:25:00,0.0689159398063836,0,0.23455243167045187,replay_quantile@0.22,DL1962,N326DN,DL,CUN,ATL,2026-05-05T20:25:00,2026-05-05T22:35:00,DAL592-1777781286-fa-1078p,A321 
EDV5308-1777754041-fa-1478p,2026-05-05T18:25:00,0.04794745484400657,0,0.23455243167045187,replay_quantile@0.22,9E5308,N319PQ,9E,LFT,ATL,2026-05-05T20:25:00,2026-05-05T21:50:00,EDV5308-1777754042-fa-1204p,CRJ9 
DAL874-1777782003-fa-493p,2026-05-05T18:28:00,0.07195336483736332,0,0.23455243167045187,replay_quantile@0.22,DL874,N884DN,DL,BOI,ATL,2026-05-05T20:28:00,2026-05-06T00:04:00,DAL874-1777782003-fa-491p,B739 
SWA1473-1777794866-airline-1379p,2026-05-05T18:30:00,0.3073952224288371,1,0.23455243167045187,replay_quantile@0.22,WN1473,N8564Z,WN,ATL,DAL,2026-05-05T20:30:00,2026-05-05T22:30:00,SWA786-1777784479-airline-1760p,B738 
DAL1613-1777781291-fa-289p,2026-05-05T18:30:00,0.29915460484180867,1,0.23455243167045187,replay_quantile@0.22,DL1613,N319DN,DL,FLL,ATL,2026-05-05T20:30:00,2026-05-05T22:01:00,DAL1294-1777781279-fa-462p,A321 
SWA4529-1777786389-airline-5190p,2026-05-05T18:30:00,0.15638614996560415,0,0.23455243167045187,replay_quantile@0.22,WN4529,N8715Q,WN,TPA,ATL,2026-05-05T20:30:00,2026-05-05T21:34:00,SWA3953-1777786296-airline-1725p,B38M 
UPS5306-1777959059-sw-36p,2026-05-05T18:30:00,0.06644576982549151,0,0.23455243167045187,replay_quantile@0.22,5X5306,N322UP,5X,SDF,ATL,2026-05-05T20:30:00,2026-05-05T21:29:00,UPS401-1777890017-sw-1679p,B763 
DAL3169-1777782042-fa-1309p,2026-05-05T18:32:00,0.04794745484400657,0,0.23455243167045187,replay_quantile@0.22,DL3169,N814DN,DL,CVG,ATL,2026-05-05T20:32:00,2026-05-05T21:39:00,DAL3169-1777782042-fa-170p,B739 
EDV5503-1777759004-fa-1510p,2026-05-05T18:33:00,0.04101666212201668,0,0.23455243167045187,replay_quantile@0.22,9E5503,N690CA,9E,XNA,ATL,2026-05-05T20:33:00,2026-05-05T21:47:00,,CRJ7 
ENY4087-1777789914-airline-1660p,2026-05-05T18:34:00,0.18179841252582363,0,0.23455243167045187,replay_quantile@0.22,MQ4087,N283NN,MQ,ATL,DCA,2026-05-05T20:34:00,2026-05-05T21:54:00,,E170 
SWA2604-1777789633-airline-1815p,2026-05-05T18:35:00,0.30834430546412095,1,0.23455243167045187,replay_quantile@0.22,WN2604,N8719Q,WN,ATL,PHX,2026-05-05T20:35:00,2026-05-06T00:31:00,SWA1730-1777795268-airline-1391p,B38M 
SWA232-1777789633-airline-1538p,2026-05-05T18:35:00,0.23455243167045187,1,0.23455243167045187,replay_quantile@0.22,WN232,N480WN,WN,ATL,DCA,2026-05-05T20:35:00,2026-05-05T21:54:00,SWA3217-1777792004-airline-1515p,B737 
DAL1329-1777781323-fa-194p,2026-05-05T18:35:00,0.2185076223589195,0,0.23455243167045187,replay_quantile@0.22,DL1329,N310DN,DL,ATL,PHL,2026-05-05T20:35:00,2026-05-05T22:06:00,DAL2270-1777781285-fa-3922p,A321 
DAL714-1777783886-airline-861p,2026-05-05T18:35:00,0.12616630588937827,0,0.23455243167045187,replay_quantile@0.22,DL714,N593DX,DL,ATL,SEA,2026-05-05T20:35:00,2026-05-06T01:37:00,DAL562-1777786827-airline-1312p,A21N 
EDV5185-1777784077-airline-1185p,2026-05-05T18:35:00,0.08899350310947436,0,0.23455243167045187,replay_quantile@0.22,9E5185,N669CA,9E,ATL,MLU,2026-05-05T20:35:00,2026-05-05T21:46:00,EDV4953-1777784077-airline-1174p,CRJ7 
DAL2364-1777782306-fa-1620p,2026-05-05T18:35:00,0.0747827136648962,0,0.23455243167045187,replay_quantile@0.22,DL2364,N925AT,DL,ATL,OMA,2026-05-05T20:35:00,2026-05-05T22:35:00,DAL940-1777782300-fa-1140p,B712 
DAL1467-1777781908-fa-347p,2026-05-05T18:36:00,0.09016480407412646,0,0.23455243167045187,replay_quantile@0.22,DL1467,N802DN,DL,DTW,ATL,2026-05-05T20:36:00,2026-05-05T22:15:00,DAL2236-1777781907-fa-1079p,B739 
DAL349-1777781914-fa-1901p,2026-05-05T18:37:00,0.05946357494627077,0,0.23455243167045187,replay_quantile@0.22,DL349,N870DN,DL,PSP,ATL,2026-05-05T20:37:00,2026-05-06T00:03:00,DAL349-1777781911-fa-1308p,B739
DAL2799-1777782014-fa-1452p,2026-05-05T18:38:00,0.1866118444781072,0,0.23455243167045187,replay_quantile@0.22,DL2799,N835DN,DL,ATL,BWI,2026-05-05T20:38:00,2026-05-05T22:06:00,DAL2650-1777782015-fa-1764p,B739 
DAL836-1777781426-fa-656p,2026-05-05T18:39:00,0.2154495864860109,0,0.23455243167045187,replay_quantile@0.22,DL836,N111DC,DL,ATL,PHX,2026-05-05T20:39:00,2026-05-06T00:32:00,DAL1345-1777781172-fa-1183p,A321 
DAL466-1777782219-fa-188p,2026-05-05T18:39:00,0.18179841252582363,0,0.23455243167045187,replay_quantile@0.22,DL466,N699DL,DL,LAS,ATL,2026-05-05T20:39:00,2026-05-05T23:49:00,DAL824-1777782219-fa-189p,B752 
DAL3112-1777782079-fa-560p,2026-05-05T18:39:00,0.17452252415732888,0,0.23455243167045187,replay_quantile@0.22,DL3112,N956DZ,DL,ATL,SAV,2026-05-05T20:39:00,2026-05-05T21:13:00,DAL1640-1777782079-fa-554p,B739 
DAL3088-1777782299-fa-974p,2026-05-05T18:39:00,0.05946357494627077,0,0.23455243167045187,replay_quantile@0.22,DL3088,N926AT,DL,ATL,DAY,2026-05-05T20:39:00,2026-05-05T21:43:00,DAL3030-1777782299-fa-976p,B712 
FFT1550-1777794175-airline-1586p,2026-05-05T18:40:00,0.5911656788032743,1,0.23455243167045187,replay_quantile@0.22,F91550,N341FR,F9,ATL,JAX,2026-05-05T20:40:00,2026-05-05T21:24:00,FFT2780-1777794175-airline-1725p,A20N 
DAL997-1777781196-fa-1149p,2026-05-05T18:40:00,0.24444198344361692,1,0.23455243167045187,replay_quantile@0.22,DL997,N372DN,DL,ATL,LGA,2026-05-05T20:40:00,2026-05-05T22:16:00,DAL346-1777781201-fa-899p,A321 
SWA286-1777792004-airline-1215p,2026-05-05T18:40:00,0.2185076223589195,0,0.23455243167045187,replay_quantile@0.22,WN286,N259WN,WN,ATL,TPA,2026-05-05T20:40:00,2026-05-05T21:44:00,SWA799-1777784479-airline-1766p,B737 
SLI979-1777786011-airline-876p,2026-05-05T18:40:00,0.1653163404642695,0,0.23455243167045187,replay_quantile@0.22,5D979,XA-GAI,5D,ATL,MTY,2026-05-05T20:40:00,2026-05-05T23:48:00,SLI2708-1777793256-airline-1458p,E190 
DAL1470-1777782042-fa-1308p,2026-05-05T18:40:00,0.1456462741179806,0,0.23455243167045187,replay_quantile@0.22,DL1470,N917DU,DL,ATL,MCI,2026-05-05T20:40:00,2026-05-05T22:27:00,DAL3104-1777782077-fa-155p,B739 
DAL2211-1777782310-fa-845p,2026-05-05T18:40:00,0.10599662162162163,0,0.23455243167045187,replay_quantile@0.22,DL2211,N919AT,DL,ATL,PNS,2026-05-05T20:40:00,2026-05-05T21:24:00,DAL1359-1777782310-fa-847p,B712 
DAL3043-1777782300-fa-822p,2026-05-05T18:40:00,0.09804633890368933,0,0.23455243167045187,replay_quantile@0.22,DL3043,N953AT,DL,ATL,MLB,2026-05-05T20:40:00,2026-05-05T21:40:00,DAL2417-1777782293-fa-831p,B712 
DAL3157-1777781397-fa-85p,2026-05-05T18:40:00,0.04794745484400657,0,0.23455243167045187,replay_quantile@0.22,DL3157,N334DN,DL,MSY,ATL,2026-05-05T20:40:00,2026-05-05T21:43:00,DAL3157-1777781394-fa-1432p,A321 
DAL1700-1777782067-fa-152p,2026-05-05T18:44:00,0.10165879973027646,0,0.23455243167045187,replay_quantile@0.22,DL1700,N947DZ,DL,ATL,MEM,2026-05-05T20:44:00,2026-05-05T21:44:00,DAL2908-1777782067-fa-1499p,B739 
DAL2104-1777781295-fa-1334p,2026-05-05T18:44:00,0.052474761637689285,0,0.23455243167045187,replay_quantile@0.22,DL2104,N338DN,DL,AUS,ATL,2026-05-05T20:44:00,2026-05-05T22:32:00,DAL2104-1777781294-fa-537p,A321 
UAL235-1777766668-fa-1666p,2026-05-05T18:45:00,0.5379232078683562,1,0.23455243167045187,replay_quantile@0.22,UA235,N26208,UA,ATL,DEN,2026-05-05T20:45:00,2026-05-06T00:03:00,UAL2424-1777748016-fa-2104p,B738 
FFT1003-1777794175-airline-1508p,2026-05-05T18:45:00,0.3773768462014681,1,0.23455243167045187,replay_quantile@0.22,F91003,N436FR,F9,PHL,ATL,2026-05-05T20:45:00,2026-05-05T22:33:00,FFT2388-1777794175-airline-1672p,A20N 
DAL1465-1777781172-fa-1186p,2026-05-05T18:45:00,0.1467644845748683,0,0.23455243167045187,replay_quantile@0.22,DL1465,N390DN,DL,ATL,SAT,2026-05-05T20:45:00,2026-05-05T22:50:00,DAL994-1777781173-fa-986p,A321 
DAL2006-1777782306-fa-1618p,2026-05-05T18:45:00,0.10165879973027646,0,0.23455243167045187,replay_quantile@0.22,DL2006,N947AT,DL,ATL,DSM,2026-05-05T20:45:00,2026-05-05T22:29:00,DAL2778-1777782306-fa-572p,B712 
DAL2484-1777782309-fa-4426p,2026-05-05T18:45:00,0.09804633890368933,0,0.23455243167045187,replay_quantile@0.22,DL2484,N970AT,DL,ATL,BHM,2026-05-05T20:45:00,2026-05-05T21:18:00,DAL3182-1777782299-fa-968p,B712 
DAL1381-1777782077-fa-156p,2026-05-05T18:45:00,0.04696156671356183,0,0.23455243167045187,replay_quantile@0.22,DL1381,N954DZ,DL,CHS,ATL,2026-05-05T20:45:00,2026-05-05T21:34:00,DAL1381-1777782077-fa-1068p,B739 
DAL1302-1777782296-fa-893p,2026-05-05T18:45:00,0.03264864864864865,0,0.23455243167045187,replay_quantile@0.22,DL1302,N967AT,DL,CHA,ATL,2026-05-05T20:45:00,2026-05-05T21:16:00,DAL1539-1777782296-fa-890p,B712 
AAL1810-1777792886-airline-4853p,2026-05-05T18:46:00,0.3493483758023731,1,0.23455243167045187,replay_quantile@0.22,AA1810,N134AN,AA,ATL,DFW,2026-05-05T20:46:00,2026-05-05T22:44:00,AAL1810-1777792886-airline-4856p,A321 
DAL1960-1777781583-fa-1083p,2026-05-05T18:46:00,0.2735095812633074,1,0.23455243167045187,replay_quantile@0.22,DL1960,N372NW,DL,ATL,IAH,2026-05-05T20:46:00,2026-05-05T22:33:00,DAL1728-1777695241-fa-1215p,A320 
DAL2780-1777782306-fa-565p,2026-05-05T18:46:00,0.16686944314459523,0,0.23455243167045187,replay_quantile@0.22,DL2780,N923AT,DL,ATL,DAL,2026-05-05T20:46:00,2026-05-05T22:58:00,DAL3078-1777782306-fa-561p,B712 
EDV5339-1777756323-fa-917p,2026-05-05T18:46:00,0.06233204725946158,0,0.23455243167045187,replay_quantile@0.22,9E5339,N133EV,9E,AVL,ATL,2026-05-05T20:46:00,2026-05-05T21:46:00,EDV5339-1777750893-fa-2159p,CRJ9 
DAL2902-1777781496-fa-953p,2026-05-05T18:47:00,0.24444198344361692,1,0.23455243167045187,replay_quantile@0.22,DL2902,N325NB,DL,ATL,IAD,2026-05-05T20:47:00,2026-05-05T21:59:00,DAL1072-1777781450-fa-187p,A319 
DAL2050-1777781402-fa-808p,2026-05-05T18:47:00,0.17757594738490443,0,0.23455243167045187,replay_quantile@0.22,DL2050,N367DN,DL,ATL,BUF,2026-05-05T20:47:00,2026-05-05T22:15:00,DAL835-1777781405-fa-459p,A321 
DAL1437-1777782079-fa-556p,2026-05-05T18:48:00,0.03709898372041161,0,0.23455243167045187,replay_quantile@0.22,DL1437,N949DZ,DL,RIC,ATL,2026-05-05T20:48:00,2026-05-05T22:11:00,DAL1437-1777782080-fa-666p,B739 
DAL1148-1777782293-fa-4239p,2026-05-05T18:48:00,0.018873720136518772,0,0.23455243167045187,replay_quantile@0.22,DL1148,N945AT,DL,TYS,ATL,2026-05-05T20:48:00,2026-05-05T21:26:00,DAL2496-1777782293-fa-4238p,B712 
DAL1295-1777781284-fa-874p,2026-05-05T18:49:00,0.3392294333311893,1,0.23455243167045187,replay_quantile@0.22,DL1295,N344DN,DL,ATL,FLL,2026-05-05T20:49:00,2026-05-05T22:02:00,DAL1121-1777781397-fa-2324p,A321 
DAL1328-1777781153-fa-699p,2026-05-05T18:50:00,0.4713622291021672,1,0.23455243167045187,replay_quantile@0.22,DL1328,N6709,DL,ATL,MIA,2026-05-05T20:50:00,2026-05-05T22:24:00,DAL1332-1777781165-fa-897p,B752 
EDV5541-1777982050-fa-1087p,2026-05-05T18:50:00,0.16802258010957993,0,0.23455243167045187,replay_quantile@0.22,9E5541,N176PQ,9E,ATL,OAJ,2026-05-05T20:50:00,2026-05-05T21:45:00,EDV5540-1777981747-fa-926p,CRJ9 
SWA2291-1777789633-airline-1512p,2026-05-05T18:50:00,0.12616630588937827,0,0.23455243167045187,replay_quantile@0.22,WN2291,N439WN,WN,HOU,ATL,2026-05-05T20:50:00,2026-05-05T22:31:00,SWA2320-1777789633-airline-1539p,B737 
EDV5537-1777761899-fa-1921p,2026-05-05T18:50:00,0.08899350310947436,0,0.23455243167045187,replay_quantile@0.22,9E5537,N324PQ,9E,ATL,AGS,2026-05-05T20:50:00,2026-05-05T21:18:00,EDV5325-1777750958-fa-1130p,CRJ9 
DAL959-1777781265-fa-395p,2026-05-05T18:51:00,0.23371647509578541,0,0.23455243167045187,replay_quantile@0.22,DL959,N357DN,DL,ATL,PBI,2026-05-05T20:51:00,2026-05-05T22:03:00,DAL9969-1777894691-fa-2239p,A321 
DAL1693-1777782089-fa-1323p,2026-05-05T18:51:00,0.1467644845748683,0,0.23455243167045187,replay_quantile@0.22,DL1693,N962DZ,DL,ATL,BNA,2026-05-05T20:51:00,2026-05-05T21:30:00,DAL566-1777782088-fa-121p,B739 
DAL2067-1777782093-fa-1364p,2026-05-05T18:52:00,0.16716240333135038,0,0.23455243167045187,replay_quantile@0.22,DL2067,N539DN,DL,ATL,DTW,2026-05-05T20:52:00,2026-05-05T22:27:00,DAL782-1777782136-fa-137p,A21N 
DAL1323-1777782222-fa-1624p,2026-05-05T18:53:00,0.5911656788032743,1,0.23455243167045187,replay_quantile@0.22,DL1323,N557NW,DL,MIA,ATL,2026-05-05T20:53:00,2026-05-05T22:23:00,DAL1323-1777782220-fa-746p,B752 
DAL2627-1777782244-fa-2266p,2026-05-05T18:55:00,0.23455243167045187,1,0.23455243167045187,replay_quantile@0.22,DL2627,N706TW,DL,ATL,JAX,2026-05-05T20:55:00,2026-05-05T21:38:00,DAL1048-1777782246-fa-1575p,B752 
DAL1545-1777782293-fa-829p,2026-05-05T18:55:00,0.09016480407412646,0,0.23455243167045187,replay_quantile@0.22,DL1545,N895AT,DL,ATL,TLH,2026-05-05T20:55:00,2026-05-05T21:35:00,DAL1195-1777782303-fa-1864p,B712 
DAL3026-1777782297-fa-1180p,2026-05-05T18:55:00,0.06635364989369241,0,0.23455243167045187,replay_quantile@0.22,DL3026,N961AT,DL,ATL,HSV,2026-05-05T20:55:00,2026-05-05T21:30:00,DAL2157-1777782296-fa-902p,B712 
FFT4473-1777794329-airline-171p,2026-05-05T18:56:00,0.3392294333311893,1,0.23455243167045187,replay_quantile@0.22,F94473,N630FR,F9,ATL,STL,2026-05-05T20:56:00,2026-05-05T22:21:00,FFT1669-1777794175-airline-1596p,A21N 
DAL1346-1777782023-fa-1075p,2026-05-05T18:56:00,0.203078123124925,0,0.23455243167045187,replay_quantile@0.22,DL1346,N827DN,DL,ATL,ORF,2026-05-05T20:56:00,2026-05-05T22:05:00,DAL1159-1777782024-fa-215p,B739 
EDV5376-1777759893-fa-1586p,2026-05-05T18:56:00,0.11065904259218533,0,0.23455243167045187,replay_quantile@0.22,9E5376,N138EV,9E,ATL,CHA,2026-05-05T20:56:00,2026-05-05T21:20:00,EDV5288-1777758118-fa-827p,CRJ9 
DAL3063-1777782313-fa-261p,2026-05-05T18:57:00,0.08899350310947436,0,0.23455243167045187,replay_quantile@0.22,DL3063,N937AT,DL,ATL,GPT,2026-05-05T20:57:00,2026-05-05T21:58:00,DAL876-1777782313-fa-262p,B712 
AAL1796-1777792886-airline-4822p,2026-05-05T18:59:00,0.9279139918013768,1,0.23455243167045187,replay_quantile@0.22,AA1796,N738US,AA,ATL,MIA,2026-05-05T20:59:00,2026-05-05T22:40:00,AAL1796-1777792886-airline-4824p,A319 
EDV5144-1777756348-fa-352p,2026-05-05T18:59:00,0.0746744847805467,0,0.23455243167045187,replay_quantile@0.22,9E5144,N313PQ,9E,ATL,EVV,2026-05-05T20:59:00,2026-05-05T22:02:00,EDV5468-1777759887-fa-257p,CRJ9 
DAL186-1777781244-fa-185p,2026-05-05T19:00:00,0.1866118444781072,0,0.23455243167045187,replay_quantile@0.22,DL186,N843MH,DL,ATL,RAK,2026-05-05T21:00:00,2026-05-06T04:48:00,DAL33-1777781244-fa-183p,B764 
DAL3056-1777782050-fa-133p,2026-05-05T19:00:00,0.13837174940898342,0,0.23455243167045187,replay_quantile@0.22,DL3056,N957DZ,DL,ATL,DAB,2026-05-05T21:00:00,2026-05-05T21:52:00,DAL1155-1777782087-fa-815p,B739 
DAL503-1777782026-fa-1193p,2026-05-05T19:01:00,0.1456462741179806,0,0.23455243167045187,replay_quantile@0.22,DL503,N872DN,DL,ATL,PDX,2026-05-05T21:01:00,2026-05-06T01:53:00,DAL3013-1777782025-fa-1133p,B739 
DAL838-1777781353-fa-1562p,2026-05-05T19:02:00,0.114362296180478,0,0.23455243167045187,replay_quantile@0.22,DL838,N350DN,DL,PBI,ATL,2026-05-05T21:02:00,2026-05-05T22:22:00,DAL838-1777781354-fa-1322p,A321 
DAL950-1777781591-fa-1158p,2026-05-05T19:03:00,0.23455243167045187,1,0.23455243167045187,replay_quantile@0.22,DL950,N366NW,DL,ATL,DCA,2026-05-05T21:03:00,2026-05-05T22:16:00,DAL2511-1777781636-fa-1133p,A320 
DAL2891-1777781271-fa-783p,2026-05-05T19:03:00,0.1286818671102847,0,0.23455243167045187,replay_quantile@0.22,DL2891,N325DN,DL,ATL,ONT,2026-05-05T21:03:00,2026-05-06T01:21:00,DAL1035-1777781296-fa-703p,A321 
DAL512-1777782296-fa-888p,2026-05-05T19:03:00,0.1162886825208741,0,0.23455243167045187,replay_quantile@0.22,DL512,N896AT,DL,DAL,ATL,2026-05-05T21:03:00,2026-05-05T22:37:00,DAL512-1777782296-fa-730p,B712 
DAL743-1777781998-fa-295p,2026-05-05T19:03:00,0.1162886825208741,0,0.23455243167045187,replay_quantile@0.22,DL743,N930DZ,DL,ATL,SMF,2026-05-05T21:03:00,2026-05-06T01:39:00,DAL2547-1777781995-fa-474p,B739 
FDX302-1777932606-sw-1835p,2026-05-05T19:03:00,0.08003691700113763,0,0.23455243167045187,replay_quantile@0.22,FX302,N986FD,FX,MEM,ATL,2026-05-05T21:03:00,2026-05-05T21:53:00,FDX1582-1777898205-sw-2520p,B752 
DAL406-1777782224-fa-772p,2026-05-05T19:03:00,0.06644576982549151,0,0.23455243167045187,replay_quantile@0.22,DL406,N688DL,DL,BZN,ATL,2026-05-05T21:03:00,2026-05-06T00:10:00,DAL406-1777782224-fa-771p,B752 
DAL3143-1777782302-fa-1133p,2026-05-05T19:03:00,0.011462667818167545,0,0.23455243167045187,replay_quantile@0.22,DL3143,N997AT,DL,LEX,ATL,2026-05-05T21:03:00,2026-05-05T22:03:00,DAL3143-1777782302-fa-782p,B712 
DAL2545-1777782058-fa-1776p,2026-05-05T19:04:00,0.04794745484400657,0,0.23455243167045187,replay_quantile@0.22,DL2545,N937DZ,DL,CLE,ATL,2026-05-05T21:04:00,2026-05-05T22:29:00,DAL2545-1777782058-fa-1774p,B739 
EDV5374-1777784077-airline-1172p,2026-05-05T19:04:30,0.04794745484400657,0,0.23455243167045187,replay_quantile@0.22,9E5374,N195PQ,9E,ATL,CSG,2026-05-05T21:04:30,2026-05-05T21:32:30,EDV5361-1777753962-fa-632p,CRJ9 
FFT1949-1777794175-airline-1626p,2026-05-05T19:05:00,0.47724317295188556,1,0.23455243167045187,replay_quantile@0.22,F91949,N665FR,F9,ATL,SFO,2026-05-05T21:05:00,2026-05-06T01:56:00,FFT2608-1777702820-airline-1026p,A21N 
DAL1093-1777781573-fa-3146p,2026-05-05T19:05:00,0.16686944314459523,0,0.23455243167045187,replay_quantile@0.22,DL1093,N357NW,DL,ATL,MYR,2026-05-05T21:05:00,2026-05-05T21:54:00,DAL2885-1777781573-fa-3145p,A320 
DAL1167-1777782216-fa-909p,2026-05-05T19:05:00,0.1162886825208741,0,0.23455243167045187,replay_quantile@0.22,DL1167,N6704Z,DL,TPA,ATL,2026-05-05T21:05:00,2026-05-05T22:12:00,DAL1167-1777782216-fa-127p,B752 
DAL693-1777781760-fa-1014p,2026-05-05T19:05:00,0.0872515462679397,0,0.23455243167045187,replay_quantile@0.22,DL693,N398DA,DL,ATL,CMH,2026-05-05T21:05:00,2026-05-05T22:16:00,DAL609-1777781760-fa-140p,B738 
DAL2539-1777782300-fa-819p,2026-05-05T19:05:00,0.03580259633216567,0,0.23455243167045187,replay_quantile@0.22,DL2539,N974AT,DL,GSO,ATL,2026-05-05T21:05:00,2026-05-05T22:00:00,DAL2539-1777782300-fa-818p,B712 
DAL517-1777781142-fa-704p,2026-05-05T19:06:00,0.23455243167045187,1,0.23455243167045187,replay_quantile@0.22,DL517,N6702,DL,ATL,SFO,2026-05-05T21:06:00,2026-05-06T01:58:00,DAL1153-1777781144-fa-1109p,B752 
DAL1550-1777782065-fa-47p,2026-05-05T19:06:00,0.03709898372041161,0,0.23455243167045187,replay_quantile@0.22,DL1550,N955DZ,DL,RDU,ATL,2026-05-05T21:06:00,2026-05-05T22:06:00,DAL1550-1777782065-fa-44p,B739 
EDV5002-1777789074-airline-183p,2026-05-05T19:08:00,0.1866118444781072,0,0.23455243167045187,replay_quantile@0.22,9E5002,N340CA,9E,ATL,FAY,2026-05-05T21:08:00,2026-05-05T21:50:00,EDV5416-1777756610-fa-5196p,CRJ7 
DAL1791-1777781168-fa-322p,2026-05-05T19:09:00,0.42103079954371053,1,0.23455243167045187,replay_quantile@0.22,DL1791,N658DL,DL,ATL,SJU,2026-05-05T21:09:00,2026-05-06T00:06:00,DAL1462-1777695890-fa-1013p,B752 
DAL711-1777781390-fa-665p,2026-05-05T19:09:00,0.2608988647555856,1,0.23455243167045187,replay_quantile@0.22,DL711,N320DN,DL,ATL,LAS,2026-05-05T21:09:00,2026-05-06T01:26:00,DAL1965-1777781389-fa-585p,A321 
EDV5105-1777758895-fa-1685p,2026-05-05T19:09:00,0.2243580904051408,0,0.23455243167045187,replay_quantile@0.22,9E5105,N379CA,9E,ATL,CRW,2026-05-05T21:09:00,2026-05-05T21:58:00,EDV5423-1777758895-fa-210p,CRJ7 
DAL712-1777781188-fa-867p,2026-05-05T19:09:00,0.20846394984326025,0,0.23455243167045187,replay_quantile@0.22,DL712,N118DY,DL,ATL,SAN,2026-05-05T21:09:00,2026-05-06T01:41:00,DAL1682-1777781188-fa-868p,A321 
DAL942-1777782307-fa-899p,2026-05-05T19:09:00,0.12616630588937827,0,0.23455243167045187,replay_quantile@0.22,DL942,N608AT,DL,SGF,ATL,2026-05-05T21:09:00,2026-05-05T22:26:00,DAL872-1777782307-fa-896p,B712 
DAL2750-1777781859-fa-1108p,2026-05-05T19:09:00,0.11065904259218533,0,0.23455243167045187,replay_quantile@0.22,DL2750,N3772H,DL,ATL,CLE,2026-05-05T21:09:00,2026-05-05T22:24:00,DAL2710-1777781863-fa-85p,B738 
SKW4033-1777757072-fa-1341p,2026-05-05T19:09:00,0.10263351251015122,0,0.23455243167045187,replay_quantile@0.22,OO4033,N304SY,OO,SBN,ATL,2026-05-05T21:09:00,2026-05-05T22:33:00,SKW4033-1777757071-fa-1828p,E75L 
DAL2266-1777781315-fa-1784p,2026-05-05T19:09:00,0.0746744847805467,0,0.23455243167045187,replay_quantile@0.22,DL2266,N312DN,DL,BUF,ATL,2026-05-05T21:09:00,2026-05-05T22:57:00,DAL2266-1777781314-fa-1043p,A321 
DAL3014-1777756494-fa-1026p,2026-05-05T19:09:00,0.0746744847805467,0,0.23455243167045187,replay_quantile@0.22,DL3014,N928DU,DL,SAV,ATL,2026-05-05T21:09:00,2026-05-05T21:56:00,DAL3014-1777782041-fa-108p,B739 
DAL1125-1777782308-fa-1328p,2026-05-05T19:09:00,0.03660663833132693,0,0.23455243167045187,replay_quantile@0.22,DL1125,N998AT,DL,OMA,ATL,2026-05-05T21:09:00,2026-05-05T22:52:00,DAL1125-1777782308-fa-1327p,B712 
DAL3133-1777782309-fa-4433p,2026-05-05T19:09:00,0.025967908140733107,0,0.23455243167045187,replay_quantile@0.22,DL3133,N971AT,DL,GNV,ATL,2026-05-05T21:09:00,2026-05-05T22:01:00,DAL3133-1777782309-fa-4431p,B712 
DAL30-1777781239-fa-213p,2026-05-05T19:10:00,0.18666021986970685,0,0.23455243167045187,replay_quantile@0.22,DL30,N837MH,DL,ATL,LHR,2026-05-05T21:10:00,2026-05-06T04:47:00,DAL141-1777781238-fa-35p,B764 
DAL72-1777781667-fa-519p,2026-05-05T19:10:00,0.18666021986970685,0,0.23455243167045187,replay_quantile@0.22,DL72,N831NW,DL,ATL,AMS,2026-05-05T21:10:00,2026-05-06T05:27:00,DAL83-1777781667-fa-518p,A333 
DAL3122-1777782060-fa-1588p,2026-05-05T19:10:00,0.1653163404642695,0,0.23455243167045187,replay_quantile@0.22,DL3122,N939DZ,DL,ATL,PIT,2026-05-05T21:10:00,2026-05-05T22:23:00,DAL2542-1777782060-fa-1584p,B739 
JZA8508-1777787072-airline-951p,2026-05-05T19:10:00,0.1653163404642695,0,0.23455243167045187,replay_quantile@0.22,QK8508,C-FLJZ,QK,ATL,YYZ,2026-05-05T21:10:00,2026-05-05T22:53:00,JZA8503-1777787072-airline-949p,CRJ9 
DAL968-1777780820-fa-106p,2026-05-05T19:10:00,0.13837174940898342,0,0.23455243167045187,replay_quantile@0.22,DL968,N392DN,DL,LGA,ATL,2026-05-05T21:10:00,2026-05-05T22:59:00,DAL2339-1777781430-fa-1238p,A321 
DAL3158-1777782299-fa-671p,2026-05-05T19:10:00,0.137732836615221,0,0.23455243167045187,replay_quantile@0.22,DL3158,N991AT,DL,ATL,CLT,2026-05-05T21:10:00,2026-05-05T21:47:00,DAL1273-1777782298-fa-820p,B712 
DAL1186-1777782301-fa-989p,2026-05-05T19:10:00,0.1172872010903234,0,0.23455243167045187,replay_quantile@0.22,DL1186,N938AT,DL,ATL,TUL,2026-05-05T21:10:00,2026-05-05T22:43:00,DAL1420-1777782301-fa-988p,B712 
DAL2730-1777782301-fa-986p,2026-05-05T19:10:00,0.06233204725946158,0,0.23455243167045187,replay_quantile@0.22,DL2730,N995AT,DL,BTR,ATL,2026-05-05T21:10:00,2026-05-05T22:18:00,DAL2730-1777782301-fa-985p,B712 
DAL3134-1777782082-fa-123p,2026-05-05T19:10:00,0.042102979369667747,0,0.23455243167045187,replay_quantile@0.22,DL3134,N958DZ,DL,IND,ATL,2026-05-05T21:10:00,2026-05-05T22:20:00,DAL3134-1777782080-fa-669p,B739 
DAL2892-1777781827-fa-126p,2026-05-05T19:10:00,0.03709898372041161,0,0.23455243167045187,replay_quantile@0.22,DL2892,N3740C,DL,CMH,ATL,2026-05-05T21:10:00,2026-05-05T22:23:00,DAL2892-1777781827-fa-986p,B738 
DAL3037-1777782308-fa-1339p,2026-05-05T19:10:00,0.03580259633216567,0,0.23455243167045187,replay_quantile@0.22,DL3037,N894AT,DL,CLT,ATL,2026-05-05T21:10:00,2026-05-05T21:54:00,DAL1429-1777782308-fa-1340p,B712 
FDX985-1777995527-sw-464p,2026-05-05T19:13:00,0.08003691700113763,0,0.23455243167045187,replay_quantile@0.22,FX985,N657FE,FX,MEM,ATL,2026-05-05T21:13:00,2026-05-05T22:05:00,FDX1245-1777865809-sw-185p,A306 
FFT3053-1777794175-airline-1746p,2026-05-05T19:14:00,0.9159149125737833,1,0.23455243167045187,replay_quantile@0.22,F93053,N369FR,F9,TPA,ATL,2026-05-05T21:14:00,2026-05-05T22:28:00,FFT1304-1777794175-airline-1552p,A20N 
DAL1393-1777782064-fa-752p,2026-05-05T19:14:00,0.1697625664277705,0,0.23455243167045187,replay_quantile@0.22,DL1393,N942DZ,DL,ATL,STL,2026-05-05T21:14:00,2026-05-05T22:33:00,DAL2925-1777782064-fa-754p,B739 
DAL90-1777781242-fa-979p,2026-05-05T19:15:00,0.18179841252582363,0,0.23455243167045187,replay_quantile@0.22,DL90,N842MH,DL,ATL,ZRH,2026-05-05T21:15:00,2026-05-06T05:56:00,DAL177-1777781241-fa-1201p,B764 
DAL2220-1777782295-fa-345p,2026-05-05T19:16:00,0.063874838254323,0,0.23455243167045187,replay_quantile@0.22,DL2220,N920AT,DL,ATL,GNV,2026-05-05T21:16:00,2026-05-05T21:54:00,DAL3060-1777782295-fa-343p,B712 
FFT4025-1777784511-airline-1329p,2026-05-05T19:20:00,0.8641399416909621,1,0.23455243167045187,replay_quantile@0.22,F94025,N615FR,F9,MCO,ATL,2026-05-05T21:20:00,2026-05-05T22:27:00,FFT4978-1777699828-airline-743p,A21N 
DAL222-1777781689-fa-841p,2026-05-05T19:20:00,0.17757594738490443,0,0.23455243167045187,replay_quantile@0.22,DL222,N426DZ,DL,ATL,FCO,2026-05-05T21:20:00,2026-05-06T07:45:00,DAL71-1777781689-fa-293p,A339 
ACA1573-1777790534-airline-2133p,2026-05-05T19:20:00,0.0689159398063836,0,0.23455243167045187,replay_quantile@0.22,AC1573,C-GROV,AC,YUL,ATL,2026-05-05T21:20:00,2026-05-05T23:52:00,ACA1570-1777790534-airline-2132p,BCS3 
AAL1045-1777787792-airline-771p,2026-05-05T19:21:00,0.6434965414349654,1,0.23455243167045187,replay_quantile@0.22,AA1045,N716UW,AA,MIA,ATL,2026-05-05T21:21:00,2026-05-05T23:12:00,AAL1488-1777792886-airline-4491p,A319 
UAL2247-1777784389-airline-5590p,2026-05-05T19:22:00,0.5048255382331109,1,0.23455243167045187,replay_quantile@0.22,UA2247,N833UA,UA,ATL,EWR,2026-05-05T21:22:00,2026-05-05T23:21:00,UAL2345-1777766706-fa-830p,A319 
DAL3142-1777781845-fa-4332p,2026-05-05T19:23:00,0.04101666212201668,0,0.23455243167045187,replay_quantile@0.22,DL3142,N3764D,DL,BNA,ATL,2026-05-05T21:23:00,2026-05-05T21:57:00,DAL3142-1777781845-fa-1994p,B738 
DAL1497-1777782246-fa-1667p,2026-05-05T19:25:00,0.4809129871424299,1,0.23455243167045187,replay_quantile@0.22,DL1497,N822DX,DL,ATL,MCO,2026-05-05T21:25:00,2026-05-05T22:28:00,DAL1228-1777782246-fa-1665p,B752 
DAL130-1777781238-fa-32p,2026-05-05T19:25:00,0.17757594738490443,0,0.23455243167045187,replay_quantile@0.22,DL130,N826MH,DL,ATL,MUC,2026-05-05T21:25:00,2026-05-06T06:20:00,DAL60-1777694851-fa-425p,B764 
EDV5051-1777758425-fa-739p,2026-05-05T19:25:00,0.1286818671102847,0,0.23455243167045187,replay_quantile@0.22,9E5051,N901XJ,9E,ATL,SGF,2026-05-05T21:25:00,2026-05-05T22:59:00,EDV5519-1777784077-airline-1181p,CRJ9 
AAL1812-1777792886-airline-4864p,2026-05-05T19:27:00,0.45117200396170354,1,0.23455243167045187,replay_quantile@0.22,AA1812,N990AN,AA,DFW,ATL,2026-05-05T21:27:00,2026-05-05T23:22:00,AAL2707-1777784923-airline-1370p,B738 
DAL1348-1777782248-fa-1450p,2026-05-05T19:28:00,0.16686944314459523,0,0.23455243167045187,replay_quantile@0.22,DL1348,N709TW,DL,ATL,RIC,2026-05-05T21:28:00,2026-05-05T22:30:00,DAL9936-1777740536-fa-1677p,B752 
AAL1855-1777792886-airline-5002p,2026-05-05T19:29:00,0.13837174940898342,0,0.23455243167045187,replay_quantile@0.22,AA1855,N805AW,AA,ORD,ATL,2026-05-05T21:29:00,2026-05-05T23:12:00,AAL2182-1777783797-airline-4433p,A319 
DAL2131-1777781365-fa-5035p,2026-05-05T19:29:00,0.06654470615138347,0,0.23455243167045187,replay_quantile@0.22,DL2131,N353DN,DL,PHL,ATL,2026-05-05T21:29:00,2026-05-05T23:10:00,DAL2131-1777781363-fa-730p,A321 
DAL3163-1777782045-fa-1053p,2026-05-05T19:29:00,0.028611464603857755,0,0.23455243167045187,replay_quantile@0.22,DL3163,N931DQ,DL,BHM,ATL,2026-05-05T21:29:00,2026-05-05T22:04:00,DAL3163-1777782044-fa-947p,B739 
SWA3933-1777786296-airline-1708p,2026-05-05T19:30:00,0.28996138996139,1,0.23455243167045187,replay_quantile@0.22,WN3933,N263WN,WN,ATL,MSY,2026-05-05T21:30:00,2026-05-05T22:47:00,SWA279-1777789634-airline-961p,B737 
SWA258-1777789633-airline-1788p,2026-05-05T19:30:00,0.26972624798711764,1,0.23455243167045187,replay_quantile@0.22,WN258,N8910Q,WN,ATL,MDW,2026-05-05T21:30:00,2026-05-05T23:08:00,SWA3462-1777792004-airline-1748p,B38M 
UAL2081-1777766707-fa-885p,2026-05-05T19:30:00,0.26972624798711764,1,0.23455243167045187,replay_quantile@0.22,UA2081,N69840,UA,IAD,ATL,2026-05-05T21:30:00,2026-05-05T22:56:00,UAL2165-1777766641-fa-742p,B739 
DAL32-1777781272-fa-849p,2026-05-05T19:30:00,0.15560165975103737,0,0.23455243167045187,replay_quantile@0.22,DL32,N313DN,DL,DFW,ATL,2026-05-05T21:30:00,2026-05-05T23:03:00,DAL921-1777781273-fa-907p,A321 
JIA5067-1777783643-airline-172p,2026-05-05T19:30:00,0.05946357494627077,0,0.23455243167045187,replay_quantile@0.22,OH5067,N584NN,OH,CLT,ATL,2026-05-05T21:30:00,2026-05-05T22:22:00,JIA5353-1777783643-airline-472p,CRJ9 
EDV5389-1777758097-fa-2187p,2026-05-05T19:30:00,0.03407691579047077,0,0.23455243167045187,replay_quantile@0.22,9E5389,N272PQ,9E,BMI,ATL,2026-05-05T21:30:00,2026-05-05T22:48:00,EDV5389-1777752663-fa-1526p,CRJ9 
FFT4405-1777784511-airline-1346p,2026-05-05T19:32:00,0.5970376824221302,1,0.23455243167045187,replay_quantile@0.22,F94405,N370FR,F9,MIA,ATL,2026-05-05T21:32:00,2026-05-05T23:10:00,FFT2272-1777784511-airline-1220p,A20N 
DAL1292-1777781277-fa-754p,2026-05-05T19:32:00,0.4157848582285882,1,0.23455243167045187,replay_quantile@0.22,DL1292,N304DN,DL,FLL,ATL,2026-05-05T21:32:00,2026-05-05T23:03:00,DAL1292-1777781276-fa-2692p,A321 
DAL3115-1777782067-fa-1500p,2026-05-05T19:32:00,0.1456462741179806,0,0.23455243167045187,replay_quantile@0.22,DL3115,N943DZ,DL,ATL,SRQ,2026-05-05T21:32:00,2026-05-05T22:33:00,DAL3092-1777782067-fa-1502p,B739 
FFT2496-1777784511-airline-1235p,2026-05-05T19:34:00,0.8343558282208587,1,0.23455243167045187,replay_quantile@0.22,F92496,N383FR,F9,DFW,ATL,2026-05-05T21:34:00,2026-05-05T23:11:00,FFT2885-1777784511-airline-1262p,A20N 
DAL2879-1777966523-airline-1636p,2026-05-05T19:34:00,0.37596401028277643,1,0.23455243167045187,replay_quantile@0.22,DL2879,N888DU,DL,ATL,ORD,2026-05-05T21:34:00,2026-05-05T23:31:00,DAL2711-1777781989-fa-4147p,B739 
DAL1594-1777781274-fa-899p,2026-05-05T19:35:00,0.28363367069859274,1,0.23455243167045187,replay_quantile@0.22,DL1594,N306DN,DL,ATL,TPA,2026-05-05T21:35:00,2026-05-05T22:32:00,DAL1190-1777781274-fa-1076p,A321 
DAL192-1777781230-fa-907p,2026-05-05T19:35:00,0.17452252415732888,0,0.23455243167045187,replay_quantile@0.22,DL192,N836MH,DL,ATL,VCE,2026-05-05T21:35:00,2026-05-06T06:41:00,DAL91-1777781236-fa-3307p,B764 
DAL2654-1777781393-fa-825p,2026-05-05T19:35:00,0.13837174940898342,0,0.23455243167045187,replay_quantile@0.22,DL2654,N355DN,DL,ATL,MSP,2026-05-05T21:35:00,2026-05-05T23:51:00,DAL1555-1777781373-fa-268p,A321 
DAL1353-1777781420-fa-963p,2026-05-05T19:35:00,0.03660663833132693,0,0.23455243167045187,replay_quantile@0.22,DL1353,N339DN,DL,PIT,ATL,2026-05-05T21:35:00,2026-05-05T23:00:00,DAL1353-1777781420-fa-962p,A321 
FFT4409-1777794329-airline-161p,2026-05-05T19:36:00,0.8644251626898047,1,0.23455243167045187,replay_quantile@0.22,F94409,N622FR,F9,IAD,ATL,2026-05-05T21:36:00,2026-05-05T22:53:00,FFT4410-1777794329-airline-162p,A21N 
CMP891-1777785854-airline-622p,2026-05-05T19:36:00,0.17164653528289892,0,0.23455243167045187,replay_quantile@0.22,CM891,HP-1832CMP,CM,ATL,PTY,2026-05-05T21:36:00,2026-05-06T01:08:00,CMP880-1777785854-airline-616p,B738 
EJA981-1777991416-sw-615p,2026-05-05T19:36:00,0.06233204725946158,0,0.23455243167045187,replay_quantile@0.22,1I981,N981QS,1I,PDK,ATL,2026-05-05T21:36:00,2026-05-05T21:48:00,EJA537-1777942830-sw-214p,C68A 
DAL1695-1777781863-fa-91p,2026-05-05T19:37:00,0.17807262569832402,0,0.23455243167045187,replay_quantile@0.22,DL1695,N3773D,DL,IAD,ATL,2026-05-05T21:37:00,2026-05-05T22:57:00,DAL1695-1777781864-fa-475p,B738 
EDV5508-1777786827-airline-1232p,2026-05-05T19:38:00,0.05038602194229989,0,0.23455243167045187,replay_quantile@0.22,9E5508,N181GJ,9E,ATL,TRI,2026-05-05T21:38:00,2026-05-05T22:23:00,EDV5525-1777751312-fa-950p,CRJ9 
DAL54-1777781674-fa-791p,2026-05-05T19:40:00,0.17164653528289892,0,0.23455243167045187,replay_quantile@0.22,DL54,N853NW,DL,ATL,LOS,2026-05-05T21:40:00,2026-05-06T08:27:00,DAL1317-1777522474-fa-4192p,A332 
DAL957-1777781419-fa-57p,2026-05-05T19:40:00,0.12045643951535352,0,0.23455243167045187,replay_quantile@0.22,DL957,N127DN,DL,DEN,ATL,2026-05-05T21:40:00,2026-05-05T23:56:00,DAL2927-1777781418-fa-1442p,A321
DAL962-1777782010-fa-1009p,2026-05-05T19:40:00,0.0746744847805467,0,0.23455243167045187,replay_quantile@0.22,DL962,N891DN,DL,JFK,ATL,2026-05-05T21:40:00,2026-05-05T23:50:00,DAL2044-1777782010-fa-1008p,B739 
DAL2329-1777782084-fa-762p,2026-05-05T19:40:00,0.042102979369667747,0,0.23455243167045187,replay_quantile@0.22,DL2329,N959DZ,DL,ORF,ATL,2026-05-05T21:40:00,2026-05-05T23:06:00,DAL2329-1777782087-fa-922p,B739 
DAL1097-1777781172-fa-398p,2026-05-05T19:41:00,0.16033946618294892,0,0.23455243167045187,replay_quantile@0.22,DL1097,N318DX,DL,ATL,RDU,2026-05-05T21:41:00,2026-05-05T22:38:00,DAL431-1777780820-fa-104p,A321 
DAL1435-1777782012-fa-538p,2026-05-05T19:43:00,0.08098137900990834,0,0.23455243167045187,replay_quantile@0.22,DL1435,N894DN,DL,BWI,ATL,2026-05-05T21:43:00,2026-05-05T23:18:00,DAL1267-1777782011-fa-1002p,B739 
EDV5247-1777784419-airline-824p,2026-05-05T19:44:00,0.04794745484400657,0,0.23455243167045187,replay_quantile@0.22,9E5247,N316PQ,9E,ATL,ROA,2026-05-05T21:44:00,2026-05-05T22:41:00,EDV5163-1777793043-airline-1894p,CRJ9 
DAL436-1777781635-fa-912p,2026-05-05T19:46:00,0.35878070973612364,1,0.23455243167045187,replay_quantile@0.22,DL436,N328NW,DL,ATL,DFW,2026-05-05T21:46:00,2026-05-05T23:34:00,DAL1137-1777781594-fa-1214p,A320
AAL2737-1777784923-airline-1400p,2026-05-05T19:48:00,0.6977372989896117,1,0.23455243167045187,replay_quantile@0.22,AA2737,N9023N,AA,ATL,ORD,2026-05-05T21:48:00,2026-05-05T23:32:00,AAL2737-1777784923-airline-1401p,A319 
DAL2720-1777781302-fa-74p,2026-05-05T19:49:00,0.09016480407412646,0,0.23455243167045187,replay_quantile@0.22,DL2720,N386DN,DL,JAX,ATL,2026-05-05T21:49:00,2026-05-05T22:31:00,DAL2720-1777781301-fa-1805p,A321 
SWA569-1777786389-airline-5371p,2026-05-05T19:50:00,0.23455243167045187,1,0.23455243167045187,replay_quantile@0.22,WN569,N8676A,WN,ATL,LAS,2026-05-05T21:50:00,2026-05-06T01:54:00,SWA485-1777786389-airline-5298p,B738 
EDV5377-1777763312-fa-516p,2026-05-05T19:51:00,0.09789156626506024,0,0.23455243167045187,replay_quantile@0.22,9E5377,N293PQ,9E,ATL,DHN,2026-05-05T21:51:00,2026-05-05T22:23:00,EDV5466-1777763312-fa-515p,CRJ9 
DAL543-1777781963-fa-1396p,2026-05-05T19:51:00,0.05421656561607456,0,0.23455243167045187,replay_quantile@0.22,DL543,N853DN,DL,STL,ATL,2026-05-05T21:51:00,2026-05-05T23:09:00,DAL1485-1777781962-fa-1901p,B739 
AAL1256-1777787792-airline-980p,2026-05-05T19:52:00,0.24444198344361692,1,0.23455243167045187,replay_quantile@0.22,AA1256,N184US,AA,ATL,LAX,2026-05-05T21:52:00,2026-05-06T02:22:00,AAL1802-1777792886-airline-4842p,A321 
EDV5245-1777784077-airline-1171p,2026-05-05T19:53:00,0.05448268961376826,0,0.23455243167045187,replay_quantile@0.22,9E5245,N391CA,9E,BQK,ATL,2026-05-05T21:53:00,2026-05-05T22:38:00,EDV5245-1777785669-airline-1340p,CRJ7 
DAL1150-1777782186-fa-1880p,2026-05-05T19:55:00,0.5885333003830471,1,0.23455243167045187,replay_quantile@0.22,DL1150,N6714Q,DL,MCO,ATL,2026-05-05T21:55:00,2026-05-05T23:14:00,DAL1150-1777782187-fa-324p,B752 
DAL1670-1777781370-fa-989p,2026-05-05T19:55:00,0.3118771544970228,1,0.23455243167045187,replay_quantile@0.22,DL1670,N364DX,DL,ATL,FLL,2026-05-05T21:55:00,2026-05-05T23:13:00,DAL641-1777781379-fa-1712p,A321 
SKW3753-1777788227-airline-1423p,2026-05-05T19:55:00,0.21263482280431434,0,0.23455243167045187,replay_quantile@0.22,OO3753,N264SY,OO,ATL,XNA,2026-05-05T21:55:00,2026-05-05T23:40:00,SKW3890-1777788227-airline-1130p,E75L 
DAL301-1777781729-fa-658p,2026-05-05T19:55:00,0.19514215942787372,0,0.23455243167045187,replay_quantile@0.22,DL301,N569DZ,DL,ATL,LAX,2026-05-05T21:55:00,2026-05-06T02:32:00,DAL294-1777781723-fa-817p,A359 
DAL3179-1777782052-fa-520p,2026-05-05T19:55:00,0.16686944314459523,0,0.23455243167045187,replay_quantile@0.22,DL3179,N879DN,DL,ATL,CHS,2026-05-05T21:55:00,2026-05-05T22:46:00,DAL2401-1777781937-fa-1286p,B739 
DAL3025-1777782293-fa-4235p,2026-05-05T19:55:00,0.08098137900990834,0,0.23455243167045187,replay_quantile@0.22,DL3025,N944AT,DL,ATL,LIT,2026-05-05T21:55:00,2026-05-05T23:02:00,DAL2620-1777782293-fa-4229p,B712 
EDV5161-1777769557-fa-1481p,2026-05-05T19:55:00,0.06375216611437083,0,0.23455243167045187,replay_quantile@0.22,9E5161,N928XJ,9E,ATL,MGM,2026-05-05T21:55:00,2026-05-05T22:27:00,EDV5364-1777769555-fa-2895p,CRJ9 
EDV4993-1777784077-airline-1180p,2026-05-05T19:55:00,0.042102979369667747,0,0.23455243167045187,replay_quantile@0.22,9E4993,N390CA,9E,VLD,ATL,2026-05-05T21:55:00,2026-05-05T22:45:00,EDV4993-1777756604-fa-2388p,CRJ7 
DAL1132-1777782294-fa-895p,2026-05-05T19:56:00,0.10165879973027646,0,0.23455243167045187,replay_quantile@0.22,DL1132,N948AT,DL,ATL,BHM,2026-05-05T21:56:00,2026-05-05T22:28:00,DAL3127-1777782306-fa-558p,B712 
DAL3032-1777782306-fa-2193p,2026-05-05T19:57:00,0.018873720136518772,0,0.23455243167045187,replay_quantile@0.22,DL3032,N717JL,DL,CAE,ATL,2026-05-05T21:57:00,2026-05-05T22:35:00,DAL3032-1777782306-fa-2190p,B712 
DAL653-1777782154-fa-1214p,2026-05-05T19:58:00,0.1172872010903234,0,0.23455243167045187,replay_quantile@0.22,DL653,N588DT,DL,ATL,SLC,2026-05-05T21:58:00,2026-05-06T01:47:00,DAL885-1777782154-fa-1215p,A21N 
EDV5059-1777759942-fa-640p,2026-05-05T19:58:00,0.07195336483736332,0,0.23455243167045187,replay_quantile@0.22,9E5059,N607LR,9E,ATL,BTR,2026-05-05T21:58:00,2026-05-05T23:06:00,EDV5263-1777752697-fa-1689p,CRJ9 
DAL1126-1777782022-fa-3p,2026-05-05T19:58:00,0.02076670681563317,0,0.23455243167045187,replay_quantile@0.22,DL1126,N920DU,DL,SDF,ATL,2026-05-05T21:58:00,2026-05-05T22:57:00,DAL1126-1777782022-fa-1p,B739 
DAL1325-1777782302-fa-1138p,2026-05-05T19:59:00,0.03407691579047077,0,0.23455243167045187,replay_quantile@0.22,DL1325,N980AT,DL,TUL,ATL,2026-05-05T21:59:00,2026-05-05T23:19:00,DAL1325-1777782302-fa-1135p,B712 
DAL2815-1777781450-fa-1261p,2026-05-05T20:00:00,0.16686944314459523,0,0.23455243167045187,replay_quantile@0.22,DL2815,N301NB,DL,ATL,EYW,2026-05-05T22:00:00,2026-05-05T23:27:00,DAL2147-1777781497-fa-933p,A319 
DAL976-1777782298-fa-84p,2026-05-05T20:00:00,0.03983455719720428,0,0.23455243167045187,replay_quantile@0.22,DL976,N915AT,DL,ILM,ATL,2026-05-05T22:00:00,2026-05-05T23:03:00,DAL976-1777782298-fa-82p,B712 
DAL3095-1777781920-fa-116p,2026-05-05T20:00:00,0.025967908140733107,0,0.23455243167045187,replay_quantile@0.22,DL3095,N865DN,DL,GSP,ATL,2026-05-05T22:00:00,2026-05-05T22:39:00,DAL3095-1777781918-fa-1302p,B739 
DAL527-1777782074-fa-1080p,2026-05-05T20:02:00,0.1456462741179806,0,0.23455243167045187,replay_quantile@0.22,DL527,N950DZ,DL,ATL,SAV,2026-05-05T22:02:00,2026-05-05T22:40:00,DAL2827-1777782074-fa-1078p,B739 
FFT2050-1777794175-airline-1639p,2026-05-05T20:03:00,0.4568452380952381,1,0.23455243167045187,replay_quantile@0.22,F92050,N636FR,F9,ATL,MCO,2026-05-05T22:03:00,2026-05-05T23:17:00,FFT3975-1777794329-airline-121p,A21N 
DAL832-1777781578-fa-890p,2026-05-05T20:03:00,0.3938996220075599,1,0.23455243167045187,replay_quantile@0.22,DL832,N352NW,DL,ATL,DCA,2026-05-05T22:03:00,2026-05-05T23:14:00,DAL414-1777781583-fa-1087p,A320 
EDV5266-1777769546-fa-443p,2026-05-05T20:04:00,0.052474761637689285,0,0.23455243167045187,replay_quantile@0.22,9E5266,N929XJ,9E,CHO,ATL,2026-05-05T22:04:00,2026-05-05T23:15:00,EDV5266-1777751309-fa-2087p,CRJ9 
DAL1729-1777782306-fa-549p,2026-05-05T20:04:00,0.018873720136518772,0,0.23455243167045187,replay_quantile@0.22,DL1729,N955AT,DL,TYS,ATL,2026-05-05T22:04:00,2026-05-05T22:42:00,DAL1834-1777782306-fa-556p,B712 
DAL759-1777781252-fa-3215p,2026-05-05T20:05:00,0.17452252415732888,0,0.23455243167045187,replay_quantile@0.22,DL759,N323DN,DL,TPA,ATL,2026-05-05T22:05:00,2026-05-05T23:10:00,DAL759-1777781249-fa-1938p,A321 
DAL14-1777781667-fa-521p,2026-05-05T20:05:00,0.1697625664277705,0,0.23455243167045187,replay_quantile@0.22,DL14,N852NW,DL,ATL,FRA,2026-05-05T22:05:00,2026-05-06T06:43:00,DAL722-1777704226-schedule-1017p,A332 
DAL2378-1777782233-fa-581p,2026-05-05T20:06:00,0.24444198344361692,1,0.23455243167045187,replay_quantile@0.22,DL2378,N713TW,DL,ATL,JFK,2026-05-05T22:06:00,2026-05-05T23:59:00,DAL1488-1777782236-fa-804p,B752 
DAL3053-1777782306-fa-557p,2026-05-05T20:06:00,0.1172872010903234,0,0.23455243167045187,replay_quantile@0.22,DL3053,N960AT,DL,ATL,ECP,2026-05-05T22:06:00,2026-05-05T22:43:00,DAL3195-1777782294-fa-151p,B712 
DAL2939-1777782296-fa-898p,2026-05-05T20:07:00,0.10165879973027646,0,0.23455243167045187,replay_quantile@0.22,DL2939,N950AT,DL,ATL,MEM,2026-05-05T22:07:00,2026-05-05T22:58:00,DAL2718-1777782296-fa-900p,B712 
DAL2174-1777782299-fa-954p,2026-05-05T20:07:00,0.03407691579047077,0,0.23455243167045187,replay_quantile@0.22,DL2174,N927AT,DL,CHS,ATL,2026-05-05T22:07:00,2026-05-05T22:53:00,DAL3189-1777782299-fa-958p,B712 
DAL1956-1777782010-fa-1012p,2026-05-05T20:08:00,0.05650722331429998,0,0.23455243167045187,replay_quantile@0.22,DL1956,N810DN,DL,NAS,ATL,2026-05-05T22:08:00,2026-05-06T00:02:00,DAL1947-1777782011-fa-1000p,B739 
DAL1661-1777781359-fa-758p,2026-05-05T20:09:00,0.330330974336979,1,0.23455243167045187,replay_quantile@0.22,DL1661,N351DN,DL,ATL,PHX,2026-05-05T22:09:00,2026-05-06T02:08:00,DAL322-1777781358-fa-469p,A321 
DAL821-1777781378-fa-201p,2026-05-05T20:09:00,0.17757594738490443,0,0.23455243167045187,replay_quantile@0.22,DL821,N362DN,DL,ATL,BOS,2026-05-05T22:09:00,2026-05-06T00:20:00,DAL2779-1777781265-fa-394p,A321 
DAL826-1777782225-fa-911p,2026-05-05T20:09:00,0.17757594738490443,0,0.23455243167045187,replay_quantile@0.22,DL826,N685DA,DL,ATL,SNA,2026-05-05T22:09:00,2026-05-06T02:26:00,DAL1963-1777781149-fa-685p,B752 
EDV5112-1777760136-fa-1803p,2026-05-05T20:09:00,0.06635364989369241,0,0.23455243167045187,replay_quantile@0.22,9E5112,N925XJ,9E,ATL,TYS,2026-05-05T22:09:00,2026-05-05T22:39:00,EDV5379-1777785669-airline-1352p,CRJ9 
DAL1235-1777782311-fa-878p,2026-05-05T20:09:00,0.05448268961376826,0,0.23455243167045187,replay_quantile@0.22,DL1235,N906AT,DL,ATL,LEX,2026-05-05T22:09:00,2026-05-05T22:52:00,DAL2763-1777782311-fa-875p,B712 
DAL434-1777781406-fa-401p,2026-05-05T20:10:00,0.22132990684227433,0,0.23455243167045187,replay_quantile@0.22,DL434,N110DX,DL,ATL,LGA,2026-05-05T22:10:00,2026-05-05T23:52:00,DAL2235-1777781406-fa-400p,A321 
DAL850-1777781570-fa-948p,2026-05-05T20:10:00,0.1456462741179806,0,0.23455243167045187,replay_quantile@0.22,DL850,N360NW,DL,DCA,ATL,2026-05-05T22:10:00,2026-05-05T23:32:00,DAL850-1777781569-fa-764p,A320 
DAL964-1777781409-fa-963p,2026-05-05T20:10:00,0.137732836615221,0,0.23455243167045187,replay_quantile@0.22,DL964,N122DN,DL,LGA,ATL,2026-05-05T22:10:00,2026-05-06T00:05:00,DAL524-1777781408-fa-1483p,A321 
DAL1223-1777781325-fa-159p,2026-05-05T20:10:00,0.12045643951535352,0,0.23455243167045187,replay_quantile@0.22,DL1223,N318NB,DL,IAH,ATL,2026-05-05T22:10:00,2026-05-05T23:49:00,DAL1223-1777781323-fa-747p,A319 
DAL3017-1777781474-fa-274p,2026-05-05T20:10:00,0.114362296180478,0,0.23455243167045187,replay_quantile@0.22,DL3017,N352NB,DL,ATL,GSO,2026-05-05T22:10:00,2026-05-05T23:00:00,DAL1472-1777781450-fa-1258p,A319 
DAL2009-1777781634-fa-737p,2026-05-05T20:10:00,0.06233204725946158,0,0.23455243167045187,replay_quantile@0.22,DL2009,N371NW,DL,SAT,ATL,2026-05-05T22:10:00,2026-05-06T00:03:00,DAL2458-1777781633-fa-790p,A320 
EDV5314-1777784077-airline-1168p,2026-05-05T20:10:00,0.03709898372041161,0,0.23455243167045187,replay_quantile@0.22,9E5314,N376CA,9E,AEX,ATL,2026-05-05T22:10:00,2026-05-05T23:14:00,EDV5314-1777758892-fa-847p,CRJ7 
DAL2772-1777782310-fa-38p,2026-05-05T20:10:00,0.02278018717187857,0,0.23455243167045187,replay_quantile@0.22,DL2772,N939AT,DL,GSO,ATL,2026-05-05T22:10:00,2026-05-05T23:05:00,DAL2812-1777782310-fa-35p,B712 
FFT4209-1777794329-airline-141p,2026-05-05T20:11:00,0.6703719538264212,1,0.23455243167045187,replay_quantile@0.22,F94209,N635FR,F9,CLE,ATL,2026-05-05T22:11:00,2026-05-05T23:27:00,FFT33-1777794175-airline-1502p,A21N 
EDV5193-1777760066-fa-20p,2026-05-05T20:12:00,0.09016480407412646,0,0.23455243167045187,replay_quantile@0.22,9E5193,N582CA,9E,ATL,MOB,2026-05-05T22:12:00,2026-05-05T23:11:00,EDV5194-1777760066-fa-19p,CRJ9 
DAL1278-1777782302-fa-1152p,2026-05-05T20:12:00,0.02089538560234615,0,0.23455243167045187,replay_quantile@0.22,DL1278,N981AT,DL,JAN,ATL,2026-05-05T22:12:00,2026-05-05T23:09:00,DAL1278-1777782302-fa-1148p,B712 
DAL2599-1777782310-fa-841p,2026-05-05T20:14:00,0.028611464603857755,0,0.23455243167045187,replay_quantile@0.22,DL2599,N957AT,DL,MSN,ATL,2026-05-05T22:14:00,2026-05-05T23:53:00,DAL2599-1777782310-fa-840p,B712 
SWA1249-1777794866-airline-1159p,2026-05-05T20:15:00,0.6434965414349654,1,0.23455243167045187,replay_quantile@0.22,WN1249,N8682B,WN,ATL,DEN,2026-05-05T22:15:00,2026-05-06T01:16:00,SWA3453-1777792004-airline-1740p,B738 
FFT2539-1777794175-airline-1698p,2026-05-05T20:15:00,0.6289223682947892,1,0.23455243167045187,replay_quantile@0.22,F92539,N654FR,F9,CMH,ATL,2026-05-05T22:15:00,2026-05-05T23:11:00,FFT2540-1777794175-airline-1699p,A21N 
DAL1506-1777781799-fa-406p,2026-05-05T20:15:00,0.03407691579047077,0,0.23455243167045187,replay_quantile@0.22,DL1506,N383DN,DL,VPS,ATL,2026-05-05T22:15:00,2026-05-05T23:03:00,DAL1825-1777781799-fa-111p,B738 
DAL3101-1777782295-fa-350p,2026-05-05T20:16:00,0.03407691579047077,0,0.23455243167045187,replay_quantile@0.22,DL3101,N924AT,DL,AVL,ATL,2026-05-05T22:16:00,2026-05-05T22:51:00,DAL3101-1777782295-fa-349p,B712 
DAL1906-1777781748-fa-1275p,2026-05-05T20:19:00,0.17757594738490443,0,0.23455243167045187,replay_quantile@0.22,DL1906,N3754A,DL,ATL,KIN,2026-05-05T22:19:00,2026-05-06T00:33:00,DAL3150-1777781830-fa-914p,B738 
DAL2600-1777782231-fa-1320p,2026-05-05T20:19:00,0.0689159398063836,0,0.23455243167045187,replay_quantile@0.22,DL2600,N820DX,DL,RDU,ATL,2026-05-05T22:19:00,2026-05-05T23:20:00,DAL2600-1777782231-fa-1321p,B752 
SWA683-1777786389-airline-5451p,2026-05-05T20:20:00,0.3938996220075599,1,0.23455243167045187,replay_quantile@0.22,WN683,N8777Q,WN,ATL,BWI,2026-05-05T22:20:00,2026-05-05T23:52:00,SWA2088-1777795268-airline-1778p,B38M 
SWA1275-1777794866-airline-1189p,2026-05-05T20:20:00,0.3014599803797104,1,0.23455243167045187,replay_quantile@0.22,WN1275,N428WN,WN,ATL,MCO,2026-05-05T22:20:00,2026-05-05T23:30:00,SWA1275-1777794866-airline-1190p,B737 
DAL495-1777782212-fa-661p,2026-05-05T20:20:00,0.2548758865248227,1,0.23455243167045187,replay_quantile@0.22,DL495,N696DL,DL,ATL,SFO,2026-05-05T22:20:00,2026-05-06T02:59:00,DAL1757-1777782231-fa-1312p,B752 
DAL174-1777781230-fa-703p,2026-05-05T20:20:00,0.19514215942787372,0,0.23455243167045187,replay_quantile@0.22,DL174,N827MH,DL,ATL,MXP,2026-05-05T22:20:00,2026-05-06T07:07:00,DAL193-1777781230-fa-705p,B764 
DAL3094-1777782080-fa-581p,2026-05-05T20:20:00,0.028611464603857755,0,0.23455243167045187,replay_quantile@0.22,DL3094,N839DN,DL,ECP,ATL,2026-05-05T22:20:00,2026-05-05T23:04:00,DAL3094-1777782079-fa-562p,B739 
ASA783-1777786481-airline-997p,2026-05-05T20:21:00,0.2154495864860109,0,0.23455243167045187,replay_quantile@0.22,AS783,N722AL,AS,ATL,PDX,2026-05-05T22:21:00,2026-05-06T03:39:00,ASA334-1777795770-airline-1842p,B39M 
EDV4958-1777763496-fa-451p,2026-05-05T20:21:00,0.03660663833132693,0,0.23455243167045187,replay_quantile@0.22,9E4958,N601LR,9E,MLI,ATL,2026-05-05T22:21:00,2026-05-05T23:44:00,EDV4958-1777763498-fa-101p,CRJ9 
DAL1060-1777781308-fa-729p,2026-05-05T20:22:00,0.23455243167045187,1,0.23455243167045187,replay_quantile@0.22,DL1060,N348DN,DL,ATL,AUS,2026-05-05T22:22:00,2026-05-06T00:30:00,DAL1082-1777781307-fa-365p,A321 
DAL1660-1777782068-fa-1755p,2026-05-05T20:22:00,0.0522695476449557,0,0.23455243167045187,replay_quantile@0.22,DL1660,N945DZ,DL,MCI,ATL,2026-05-05T22:22:00,2026-05-05T23:46:00,DAL1660-1777782068-fa-1754p,B739 
DAL1490-1777781830-fa-915p,2026-05-05T20:23:00,0.1305571690273,0,0.23455243167045187,replay_quantile@0.22,DL1490,N3752,DL,ATL,BNA,2026-05-05T22:23:00,2026-05-05T23:12:00,DAL1928-1777781750-fa-283p,B738 
DAL2047-1777781566-fa-162p,2026-05-05T20:23:00,0.05083729067733067,0,0.23455243167045187,replay_quantile@0.22,DL2047,N355NW,DL,ROC,ATL,2026-05-05T22:23:00,2026-05-06T00:35:00,DAL2047-1777781564-fa-817p,A320
DAL2035-1777782231-fa-1313p,2026-05-05T20:25:00,0.3938996220075599,1,0.23455243167045187,replay_quantile@0.22,DL2035,N698DL,DL,ATL,MCO,2026-05-05T22:25:00,2026-05-05T23:28:00,DAL2990-1777781146-fa-364p,B752
VIR104-1777785357-airline-1066p,2026-05-05T20:25:00,0.203078123124925,0,0.23455243167045187,replay_quantile@0.22,VS104,G-VJAM,VS,ATL,LHR,2026-05-05T22:25:00,2026-05-06T06:13:00,VIR103-1777785357-airline-1065p,A35K 
DAL2504-1777781296-fa-919p,2026-05-05T20:25:00,0.19514215942787372,0,0.23455243167045187,replay_quantile@0.22,DL2504,N301DV,DL,ATL,BDL,2026-05-05T22:25:00,2026-05-06T00:15:00,DAL2200-1777781313-fa-554p,A321 
DAL1124-1777782219-fa-673p,2026-05-05T20:25:00,0.19439755646652196,0,0.23455243167045187,replay_quantile@0.22,DL1124,N6713Y,DL,ATL,RSW,2026-05-05T22:25:00,2026-05-05T23:39:00,DAL927-1777782219-fa-190p,B752 
DAL3068-1777782296-fa-892p,2026-05-05T20:25:00,0.10263351251015122,0,0.23455243167045187,replay_quantile@0.22,DL3068,N967AT,DL,ATL,HSV,2026-05-05T22:25:00,2026-05-05T23:15:00,DAL1302-1777782296-fa-893p,B712 
DAL2784-1777781583-fa-1089p,2026-05-05T20:25:00,0.0872515462679397,0,0.23455243167045187,replay_quantile@0.22,DL2784,N353NW,DL,ATL,OKC,2026-05-05T22:25:00,2026-05-06T00:12:00,DAL737-1777781583-fa-1082p,A320 
DAL2128-1777782295-fa-354p,2026-05-05T20:26:00,0.02966784908094162,0,0.23455243167045187,replay_quantile@0.22,DL2128,N954AT,DL,ICT,ATL,2026-05-05T22:26:00,2026-05-06T00:03:00,DAL2128-1777782295-fa-352p,B712 
DAL1516-1777781737-fa-512p,2026-05-05T20:27:00,0.03407691579047077,0,0.23455243167045187,replay_quantile@0.22,DL1516,N373DA,DL,CVG,ATL,2026-05-05T22:27:00,2026-05-05T23:39:00,DAL1008-1777781736-fa-354p,B738 
DAL1131-1777781308-fa-733p,2026-05-05T20:28:00,0.2735095812633074,1,0.23455243167045187,replay_quantile@0.22,DL1131,N314DN,DL,ATL,IAH,2026-05-05T22:28:00,2026-05-06T00:05:00,DAL2011-1777781308-fa-732p,A321 
DAL1478-1777781334-fa-704p,2026-05-05T20:29:00,0.1590411957710536,0,0.23455243167045187,replay_quantile@0.22,DL1478,N342DN,DL,ATL,DTW,2026-05-05T22:29:00,2026-05-06T00:05:00,DAL1196-1777781332-fa-158p,A321 
EDV5287-1777793043-airline-2052p,2026-05-05T20:29:00,0.063874838254323,0,0.23455243167045187,replay_quantile@0.22,9E5287,N355CA,9E,ABY,ATL,2026-05-05T22:29:00,2026-05-05T23:05:00,EDV5287-1777784077-airline-1167p,CRJ7 
DAL3109-1777782075-fa-1253p,2026-05-05T20:30:00,0.028611464603857755,0,0.23455243167045187,replay_quantile@0.22,DL3109,N952DZ,DL,SRQ,ATL,2026-05-05T22:30:00,2026-05-05T23:53:00,DAL3109-1777782075-fa-1254p,B739 
FFT2972-1777794175-airline-1741p,2026-05-05T20:31:00,0.7434661994451744,1,0.23455243167045187,replay_quantile@0.22,F92972,,F9,MSY,ATL,2026-05-05T22:31:00,2026-05-06T00:03:00,,A21N 
DAL1728-1777781605-fa-3153p,2026-05-05T20:31:00,0.051103988603988605,0,0.23455243167045187,replay_quantile@0.22,DL1728,N363NW,DL,MDW,ATL,2026-05-05T22:31:00,2026-05-06T00:10:00,DAL1728-1777781604-fa-904p,A320 
EDV5537-1777761898-fa-406p,2026-05-05T20:32:00,0.0689159398063836,0,0.23455243167045187,replay_quantile@0.22,9E5537,N324PQ,9E,AGS,ATL,2026-05-05T22:32:00,2026-05-05T23:06:00,EDV5537-1777761899-fa-1921p,CRJ9 
DAL3146-1777782060-fa-844p,2026-05-05T20:32:00,0.03580259633216567,0,0.23455243167045187,replay_quantile@0.22,DL3146,N938DZ,DL,MSY,ATL,2026-05-05T22:32:00,2026-05-05T23:34:00,DAL3146-1777782060-fa-842p,B739 
DAL2058-1777781975-fa-816p,2026-05-05T20:32:00,0.015716680637049455,0,0.23455243167045187,replay_quantile@0.22,DL2058,N902DN,DL,GRR,ATL,2026-05-05T22:32:00,2026-05-06T00:16:00,DAL2058-1777781974-fa-1027p,B739 
DAL2381-1777781631-fa-1002p,2026-05-05T20:33:00,0.10165879973027646,0,0.23455243167045187,replay_quantile@0.22,DL2381,N325US,DL,HOU,ATL,2026-05-05T22:33:00,2026-05-06T00:08:00,DAL2381-1777781630-fa-763p,A320 
FFT1595-1777784511-airline-1176p,2026-05-05T20:35:00,0.9470515802435354,1,0.23455243167045187,replay_quantile@0.22,F91595,N675FR,F9,ATL,ORD,2026-05-05T22:35:00,2026-05-06T00:18:00,FFT4347-1777702596-airline-709p,A21N 
SWA224-1777795269-airline-685p,2026-05-05T20:35:00,0.31706281833616307,1,0.23455243167045187,replay_quantile@0.22,WN224,N231WN,WN,ATL,DAL,2026-05-05T22:35:00,2026-05-06T00:35:00,SWA461-1777786389-airline-5240p,B737 
EDV5281-1777763304-fa-1173p,2026-05-05T20:35:00,0.0689159398063836,0,0.23455243167045187,replay_quantile@0.22,9E5281,N138EV,9E,CHA,ATL,2026-05-05T22:35:00,2026-05-05T23:20:00,EDV5376-1777759893-fa-1586p,CRJ9 
DAL1533-1777782309-fa-4p,2026-05-05T20:35:00,0.02278018717187857,0,0.23455243167045187,replay_quantile@0.22,DL1533,N970AT,DL,BHM,ATL,2026-05-05T22:35:00,2026-05-05T23:13:00,DAL2484-1777782309-fa-4426p,B712 
DAL2211-1777782311-fa-872p,2026-05-05T20:36:00,0.028611464603857755,0,0.23455243167045187,replay_quantile@0.22,DL2211,N919AT,DL,PNS,ATL,2026-05-05T22:36:00,2026-05-05T23:24:00,DAL2211-1777782310-fa-845p,B712 
FFT4316-1777784511-airline-1341p,2026-05-05T20:38:00,0.45117200396170354,1,0.23455243167045187,replay_quantile@0.22,F94316,N671FR,F9,LAX,ATL,2026-05-05T22:38:00,2026-05-06T02:16:00,FFT1178-1777784511-airline-1134p,A21N 
DAL3026-1777782297-fa-1181p,2026-05-05T20:38:00,0.013172583165885243,0,0.23455243167045187,replay_quantile@0.22,DL3026,N961AT,DL,HSV,ATL,2026-05-05T22:38:00,2026-05-05T23:16:00,DAL3026-1777782297-fa-1180p,B712 
EDV5282-1777793043-airline-2046p,2026-05-05T20:39:00,0.10855020416195209,0,0.23455243167045187,replay_quantile@0.22,9E5282,N133EV,9E,ATL,AGS,2026-05-05T22:39:00,2026-05-05T23:08:00,EDV5339-1777756323-fa-917p,CRJ9 
DAL840-1777781421-fa-1009p,2026-05-05T20:40:00,0.7952625780389276,1,0.23455243167045187,replay_quantile@0.22,DL840,N378DN,DL,DEN,ATL,2026-05-05T22:40:00,2026-05-06T00:54:00,DAL1675-1777781418-fa-1433p,A321 
FFT3083-1777794175-airline-1752p,2026-05-05T20:40:00,0.3014599803797104,1,0.23455243167045187,replay_quantile@0.22,F93083,N341FR,F9,JAX,ATL,2026-05-05T22:40:00,2026-05-05T23:20:00,FFT1550-1777794175-airline-1586p,A20N 
DAL3059-1777782092-fa-329p,2026-05-05T20:40:00,0.1456462741179806,0,0.23455243167045187,replay_quantile@0.22,DL3059,N963DZ,DL,ATL,PNS,2026-05-05T22:40:00,2026-05-05T23:29:00,DAL409-1777782093-fa-474p,B739 
DAL3180-1777782307-fa-907p,2026-05-05T20:40:00,0.10263351251015122,0,0.23455243167045187,replay_quantile@0.22,DL3180,N966AT,DL,ATL,JAN,2026-05-05T22:40:00,2026-05-05T23:30:00,DAL1498-1777782307-fa-906p,B712 
DAL2193-1777782293-fa-4241p,2026-05-05T20:40:00,0.08098137900990834,0,0.23455243167045187,replay_quantile@0.22,DL2193,N945AT,DL,ATL,CAE,2026-05-05T22:40:00,2026-05-05T23:17:00,DAL1148-1777782293-fa-4239p,B712 
DAL2831-1777782009-fa-1268p,2026-05-05T20:40:00,0.08003691700113763,0,0.23455243167045187,replay_quantile@0.22,DL2831,N924DZ,DL,ATL,SDF,2026-05-05T22:40:00,2026-05-05T23:36:00,DAL640-1777782009-fa-883p,B739 
DAL2037-1777782304-fa-1675p,2026-05-05T20:40:00,0.07233496018494733,0,0.23455243167045187,replay_quantile@0.22,DL2037,N892AT,DL,ATL,AVL,2026-05-05T22:40:00,2026-05-05T23:09:00,DAL3027-1777782304-fa-1678p,B712 
DAL2241-1777782299-fa-959p,2026-05-05T20:40:00,0.05421656561607456,0,0.23455243167045187,replay_quantile@0.22,DL2241,N921AT,DL,ATL,TLH,2026-05-05T22:40:00,2026-05-05T23:14:00,DAL3193-1777782299-fa-966p,B712 
EDV5374-1777789478-airline-1020p,2026-05-05T20:40:00,0.04477611940298507,0,0.23455243167045187,replay_quantile@0.22,9E5374,N195PQ,9E,CSG,ATL,2026-05-05T22:40:00,2026-05-05T23:20:00,EDV5374-1777784077-airline-1172p,CRJ9 
DAL2928-1777781311-fa-1028p,2026-05-05T20:41:00,0.24444198344361692,1,0.23455243167045187,replay_quantile@0.22,DL2928,N309DN,DL,ATL,BWI,2026-05-05T22:41:00,2026-05-06T00:00:00,DAL1755-1777781310-fa-613p,A321 
FFT3458-1777794329-airline-96p,2026-05-05T20:45:00,0.7603073740209841,1,0.23455243167045187,replay_quantile@0.22,F93458,N714FR,F9,ATL,LGA,2026-05-05T22:45:00,2026-05-06T00:28:00,FFT2198-1777784511-airline-1217p,A321 
SWA241-1777789633-airline-1630p,2026-05-05T20:45:00,0.29915460484180867,1,0.23455243167045187,replay_quantile@0.22,WN241,N8610A,WN,ATL,HOU,2026-05-05T22:45:00,2026-05-06T00:47:00,SWA3001-1777792004-airline-1329p,B738 
DAL919-1777782191-fa-1200p,2026-05-05T20:45:00,0.2608988647555856,1,0.23455243167045187,replay_quantile@0.22,DL919,N6715C,DL,ATL,LAS,2026-05-05T22:45:00,2026-05-06T02:41:00,DAL1873-1777782228-fa-3406p,B752 
DAL3112-1777782079-fa-561p,2026-05-05T20:46:00,0.06302521008403361,0,0.23455243167045187,replay_quantile@0.22,DL3112,N956DZ,DL,SAV,ATL,2026-05-05T22:46:00,2026-05-05T23:29:00,DAL3112-1777782079-fa-560p,B739 
DAL1347-1777782299-fa-965p,2026-05-05T20:46:00,0.03983455719720428,0,0.23455243167045187,replay_quantile@0.22,DL1347,N982AT,DL,LIT,ATL,2026-05-05T22:46:00,2026-05-05T23:55:00,DAL1347-1777782299-fa-963p,B712 
AAL1811-1777792886-airline-4858p,2026-05-05T20:50:00,0.5419630156472263,1,0.23455243167045187,replay_quantile@0.22,AA1811,N960NN,AA,ATL,DFW,2026-05-05T22:50:00,2026-05-06T01:07:00,AAL1811-1777792886-airline-4861p,B738 
DAL540-1777782293-fa-830p,2026-05-05T20:54:00,0.039964344079631564,0,0.23455243167045187,replay_quantile@0.22,DL540,N895AT,DL,TLH,ATL,2026-05-05T22:54:00,2026-05-05T23:45:00,DAL1545-1777782293-fa-829p,B712 
DAL3088-1777782299-fa-973p,2026-05-05T20:54:00,0.011462667818167545,0,0.23455243167045187,replay_quantile@0.22,DL3088,N926AT,DL,DAY,ATL,2026-05-05T22:54:00,2026-05-06T00:17:00,DAL3088-1777782299-fa-974p,B712 
DAL1742-1777782210-fa-1675p,2026-05-05T20:55:00,0.3726770929162834,1,0.23455243167045187,replay_quantile@0.22,DL1742,N689DL,DL,MCO,ATL,2026-05-05T22:55:00,2026-05-06T00:07:00,DAL1742-1777782210-fa-1673p,B752
DAL500-1777782120-fa-1159p,2026-05-05T20:55:00,0.24444198344361692,1,0.23455243167045187,replay_quantile@0.22,DL500,N512DE,DL,ATL,LAX,2026-05-05T22:55:00,2026-05-06T03:33:00,DAL988-1777782119-fa-631p,A21N 
DAL1939-1777781812-fa-1814p,2026-05-05T20:56:00,0.203078123124925,0,0.23455243167045187,replay_quantile@0.22,DL1939,N3749D,DL,ATL,CUN,2026-05-05T22:56:00,2026-05-06T00:53:00,DAL576-1777781821-fa-1779p,B738 
FFT4702-1777794329-airline-185p,2026-05-05T20:57:00,0.23455243167045187,1,0.23455243167045187,replay_quantile@0.22,F94702,N673FR,F9,AUS,ATL,2026-05-05T22:57:00,2026-05-06T00:35:00,FFT4211-1777794329-airline-142p,A21N
FFT3453-1777794329-airline-94p,2026-05-05T20:58:00,0.30834430546412095,1,0.23455243167045187,replay_quantile@0.22,F93453,N374FR,F9,LGA,ATL,2026-05-05T22:58:00,2026-05-06T00:43:00,FFT3454-1777794329-airline-95p,A20N 
FFT1158-1777794175-airline-1526p,2026-05-05T20:59:00,0.9623223154649769,1,0.23455243167045187,replay_quantile@0.22,F91158,N393FR,F9,ATL,EWR,2026-05-05T22:59:00,2026-05-06T00:42:00,FFT124-1777794175-airline-1536p,A20N 
DAL1021-1777781800-fa-1168p,2026-05-05T20:59:00,0.10165879973027646,0,0.23455243167045187,replay_quantile@0.22,DL1021,N385DN,DL,ATL,GSP,2026-05-05T22:59:00,2026-05-05T23:26:00,DAL1246-1777781785-fa-1315p,B738 
DAL2498-1777781976-fa-1019p,2026-05-05T21:00:00,0.5418107986163331,1,0.23455243167045187,replay_quantile@0.22,DL2498,N908DN,DL,ATL,EWR,2026-05-05T23:00:00,2026-05-06T00:39:00,DAL1872-1777781994-fa-861p,B739 
SWA1557-1777794866-airline-1464p,2026-05-05T21:00:00,0.3726770929162834,1,0.23455243167045187,replay_quantile@0.22,WN1557,N8715Q,WN,ATL,MDW,2026-05-05T23:00:00,2026-05-06T00:40:00,SWA4529-1777786389-airline-5190p,B38M 
DAL1058-1777781346-fa-539p,2026-05-05T21:00:00,0.24444198344361692,1,0.23455243167045187,replay_quantile@0.22,DL1058,N347DN,DL,ATL,PBI,2026-05-05T23:00:00,2026-05-06T00:19:00,DAL1579-1777781349-fa-1162p,A321 
EJA537-1777957236-sw-20p,2026-05-05T21:00:00,0.1866118444781072,0,0.23455243167045187,replay_quantile@0.22,1I981,N981QS,1I,ATL,MMU,2026-05-05T23:00:00,2026-05-06T00:48:00,EJA981-1777991416-sw-615p,C68A 
DAL1503-1777781784-fa-666p,2026-05-05T21:02:00,0.1286818671102847,0,0.23455243167045187,replay_quantile@0.22,DL1503,N3732J,DL,ATL,CVG,2026-05-05T23:02:00,2026-05-06T00:00:00,DAL3040-1777781796-fa-1043p,B738 
DAL2738-1777782020-fa-4718p,2026-05-05T21:03:00,0.1162886825208741,0,0.23455243167045187,replay_quantile@0.22,DL2738,N910DU,DL,ORD,ATL,2026-05-05T23:03:00,2026-05-06T00:42:00,DAL2738-1777782020-fa-4719p,B739 
JIA5313-1777783643-airline-428p,2026-05-05T21:05:00,0.3938996220075599,1,0.23455243167045187,replay_quantile@0.22,OH5313,N570NN,OH,ATL,PHL,2026-05-05T23:05:00,2026-05-06T00:51:00,JIA5026-1777783643-airline-135p,CRJ9 
DAL3063-1777782313-fa-263p,2026-05-05T21:05:00,0.02076670681563317,0,0.23455243167045187,replay_quantile@0.22,DL3063,N937AT,DL,GPT,ATL,2026-05-05T23:05:00,2026-05-06T00:07:00,DAL3063-1777782313-fa-261p,B712 
DAL1588-1777782224-fa-770p,2026-05-05T21:07:00,0.3938996220075599,1,0.23455243167045187,replay_quantile@0.22,DL1588,N693DL,DL,ATL,MIA,2026-05-05T23:07:00,2026-05-06T00:28:00,DAL1823-1777782224-fa-768p,B752 
DAL2893-1777781292-fa-623p,2026-05-05T21:07:00,0.23455243167045187,1,0.23455243167045187,replay_quantile@0.22,DL2893,N336DX,DL,ATL,SAT,2026-05-05T23:07:00,2026-05-06T01:20:00,DAL1554-1777781292-fa-622p,A321 
EDV5115-1777784077-airline-1152p,2026-05-05T21:08:00,0.05946357494627077,0,0.23455243167045187,replay_quantile@0.22,9E5115,N313PQ,9E,EVV,ATL,2026-05-05T23:08:00,2026-05-05T23:57:00,EDV5144-1777756348-fa-352p,CRJ9 
EDV5002-1777793043-airline-1702p,2026-05-05T21:09:00,0.7011983757551744,1,0.23455243167045187,replay_quantile@0.22,9E5002,N340CA,9E,FAY,ATL,2026-05-05T23:09:00,2026-05-06T00:02:00,EDV5002-1777789074-airline-183p,CRJ7 
DAL746-1777781436-fa-1060p,2026-05-05T21:09:00,0.43997776954427564,1,0.23455243167045187,replay_quantile@0.22,DL746,N394DX,DL,ATL,DEN,2026-05-05T23:09:00,2026-05-06T02:09:00,DAL995-1777781425-fa-999p,A321 
DAL2065-1777781399-fa-583p,2026-05-05T21:09:00,0.26631118265506304,1,0.23455243167045187,replay_quantile@0.22,DL2065,N365DN,DL,ATL,PHL,2026-05-05T23:09:00,2026-05-06T00:40:00,DAL597-1777781399-fa-74p,A321 
DAL3120-1777781974-fa-1026p,2026-05-05T21:09:00,0.2057850357562173,0,0.23455243167045187,replay_quantile@0.22,DL3120,N819DN,DL,ATL,IND,2026-05-05T23:09:00,2026-05-06T00:14:00,DAL1004-1777781976-fa-1762p,B739 
DAL1450-1777781944-fa-1695p,2026-05-05T21:09:00,0.1653163404642695,0,0.23455243167045187,replay_quantile@0.22,DL1450,N868DN,DL,ATL,MSY,2026-05-05T23:09:00,2026-05-06T00:09:00,DAL1067-1777782053-fa-1351p,B739 
DAL1130-1777782071-fa-1994p,2026-05-05T21:09:00,0.1172872010903234,0,0.23455243167045187,replay_quantile@0.22,DL1130,N948DZ,DL,ATL,MCI,2026-05-05T23:09:00,2026-05-06T01:05:00,DAL2692-1777782071-fa-1548p,B739 
DAL2786-1777782072-fa-2088p,2026-05-05T21:09:00,0.0772815092624162,0,0.23455243167045187,replay_quantile@0.22,DL2786,N946DZ,DL,ATL,CMH,2026-05-05T23:09:00,2026-05-06T00:17:00,DAL2438-1777782071-fa-1995p,B739 
DAL1700-1777782067-fa-1498p,2026-05-05T21:09:00,0.031036712407500545,0,0.23455243167045187,replay_quantile@0.22,DL1700,N947DZ,DL,MEM,ATL,2026-05-05T23:09:00,2026-05-06T00:09:00,DAL1700-1777782067-fa-152p,B739 
DAL1093-1777781573-fa-3148p,2026-05-05T21:12:00,0.04696156671356183,0,0.23455243167045187,replay_quantile@0.22,DL1093,N357NW,DL,MYR,ATL,2026-05-05T23:12:00,2026-05-06T00:07:00,DAL1093-1777781573-fa-3146p,A320 
UAL1359-1777766635-fa-904p,2026-05-05T21:14:00,0.35878070973612364,1,0.23455243167045187,replay_quantile@0.22,UA1359,N39728,UA,ATL,IAH,2026-05-05T23:14:00,2026-05-06T01:21:00,UAL462-1777766706-fa-829p,B737 
RPA4582-1777788725-airline-4547p,2026-05-05T21:14:00,0.1653163404642695,0,0.23455243167045187,replay_quantile@0.22,YX4582,N119HQ,YX,ATL,LGA,2026-05-05T23:14:00,2026-05-06T00:57:00,RPA4582-1777788725-airline-4548p,E75S 
EDV5368-1777793043-airline-2162p,2026-05-05T21:14:50,0.0689159398063836,0,0.23455243167045187,replay_quantile@0.22,9E5368,N690CA,9E,ATL,ABY,2026-05-05T23:14:50,2026-05-05T23:57:50,EDV5503-1777759004-fa-1510p,CRJ7 
DAL2894-1777781308-fa-731p,2026-05-05T21:15:00,0.3341444672131147,1,0.23455243167045187,replay_quantile@0.22,DL2894,N346DN,DL,ATL,ORD,2026-05-05T23:15:00,2026-05-06T01:06:00,DAL1266-1777781307-fa-904p,A321 
DAL2265-1777782228-fa-3409p,2026-05-05T21:15:00,0.3014599803797104,1,0.23455243167045187,replay_quantile@0.22,DL2265,N687DL,DL,ATL,JAX,2026-05-05T23:15:00,2026-05-05T23:57:00,DAL528-1777781167-fa-731p,B752 
UAL1046-1777766604-fa-20p,2026-05-05T21:15:00,0.2243580904051408,0,0.23455243167045187,replay_quantile@0.22,UA1046,N17401,UA,ATL,ORD,2026-05-05T23:15:00,2026-05-06T00:53:00,UAL356-1777766706-fa-421p,B39M 
DAL105-1777781650-fa-842p,2026-05-05T21:15:00,0.21077547339945898,0,0.23455243167045187,replay_quantile@0.22,DL105,N802NW,DL,ATL,GRU,2026-05-05T23:15:00,2026-05-06T08:20:00,DAL75-1777781650-fa-844p,A333 
DAL2707-1777781650-fa-840p,2026-05-05T21:15:00,0.17757594738490443,0,0.23455243167045187,replay_quantile@0.22,DL2707,N343NW,DL,ATL,OMA,2026-05-05T23:15:00,2026-05-06T01:16:00,DAL1408-1777781579-fa-358p,A320 
DAL1280-1777781937-fa-1288p,2026-05-05T21:15:00,0.16802258010957993,0,0.23455243167045187,replay_quantile@0.22,DL1280,N878DN,DL,ATL,MSP,2026-05-05T23:15:00,2026-05-06T01:29:00,DAL1870-1777781945-fa-399p,B739 
DAL3044-1777782304-fa-1672p,2026-05-05T21:15:00,0.1305571690273,0,0.23455243167045187,replay_quantile@0.22,DL3044,N933AT,DL,ATL,BHM,2026-05-05T23:15:00,2026-05-05T23:39:00,DAL3083-1777782306-fa-108p,B712 
EDV5203-1777786044-airline-91p,2026-05-05T21:15:00,0.10934441102038868,0,0.23455243167045187,replay_quantile@0.22,9E5203,N319PQ,9E,ATL,TYS,2026-05-05T23:15:00,2026-05-05T23:43:00,EDV5308-1777754041-fa-1478p,CRJ9 
JBU819-1777795234-airline-1394p,2026-05-05T21:16:00,0.9390328391298324,1,0.23455243167045187,replay_quantile@0.22,B6819,N606JB,B6,ATL,JFK,2026-05-05T23:16:00,2026-05-06T01:15:00,JBU220-1777786731-airline-2042p,A320 
DAL1443-1777782309-fa-4429p,2026-05-05T21:17:00,0.1523089517022199,0,0.23455243167045187,replay_quantile@0.22,DL1443,N899AT,DL,ATL,MEM,2026-05-05T23:17:00,2026-05-06T00:27:00,DAL1013-1777782308-fa-1348p,B712 
DAL66-1777781681-fa-524p,2026-05-05T21:20:00,0.21077547339945898,0,0.23455243167045187,replay_quantile@0.22,DL66,N431DX,DL,ATL,FCO,2026-05-05T23:20:00,2026-05-06T08:37:00,DAL110-1777695396-fa-1146p,A339 
DAL971-1777781822-fa-156p,2026-05-05T21:20:00,0.17452252415732888,0,0.23455243167045187,replay_quantile@0.22,DL971,N3737C,DL,ATL,COS,2026-05-05T23:20:00,2026-05-06T02:09:00,DAL2020-1777781800-fa-1166p,B738 
FFT3923-1777794329-airline-117p,2026-05-05T21:21:00,0.8839560981625355,1,0.23455243167045187,replay_quantile@0.22,F93923,N620FR,F9,ATL,LAS,2026-05-05T23:21:00,2026-05-06T03:51:00,FFT2171-1777794175-airline-1650p,A21N 
UAL2416-1777766623-fa-569p,2026-05-05T21:22:00,0.4043801329683223,1,0.23455243167045187,replay_quantile@0.22,UA2416,N17422,UA,ATL,SFO,2026-05-05T23:22:00,2026-05-06T04:25:00,UAL702-1777766707-fa-884p,B39M 
DAL1309-1777781806-fa-1035p,2026-05-05T21:22:00,0.18666021986970685,0,0.23455243167045187,replay_quantile@0.22,DL1309,N3741S,DL,ATL,IAD,2026-05-05T23:22:00,2026-05-06T00:33:00,DAL1805-1777781807-fa-994p,B738 
SWA2291-1777789633-airline-1511p,2026-05-05T21:25:00,0.17757594738490443,0,0.23455243167045187,replay_quantile@0.22,WN2291,N439WN,WN,ATL,STL,2026-05-05T23:25:00,2026-05-06T00:53:00,SWA2291-1777789633-airline-1512p,B737 
DAL1366-1777782302-fa-783p,2026-05-05T21:25:00,0.0713429735559639,0,0.23455243167045187,replay_quantile@0.22,DL1366,N997AT,DL,ATL,CHA,2026-05-05T23:25:00,2026-05-05T23:53:00,DAL3143-1777782302-fa-1133p,B712 
DAL468-1777781406-fa-1213p,2026-05-05T21:26:00,0.26631118265506304,1,0.23455243167045187,replay_quantile@0.22,DL468,N374DX,DL,ATL,LGA,2026-05-05T23:26:00,2026-05-06T01:04:00,DAL1572-1777781406-fa-408p,A321 
DAL2984-1777782042-fa-169p,2026-05-05T21:26:00,0.2548758865248227,1,0.23455243167045187,replay_quantile@0.22,DL2984,N814DN,DL,ATL,ORF,2026-05-05T23:26:00,2026-05-06T00:36:00,DAL3169-1777782042-fa-1309p,B739 
DAL779-1777781267-fa-733p,2026-05-05T21:30:00,0.17757594738490443,0,0.23455243167045187,replay_quantile@0.22,DL779,N341DN,DL,ATL,ONT,2026-05-05T23:30:00,2026-05-06T03:48:00,DAL1802-1777781266-fa-810p,A321 
DAL3171-1777782308-fa-1342p,2026-05-05T21:30:00,0.05038602194229989,0,0.23455243167045187,replay_quantile@0.22,DL3171,N894AT,DL,ATL,HSV,2026-05-05T23:30:00,2026-05-06T00:03:00,DAL3037-1777782308-fa-1339p,B712 
DAL1339-1777781757-fa-1597p,2026-05-05T21:34:00,0.18179841252582363,0,0.23455243167045187,replay_quantile@0.22,DL1339,N378DA,DL,ATL,CLE,2026-05-05T23:34:00,2026-05-06T00:55:00,DAL1002-1777781758-fa-180p,B738 
UAL2634-1777766644-fa-3195p,2026-05-05T21:34:00,0.16176214522026816,0,0.23455243167045187,replay_quantile@0.22,UA2634,N873UA,UA,ATL,IAD,2026-05-05T23:34:00,2026-05-06T01:02:00,UAL1848-1777766707-fa-883p,A319 
DAL2881-1777782186-fa-71p,2026-05-05T21:35:00,0.3493483758023731,1,0.23455243167045187,replay_quantile@0.22,DL2881,N659DL,DL,ATL,MCO,2026-05-05T23:35:00,2026-05-06T00:30:00,DAL725-1777781148-fa-161p,B752 
DAL1457-1777781154-fa-1193p,2026-05-05T21:35:00,0.2550037570872327,1,0.23455243167045187,replay_quantile@0.22,DL1457,N67171,DL,ATL,TPA,2026-05-05T23:35:00,2026-05-06T00:28:00,DAL1720-1777782191-fa-1199p,B752 
SAS930-1777787444-airline-1097p,2026-05-05T21:35:00,0.1697625664277705,0,0.23455243167045187,replay_quantile@0.22,SK930,LN-RKS,SK,ATL,CPH,2026-05-05T23:35:00,2026-05-06T08:05:00,SAS929-1777787444-airline-1096p,A333 
DAL1489-1777781383-fa-92p,2026-05-05T21:40:00,0.3014599803797104,1,0.23455243167045187,replay_quantile@0.22,DL1489,N358DN,DL,ATL,FLL,2026-05-05T23:40:00,2026-05-06T01:01:00,DAL1976-1777781381-fa-2359p,A321 
DAL2494-1777781774-fa-794p,2026-05-05T21:40:00,0.09016480407412646,0,0.23455243167045187,replay_quantile@0.22,DL2494,N3734B,DL,ATL,ECP,2026-05-05T23:40:00,2026-05-06T00:25:00,DAL1800-1777781772-fa-1122p,B738 
DAL2132-1777782301-fa-797p,2026-05-05T21:40:00,0.0872515462679397,0,0.23455243167045187,replay_quantile@0.22,DL2132,N995AT,DL,ATL,CLT,2026-05-05T23:40:00,2026-05-06T00:18:00,DAL2730-1777782301-fa-986p,B712 
DAL1518-1777781990-fa-1330p,2026-05-05T21:42:00,0.1467644845748683,0,0.23455243167045187,replay_quantile@0.22,DL1518,N876DN,DL,ATL,RDU,2026-05-05T23:42:00,2026-05-06T00:44:00,DAL2747-1777781990-fa-1328p,B739 
DAL2524-1777781908-fa-0p,2026-05-05T21:42:00,0.1305571690273,0,0.23455243167045187,replay_quantile@0.22,DL2524,N802DN,DL,ATL,SEA,2026-05-05T23:42:00,2026-05-06T05:00:00,DAL1467-1777781908-fa-347p,B739 
DAL2493-1777782077-fa-1078p,2026-05-05T21:42:00,0.1172872010903234,0,0.23455243167045187,replay_quantile@0.22,DL2493,N954DZ,DL,ATL,CHS,2026-05-05T23:42:00,2026-05-06T00:20:00,DAL1381-1777782077-fa-156p,B739 
DAL959-1777781264-fa-989p,2026-05-05T21:44:00,0.05946357494627077,0,0.23455243167045187,replay_quantile@0.22,DL959,N357DN,DL,PBI,ATL,2026-05-05T23:44:00,2026-05-06T01:12:00,DAL959-1777781265-fa-395p,A321
SWA206-1777795268-airline-1741p,2026-05-05T21:45:00,0.2154495864860109,0,0.23455243167045187,replay_quantile@0.22,WN206,N872CB,WN,ATL,BNA,2026-05-05T23:45:00,2026-05-06T00:23:00,SWA3237-1777792004-airline-1537p,B38M 
DAL1206-1777782047-fa-864p,2026-05-05T21:45:00,0.12045643951535352,0,0.23455243167045187,replay_quantile@0.22,DL1206,N931DQ,DL,ATL,MKE,2026-05-05T23:45:00,2026-05-06T01:30:00,DAL3163-1777782045-fa-1053p,B739 
DAL933-1777781941-fa-1977p,2026-05-05T21:47:00,0.10165879973027646,0,0.23455243167045187,replay_quantile@0.22,DL933,N838DN,DL,ATL,SJC,2026-05-05T23:47:00,2026-05-06T04:26:00,DAL1772-1777781939-fa-1086p,B739 
UAL1305-1777766707-fa-1493p,2026-05-05T21:49:00,0.8343558282208587,1,0.23455243167045187,replay_quantile@0.22,UA1305,N62849,UA,DEN,ATL,2026-05-05T23:49:00,2026-05-06T02:09:00,UAL2448-1777753017-fa-3986p,B739 
DAL825-1777781289-fa-508p,2026-05-05T21:50:00,0.2185076223589195,0,0.23455243167045187,replay_quantile@0.22,DL825,N319DN,DL,ATL,LAS,2026-05-05T23:50:00,2026-05-06T03:51:00,DAL1613-1777781291-fa-289p,A321 
DAL790-1777782307-fa-900p,2026-05-05T21:50:00,0.0689159398063836,0,0.23455243167045187,replay_quantile@0.22,DL790,N608AT,DL,ATL,BNA,2026-05-05T23:50:00,2026-05-06T00:31:00,DAL942-1777782307-fa-899p,B712 
VIR110-1777785357-airline-1070p,2026-05-05T21:55:00,0.1590411957710536,0,0.23455243167045187,replay_quantile@0.22,VS110,G-VGEM,VS,ATL,MAN,2026-05-05T23:55:00,2026-05-06T07:34:00,VIR109-1777785357-airline-1069p,A333 
DAL478-1777781991-fa-1417p,2026-05-05T21:55:00,0.08899350310947436,0,0.23455243167045187,replay_quantile@0.22,DL478,N877DN,DL,ATL,PDX,2026-05-05T23:55:00,2026-05-06T04:45:00,DAL1036-1777781993-fa-392p,B739 
DAL1861-1777781167-fa-1455p,2026-05-05T21:56:00,0.4809129871424299,1,0.23455243167045187,replay_quantile@0.22,DL1861,N697DL,DL,ATL,SJU,2026-05-05T23:56:00,2026-05-06T02:45:00,DAL1576-1777782225-fa-910p,B752 
AAL3212-1777794646-airline-2346p,2026-05-05T21:57:00,0.4809129871424299,1,0.23455243167045187,replay_quantile@0.22,AA3212,N915US,AA,DFW,ATL,2026-05-05T23:57:00,2026-05-06T01:39:00,AAL2860-1777784923-airline-1545p,A321 
DAL2425-1777781994-fa-1199p,2026-05-05T21:59:00,0.19439755646652196,0,0.23455243167045187,replay_quantile@0.22,DL2425,N861DN,DL,ATL,SAV,2026-05-05T23:59:00,2026-05-06T00:38:00,DAL554-1777781965-fa-465p,B739 
DAL176-1777781231-fa-1093p,2026-05-05T22:00:00,0.17452252415732888,0,0.23455243167045187,replay_quantile@0.22,DL176,N832MH,DL,ATL,DUB,2026-05-06T00:00:00,2026-05-06T07:21:00,DAL175-1777781232-fa-795p,B764 
SWA3745-1777786296-airline-1543p,2026-05-05T22:05:00,0.9159149125737833,1,0.2581871152281434,replay_quantile@0.22,WN3745,N8732S,WN,DEN,ATL,2026-05-06T00:05:00,2026-05-06T02:17:00,SWA3432-1777704104-airline-1748p,B38M 
DAL1594-1777781274-fa-1077p,2026-05-05T22:05:00,0.1467644845748683,0,0.2581871152281434,replay_quantile@0.22,DL1594,N306DN,DL,TPA,ATL,2026-05-06T00:05:00,2026-05-06T01:09:00,DAL1594-1777781274-fa-899p,A321
DAL900-1777781548-fa-1075p,2026-05-05T22:55:00,0.1523089517022199,0,0.2581871152281434,replay_quantile@0.22,DL900,N316NB,DL,BOS,ATL,2026-05-06T00:55:00,2026-05-06T03:25:00,DAL2816-1777781546-fa-1157p,A319 
DAL1174-1777781362-fa-554p,2026-05-05T23:04:00,0.21077547339945898,0,0.2581871152281434,replay_quantile@0.22,DL1174,N353DN,DL,ATL,PHL,2026-05-06T01:04:00,2026-05-06T02:26:00,DAL2131-1777781365-fa-5035p,A321
JIA5560-1777783643-airline-681p,2026-05-05T23:05:00,0.0872515462679397,0,0.2581871152281434,replay_quantile@0.22,OH5560,N612NN,OH,DCA,ATL,2026-05-06T01:05:00,2026-05-06T02:46:00,JIA5132-1777783643-airline-240p,CRJ9 
DAL436-1777781637-fa-3912p,2026-05-05T23:09:00,0.1697625664277705,0,0.2581871152281434,replay_quantile@0.22,DL436,N328NW,DL,DFW,ATL,2026-05-06T01:09:00,2026-05-06T02:44:00,DAL436-1777781635-fa-912p,A320 
FFT2509-1777794175-airline-1692p,2026-05-05T23:23:00,0.5055182341650672,1,0.2581871152281434,replay_quantile@0.22,F92509,N656FR,F9,BWI,ATL,2026-05-06T01:23:00,2026-05-06T02:53:00,FFT3068-1777784511-airline-1272p,A21N 
UAL1287-1777784358-airline-626p,2026-05-05T23:24:00,0.3267569310122501,1,0.2581871152281434,replay_quantile@0.22,UA1287,N17417,UA,EWR,ATL,2026-05-06T01:24:00,2026-05-06T03:14:00,UAL620-1777788165-airline-1005p,B39M 
AAL659-1777795705-airline-1677p,2026-05-06T00:05:00,0.3938996220075599,1,0.2581871152281434,replay_quantile@0.22,AA659,N921NN,AA,MIA,ATL,2026-05-06T02:05:00,2026-05-06T03:41:00,AAL1884-1777792886-airline-5111p,B738 
FFT4347-1777794329-airline-153p,2026-05-06T00:10:00,0.5811893715731762,1,0.2581871152281434,replay_quantile@0.22,F94347,N714FR,F9,LGA,ATL,2026-05-06T02:10:00,2026-05-06T04:08:00,FFT3458-1777794329-airline-96p,A321 
UPS1307-1777981256-sw-337p,2026-05-06T00:36:00,0.17452252415732888,0,0.2581871152281434,replay_quantile@0.22,5X1307,N137UP,5X,ATL,PHL,2026-05-06T02:36:00,2026-05-06T04:08:00,UPS2308-1777959058-sw-278p,A306 
FFT1157-1777794175-airline-1525p,2026-05-06T00:39:00,0.9279139918013768,1,0.2581871152281434,replay_quantile@0.22,F91157,N393FR,F9,EWR,ATL,2026-05-06T02:39:00,2026-05-06T04:32:00,FFT1158-1777794175-airline-1526p,A20N 
FFT3086-1777794175-airline-1754p,2026-05-06T00:50:00,0.6289223682947892,1,0.2581871152281434,replay_quantile@0.22,F93086,N664FR,F9,ATL,BOS,2026-05-06T02:50:00,2026-05-06T05:01:00,FFT2871-1777794175-airline-1732p,A21N 
DAL1162-1777782228-fa-3404p,2026-05-06T00:50:00,0.2154495864860109,0,0.2581871152281434,replay_quantile@0.22,DL1162,N689DL,DL,ATL,MCO,2026-05-06T02:50:00,2026-05-06T03:51:00,DAL1742-1777782210-fa-1675p,B752 
DAL865-1777782135-fa-608p,2026-05-06T00:50:00,0.1470810266733769,0,0.2581871152281434,replay_quantile@0.22,DL865,N539DN,DL,ATL,BOS,2026-05-06T02:50:00,2026-05-06T04:58:00,DAL2294-1777782093-fa-473p,A21N 
DAL1229-1777781265-fa-797p,2026-05-06T00:57:00,0.13837174940898342,0,0.2581871152281434,replay_quantile@0.22,DL1229,N357DN,DL,ATL,FLL,2026-05-06T02:57:00,2026-05-06T04:10:00,DAL959-1777781264-fa-989p,A321 
FFT2174-1777794175-airline-1652p,2026-05-06T00:58:00,0.8768766661989617,1,0.2581871152281434,replay_quantile@0.22,F92174,N673FR,F9,ATL,FLL,2026-05-06T02:58:00,2026-05-06T04:17:00,FFT4702-1777794329-airline-185p,A21N 
DAL2590-1777782015-fa-1765p,2026-05-06T01:00:00,0.09804633890368933,0,0.2581871152281434,replay_quantile@0.22,DL2590,N870DN,DL,ATL,BWI,2026-05-06T03:00:00,2026-05-06T04:24:00,DAL349-1777781914-fa-1901p,B739 
DAL1560-1777782246-fa-1666p,2026-05-06T01:09:00,0.17385392385392384,0,0.2581871152281434,replay_quantile@0.22,DL1560,N819DX,DL,ATL,TPA,2026-05-06T03:09:00,2026-05-06T04:09:00,DAL929-1777708222-airline-1360p,B752 
FFT3453-1777794329-airline-94p,2026-05-06T02:34:04.166174+00:00,0.901036084315827,1,0.5333271589510724,quantile@0.22,F93453,N374FR,F9,LGA,ATL,2026-05-05T22:58:00,2026-05-06T00:43:00,FFT3454-1777794329-airline-95p,A20N 
SWA3745-1777786296-airline-1543p,2026-05-06T02:34:04.166174+00:00,0.8289076644538322,1,0.5333271589510724,quantile@0.22,WN3745,N8732S,WN,DEN,ATL,2026-05-06T00:05:00,2026-05-06T02:17:00,SWA3432-1777704104-airline-1748p,B38M 
UAL1305-1777766707-fa-1493p,2026-05-06T02:34:04.166174+00:00,0.778021978021978,1,0.5333271589510724,quantile@0.22,UA1305,N62849,UA,DEN,ATL,2026-05-05T23:49:00,2026-05-06T02:09:00,UAL2448-1777753017-fa-3986p,B739 
FFT1157-1777794175-airline-1525p,2026-05-06T02:34:04.166174+00:00,0.7136901559978484,1,0.5333271589510724,quantile@0.22,F91157,N393FR,F9,EWR,ATL,2026-05-06T02:39:00,2026-05-06T04:32:00,FFT1158-1777794175-airline-1526p,A20N 
FFT3086-1777794175-airline-1754p,2026-05-06T02:34:04.166174+00:00,0.5567805953693497,1,0.5333271589510724,quantile@0.22,F93086,N664FR,F9,ATL,BOS,2026-05-06T02:50:00,2026-05-06T05:01:00,FFT2871-1777794175-airline-1732p,A21N 
FFT4347-1777794329-airline-153p,2026-05-06T02:34:04.166174+00:00,0.4981470043236564,0,0.5333271589510724,quantile@0.22,F94347,N714FR,F9,LGA,ATL,2026-05-06T02:10:00,2026-05-06T04:08:00,FFT3458-1777794329-airline-96p,A321 
FFT4316-1777784511-airline-1341p,2026-05-06T02:34:04.166174+00:00,0.3974970202622169,0,0.5333271589510724,quantile@0.22,F94316,N671FR,F9,LAX,ATL,2026-05-05T22:38:00,2026-05-06T02:16:00,FFT1178-1777784511-airline-1134p,A21N 
AAL3212-1777794646-airline-2346p,2026-05-06T02:34:04.166174+00:00,0.3914621500172832,0,0.5333271589510724,quantile@0.22,AA3212,N915US,AA,DFW,ATL,2026-05-05T23:57:00,2026-05-06T01:39:00,AAL2860-1777784923-airline-1545p,A321 
AAL659-1777795705-airline-1677p,2026-05-06T02:34:04.166174+00:00,0.3331573854139174,0,0.5333271589510724,quantile@0.22,AA659,N921NN,AA,MIA,ATL,2026-05-06T02:05:00,2026-05-06T03:41:00,AAL1884-1777792886-airline-5111p,B738 
UPS1307-1777981256-sw-337p,2026-05-06T02:34:04.166174+00:00,0.29853554773787117,0,0.5333271589510724,quantile@0.22,5X1307,N137UP,5X,ATL,PHL,2026-05-06T02:36:00,2026-05-06T04:08:00,UPS2308-1777959058-sw-278p,A306 
DAL436-1777781637-fa-3912p,2026-05-06T02:34:04.166174+00:00,0.26352206231219366,0,0.5333271589510724,quantile@0.22,DL436,N328NW,DL,DFW,ATL,2026-05-06T01:09:00,2026-05-06T02:44:00,DAL436-1777781635-fa-912p,A320 
DAL865-1777782135-fa-608p,2026-05-06T02:34:04.166174+00:00,0.26352206231219366,0,0.5333271589510724,quantile@0.22,DL865,N539DN,DL,ATL,BOS,2026-05-06T02:50:00,2026-05-06T04:58:00,DAL2294-1777782093-fa-473p,A21N 
FFT2174-1777794175-airline-1652p,2026-05-06T02:34:04.166174+00:00,0.26352206231219366,0,0.5333271589510724,quantile@0.22,F92174,N673FR,F9,ATL,FLL,2026-05-06T02:58:00,2026-05-06T04:17:00,FFT4702-1777794329-airline-185p,A21N 
DAL1560-1777782246-fa-1666p,2026-05-06T02:34:04.166174+00:00,0.2293706797235023,0,0.5333271589510724,quantile@0.22,DL1560,N819DX,DL,ATL,TPA,2026-05-06T03:09:00,2026-05-06T04:09:00,DAL929-1777708222-airline-1360p,B752 
DAL1162-1777782228-fa-3404p,2026-05-06T02:34:04.166174+00:00,0.2034157472535228,0,0.5333271589510724,quantile@0.22,DL1162,N689DL,DL,ATL,MCO,2026-05-06T02:50:00,2026-05-06T03:51:00,DAL1742-1777782210-fa-1675p,B752 
FFT2509-1777794175-airline-1692p,2026-05-06T02:34:04.166174+00:00,0.1442965731457866,0,0.5333271589510724,quantile@0.22,F92509,N656FR,F9,BWI,ATL,2026-05-06T01:23:00,2026-05-06T02:53:00,FFT3068-1777784511-airline-1272p,A21N 
UAL1287-1777784358-airline-626p,2026-05-06T02:34:04.166174+00:00,0.10734022955930282,0,0.5333271589510724,quantile@0.22,UA1287,N17417,UA,EWR,ATL,2026-05-06T01:24:00,2026-05-06T03:14:00,UAL620-1777788165-airline-1005p,B39M 
DAL1229-1777781265-fa-797p,2026-05-06T02:34:04.166174+00:00,0.10368766462788517,0,0.5333271589510724,quantile@0.22,DL1229,N357DN,DL,ATL,FLL,2026-05-06T02:57:00,2026-05-06T04:10:00,DAL959-1777781264-fa-989p,A321 
JIA5560-1777783643-airline-681p,2026-05-06T02:34:04.166174+00:00,0.09637679462257297,0,0.5333271589510724,quantile@0.22,OH5560,N612NN,OH,DCA,ATL,2026-05-06T01:05:00,2026-05-06T02:46:00,JIA5132-1777783643-airline-240p,CRJ9 
DAL2590-1777782015-fa-1765p,2026-05-06T02:34:04.166174+00:00,0.08124452234881684,0,0.5333271589510724,quantile@0.22,DL2590,N870DN,DL,ATL,BWI,2026-05-06T03:00:00,2026-05-06T04:24:00,DAL349-1777781914-fa-1901p,B739 
DAL900-1777781548-fa-1075p,2026-05-06T02:34:04.166174+00:00,0.06215884349880825,0,0.5333271589510724,quantile@0.22,DL900,N316NB,DL,BOS,ATL,2026-05-06T00:55:00,2026-05-06T03:25:00,DAL2816-1777781546-fa-1157p,A319 
DAL447-1777788227-airline-1090p,2026-05-06T03:25:00,0.04477611940298507,0,0.2581871152281434,replay_quantile@0.22,DL447,N341DN,DL,ONT,ATL,2026-05-06T05:25:00,2026-05-06T08:54:00,DAL779-1777781267-fa-733p,A321
ETD13-1777872375-airline-4251p,2026-05-06T03:30:00,0.09471272171772895,0,0.2581871152281434,replay_quantile@0.22,EY13,A6-BNE,EY,AUH,ATL,2026-05-06T05:30:00,2026-05-06T21:02:00,ETD871-1777791251-airline-995p,B789 
DAL912-1777788227-airline-1215p,2026-05-06T03:35:00,0.03709898372041161,0,0.2581871152281434,replay_quantile@0.22,DL912,N354DN,DL,SLC,ATL,2026-05-06T05:35:00,2026-05-06T08:46:00,DAL660-1777781304-fa-503p,A321
DAL188-1777868128-fa-61p,2026-05-06T05:35:00,0.0689159398063836,0,0.2581871152281434,replay_quantile@0.22,DL188,N521DN,DL,ICN,ATL,2026-05-06T07:35:00,2026-05-06T20:43:00,DAL189-1777781711-fa-675p,A359 
DAL1168-1777867703-fa-470p,2026-05-06T07:35:00,0.028611464603857755,0,0.2581871152281434,replay_quantile@0.22,DL1168,N357DN,DL,FLL,ATL,2026-05-06T09:35:00,2026-05-06T11:04:00,DAL1229-1777781265-fa-797p,A321 
DAL1269-1777867686-fa-1078p,2026-05-06T07:40:00,0.03709898372041161,0,0.2581871152281434,replay_quantile@0.22,DL1269,N353DN,DL,PHL,ATL,2026-05-06T09:40:00,2026-05-06T11:18:00,DAL1174-1777781362-fa-554p,A321 
DAL26-1777868130-fa-875p,2026-05-06T08:00:00,0.06644576982549151,0,0.2581871152281434,replay_quantile@0.22,DL26,N527DN,DL,ICN,ATL,2026-05-06T10:00:00,2026-05-06T23:55:00,DAL159-1777781720-fa-332p,A359 
DAL410-1777867944-fa-667p,2026-05-06T08:10:00,0.04101666212201668,0,0.2581871152281434,replay_quantile@0.22,DL410,N361NW,DL,DCA,ATL,2026-05-06T10:10:00,2026-05-06T11:28:00,DAL537-1777781598-fa-646p,A320 
DAL1494-1777868674-fa-1275p,2026-05-06T08:25:00,0.027213251670378618,0,0.2581871152281434,replay_quantile@0.22,DL1494,N698DL,DL,MCO,ATL,2026-05-06T10:25:00,2026-05-06T11:29:00,DAL2035-1777782231-fa-1313p,B752 
DAL1456-1777868699-fa-227p,2026-05-06T08:30:00,0.018873720136518772,0,0.2581871152281434,replay_quantile@0.22,DL1456,N819DX,DL,TPA,ATL,2026-05-06T10:30:00,2026-05-06T11:33:00,DAL1560-1777782246-fa-1666p,B752 
DAL55-1777868070-fa-907p,2026-05-06T08:55:00,0.0788256227758007,0,0.2581871152281434,replay_quantile@0.22,DL55,N853NW,DL,LOS,ATL,2026-05-06T10:55:00,2026-05-06T22:51:00,DAL54-1777781674-fa-791p,A332 
SWA2647-1777876911-airline-925p,2026-05-06T09:00:00,0.08401499659168372,0,0.2581871152281434,replay_quantile@0.22,WN2647,N8788L,WN,ATL,DEN,2026-05-06T11:00:00,2026-05-06T14:19:00,SWA1777-1777795268-airline-1439p,B38M 
JBU1797-1777872124-airline-165p,2026-05-06T09:10:00,0.10165879973027646,0,0.2581871152281434,replay_quantile@0.22,B61797,N828JB,B6,ATL,FLL,2026-05-06T11:10:00,2026-05-06T12:34:00,JBU1798-1777786731-airline-1966p,A320 
DAL987-1777868700-fa-222p,2026-05-06T09:10:00,0.0788256227758007,0,0.2581871152281434,replay_quantile@0.22,DL987,N722TW,DL,ATL,BOS,2026-05-06T11:10:00,2026-05-06T13:13:00,DAL327-1777782242-fa-891p,B752 
DAL67-1777868078-fa-843p,2026-05-06T09:20:00,0.0788256227758007,0,0.2581871152281434,replay_quantile@0.22,DL67,N419DX,DL,FCO,ATL,2026-05-06T11:20:00,2026-05-06T21:48:00,DAL206-1777781676-fa-1159p,A339 
SWA207-1777880845-airline-1172p,2026-05-06T09:20:00,0.03660663833132693,0,0.2581871152281434,replay_quantile@0.22,WN207,N486WN,WN,ATL,BWI,2026-05-06T11:20:00,2026-05-06T12:39:00,SWA2535-1777875775-airline-1433p,B737 
DAL2204-1777868694-fa-614p,2026-05-06T09:25:00,0.10165879973027646,0,0.2581871152281434,replay_quantile@0.22,DL2204,N6716C,DL,ATL,MCO,2026-05-06T11:25:00,2026-05-06T12:21:00,DAL1946-1777781164-fa-179p,B752 
DAL2325-1777868477-fa-194p,2026-05-06T09:30:00,0.08003691700113763,0,0.2581871152281434,replay_quantile@0.22,DL2325,N864DN,DL,ATL,EWR,2026-05-06T11:30:00,2026-05-06T13:06:00,DAL1804-1777781958-fa-901p,B739 
DAL75-1777868083-fa-923p,2026-05-06T09:30:00,0.0788256227758007,0,0.2581871152281434,replay_quantile@0.22,DL75,N417DX,DL,AMS,ATL,2026-05-06T11:30:00,2026-05-06T20:44:00,DAL162-1777781698-fa-1596p,A339 
DAL839-1777867775-fa-613p,2026-05-06T09:35:00,0.11065904259218533,0,0.2581871152281434,replay_quantile@0.22,DL839,N127DN,DL,ATL,DFW,2026-05-06T11:35:00,2026-05-06T13:33:00,DAL957-1777781419-fa-57p,A321 
DAL926-1777868007-fa-1189p,2026-05-06T09:35:00,0.08899350310947436,0,0.2581871152281434,replay_quantile@0.22,DL926,N355NW,DL,ATL,DCA,2026-05-06T11:35:00,2026-05-06T12:48:00,DAL2047-1777781566-fa-162p,A320 
DAL1334-1777867270-fa-175p,2026-05-06T09:35:00,0.08098137900990834,0,0.2581871152281434,replay_quantile@0.22,DL1334,N354DN,DL,ATL,FLL,2026-05-06T11:35:00,2026-05-06T12:53:00,DAL912-1777788227-airline-1215p,A321 
DAL2605-1777868690-fa-936p,2026-05-06T09:35:00,0.07195336483736332,0,0.2581871152281434,replay_quantile@0.22,DL2605,N696DL,DL,ATL,TPA,2026-05-06T11:35:00,2026-05-06T12:33:00,DAL365-1777789009-airline-1649p,B752 
DAL1327-1777868692-fa-3033p,2026-05-06T09:40:00,0.1866118444781072,0,0.2581871152281434,replay_quantile@0.22,DL1327,N6705Y,DL,ATL,LAS,2026-05-06T11:40:00,2026-05-06T15:50:00,DAL1028-1777782213-fa-4251p,B752 
DAL2836-1777867537-fa-823p,2026-05-06T09:40:00,0.1172872010903234,0,0.2581871152281434,replay_quantile@0.22,DL2836,N554NW,DL,ATL,MIA,2026-05-06T11:40:00,2026-05-06T13:03:00,DAL1372-1777782186-fa-1877p,B752 
DAL1178-1777867658-fa-313p,2026-05-06T09:40:00,0.08899350310947436,0,0.2581871152281434,replay_quantile@0.22,DL1178,N341DN,DL,ATL,ORD,2026-05-06T11:40:00,2026-05-06T13:18:00,DAL447-1777788227-airline-1090p,A321 
DAL323-1777867733-fa-1439p,2026-05-06T09:40:00,0.07233496018494733,0,0.2581871152281434,replay_quantile@0.22,DL323,N387DN,DL,ATL,LGA,2026-05-06T11:40:00,2026-05-06T13:31:00,DAL302-1777867734-fa-1075p,A321 
DAL2153-1777867595-fa-1093p,2026-05-06T09:40:00,0.052474761637689285,0,0.2581871152281434,replay_quantile@0.22,DL2153,N306DN,DL,ATL,PHL,2026-05-06T11:40:00,2026-05-06T13:06:00,DAL1594-1777781274-fa-1077p,A321 
AAL3222-1777876411-airline-266p,2026-05-06T09:42:00,0.07195336483736332,0,0.2581871152281434,replay_quantile@0.22,AA3222,N9002U,AA,ATL,PHL,2026-05-06T11:42:00,2026-05-06T13:27:00,AAL2779-1777784923-airline-1454p,A319 
JIA3222-1777880750-airline-797p,2026-05-06T09:42:00,0.05946357494627077,0,0.2581871152281434,replay_quantile@0.22,OH3222,N9002U,OH,ATL,PHL,2026-05-06T11:42:00,2026-05-06T13:30:00,AAL2779-1777784923-airline-1454p,A319 
DAL996-1777867531-fa-706p,2026-05-06T09:45:00,0.1286818671102847,0,0.2581871152281434,replay_quantile@0.22,DL996,N6715C,DL,ATL,LAX,2026-05-06T11:45:00,2026-05-06T16:19:00,DAL722-1777793156-fa-1581p,B752 
DAL1592-1777868435-fa-1680p,2026-05-06T10:00:00,0.05725833614011452,0,0.2581871152281434,replay_quantile@0.22,DL1592,N838DN,DL,ATL,BWI,2026-05-06T12:00:00,2026-05-06T13:20:00,DAL654-1777792131-airline-1568p,B739 
AFR32-1777876875-airline-1142p,2026-05-06T10:10:00,0.1162886825208741,0,0.2581871152281434,replay_quantile@0.22,AF32,F-GSPU,AF,CDG,ATL,2026-05-06T12:10:00,2026-05-06T20:57:00,AFR33-1777788009-airline-1458p,B772 
SKW3744-1777814942-fa-2024p,2026-05-06T10:15:00,0.042102979369667747,0,0.2581871152281434,replay_quantile@0.22,OO3744,N265SY,OO,ATL,XNA,2026-05-06T12:15:00,2026-05-06T13:47:00,SKW3804-1777786044-airline-65p,E75L 
DAL1247-1777868458-fa-808p,2026-05-06T10:20:00,0.042102979369667747,0,0.2581871152281434,replay_quantile@0.22,DL1247,N3743H,DL,ORD,ATL,2026-05-06T12:20:00,2026-05-06T13:47:00,DAL2055-1777781810-fa-1186p,B738 
DAL31-1777867580-fa-1456p,2026-05-06T10:35:00,0.08098137900990834,0,0.2581871152281434,replay_quantile@0.22,DL31,N825MH,DL,LHR,ATL,2026-05-06T12:35:00,2026-05-06T21:37:00,DAL32-1777781235-fa-1328p,B764 
DAL2836-1777867537-fa-823p,2026-05-06T11:02:06.094700+00:00,0.16010032890844986,1,0.09136883740641334,quantile@0.22,DL2836,N554NW,DL,ATL,MIA,2026-05-06T11:40:00,2026-05-06T13:03:00,DAL1372-1777782186-fa-1877p,B752 
DAL1327-1777868692-fa-3033p,2026-05-06T11:02:06.094700+00:00,0.11685538815852606,1,0.09136883740641334,quantile@0.22,DL1327,N6705Y,DL,ATL,LAS,2026-05-06T11:40:00,2026-05-06T15:50:00,DAL1028-1777782213-fa-4251p,B752 
DAL1334-1777867270-fa-175p,2026-05-06T11:02:06.094700+00:00,0.11685538815852606,1,0.09136883740641334,quantile@0.22,DL1334,N354DN,DL,ATL,FLL,2026-05-06T11:35:00,2026-05-06T12:53:00,DAL912-1777788227-airline-1215p,A321 
DAL996-1777867531-fa-706p,2026-05-06T11:02:06.094700+00:00,0.10360426447574338,1,0.09136883740641334,quantile@0.22,DL996,N6715C,DL,ATL,LAX,2026-05-06T11:45:00,2026-05-06T16:19:00,DAL722-1777793156-fa-1581p,B752 
JBU1797-1777872124-airline-165p,2026-05-06T11:02:06.094700+00:00,0.09863013698630135,1,0.09136883740641334,quantile@0.22,B61797,N828JB,B6,ATL,FLL,2026-05-06T11:10:00,2026-05-06T12:34:00,JBU1798-1777786731-airline-1966p,A320 
DAL2204-1777868694-fa-614p,2026-05-06T11:02:06.094700+00:00,0.09136883740641334,1,0.09136883740641334,quantile@0.22,DL2204,N6716C,DL,ATL,MCO,2026-05-06T11:25:00,2026-05-06T12:21:00,DAL1946-1777781164-fa-179p,B752 
DAL926-1777868007-fa-1189p,2026-05-06T11:02:06.094700+00:00,0.09136883740641334,1,0.09136883740641334,quantile@0.22,DL926,N355NW,DL,ATL,DCA,2026-05-06T11:35:00,2026-05-06T12:48:00,DAL2047-1777781566-fa-162p,A320 
AAL3222-1777876411-airline-266p,2026-05-06T11:02:06.094700+00:00,0.08673129578923999,0,0.09136883740641334,quantile@0.22,AA3222,N9002U,AA,ATL,PHL,2026-05-06T11:42:00,2026-05-06T13:27:00,AAL2779-1777784923-airline-1454p,A319 
DAL839-1777867775-fa-613p,2026-05-06T11:02:06.094700+00:00,0.0837847967562779,0,0.09136883740641334,quantile@0.22,DL839,N127DN,DL,ATL,DFW,2026-05-06T11:35:00,2026-05-06T13:33:00,DAL957-1777781419-fa-57p,A321 
SWA2647-1777876911-airline-925p,2026-05-06T11:02:06.094700+00:00,0.07042585820455347,0,0.09136883740641334,quantile@0.22,WN2647,N8788L,WN,ATL,DEN,2026-05-06T11:00:00,2026-05-06T14:19:00,SWA1777-1777795268-airline-1439p,B38M 
DAL2325-1777868477-fa-194p,2026-05-06T11:02:06.094700+00:00,0.06623101740542095,0,0.09136883740641334,quantile@0.22,DL2325,N864DN,DL,ATL,EWR,2026-05-06T11:30:00,2026-05-06T13:06:00,DAL1804-1777781958-fa-901p,B739 
DAL1178-1777867658-fa-313p,2026-05-06T11:02:06.094700+00:00,0.06498021545710299,0,0.09136883740641334,quantile@0.22,DL1178,N341DN,DL,ATL,ORD,2026-05-06T11:40:00,2026-05-06T13:18:00,DAL447-1777788227-airline-1090p,A321 
DAL2605-1777868690-fa-936p,2026-05-06T11:02:06.094700+00:00,0.06498021545710299,0,0.09136883740641334,quantile@0.22,DL2605,N696DL,DL,ATL,TPA,2026-05-06T11:35:00,2026-05-06T12:33:00,DAL365-1777789009-airline-1649p,B752 
JIA3222-1777880750-airline-797p,2026-05-06T11:02:06.094700+00:00,0.052794790293821225,0,0.09136883740641334,quantile@0.22,OH3222,N9002U,OH,ATL,PHL,2026-05-06T11:42:00,2026-05-06T13:30:00,AAL2779-1777784923-airline-1454p,A319 
DAL987-1777868700-fa-222p,2026-05-06T11:02:06.094700+00:00,0.048215848823438545,0,0.09136883740641334,quantile@0.22,DL987,N722TW,DL,ATL,BOS,2026-05-06T11:10:00,2026-05-06T13:13:00,DAL327-1777782242-fa-891p,B752 
DAL323-1777867733-fa-1439p,2026-05-06T11:02:06.094700+00:00,0.046833656729581924,0,0.09136883740641334,quantile@0.22,DL323,N387DN,DL,ATL,LGA,2026-05-06T11:40:00,2026-05-06T13:31:00,DAL302-1777867734-fa-1075p,A321 
DAL1592-1777868435-fa-1680p,2026-05-06T11:02:06.094700+00:00,0.04460940752046621,0,0.09136883740641334,quantile@0.22,DL1592,N838DN,DL,ATL,BWI,2026-05-06T12:00:00,2026-05-06T13:20:00,DAL654-1777792131-airline-1568p,B739 
DAL2153-1777867595-fa-1093p,2026-05-06T11:02:06.094700+00:00,0.03760580411124546,0,0.09136883740641334,quantile@0.22,DL2153,N306DN,DL,ATL,PHL,2026-05-06T11:40:00,2026-05-06T13:06:00,DAL1594-1777781274-fa-1077p,A321 
DAL410-1777867944-fa-667p,2026-05-06T11:02:06.094700+00:00,0.03426165017416769,0,0.09136883740641334,quantile@0.22,DL410,N361NW,DL,DCA,ATL,2026-05-06T10:10:00,2026-05-06T11:28:00,DAL537-1777781598-fa-646p,A320 
DAL1269-1777867686-fa-1078p,2026-05-06T11:02:06.094700+00:00,0.03386761287165057,0,0.09136883740641334,quantile@0.22,DL1269,N353DN,DL,PHL,ATL,2026-05-06T09:40:00,2026-05-06T11:18:00,DAL1174-1777781362-fa-554p,A321 
SWA207-1777880845-airline-1172p,2026-05-06T11:02:06.094700+00:00,0.025932263393910786,0,0.09136883740641334,quantile@0.22,WN207,N486WN,WN,ATL,BWI,2026-05-06T11:20:00,2026-05-06T12:39:00,SWA2535-1777875775-airline-1433p,B737 
DAL1494-1777868674-fa-1275p,2026-05-06T11:02:06.094700+00:00,0.020823069596347752,0,0.09136883740641334,quantile@0.22,DL1494,N698DL,DL,MCO,ATL,2026-05-06T10:25:00,2026-05-06T11:29:00,DAL2035-1777782231-fa-1313p,B752 
DAL1168-1777867703-fa-470p,2026-05-06T11:02:06.094700+00:00,0.015702695629416383,0,0.09136883740641334,quantile@0.22,DL1168,N357DN,DL,FLL,ATL,2026-05-06T09:35:00,2026-05-06T11:04:00,DAL1229-1777781265-fa-797p,A321 
DAL1456-1777868699-fa-227p,2026-05-06T11:02:06.094700+00:00,0.012736149437486733,0,0.09136883740641334,quantile@0.22,DL1456,N819DX,DL,TPA,ATL,2026-05-06T10:30:00,2026-05-06T11:33:00,DAL1560-1777782246-fa-1666p,B752 
DAL85-1777868040-fa-125p,2026-05-06T11:50:00,0.08098137900990834,0,0.2581871152281434,replay_quantile@0.22,DL85,N807NW,DL,CDG,ATL,2026-05-06T13:50:00,2026-05-06T23:03:00,DAL264-1777781652-fa-663p,A333 
DAL37-1777867588-fa-3624p,2026-05-06T12:25:00,0.0872515462679397,0,0.2581871152281434,replay_quantile@0.22,DL37,N844MH,DL,LHR,ATL,2026-05-06T14:25:00,2026-05-06T23:20:00,DAL36-1777781245-fa-1186p,B764 
N147QS-1778016638-sw-120p,2026-05-06T13:30:00,0.17452252415732888,0,0.2581871152281434,replay_quantile@0.22,,N147QS,,ORK,ATL,2026-05-06T15:30:00,2026-05-06T23:24:00,N147QS-1777831231-sw-326p,GLEX 
RPA5817-1777870516-airline-1399p,2026-05-06T14:18:00,0.023617444171635686,0,0.2581871152281434,replay_quantile@0.22,YX5817,N860RW,YX,HHH,ATL,2026-05-06T16:18:00,2026-05-06T16:59:00,RPA5618-1777879470-airline-1735p,E170 
DAL885-1777868654-fa-8p,2026-05-06T15:05:00,0.05946357494627077,0,0.2581871152281434,replay_quantile@0.22,DL885,N586DT,DL,SLC,ATL,2026-05-06T17:05:00,2026-05-06T20:07:00,DAL859-1777868654-fa-7p,A21N 
DAL1757-1777867245-fa-925p,2026-05-06T15:05:00,0.05349705365131275,0,0.2581871152281434,replay_quantile@0.22,DL1757,N687DL,DL,SJU,ATL,2026-05-06T17:05:00,2026-05-06T20:42:00,DAL1757-1777867245-fa-923p,B752 
DAL1755-1777867614-fa-1728p,2026-05-06T15:10:00,0.1172872010903234,0,0.2581871152281434,replay_quantile@0.22,DL1755,N321DH,DL,PUJ,ATL,2026-05-06T17:10:00,2026-05-06T20:36:00,DAL1760-1777867614-fa-1727p,A321 
DAL927-1777868693-fa-1780p,2026-05-06T15:13:00,0.09471272171772895,0,0.2581871152281434,replay_quantile@0.22,DL927,N6705Y,DL,LAS,ATL,2026-05-06T17:13:00,2026-05-06T20:27:00,DAL1327-1777868692-fa-3033p,B752 
DAL1752-1777868367-fa-1689p,2026-05-06T15:20:00,0.08098137900990834,0,0.2581871152281434,replay_quantile@0.22,DL1752,N871DN,DL,AUA,ATL,2026-05-06T17:20:00,2026-05-06T21:10:00,DAL1751-1777868369-fa-1065p,B739 
UAL702-1777840155-fa-395p,2026-05-06T15:25:00,0.05650722331429998,0,0.2581871152281434,replay_quantile@0.22,UA702,N27323,UA,SFO,ATL,2026-05-06T17:25:00,2026-05-06T21:47:00,UAL1604-1777840155-fa-2499p,B38M 
DAL1823-1777867536-fa-955p,2026-05-06T15:32:00,0.12616630588937827,0,0.2581871152281434,replay_quantile@0.22,DL1823,N690DL,DL,STT,ATL,2026-05-06T17:32:00,2026-05-06T21:10:00,DAL1930-1777867536-fa-959p,B752 
DAL528-1777867532-fa-786p,2026-05-06T15:45:00,0.10165879973027646,0,0.2581871152281434,replay_quantile@0.22,DL528,N6715C,DL,LAX,ATL,2026-05-06T17:45:00,2026-05-06T21:48:00,DAL996-1777867531-fa-706p,B752 
DAL1873-1777868696-fa-1317p,2026-05-06T15:45:00,0.0872515462679397,0,0.2581871152281434,replay_quantile@0.22,DL1873,N6708D,DL,SXM,ATL,2026-05-06T17:45:00,2026-05-06T21:44:00,DAL1887-1777868696-fa-299p,B752 
DAL2235-1777867976-fa-1270p,2026-05-06T15:53:00,0.08003691700113763,0,0.2581871152281434,replay_quantile@0.22,DL2235,N339NW,DL,DEN,ATL,2026-05-06T17:53:00,2026-05-06T20:10:00,DAL2849-1777867973-fa-850p,A320 
DAL1317-1777868070-fa-80p,2026-05-06T16:02:00,0.04696156671356183,0,0.2581871152281434,replay_quantile@0.22,DL1317,N860NW,DL,PHX,ATL,2026-05-06T18:02:00,2026-05-06T20:47:00,DAL348-1777868069-fa-2746p,A332 
DAL2571-1777868735-fa-573p,2026-05-06T16:04:00,0.042102979369667747,0,0.2581871152281434,replay_quantile@0.22,DL2571,N892AT,DL,ATL,MYR,2026-05-06T18:04:00,2026-05-06T18:53:00,DAL3164-1777868735-fa-575p,B712 
DAL322-1777867589-fa-1254p,2026-05-06T16:10:00,0.08098137900990834,0,0.2581871152281434,replay_quantile@0.22,DL322,N335DN,DL,BOS,ATL,2026-05-06T18:10:00,2026-05-06T20:35:00,DAL855-1777867590-fa-894p,A321 
DAL725-1777868688-fa-1458p,2026-05-06T16:12:00,0.0746744847805467,0,0.2581871152281434,replay_quantile@0.22,DL725,N692DL,DL,SAN,ATL,2026-05-06T18:12:00,2026-05-06T21:55:00,DAL725-1777868688-fa-1457p,B752 
DAL1872-1777868172-fa-1112p,2026-05-06T16:15:00,0.09789156626506024,0,0.2581871152281434,replay_quantile@0.22,DL1872,N381DN,DL,PLS,ATL,2026-05-06T18:15:00,2026-05-06T20:54:00,DAL1869-1777868171-fa-213p,B738 
RPA5830-1777879471-airline-33p,2026-05-06T16:16:00,0.0689159398063836,0,0.2581871152281434,replay_quantile@0.22,YX5830,N860RW,YX,ATL,HHH,2026-05-06T18:16:00,2026-05-06T19:01:00,,E170 
DAL554-1777868662-fa-182p,2026-05-06T16:22:00,0.12616630588937827,0,0.2581871152281434,replay_quantile@0.22,DL554,N593DX,DL,SEA,ATL,2026-05-06T18:22:00,2026-05-06T22:29:00,DAL444-1777868660-fa-3840p,A21N 
SKW3869-1777873157-airline-1190p,2026-05-06T16:30:00,0.042102979369667747,0,0.2581871152281434,replay_quantile@0.22,OO3869,N304SY,OO,OAJ,ATL,2026-05-06T18:30:00,2026-05-06T19:42:00,SKW3869-1777870954-airline-631p,E75L 
DAL1082-1777867594-fa-1216p,2026-05-06T16:31:00,0.08899350310947436,0,0.2581871152281434,replay_quantile@0.22,DL1082,N323DN,DL,BDL,ATL,2026-05-06T18:31:00,2026-05-06T20:37:00,DAL1082-1777867592-fa-1311p,A321 
DAL1870-1777868468-fa-896p,2026-05-06T16:35:00,0.06635364989369241,0,0.2581871152281434,replay_quantile@0.22,DL1870,N883DN,DL,GCM,ATL,2026-05-06T18:35:00,2026-05-06T21:00:00,DAL600-1777868467-fa-718p,B739 
DAL1195-1777868739-fa-1622p,2026-05-06T16:41:00,0.05650722331429998,0,0.2581871152281434,replay_quantile@0.22,DL1195,N929AT,DL,HOU,ATL,2026-05-06T18:41:00,2026-05-06T20:15:00,DAL1195-1777868739-fa-216p,B712 
SWA279-1777876911-airline-1106p,2026-05-06T16:45:00,0.08003691700113763,0,0.2581871152281434,replay_quantile@0.22,WN279,N927WN,WN,AUS,ATL,2026-05-06T18:45:00,2026-05-06T20:32:00,SWA3391-1777871111-airline-790p,B737 
DAL1805-1777868184-fa-281p,2026-05-06T16:45:00,0.0746744847805467,0,0.2581871152281434,replay_quantile@0.22,DL1805,N3755D,DL,SAP,ATL,2026-05-06T18:45:00,2026-05-06T21:21:00,DAL1782-1777868185-fa-396p,B738 
DAL1803-1777868472-fa-140p,2026-05-06T16:47:00,0.06644576982549151,0,0.2581871152281434,replay_quantile@0.22,DL1803,N884DN,DL,SDQ,ATL,2026-05-06T18:47:00,2026-05-06T21:59:00,DAL1958-1777868472-fa-141p,B739 
JIA5049-1777872223-airline-237p,2026-05-06T16:48:00,0.09471272171772895,0,0.2581871152281434,replay_quantile@0.22,OH5049,N550NN,OH,CLT,ATL,2026-05-06T18:48:00,2026-05-06T19:35:00,JIA5587-1777872033-airline-908p,CRJ9 
DAL1802-1777867661-fa-1303p,2026-05-06T16:51:00,0.0746744847805467,0,0.2581871152281434,replay_quantile@0.22,DL1802,N343DN,DL,BZE,ATL,2026-05-06T18:51:00,2026-05-06T21:28:00,DAL1656-1777867669-fa-924p,A321 
AAL2737-1777871343-airline-764p,2026-05-06T16:55:00,0.12506268806419255,0,0.2581871152281434,replay_quantile@0.22,AA2737,N4005X,AA,ORD,ATL,2026-05-06T18:55:00,2026-05-06T20:29:00,AAL349-1777876411-airline-576p,A319 
DAL1555-1777867260-fa-931p,2026-05-06T16:55:00,0.10934441102038868,0,0.2581871152281434,replay_quantile@0.22,DL1555,N361DN,DL,TPA,ATL,2026-05-06T18:55:00,2026-05-06T19:59:00,DAL2264-1777694876-fa-165p,A321 
DAL583-1777867879-fa-170p,2026-05-06T16:55:00,0.06654470615138347,0,0.2581871152281434,replay_quantile@0.22,DL583,N346NB,DL,BDA,ATL,2026-05-06T18:55:00,2026-05-06T21:40:00,DAL584-1777867878-fa-520p,A319 
DAL1882-1777867568-fa-450p,2026-05-06T16:55:00,0.06302521008403361,0,0.2581871152281434,replay_quantile@0.22,DL1882,N199DN,DL,SJU,ATL,2026-05-06T18:55:00,2026-05-06T22:35:00,DAL1882-1777867568-fa-1268p,B763 
DAL1919-1777867627-fa-959p,2026-05-06T16:56:00,0.0746744847805467,0,0.2581871152281434,replay_quantile@0.22,DL1919,N362DN,DL,PUJ,ATL,2026-05-06T18:56:00,2026-05-06T22:24:00,DAL1796-1777867628-fa-996p,A321 
FFT1407-1777880967-airline-1292p,2026-05-06T16:59:00,0.6289223682947892,1,0.2581871152281434,replay_quantile@0.22,F91407,N634FR,F9,BUF,ATL,2026-05-06T18:59:00,2026-05-06T20:59:00,FFT1408-1777880967-airline-1293p,A21N 
DAL597-1777867719-fa-317p,2026-05-06T17:00:00,0.07233496018494733,0,0.2581871152281434,replay_quantile@0.22,DL597,N365DN,DL,CUN,ATL,2026-05-06T19:00:00,2026-05-06T21:11:00,DAL598-1777867723-fa-159p,A321 
DAL879-1777868434-fa-747p,2026-05-06T17:01:00,0.04696156671356183,0,0.2581871152281434,replay_quantile@0.22,DL879,N867DN,DL,PDX,ATL,2026-05-06T19:01:00,2026-05-06T23:06:00,DAL539-1777868433-fa-522p,B739 
DAL327-1777868700-fa-225p,2026-05-06T17:04:00,0.17452252415732888,0,0.2581871152281434,replay_quantile@0.22,DL327,N723TW,DL,SNA,ATL,2026-05-06T19:04:00,2026-05-06T23:21:00,DAL1857-1777868700-fa-224p,B752 
DAL2011-1777867653-fa-42p,2026-05-06T17:05:00,0.04696156671356183,0,0.2581871152281434,replay_quantile@0.22,DL2011,N330DX,DL,AUS,ATL,2026-05-06T19:05:00,2026-05-06T20:47:00,DAL2011-1777867650-fa-979p,A321 
DAL2620-1777868728-fa-118p,2026-05-06T17:05:00,0.015716680637049455,0,0.2581871152281434,replay_quantile@0.22,DL2620,N965AT,DL,TUL,ATL,2026-05-06T19:05:00,2026-05-06T20:27:00,DAL2620-1777868728-fa-115p,B712 
DAL1866-1777868003-fa-425p,2026-05-06T17:06:00,0.08003691700113763,0,0.2581871152281434,replay_quantile@0.22,DL1866,N378NW,DL,MTY,ATL,2026-05-06T19:06:00,2026-05-06T21:22:00,DAL1929-1777867998-fa-665p,A320 
FFT2198-1777870984-airline-556p,2026-05-06T17:09:00,0.9159149125737833,1,0.2581871152281434,replay_quantile@0.22,F92198,N655FR,F9,ORD,ATL,2026-05-06T19:09:00,2026-05-06T20:37:00,FFT1441-1777784511-airline-1164p,A21N 
DAL945-1777867580-fa-1455p,2026-05-06T17:10:00,0.1653163404642695,0,0.2581871152281434,replay_quantile@0.22,DL945,N828MH,DL,LAS,ATL,2026-05-06T19:10:00,2026-05-06T22:31:00,DAL945-1777867581-fa-1150p,B764 
DAL638-1777867674-fa-83p,2026-05-06T17:10:00,0.1456462741179806,0,0.2581871152281434,replay_quantile@0.22,DL638,N359DN,DL,BOS,ATL,2026-05-06T19:10:00,2026-05-06T21:31:00,DAL862-1777867667-fa-656p,A321 
DAL974-1777867761-fa-166p,2026-05-06T17:10:00,0.11065904259218533,0,0.2581871152281434,replay_quantile@0.22,DL974,N392DN,DL,LGA,ATL,2026-05-06T19:10:00,2026-05-06T21:08:00,DAL467-1777867760-fa-261p,A321 
DAL2135-1777867950-fa-136p,2026-05-06T17:10:00,0.10165879973027646,0,0.2581871152281434,replay_quantile@0.22,DL2135,N353NW,DL,IAD,ATL,2026-05-06T19:10:00,2026-05-06T20:45:00,DAL2135-1777867950-fa-135p,A320 
DAL3150-1777868270-fa-894p,2026-05-06T17:10:00,0.08098137900990834,0,0.2581871152281434,replay_quantile@0.22,DL3150,N3732J,DL,CVG,ATL,2026-05-06T19:10:00,2026-05-06T20:21:00,DAL1503-1777781784-fa-666p,B738 
DAL1408-1777868033-fa-913p,2026-05-06T17:10:00,0.0751131221719457,0,0.2581871152281434,replay_quantile@0.22,DL1408,N366NW,DL,SAT,ATL,2026-05-06T19:10:00,2026-05-06T20:58:00,DAL1408-1777868032-fa-1121p,A320 
EDV5325-1777870516-airline-1488p,2026-05-06T17:11:00,0.018873720136518772,0,0.2581871152281434,replay_quantile@0.22,9E5325,N279PQ,9E,TYS,ATL,2026-05-06T19:11:00,2026-05-06T19:51:00,,CRJ9 
SKW3935-1777835841-fa-1925p,2026-05-06T17:12:00,0.08098137900990834,0,0.2581871152281434,replay_quantile@0.22,OO3935,N244SY,OO,ATL,MOB,2026-05-06T19:12:00,2026-05-06T20:09:00,SKW4211-1778031046-fa-496p,E75L 
DAL1804-1777868487-fa-2010p,2026-05-06T17:12:00,0.07195336483736332,0,0.2581871152281434,replay_quantile@0.22,DL1804,N899DN,DL,GDL,ATL,2026-05-06T19:12:00,2026-05-06T22:06:00,DAL1992-1777868487-fa-2012p,B739 
FFT4702-1777877850-airline-1312p,2026-05-06T17:13:00,0.28363367069859274,1,0.2581871152281434,replay_quantile@0.22,F94702,,F9,AUS,ATL,2026-05-06T19:13:00,2026-05-06T20:57:00,,A21N 
SWA485-1777872785-airline-970p,2026-05-06T17:15:00,0.29915460484180867,1,0.2581871152281434,replay_quantile@0.22,WN485,N8613K,WN,BWI,ATL,2026-05-06T19:15:00,2026-05-06T20:52:00,SWA921-1777881901-airline-1814p,B738 
DAL1902-1777868696-fa-301p,2026-05-06T17:15:00,0.1467644845748683,0,0.2581871152281434,replay_quantile@0.22,DL1902,N693DL,DL,STT,ATL,2026-05-06T19:15:00,2026-05-06T22:56:00,DAL1902-1777868695-fa-124p,B752 
UAL555-1777875348-airline-1147p,2026-05-06T17:16:00,0.7877196986989272,1,0.2581871152281434,replay_quantile@0.22,UA555,N66893,UA,ATL,EWR,2026-05-06T19:16:00,2026-05-06T21:01:00,UAL2669-1777853112-fa-454p,B739 
DAL1816-1777868389-fa-3340p,2026-05-06T17:16:00,0.0747827136648962,0,0.2581871152281434,replay_quantile@0.22,DL1816,N875DN,DL,PVR,ATL,2026-05-06T19:16:00,2026-05-06T22:19:00,DAL1941-1777868389-fa-4609p,B739 
DAL785-1777868577-fa-1121p,2026-05-06T17:16:00,0.0689159398063836,0,0.2581871152281434,replay_quantile@0.22,DL785,N514DE,DL,SFO,ATL,2026-05-06T19:16:00,2026-05-06T23:20:00,DAL785-1777868577-fa-433p,A21N 
FFT3975-1777877850-airline-1250p,2026-05-06T17:20:00,0.5108397365532381,1,0.2581871152281434,replay_quantile@0.22,F93975,N349FR,F9,MCO,ATL,2026-05-06T19:20:00,2026-05-06T20:42:00,FFT3976-1777870984-airline-694p,A20N 
DAL1800-1777868277-fa-1392p,2026-05-06T17:20:00,0.0746744847805467,0,0.2581871152281434,replay_quantile@0.22,DL1800,N3751B,DL,MBJ,ATL,2026-05-06T19:20:00,2026-05-06T21:58:00,DAL1801-1777868277-fa-1602p,B738 
DAL1554-1777867669-fa-928p,2026-05-06T17:23:00,0.23455243167045187,0,0.2581871152281434,replay_quantile@0.22,DL1554,N348DN,DL,FLL,ATL,2026-05-06T19:23:00,2026-05-06T20:49:00,DAL1341-1777867674-fa-85p,A321 
EDV5361-1777877538-airline-544p,2026-05-06T17:23:00,0.05946357494627077,0,0.2581871152281434,replay_quantile@0.22,9E5361,N292PQ,9E,CHA,ATL,2026-05-06T19:23:00,2026-05-06T19:54:00,EDV5361-1777873937-airline-754p,CRJ9 
DAL1831-1777867246-fa-1040p,2026-05-06T17:24:00,0.12616630588937827,0,0.2581871152281434,replay_quantile@0.22,DL1831,N551NW,DL,GUA,ATL,2026-05-06T19:24:00,2026-05-06T22:25:00,DAL1830-1777867246-fa-1041p,B752 
DAL2427-1777868228-fa-3900p,2026-05-06T17:24:00,0.05946357494627077,0,0.2581871152281434,replay_quantile@0.22,DL2427,N399DA,DL,COS,ATL,2026-05-06T19:24:00,2026-05-06T21:17:00,DAL2427-1777868230-fa-1192p,B738 
DAL1579-1777867709-fa-1095p,2026-05-06T17:27:00,0.4968094804010938,1,0.2581871152281434,replay_quantile@0.22,DL1579,N360DN,DL,MIA,ATL,2026-05-06T19:27:00,2026-05-06T20:53:00,DAL1579-1777867709-fa-210p,A321 
DAL1002-1777868209-fa-903p,2026-05-06T17:29:00,0.1456462741179806,0,0.2581871152281434,replay_quantile@0.22,DL1002,N372DA,DL,ELP,ATL,2026-05-06T19:29:00,2026-05-06T22:01:00,DAL1002-1777868209-fa-289p,B738 
DAL906-1777867561-fa-365p,2026-05-06T17:30:00,0.10165879973027646,0,0.2581871152281434,replay_quantile@0.22,DL906,N390DN,DL,SLC,ATL,2026-05-06T19:30:00,2026-05-06T22:30:00,DAL387-1777867558-fa-822p,A321 
DAL587-1777868175-fa-583p,2026-05-06T17:30:00,0.0872515462679397,0,0.2581871152281434,replay_quantile@0.22,DL587,N377DA,DL,MEX,ATL,2026-05-06T19:30:00,2026-05-06T22:19:00,DAL588-1777868175-fa-585p,B738 
EDV5163-1777846771-fa-1011p,2026-05-06T17:32:00,0.10165879973027646,0,0.2581871152281434,replay_quantile@0.22,9E5163,N901XJ,9E,CRW,ATL,2026-05-06T19:32:00,2026-05-06T20:47:00,EDV5209-1777846770-fa-1004p,CRJ9 
DAL2827-1777868561-fa-270p,2026-05-06T17:32:00,0.04101666212201668,0,0.2581871152281434,replay_quantile@0.22,DL2827,N822DN,DL,DAB,ATL,2026-05-06T19:32:00,2026-05-06T20:26:00,DAL2827-1777868561-fa-267p,B739 
DAL409-1777868571-fa-2018p,2026-05-06T17:33:00,0.04477611940298507,0,0.2581871152281434,replay_quantile@0.22,DL409,N932DZ,DL,MSY,ATL,2026-05-06T19:33:00,2026-05-06T20:34:00,DAL409-1777868571-fa-2015p,B739 
EDV4958-1777869347-fa-526p,2026-05-06T17:34:00,0.0689159398063836,0,0.2581871152281434,replay_quantile@0.22,9E4958,N195PQ,9E,ATL,MLI,2026-05-06T19:34:00,2026-05-06T21:43:00,EDV5241-1777870860-airline-532p,CRJ9 
DAL904-1777868483-fa-168p,2026-05-06T17:34:00,0.063874838254323,0,0.2581871152281434,replay_quantile@0.22,DL904,N894DN,DL,SMF,ATL,2026-05-06T19:34:00,2026-05-06T23:29:00,DAL904-1777868481-fa-661p,B739 
DAL2438-1777868564-fa-995p,2026-05-06T17:34:00,0.030237133685409555,0,0.2581871152281434,replay_quantile@0.22,DL2438,N955DZ,DL,SRQ,ATL,2026-05-06T19:34:00,2026-05-06T20:47:00,,B739 
AAL1811-1777875601-airline-1754p,2026-05-06T17:35:00,0.23455243167045187,0,0.2581871152281434,replay_quantile@0.22,AA1811,N343SY,AA,DFW,ATL,2026-05-06T19:35:00,2026-05-06T21:19:00,AAL1239-1777787792-airline-964p,B38M 
DAL1884-1777868293-fa-1491p,2026-05-06T17:35:00,0.08899350310947436,0,0.2581871152281434,replay_quantile@0.22,DL1884,N3760C,DL,ORD,ATL,2026-05-06T19:35:00,2026-05-06T21:01:00,DAL2055-1777868293-fa-1490p,B738 
DAL995-1777867770-fa-938p,2026-05-06T17:35:00,0.08899350310947436,0,0.2581871152281434,replay_quantile@0.22,DL995,N370DN,DL,DEN,ATL,2026-05-06T19:35:00,2026-05-06T21:46:00,DAL995-1777867769-fa-1407p,A321 
DAL1820-1777867255-fa-963p,2026-05-06T17:35:00,0.0872515462679397,0,0.2581871152281434,replay_quantile@0.22,DL1820,N123DW,DL,LIR,ATL,2026-05-06T19:35:00,2026-05-06T22:50:00,DAL1898-1777867256-fa-711p,A321 
DAL1959-1777868194-fa-158p,2026-05-06T17:35:00,0.08098137900990834,0,0.2581871152281434,replay_quantile@0.22,DL1959,N3763D,DL,PLS,ATL,2026-05-06T19:35:00,2026-05-06T22:15:00,DAL1996-1777868194-fa-157p,B738 
DAL581-1777868561-fa-889p,2026-05-06T17:35:00,0.06654470615138347,0,0.2581871152281434,replay_quantile@0.22,DL581,N870DN,DL,AUA,ATL,2026-05-06T19:35:00,2026-05-06T23:29:00,DAL582-1777868561-fa-273p,B739 
DAL2340-1777867697-fa-326p,2026-05-06T17:36:00,0.5108397365532381,1,0.2581871152281434,replay_quantile@0.22,DL2340,N353DN,DL,ATL,EWR,2026-05-06T19:36:00,2026-05-06T21:11:00,DAL1384-1777867695-fa-655p,A321 
DAL2322-1777868272-fa-744p,2026-05-06T17:36:00,0.4043801329683223,1,0.2581871152281434,replay_quantile@0.22,DL2322,N3737C,DL,EWR,ATL,2026-05-06T19:36:00,2026-05-06T21:25:00,DAL2322-1777868271-fa-595p,B738 
DAL1772-1777868382-fa-2p,2026-05-06T17:36:00,0.08098137900990834,0,0.2581871152281434,replay_quantile@0.22,DL1772,N923DZ,DL,TQO,ATL,2026-05-06T19:36:00,2026-05-06T21:58:00,DAL1773-1777868381-fa-868p,B739 
DAL1758-1777868373-fa-340p,2026-05-06T17:37:00,0.12045643951535352,0,0.2581871152281434,replay_quantile@0.22,DL1758,N826DN,DL,PTY,ATL,2026-05-06T19:37:00,2026-05-06T23:25:00,DAL1759-1777868373-fa-341p,B739 
UAL356-1777853112-fa-460p,2026-05-06T17:37:00,0.1172872010903234,0,0.2581871152281434,replay_quantile@0.22,UA356,N801UA,UA,ORD,ATL,2026-05-06T19:37:00,2026-05-06T21:31:00,UAL1920-1777852999-fa-1134p,A319 
SKW3890-1777873157-airline-1209p,2026-05-06T17:38:00,0.1172872010903234,0,0.2581871152281434,replay_quantile@0.22,OO3890,N264SY,OO,ROA,ATL,2026-05-06T19:38:00,2026-05-06T20:38:00,SKW3890-1777784077-airline-1155p,E75L 
DAL1976-1777867608-fa-1337p,2026-05-06T17:38:00,0.08899350310947436,0,0.2581871152281434,replay_quantile@0.22,DL1976,N317DN,DL,NAS,ATL,2026-05-06T19:38:00,2026-05-06T21:29:00,DAL1938-1777867607-fa-403p,A321 
SWA1275-1777873095-airline-1177p,2026-05-06T17:40:00,0.16176214522026816,0,0.2581871152281434,replay_quantile@0.22,WN1275,N7738A,WN,DAL,ATL,2026-05-06T19:40:00,2026-05-06T21:11:00,SWA2591-1777876911-airline-870p,B737 
DAL2692-1777868561-fa-891p,2026-05-06T17:44:00,0.027213251670378618,0,0.2581871152281434,replay_quantile@0.22,DL2692,N950DZ,DL,BNA,ATL,2026-05-06T19:44:00,2026-05-06T20:23:00,DAL3130-1777868561-fa-264p,B739 
SWA3453-1777871111-airline-842p,2026-05-06T17:45:00,0.1590411957710536,0,0.2581871152281434,replay_quantile@0.22,WN3453,N8769Q,WN,MDW,ATL,2026-05-06T19:45:00,2026-05-06T21:27:00,SWA202-1777880845-airline-1107p,B38M 
DAL519-1777867547-fa-146p,2026-05-06T17:46:00,0.17757594738490443,0,0.2581871152281434,replay_quantile@0.22,DL519,N381DZ,DL,ATL,DEN,2026-05-06T19:46:00,2026-05-06T22:45:00,DAL990-1777867545-fa-1960p,A321 
DAL1848-1777868525-fa-476p,2026-05-06T17:46:00,0.07195336483736332,0,0.2581871152281434,replay_quantile@0.22,DL1848,N902DN,DL,SJD,ATL,2026-05-06T19:46:00,2026-05-06T22:59:00,DAL1815-1777868525-fa-478p,B739 
EDV5245-1777871014-airline-309p,2026-05-06T17:49:00,0.06233204725946158,0,0.2581871152281434,replay_quantile@0.22,9E5245,N354CA,9E,ATL,BQK,2026-05-06T19:49:00,2026-05-06T20:31:00,EDV5304-1777821080-fa-756p,CRJ7 
DAL2718-1777868734-fa-2032p,2026-05-06T17:50:00,0.027213251670378618,0,0.2581871152281434,replay_quantile@0.22,DL2718,N607AT,DL,GPT,ATL,2026-05-06T19:50:00,2026-05-06T20:48:00,,B712 
JBU220-1777872124-airline-244p,2026-05-06T17:51:00,0.45117200396170354,1,0.2581871152281434,replay_quantile@0.22,B6220,N615JB,B6,JFK,ATL,2026-05-06T19:51:00,2026-05-06T21:44:00,JBU1730-1777871714-airline-1685p,A320 
EDV5185-1777851018-fa-1524p,2026-05-06T17:51:00,0.06233204725946158,0,0.2581871152281434,replay_quantile@0.22,9E5185,N669CA,9E,ATL,MLU,2026-05-06T19:51:00,2026-05-06T20:58:00,EDV4989-1777832133-fa-2049p,CRJ7 
DAL2314-1777867832-fa-344p,2026-05-06T17:51:00,0.05650722331429998,0,0.2581871152281434,replay_quantile@0.22,DL2314,N352NB,DL,PVD,ATL,2026-05-06T19:51:00,2026-05-06T22:08:00,DAL2314-1777867831-fa-358p,A319 
DAL2279-1777867721-fa-321p,2026-05-06T17:52:00,0.0522695476449557,0,0.2581871152281434,replay_quantile@0.22,DL2279,N334DN,DL,PHL,ATL,2026-05-06T19:52:00,2026-05-06T21:36:00,DAL2279-1777867715-fa-1262p,A321 
DAL1266-1777867600-fa-676p,2026-05-06T17:53:00,0.09804633890368933,0,0.2581871152281434,replay_quantile@0.22,DL1266,N346DN,DL,PBI,ATL,2026-05-06T19:53:00,2026-05-06T21:13:00,DAL1266-1777867600-fa-677p,A321 
UAL462-1777853112-fa-462p,2026-05-06T17:55:00,0.1653163404642695,0,0.2581871152281434,replay_quantile@0.22,UA462,N14704,UA,IAH,ATL,2026-05-06T19:55:00,2026-05-06T21:30:00,UAL425-1777853034-fa-809p,B737 
SWA799-1777881901-airline-1714p,2026-05-06T17:55:00,0.03660663833132693,0,0.2581871152281434,replay_quantile@0.22,WN799,N431WN,WN,BNA,ATL,2026-05-06T19:55:00,2026-05-06T20:55:00,SWA1369-1777873095-airline-1277p,B737 
DAL1549-1777868726-fa-305p,2026-05-06T17:56:00,0.023605150214592276,0,0.2581871152281434,replay_quantile@0.22,DL1549,N967AT,DL,TLH,ATL,2026-05-06T19:56:00,2026-05-06T20:46:00,DAL1549-1777868726-fa-303p,B712 
RPA4611-1777871812-airline-502p,2026-05-06T17:58:00,0.1523089517022199,0,0.2581871152281434,replay_quantile@0.22,YX4611,N137HQ,YX,ATL,LGA,2026-05-06T19:58:00,2026-05-06T21:53:00,RPA4592-1777871812-airline-485p,E75S 
DAL1246-1777868253-fa-944p,2026-05-06T18:00:00,0.030237133685409555,0,0.2581871152281434,replay_quantile@0.22,DL1246,N3752,DL,MKE,ATL,2026-05-06T20:00:00,2026-05-06T21:48:00,DAL1246-1777868252-fa-512p,B738 
DAL796-1777867245-fa-1989p,2026-05-06T18:01:00,0.0689159398063836,0,0.2581871152281434,replay_quantile@0.22,DL796,N822DX,DL,PHX,ATL,2026-05-06T20:01:00,2026-05-06T23:24:00,DAL1053-1777867245-fa-1987p,B752 
DAL937-1777868449-fa-1190p,2026-05-06T18:01:00,0.03580259633216567,0,0.2581871152281434,replay_quantile@0.22,DL937,N908DN,DL,TUS,ATL,2026-05-06T20:01:00,2026-05-06T23:02:00,DAL937-1777868448-fa-315p,B739 
SWA2088-1777880845-airline-1192p,2026-05-06T18:05:00,0.3014599803797104,1,0.2581871152281434,replay_quantile@0.22,WN2088,N8716B,WN,MCO,ATL,2026-05-06T20:05:00,2026-05-06T21:09:00,SWA182-1777880845-airline-917p,B38M 
DAL1720-1777868698-fa-460p,2026-05-06T18:05:00,0.12616630588937827,0,0.2581871152281434,replay_quantile@0.22,DL1720,N6716C,DL,TPA,ATL,2026-05-06T20:05:00,2026-05-06T21:07:00,DAL1720-1777868698-fa-457p,B752 
DAL1029-1777868354-fa-1375p,2026-05-06T18:05:00,0.11086816081101228,0,0.2581871152281434,replay_quantile@0.22,DL1029,N833DN,DL,JFK,ATL,2026-05-06T20:05:00,2026-05-06T22:22:00,DAL2380-1777868354-fa-1376p,B739 
SWA3001-1777871111-airline-431p,2026-05-06T18:05:00,0.0522695476449557,0,0.2581871152281434,replay_quantile@0.22,WN3001,N8685B,WN,MCI,ATL,2026-05-06T20:05:00,2026-05-06T21:52:00,SWA3140-1777871111-airline-549p,B738 
RPA4582-1777871812-airline-474p,2026-05-06T18:06:00,0.08003691700113763,0,0.2581871152281434,replay_quantile@0.22,YX4582,N406YX,YX,LGA,ATL,2026-05-06T20:06:00,2026-05-06T22:11:00,RPA4695-1777871812-airline-584p,E75S 
DAL1836-1777867600-fa-1238p,2026-05-06T18:07:00,0.06644576982549151,0,0.2581871152281434,replay_quantile@0.22,DL1836,N336DX,DL,PUJ,ATL,2026-05-06T20:07:00,2026-05-06T23:34:00,DAL1916-1777867599-fa-1560p,A321 
DAL2990-1777868690-fa-935p,2026-05-06T18:07:00,0.05038602194229989,0,0.2581871152281434,replay_quantile@0.22,DL2990,N900PC,DL,JAX,ATL,2026-05-06T20:07:00,2026-05-06T20:55:00,DAL2990-1777868690-fa-934p,B752 
DAL2020-1777868454-fa-618p,2026-05-06T18:07:00,0.02076670681563317,0,0.2581871152281434,replay_quantile@0.22,DL2020,N821DN,DL,OKC,ATL,2026-05-06T20:07:00,2026-05-06T21:48:00,DAL2020-1777868453-fa-45p,B739 
DAL3032-1777868743-fa-881p,2026-05-06T18:08:00,0.03407691579047077,0,0.2581871152281434,replay_quantile@0.22,DL3032,N603AT,DL,ATL,CAE,2026-05-06T20:08:00,2026-05-06T20:45:00,DAL3012-1777868743-fa-876p,B712 
DAL1572-1777867778-fa-78p,2026-05-06T18:09:00,0.1590411957710536,0,0.2581871152281434,replay_quantile@0.22,DL1572,N383DZ,DL,IAH,ATL,2026-05-06T20:09:00,2026-05-06T21:36:00,DAL2890-1777867778-fa-98p,A321 
DAL3189-1777868723-fa-738p,2026-05-06T18:09:00,0.10966116696548124,0,0.2581871152281434,replay_quantile@0.22,DL3189,N953AT,DL,ATL,CHS,2026-05-06T20:09:00,2026-05-06T20:49:00,DAL3151-1777868723-fa-744p,B712 
EDV5263-1777870860-airline-593p,2026-05-06T18:09:00,0.04794745484400657,0,0.2581871152281434,replay_quantile@0.22,9E5263,N678CA,9E,AGS,ATL,2026-05-06T20:09:00,2026-05-06T20:46:00,EDV5263-1777877538-airline-582p,CRJ9 
DAL1036-1777868433-fa-520p,2026-05-06T18:09:00,0.042102979369667747,0,0.2581871152281434,replay_quantile@0.22,DL1036,N921DU,DL,MSP,ATL,2026-05-06T20:09:00,2026-05-06T22:05:00,DAL799-1777868433-fa-518p,B739 
DAL3083-1777868741-fa-4451p,2026-05-06T18:09:00,0.02076670681563317,0,0.2581871152281434,replay_quantile@0.22,DL3083,N922AT,DL,VPS,ATL,2026-05-06T20:09:00,2026-05-06T20:56:00,DAL3083-1777868741-fa-4448p,B712 
SWA1777-1777880845-airline-877p,2026-05-06T18:10:00,0.4072312083729781,1,0.2581871152281434,replay_quantile@0.22,WN1777,N8855Q,WN,DEN,ATL,2026-05-06T20:10:00,2026-05-06T22:22:00,SWA1219-1777873095-airline-1122p,B38M 
DAL399-1777867623-fa-849p,2026-05-06T18:10:00,0.17757594738490443,0,0.2581871152281434,replay_quantile@0.22,DL399,N327DN,DL,BOS,ATL,2026-05-06T20:10:00,2026-05-06T22:35:00,DAL350-1777867624-fa-502p,A321 
DAL969-1777867556-fa-1958p,2026-05-06T18:10:00,0.1286818671102847,0,0.2581871152281434,replay_quantile@0.22,DL969,N386DN,DL,LGA,ATL,2026-05-06T20:10:00,2026-05-06T22:04:00,DAL1511-1777867555-fa-420p,A321 
DAL1020-1777868009-fa-921p,2026-05-06T18:10:00,0.10165879973027646,0,0.2581871152281434,replay_quantile@0.22,DL1020,N355NW,DL,DCA,ATL,2026-05-06T20:10:00,2026-05-06T21:46:00,DAL360-1777868011-fa-1067p,A320 
EDV5194-1777850410-fa-1755p,2026-05-06T18:10:00,0.03580259633216567,0,0.2581871152281434,replay_quantile@0.22,9E5194,N313PQ,9E,JAN,ATL,2026-05-06T20:10:00,2026-05-06T21:05:00,EDV5194-1777850410-fa-1749p,CRJ9 
DAL1013-1777868742-fa-420p,2026-05-06T18:10:00,0.023605150214592276,0,0.2581871152281434,replay_quantile@0.22,DL1013,N937AT,DL,PNS,ATL,2026-05-06T20:10:00,2026-05-06T21:04:00,DAL1013-1777868742-fa-421p,B712 
DAL2812-1777868730-fa-243p,2026-05-06T18:11:00,0.0522695476449557,0,0.2581871152281434,replay_quantile@0.22,DL2812,N717JL,DL,ATL,GSO,2026-05-06T20:11:00,2026-05-06T20:53:00,DAL3176-1777868730-fa-244p,B712 
DAL3193-1777868741-fa-3978p,2026-05-06T18:11:00,0.019105026563138536,0,0.2581871152281434,replay_quantile@0.22,DL3193,N926AT,DL,CAE,ATL,2026-05-06T20:11:00,2026-05-06T20:53:00,DAL3193-1777868741-fa-3977p,B712 
JIA5026-1777872223-airline-212p,2026-05-06T18:12:00,0.06654470615138347,0,0.2581871152281434,replay_quantile@0.22,OH5026,N630NN,OH,PHL,ATL,2026-05-06T20:12:00,2026-05-06T22:23:00,JIA5177-1777871933-airline-800p,CRJ9 
DAL2747-1777868551-fa-184p,2026-05-06T18:13:00,0.028611464603857755,0,0.2581871152281434,replay_quantile@0.22,DL2747,N942DZ,DL,MCI,ATL,2026-05-06T20:13:00,2026-05-06T21:45:00,DAL2747-1777868549-fa-4204p,B739 
DAL1978-1777867535-fa-1190p,2026-05-06T18:14:00,0.07233496018494733,0,0.2581871152281434,replay_quantile@0.22,DL1978,N689DL,DL,SAL,ATL,2026-05-06T20:14:00,2026-05-06T23:15:00,DAL1910-1777867535-fa-1188p,B752 
DAL9768-1777867792-fa-1581p,2026-05-06T18:14:00,0.05650722331429998,0,0.2581871152281434,replay_quantile@0.22,DL9768,N393DN,DL,MSP,ATL,2026-05-06T20:14:00,2026-05-06T22:20:00,DAL2847-1777867793-fa-1032p,A321 
EDV5364-1777870954-airline-592p,2026-05-06T18:14:00,0.04696156671356183,0,0.2581871152281434,replay_quantile@0.22,9E5364,N293PQ,9E,HSV,ATL,2026-05-06T20:14:00,2026-05-06T21:10:00,EDV5344-1777871014-airline-349p,CRJ9 
EDV5519-1777840105-fa-640p,2026-05-06T18:14:00,0.03983455719720428,0,0.2581871152281434,replay_quantile@0.22,9E5519,N324PQ,9E,TRI,ATL,2026-05-06T20:14:00,2026-05-06T21:02:00,EDV5519-1777838305-fa-1229p,CRJ9 
DAL151-1777868040-fa-912p,2026-05-06T18:20:00,0.18666021986970685,0,0.2581871152281434,replay_quantile@0.22,DL151,N815NW,DL,ATL,LIM,2026-05-06T20:20:00,2026-05-07T02:29:00,DAL83-1777868046-fa-687p,A333 
XSR362-1778050820-sw-242p,2026-05-06T18:20:00,0.11065904259218533,0,0.2581871152281434,replay_quantile@0.22,,N362AS,,CLL,ATL,2026-05-06T20:20:00,2026-05-06T22:11:00,,E55P 
SWA461-1777872785-airline-912p,2026-05-06T18:20:00,0.0689159398063836,0,0.2581871152281434,replay_quantile@0.22,WN461,N932WN,WN,STL,ATL,2026-05-06T20:20:00,2026-05-06T21:42:00,SWA461-1777872785-airline-911p,B737 
DAL3027-1777868739-fa-1627p,2026-05-06T18:21:00,0.025967908140733107,0,0.2581871152281434,replay_quantile@0.22,DL3027,N950AT,DL,LIT,ATL,2026-05-06T20:21:00,2026-05-06T21:28:00,,B712 
FFT3499-1777877850-airline-1219p,2026-05-06T18:22:00,0.6289223682947892,1,0.2581871152281434,replay_quantile@0.22,F93499,N656FR,F9,ATL,MCI,2026-05-06T20:22:00,2026-05-06T22:18:00,FFT3511-1777877850-airline-1221p,A21N 
EDV5055-1777870860-airline-585p,2026-05-06T18:22:00,0.09789156626506024,0,0.2581871152281434,replay_quantile@0.22,9E5055,N316PQ,9E,ATL,FWA,2026-05-06T20:22:00,2026-05-06T21:53:00,EDV5292-1777877538-airline-536p,CRJ9 
DAL3126-1777868395-fa-374p,2026-05-06T18:23:00,0.1286818671102847,0,0.2581871152281434,replay_quantile@0.22,DL3126,N841DN,DL,ATL,IND,2026-05-06T20:23:00,2026-05-06T21:47:00,DAL741-1777868394-fa-573p,B739 
DAL1347-1777868741-fa-3847p,2026-05-06T18:23:00,0.052474761637689285,0,0.2581871152281434,replay_quantile@0.22,DL1347,N954AT,DL,ATL,LIT,2026-05-06T20:23:00,2026-05-06T21:40:00,DAL3060-1777868724-fa-178p,B712 
DAL2252-1777868738-fa-1064p,2026-05-06T18:23:00,0.04516412427122434,0,0.2581871152281434,replay_quantile@0.22,DL2252,N930AT,DL,MEM,ATL,2026-05-06T20:23:00,2026-05-06T21:11:00,DAL1681-1777868738-fa-1065p,B712 
DAL1834-1777868730-fa-1174p,2026-05-06T18:24:00,0.12616630588937827,0,0.2581871152281434,replay_quantile@0.22,DL1834,N894AT,DL,ATL,TYS,2026-05-06T20:24:00,2026-05-06T21:20:00,DAL3182-1777868731-fa-448p,B712 
DAL1742-1777868361-fa-924p,2026-05-06T18:25:00,0.46543264942016055,1,0.2581871152281434,replay_quantile@0.22,DL1742,N940DU,DL,ATL,MCO,2026-05-06T20:25:00,2026-05-06T21:31:00,DAL1155-1777868343-fa-1524p,B739 
UPS2308-1778045159-sw-1353p,2026-05-06T18:25:00,0.1456462741179806,0,0.2581871152281434,replay_quantile@0.22,5X2308,N173UP,5X,DFW,ATL,2026-05-06T20:25:00,2026-05-06T22:03:00,UPS9873-1778010370-sw-564p,A306 
DAL1962-1777867621-fa-155p,2026-05-06T18:25:00,0.09471272171772895,0,0.2581871152281434,replay_quantile@0.22,DL1962,N301DV,DL,CUN,ATL,2026-05-06T20:25:00,2026-05-06T22:28:00,DAL592-1777867622-fa-1234p,A321 
EDV5308-1777840102-fa-1921p,2026-05-06T18:25:00,0.042102979369667747,0,0.2581871152281434,replay_quantile@0.22,9E5308,N297PQ,9E,LFT,ATL,2026-05-06T20:25:00,2026-05-06T21:31:00,EDV5308-1777838303-fa-2378p,CRJ9 
DAL3101-1777868742-fa-219p,2026-05-06T18:26:00,0.08899350310947436,0,0.2581871152281434,replay_quantile@0.22,DL3101,N906AT,DL,ATL,AVL,2026-05-06T20:26:00,2026-05-06T20:55:00,DAL2778-1777868742-fa-264p,B712 
DAL874-1777868464-fa-1502p,2026-05-06T18:28:00,0.12616630588937827,0,0.2581871152281434,replay_quantile@0.22,DL874,N861DN,DL,BOI,ATL,2026-05-06T20:28:00,2026-05-06T23:57:00,DAL874-1777868463-fa-227p,B739 
FFT1550-1777880967-airline-1312p,2026-05-06T18:30:00,0.6434965414349654,1,0.2581871152281434,replay_quantile@0.22,F91550,N630FR,F9,ATL,JAX,2026-05-06T20:30:00,2026-05-06T21:15:00,FFT4700-1777877850-airline-1311p,A21N 
SWA1473-1777873095-airline-1366p,2026-05-06T18:30:00,0.3938996220075599,1,0.2581871152281434,replay_quantile@0.22,WN1473,N8662F,WN,ATL,DAL,2026-05-06T20:30:00,2026-05-06T22:37:00,SWA786-1777872785-airline-1215p,B738 
DAL1372-1777867241-fa-1209p,2026-05-06T18:30:00,0.3599545798637396,1,0.2581871152281434,replay_quantile@0.22,DL1372,N699DL,DL,MCO,ATL,2026-05-06T20:30:00,2026-05-06T21:39:00,DAL1372-1777867241-fa-29p,B752 
DAL1613-1777867701-fa-1498p,2026-05-06T18:30:00,0.26631118265506304,1,0.2581871152281434,replay_quantile@0.22,DL1613,N344DN,DL,FLL,ATL,2026-05-06T20:30:00,2026-05-06T21:56:00,DAL1294-1777867700-fa-4574p,A321 
SWA4529-1777872785-airline-862p,2026-05-06T18:30:00,0.12506268806419255,0,0.2581871152281434,replay_quantile@0.22,WN4529,N8915Q,WN,TPA,ATL,2026-05-06T20:30:00,2026-05-06T21:33:00,SWA3953-1777870925-airline-804p,B38M 
UPS5306-1778045755-sw-1366p,2026-05-06T18:30:00,0.06644576982549151,0,0.2581871152281434,replay_quantile@0.22,5X5306,N389UP,5X,SDF,ATL,2026-05-06T20:30:00,2026-05-06T21:30:00,UPS5233-1778013065-sw-2018p,B763 
DAL3169-1777868444-fa-72p,2026-05-06T18:32:00,0.05946357494627077,0,0.2581871152281434,replay_quantile@0.22,DL3169,N838DN,DL,CVG,ATL,2026-05-06T20:32:00,2026-05-06T21:41:00,DAL3169-1777868443-fa-100p,B739 
ASA263-1777878069-airline-551p,2026-05-06T18:33:00,0.19439755646652196,0,0.2581871152281434,replay_quantile@0.22,AS263,N268AK,AS,ATL,SEA,2026-05-06T20:33:00,2026-05-07T01:55:00,ASA784-1777874812-airline-1170p,B739 
EDV5503-1777846779-fa-500p,2026-05-06T18:33:00,0.04516412427122434,0,0.2581871152281434,replay_quantile@0.22,9E5503,N601LR,9E,XNA,ATL,2026-05-06T20:33:00,2026-05-06T21:57:00,EDV5503-1777833291-fa-1649p,CRJ9 
ENY4087-1777872909-airline-1296p,2026-05-06T18:34:00,0.17757594738490443,0,0.2581871152281434,replay_quantile@0.22,MQ4087,N276NN,MQ,ATL,DCA,2026-05-06T20:34:00,2026-05-06T21:50:00,ENY4087-1777872909-airline-1297p,E170 
SWA232-1777876911-airline-607p,2026-05-06T18:35:00,0.3938996220075599,1,0.2581871152281434,replay_quantile@0.22,WN232,N8719Q,WN,ATL,DCA,2026-05-06T20:35:00,2026-05-06T21:49:00,SWA3217-1777871111-airline-618p,B38M 
DAL1425-1777868697-fa-456p,2026-05-06T18:35:00,0.330330974336979,1,0.2581871152281434,replay_quantile@0.22,DL1425,N659DL,DL,ATL,TPA,2026-05-06T20:35:00,2026-05-06T21:30:00,DAL2188-1777868698-fa-451p,B752 
SWA3331-1777871111-airline-738p,2026-05-06T18:35:00,0.26631118265506304,1,0.2581871152281434,replay_quantile@0.22,WN3331,N462WN,WN,ATL,BWI,2026-05-06T20:35:00,2026-05-06T21:51:00,SWA485-1777704167-airline-2901p,B737 
DAL1329-1777867637-fa-618p,2026-05-06T18:35:00,0.24444198344361692,0,0.2581871152281434,replay_quantile@0.22,DL1329,N117DX,DL,ATL,PHL,2026-05-06T20:35:00,2026-05-06T21:57:00,DAL1099-1777867638-fa-256p,A321 
SWA2604-1777876911-airline-883p,2026-05-06T18:35:00,0.23455243167045187,0,0.2581871152281434,replay_quantile@0.22,WN2604,N8566Z,WN,ATL,PHX,2026-05-06T20:35:00,2026-05-07T00:35:00,SWA3237-1777871111-airline-640p,B738 
DAL714-1777868522-fa-969p,2026-05-06T18:35:00,0.1467644845748683,0,0.2581871152281434,replay_quantile@0.22,DL714,N814DN,DL,ATL,SEA,2026-05-06T20:35:00,2026-05-07T01:47:00,DAL3148-1777868518-fa-2304p,B739 
DAL2364-1777868742-fa-225p,2026-05-06T18:35:00,0.09945862335653517,0,0.2581871152281434,replay_quantile@0.22,DL2364,N919AT,DL,ATL,OMA,2026-05-06T20:35:00,2026-05-06T22:34:00,DAL3159-1777868742-fa-256p,B712 
EDV5287-1777871014-airline-335p,2026-05-06T18:36:00,0.0746744847805467,0,0.2581871152281434,replay_quantile@0.22,9E5287,N272PQ,9E,ATL,ABY,2026-05-06T20:36:00,2026-05-06T21:08:00,EDV5082-1777873157-airline-1114p,CRJ9 
DAL1467-1777868349-fa-1526p,2026-05-06T18:36:00,0.063874838254323,0,0.2581871152281434,replay_quantile@0.22,DL1467,N897DN,DL,DTW,ATL,2026-05-06T20:36:00,2026-05-06T22:23:00,DAL2236-1777868349-fa-570p,B739 
DAL2799-1777868500-fa-1747p,2026-05-06T18:38:00,0.24444198344361692,0,0.2581871152281434,replay_quantile@0.22,DL2799,N803DN,DL,ATL,BWI,2026-05-06T20:38:00,2026-05-06T21:58:00,DAL562-1777868500-fa-1753p,B739 
DAL836-1777867562-fa-872p,2026-05-06T18:39:00,0.19514215942787372,0,0.2581871152281434,replay_quantile@0.22,DL836,N118DY,DL,ATL,PHX,2026-05-06T20:39:00,2026-05-07T00:41:00,DAL1179-1777867562-fa-873p,A321 
DAL3112-1777868557-fa-336p,2026-05-06T18:39:00,0.19439755646652196,0,0.2581871152281434,replay_quantile@0.22,DL3112,N946DZ,DL,ATL,SAV,2026-05-06T20:39:00,2026-05-06T21:19:00,DAL1640-1777868556-fa-338p,B739 
DAL3088-1777868735-fa-564p,2026-05-06T18:39:00,0.08899350310947436,0,0.2581871152281434,replay_quantile@0.22,DL3088,N982AT,DL,ATL,DAY,2026-05-06T20:39:00,2026-05-06T22:00:00,DAL2394-1777868735-fa-562p,B712 
DAL3157-1777868515-fa-95p,2026-05-06T18:39:00,0.04696156671356183,0,0.2581871152281434,replay_quantile@0.22,DL3157,N891DN,DL,MSY,ATL,2026-05-06T20:39:00,2026-05-06T21:39:00,DAL3157-1777868514-fa-114p,B739 
FFT4210-1777877850-airline-1272p,2026-05-06T18:40:00,0.43997776954427564,1,0.2581871152281434,replay_quantile@0.22,F94210,N374FR,F9,ATL,CLE,2026-05-06T20:40:00,2026-05-06T22:11:00,FFT2780-1777877850-airline-1124p,A20N 
DAL997-1777867764-fa-5230p,2026-05-06T18:40:00,0.26631118265506304,1,0.2581871152281434,replay_quantile@0.22,DL997,N396DN,DL,ATL,LGA,2026-05-06T20:40:00,2026-05-06T22:10:00,DAL346-1777867765-fa-905p,A321 
SWA286-1777876911-airline-1160p,2026-05-06T18:40:00,0.2608988647555856,1,0.2581871152281434,replay_quantile@0.22,WN286,N7732A,WN,ATL,TPA,2026-05-06T20:40:00,2026-05-06T21:49:00,SWA853-1777881901-airline-1761p,B737 
AFR31-1777876875-airline-1141p,2026-05-06T18:40:00,0.2154495864860109,0,0.2581871152281434,replay_quantile@0.22,AF31,F-GSQG,AF,ATL,CDG,2026-05-06T20:40:00,2026-05-07T04:26:00,AFR30-1777876875-airline-1140p,B77W 
SLI979-1777877126-airline-1671p,2026-05-06T18:40:00,0.18666021986970685,0,0.2581871152281434,replay_quantile@0.22,5D979,XA-FAC,5D,ATL,MTY,2026-05-06T20:40:00,2026-05-07T00:13:00,SLI2708-1777874213-airline-43p,E190 
DAL2211-1777868723-fa-714p,2026-05-06T18:40:00,0.1456462741179806,0,0.2581871152281434,replay_quantile@0.22,DL2211,N948AT,DL,ATL,PNS,2026-05-06T20:40:00,2026-05-06T21:26:00,DAL3078-1777868723-fa-712p,B712 
DAL1470-1777868558-fa-249p,2026-05-06T18:40:00,0.14021052631578948,0,0.2581871152281434,replay_quantile@0.22,DL1470,N947DZ,DL,ATL,MCI,2026-05-06T20:40:00,2026-05-06T22:29:00,DAL3013-1777868561-fa-266p,B739 
EDV5558-1777846310-fa-540p,2026-05-06T18:40:00,0.12506268806419255,0,0.2581871152281434,replay_quantile@0.22,9E5558,N376CA,9E,ATL,MSP,2026-05-06T20:40:00,2026-05-06T23:20:00,EDV5157-1777832178-fa-1374p,CRJ7 
DAL3043-1777868738-fa-161p,2026-05-06T18:40:00,0.0872515462679397,0,0.2581871152281434,replay_quantile@0.22,DL3043,N974AT,DL,ATL,MLB,2026-05-06T20:40:00,2026-05-06T21:35:00,DAL1359-1777868738-fa-157p,B712 
JIA5049-1777872223-airline-236p,2026-05-06T18:43:00,0.16863248861380356,0,0.2581871152281434,replay_quantile@0.22,OH5049,N550NN,OH,ATL,CLT,2026-05-06T20:43:00,2026-05-06T21:36:00,JIA5587-1777872033-airline-909p,CRJ9 
DAL1700-1777868556-fa-334p,2026-05-06T18:44:00,0.19439755646652196,0,0.2581871152281434,replay_quantile@0.22,DL1700,N956DZ,DL,ATL,MEM,2026-05-06T20:44:00,2026-05-06T21:46:00,DAL2908-1777868555-fa-27p,B739 
DAL2104-1777867636-fa-115p,2026-05-06T18:44:00,0.05448268961376826,0,0.2581871152281434,replay_quantile@0.22,DL2104,N351DN,DL,AUS,ATL,2026-05-06T20:44:00,2026-05-06T22:27:00,DAL2104-1777867635-fa-22p,A321 
UAL235-1777853074-fa-835p,2026-05-06T18:45:00,0.2608988647555856,1,0.2581871152281434,replay_quantile@0.22,UA235,N850UA,UA,ATL,DEN,2026-05-06T20:45:00,2026-05-07T00:03:00,UAL2424-1777853112-fa-455p,A319 
DAL1465-1777867784-fa-1526p,2026-05-06T18:45:00,0.18666021986970685,0,0.2581871152281434,replay_quantile@0.22,DL1465,N114DN,DL,ATL,SAT,2026-05-06T20:45:00,2026-05-06T22:59:00,DAL835-1777867784-fa-335p,A321 
DAL2006-1777868742-fa-263p,2026-05-06T18:45:00,0.11065904259218533,0,0.2581871152281434,replay_quantile@0.22,DL2006,N978AT,DL,ATL,DSM,2026-05-06T20:45:00,2026-05-06T22:38:00,DAL2158-1777868726-fa-1603p,B712 
DAL2484-1777868734-fa-317p,2026-05-06T18:45:00,0.10675192370217838,0,0.2581871152281434,replay_quantile@0.22,DL2484,N998AT,DL,ATL,BHM,2026-05-06T20:45:00,2026-05-06T21:17:00,DAL2179-1777868734-fa-314p,B712 
DAL1381-1777868568-fa-794p,2026-05-06T18:45:00,0.05083729067733067,0,0.2581871152281434,replay_quantile@0.22,DL1381,N959DZ,DL,CHS,ATL,2026-05-06T20:45:00,2026-05-06T21:29:00,DAL1381-1777868567-fa-731p,B739 
DAL1302-1777868721-fa-491p,2026-05-06T18:45:00,0.03407691579047077,0,0.2581871152281434,replay_quantile@0.22,DL1302,N945AT,DL,CHA,ATL,2026-05-06T20:45:00,2026-05-06T21:20:00,DAL1539-1777868723-fa-681p,B712 
AAL1810-1777875601-airline-1751p,2026-05-06T18:46:00,0.3773768462014681,1,0.2581871152281434,replay_quantile@0.22,AA1810,N162UW,AA,ATL,DFW,2026-05-06T20:46:00,2026-05-06T22:48:00,AAL1810-1777875601-airline-1752p,A321 
DAL1960-1777867942-fa-786p,2026-05-06T18:46:00,0.3599545798637396,1,0.2581871152281434,replay_quantile@0.22,DL1960,N366NW,DL,ATL,IAH,2026-05-06T20:46:00,2026-05-06T22:37:00,DAL1157-1777868031-fa-851p,A320 
DAL2780-1777868732-fa-540p,2026-05-06T18:46:00,0.17757594738490443,0,0.2581871152281434,replay_quantile@0.22,DL2780,N985AT,DL,ATL,DAL,2026-05-06T20:46:00,2026-05-06T22:45:00,DAL2681-1777868743-fa-85p,B712 
EDV5339-1777850062-fa-612p,2026-05-06T18:46:00,0.03580259633216567,0,0.2581871152281434,replay_quantile@0.22,9E5339,N302PQ,9E,AVL,ATL,2026-05-06T20:46:00,2026-05-06T21:29:00,EDV5339-1777850060-fa-1651p,CRJ9 
DAL2050-1777867774-fa-708p,2026-05-06T18:47:00,0.23455243167045187,0,0.2581871152281434,replay_quantile@0.22,DL2050,N375DN,DL,ATL,BUF,2026-05-06T20:47:00,2026-05-06T22:20:00,DAL994-1777867774-fa-905p,A321 
DAL2902-1777867842-fa-1713p,2026-05-06T18:47:00,0.2243580904051408,0,0.2581871152281434,replay_quantile@0.22,DL2902,N333NB,DL,ATL,IAD,2026-05-06T20:47:00,2026-05-06T21:59:00,DAL2147-1777867842-fa-1711p,A319 
DAL1437-1777868532-fa-544p,2026-05-06T18:48:00,0.03580259633216567,0,0.2581871152281434,replay_quantile@0.22,DL1437,N920DU,DL,RIC,ATL,2026-05-06T20:48:00,2026-05-06T22:07:00,DAL1437-1777868532-fa-1346p,B739 
DAL1148-1777868721-fa-488p,2026-05-06T18:48:00,0.013172583165885243,0,0.2581871152281434,replay_quantile@0.22,DL1148,N944AT,DL,TYS,ATL,2026-05-06T20:48:00,2026-05-06T21:50:00,DAL2496-1777868721-fa-489p,B712 
DAL1295-1777867641-fa-829p,2026-05-06T18:49:00,0.3938996220075599,1,0.2581871152281434,replay_quantile@0.22,DL1295,N356DN,DL,ATL,FLL,2026-05-06T20:49:00,2026-05-06T22:05:00,DAL2270-1777867642-fa-156p,A321 
DAL1328-1777867534-fa-808p,2026-05-06T18:50:00,0.5418107986163331,1,0.2581871152281434,replay_quantile@0.22,DL1328,N6714Q,DL,ATL,MIA,2026-05-06T20:50:00,2026-05-06T22:22:00,DAL1153-1777867536-fa-89p,B752 
AAL1256-1777870047-airline-1152p,2026-05-06T18:50:00,0.4840569266798775,1,0.2581871152281434,replay_quantile@0.22,AA1256,N144AN,AA,ATL,LAX,2026-05-06T20:50:00,2026-05-07T01:20:00,AAL3295-1777876411-airline-348p,A321 
SWA2291-1777876911-airline-581p,2026-05-06T18:50:00,0.1305571690273,0,0.2581871152281434,replay_quantile@0.22,WN2291,N489WN,WN,HOU,ATL,2026-05-06T20:50:00,2026-05-06T22:28:00,SWA3949-1777870925-airline-801p,B737 
SKW3843-1777875506-airline-1345p,2026-05-06T18:50:00,0.10165879973027646,0,0.2581871152281434,replay_quantile@0.22,OO3843,N304SY,OO,ATL,OAJ,2026-05-06T20:50:00,2026-05-06T21:39:00,SKW3869-1777873157-airline-1190p,E75L 
EDV5537-1777861715-fa-3238p,2026-05-06T18:50:00,0.0689159398063836,0,0.2581871152281434,replay_quantile@0.22,9E5537,N582CA,9E,ATL,AGS,2026-05-06T20:50:00,2026-05-06T21:13:00,EDV5288-1777835126-fa-2298p,CRJ9 
DAL959-1777867694-fa-438p,2026-05-06T18:51:00,0.3197120474274826,1,0.2581871152281434,replay_quantile@0.22,DL959,N364DX,DL,ATL,PBI,2026-05-06T20:51:00,2026-05-06T22:06:00,DAL2779-1777867689-fa-511p,A321 
DAL1693-1777868534-fa-369p,2026-05-06T18:51:00,0.1470810266733769,0,0.2581871152281434,replay_quantile@0.22,DL1693,N931DQ,DL,ATL,BNA,2026-05-06T20:51:00,2026-05-06T21:29:00,DAL566-1777868533-fa-2527p,B739 
DAL2067-1777868579-fa-297p,2026-05-06T18:52:00,0.2550037570872327,0,0.2581871152281434,replay_quantile@0.22,DL2067,N504DZ,DL,ATL,DTW,2026-05-06T20:52:00,2026-05-06T22:26:00,DAL782-1777868578-fa-413p,A21N 
DAL1323-1777867530-fa-371p,2026-05-06T18:53:00,0.6703719538264212,1,0.2581871152281434,replay_quantile@0.22,DL1323,N556NW,DL,MIA,ATL,2026-05-06T20:53:00,2026-05-06T22:24:00,DAL1323-1777867530-fa-365p,B752 
DAL2627-1777868702-fa-1140p,2026-05-06T18:55:00,0.2154495864860109,0,0.2581871152281434,replay_quantile@0.22,DL2627,N821DX,DL,ATL,JAX,2026-05-06T20:55:00,2026-05-06T21:37:00,DAL1030-1777868702-fa-1049p,B752 
DAL3026-1777868738-fa-1052p,2026-05-06T18:55:00,0.05946357494627077,0,0.2581871152281434,replay_quantile@0.22,DL3026,N992AT,DL,ATL,HSV,2026-05-06T20:55:00,2026-05-06T21:23:00,DAL2157-1777868737-fa-133p,B712 
EDV5376-1777873906-airline-1675p,2026-05-06T18:55:40,0.08003691700113763,0,0.2581871152281434,replay_quantile@0.22,9E5376,N928XJ,9E,ATL,CHA,2026-05-06T20:55:40,2026-05-06T21:30:40,EDV5468-1777870516-airline-1424p,CRJ9 
DAL3063-1777868732-fa-1920p,2026-05-06T18:57:00,0.08098137900990834,0,0.2581871152281434,replay_quantile@0.22,DL3063,N994AT,DL,ATL,GPT,2026-05-06T20:57:00,2026-05-06T21:54:00,DAL876-1777868732-fa-1921p,B712 
AAL1796-1777875601-airline-1737p,2026-05-06T18:59:00,0.9159149125737833,1,0.2581871152281434,replay_quantile@0.22,AA1796,N4032T,AA,ATL,MIA,2026-05-06T20:59:00,2026-05-06T22:42:00,AAL1796-1777875601-airline-1738p,A319 
EDV5144-1777877538-airline-484p,2026-05-06T18:59:00,0.03709898372041161,0,0.2581871152281434,replay_quantile@0.22,9E5144,N279PQ,9E,ATL,EVV,2026-05-06T20:59:00,2026-05-06T21:58:00,EDV5555-1778019638-fa-761p,CRJ9 
DAL1346-1777867532-fa-195p,2026-05-06T19:00:00,0.18666021986970685,0,0.2581871152281434,replay_quantile@0.22,DL1346,N67171,DL,ATL,ORF,2026-05-06T21:00:00,2026-05-06T22:08:00,DAL1332-1777867535-fa-1189p,B752 
DAL3056-1777868475-fa-777p,2026-05-06T19:00:00,0.13837174940898342,0,0.2581871152281434,replay_quantile@0.22,DL3056,N924DZ,DL,ATL,DAB,2026-05-06T21:00:00,2026-05-06T21:54:00,DAL2650-1777868474-fa-1799p,B739 
DAL503-1777868483-fa-177p,2026-05-06T19:01:00,0.1653163404642695,0,0.2581871152281434,replay_quantile@0.22,DL503,N839DN,DL,ATL,PDX,2026-05-06T21:01:00,2026-05-07T01:48:00,DAL1271-1777868386-fa-1954p,B739 
DAL838-1777867683-fa-938p,2026-05-06T19:02:00,0.10966116696548124,0,0.2581871152281434,replay_quantile@0.22,DL838,N331DN,DL,PBI,ATL,2026-05-06T21:02:00,2026-05-06T22:28:00,DAL838-1777867684-fa-502p,A321 
DAL950-1777867996-fa-1349p,2026-05-06T19:03:00,0.24444198344361692,0,0.2581871152281434,replay_quantile@0.22,DL950,N350NA,DL,ATL,DCA,2026-05-06T21:03:00,2026-05-06T22:12:00,DAL2885-1777867993-fa-801p,A320 
DAL2891-1777867680-fa-1006p,2026-05-06T19:03:00,0.1866118444781072,0,0.2581871152281434,replay_quantile@0.22,DL2891,N349DX,DL,ATL,ONT,2026-05-06T21:03:00,2026-05-07T01:20:00,DAL1121-1777867680-fa-1005p,A321 
DAL512-1777868728-fa-2771p,2026-05-06T19:03:00,0.16686944314459523,0,0.2581871152281434,replay_quantile@0.22,DL512,N608AT,DL,DAL,ATL,2026-05-06T21:03:00,2026-05-06T22:32:00,DAL512-1777868728-fa-2889p,B712 
DAL743-1777868370-fa-623p,2026-05-06T19:03:00,0.10165879973027646,0,0.2581871152281434,replay_quantile@0.22,DL743,N919DU,DL,ATL,SMF,2026-05-06T21:03:00,2026-05-07T01:35:00,DAL1159-1777868370-fa-701p,B739 
FDX302-1778019034-sw-5p,2026-05-06T19:03:00,0.08003691700113763,0,0.2581871152281434,replay_quantile@0.22,FX302,N924FD,FX,MEM,ATL,2026-05-06T21:03:00,2026-05-06T21:54:00,FDX800-1777982894-sw-467p,B752 
DAL3143-1777868720-fa-1126p,2026-05-06T19:03:00,0.013172583165885243,0,0.2581871152281434,replay_quantile@0.22,DL3143,N955AT,DL,LEX,ATL,2026-05-06T21:03:00,2026-05-06T22:12:00,DAL3143-1777868720-fa-1125p,B712 
EDV5374-1777871079-airline-566p,2026-05-06T19:04:30,0.10855020416195209,0,0.2581871152281434,replay_quantile@0.22,9E5374,N292PQ,9E,ATL,CSG,2026-05-06T21:04:30,2026-05-06T21:40:30,EDV5361-1777877538-airline-544p,CRJ9 
FFT1949-1777880967-airline-1348p,2026-05-06T19:05:00,0.5270259352023917,1,0.2581871152281434,replay_quantile@0.22,F91949,N614FR,F9,ATL,SFO,2026-05-06T21:05:00,2026-05-07T02:10:00,FFT4731-1777877850-airline-1317p,A21N 
DAL2735-1777867670-fa-698p,2026-05-06T19:05:00,0.23455243167045187,0,0.2581871152281434,replay_quantile@0.22,DL2735,N347DN,DL,ATL,BDL,2026-05-06T21:05:00,2026-05-06T22:49:00,DAL1965-1777867673-fa-190p,A321 
DAL1093-1777867928-fa-218p,2026-05-06T19:05:00,0.203078123124925,0,0.2581871152281434,replay_quantile@0.22,DL1093,N349NW,DL,ATL,MYR,2026-05-06T21:05:00,2026-05-06T21:52:00,DAL737-1777867944-fa-286p,A320 
DAL1167-1777868673-fa-966p,2026-05-06T19:05:00,0.11086816081101228,0,0.2581871152281434,replay_quantile@0.22,DL1167,N6703D,DL,TPA,ATL,2026-05-06T21:05:00,2026-05-06T22:13:00,DAL1167-1777868673-fa-10p,B752 
DAL693-1777868240-fa-531p,2026-05-06T19:05:00,0.06644576982549151,0,0.2581871152281434,replay_quantile@0.22,DL693,N775DE,DL,ATL,CMH,2026-05-06T21:05:00,2026-05-06T22:16:00,DAL1324-1777868241-fa-1074p,B738 
DAL2539-1777868735-fa-568p,2026-05-06T19:05:00,0.031036712407500545,0,0.2581871152281434,replay_quantile@0.22,DL2539,N959AT,DL,GSO,ATL,2026-05-06T21:05:00,2026-05-06T22:03:00,DAL2539-1777868735-fa-571p,B712 
DAL517-1777868678-fa-1144p,2026-05-06T19:06:00,0.3599545798637396,1,0.2581871152281434,replay_quantile@0.22,DL517,N557NW,DL,ATL,SFO,2026-05-06T21:06:00,2026-05-07T01:51:00,DAL1963-1777868678-fa-1145p,B752 
DAL1550-1777868559-fa-1021p,2026-05-06T19:06:00,0.03580259633216567,0,0.2581871152281434,replay_quantile@0.22,DL1550,N949DZ,DL,RDU,ATL,2026-05-06T21:06:00,2026-05-06T22:08:00,DAL1550-1777868559-fa-302p,B739 
EDV5002-1777870954-airline-630p,2026-05-06T19:08:00,0.17385392385392384,0,0.2581871152281434,replay_quantile@0.22,9E5002,N607LR,9E,ATL,FAY,2026-05-06T21:08:00,2026-05-06T21:53:00,EDV5423-1777846254-fa-2155p,CRJ9 
DAL1791-1777868495-fa-844p,2026-05-06T19:09:00,0.3653794940079894,1,0.2581871152281434,replay_quantile@0.22,DL1791,N910DU,DL,ATL,SJU,2026-05-06T21:09:00,2026-05-07T00:07:00,DAL2401-1777868495-fa-845p,B739 
DAL711-1777867535-fa-1191p,2026-05-06T19:09:00,0.3014599803797104,1,0.2581871152281434,replay_quantile@0.22,DL711,N544US,DL,ATL,LAS,2026-05-06T21:09:00,2026-05-07T01:07:00,DAL980-1777868697-fa-457p,B752 
DAL712-1777867750-fa-1049p,2026-05-06T19:09:00,0.2764520486267448,1,0.2581871152281434,replay_quantile@0.22,DL712,N108DN,DL,ATL,SAN,2026-05-06T21:09:00,2026-05-07T01:34:00,DAL1682-1777867752-fa-1749p,A321 
EDV5105-1777855121-fa-1486p,2026-05-06T19:09:00,0.24444198344361692,0,0.2581871152281434,replay_quantile@0.22,9E5105,N690CA,9E,ATL,CRW,2026-05-06T21:09:00,2026-05-06T22:01:00,EDV4953-1777855117-fa-1248p,CRJ7 
DAL2750-1777868169-fa-1506p,2026-05-06T19:09:00,0.19439755646652196,0,0.2581871152281434,replay_quantile@0.22,DL2750,N376DA,DL,ATL,CLE,2026-05-06T21:09:00,2026-05-06T22:23:00,DAL2710-1777868155-fa-975p,B738 
DAL942-1777868726-fa-1600p,2026-05-06T19:09:00,0.12045643951535352,0,0.2581871152281434,replay_quantile@0.22,DL942,N920AT,DL,SGF,ATL,2026-05-06T21:09:00,2026-05-06T22:20:00,DAL872-1777868726-fa-1601p,B712 
DAL2266-1777867659-fa-1573p,2026-05-06T19:09:00,0.09016480407412646,0,0.2581871152281434,replay_quantile@0.22,DL2266,N341DN,DL,BUF,ATL,2026-05-06T21:09:00,2026-05-06T23:03:00,DAL2266-1777867659-fa-210p,A321 
EDV5539-1778067882-fa-1113p,2026-05-06T19:09:00,0.08899350310947436,0,0.2581871152281434,replay_quantile@0.22,9E5539,N390CA,9E,SBN,ATL,2026-05-06T21:09:00,2026-05-06T22:35:00,EDV5538-1778067674-fa-437p,CRJ7 
DAL3014-1777868422-fa-830p,2026-05-06T19:09:00,0.0746744847805467,0,0.2581871152281434,replay_quantile@0.22,DL3014,N855DN,DL,SAV,ATL,2026-05-06T21:09:00,2026-05-06T21:48:00,DAL3014-1777868422-fa-833p,B739 
DAL3133-1777868726-fa-1607p,2026-05-06T19:09:00,0.03660663833132693,0,0.2581871152281434,replay_quantile@0.22,DL3133,N991AT,DL,GNV,ATL,2026-05-06T21:09:00,2026-05-06T22:06:00,DAL3133-1777868726-fa-1610p,B712 
DAL1125-1777868727-fa-823p,2026-05-06T19:09:00,0.02568992001695005,0,0.2581871152281434,replay_quantile@0.22,DL1125,N961AT,DL,OMA,ATL,2026-05-06T21:09:00,2026-05-06T22:57:00,DAL1125-1777868727-fa-822p,B712 
JBU696-1777871714-airline-1692p,2026-05-06T19:10:00,0.6256370050960405,1,0.2581871152281434,replay_quantile@0.22,B6696,N746JB,B6,ATL,BOS,2026-05-06T21:10:00,2026-05-06T23:06:00,JBU697-1777788350-airline-1511p,A320 
DAL140-1777867574-fa-1163p,2026-05-06T19:10:00,0.20846394984326025,0,0.2581871152281434,replay_quantile@0.22,DL140,N826MH,DL,ATL,BRU,2026-05-06T21:10:00,2026-05-07T05:22:00,DAL131-1777867574-fa-1162p,B764 
DAL30-1777867574-fa-957p,2026-05-06T19:10:00,0.20846394984326025,0,0.2581871152281434,replay_quantile@0.22,DL30,N842MH,DL,ATL,LHR,2026-05-06T21:10:00,2026-05-07T04:52:00,DAL91-1777867585-fa-92p,B764 
DAL72-1777868035-fa-80p,2026-05-06T19:10:00,0.20846394984326025,0,0.2581871152281434,replay_quantile@0.22,DL72,N829NW,DL,ATL,AMS,2026-05-06T21:10:00,2026-05-07T05:09:00,DAL195-1777868061-fa-368p,A333 
JZA8508-1777873561-airline-850p,2026-05-06T19:10:00,0.17807262569832402,0,0.2581871152281434,replay_quantile@0.22,QK8508,C-FJGZ,QK,ATL,YYZ,2026-05-06T21:10:00,2026-05-06T22:45:00,JZA8503-1777874593-airline-506p,CRJ9 
DAL1186-1777868726-fa-1596p,2026-05-06T19:10:00,0.1653163404642695,0,0.2581871152281434,replay_quantile@0.22,DL1186,N915AT,DL,ATL,TUL,2026-05-06T21:10:00,2026-05-06T23:01:00,DAL3030-1777868742-fa-220p,B712 
DAL3122-1777868567-fa-125p,2026-05-06T19:10:00,0.15400158764523353,0,0.2581871152281434,replay_quantile@0.22,DL3122,N958DZ,DL,ATL,PIT,2026-05-06T21:10:00,2026-05-06T22:23:00,DAL2542-1777868566-fa-616p,B739 
DAL3158-1777868732-fa-1915p,2026-05-06T19:10:00,0.15400158764523353,0,0.2581871152281434,replay_quantile@0.22,DL3158,N938AT,DL,ATL,CLT,2026-05-06T21:10:00,2026-05-06T21:45:00,DAL1420-1777868732-fa-1916p,B712 
DAL968-1777867781-fa-214p,2026-05-06T19:10:00,0.12616630588937827,0,0.2581871152281434,replay_quantile@0.22,DL968,N394DX,DL,LGA,ATL,2026-05-06T21:10:00,2026-05-06T23:14:00,DAL460-1777867779-fa-4449p,A321 
DAL715-1777867517-fa-552p,2026-05-06T19:10:00,0.1172872010903234,0,0.2581871152281434,replay_quantile@0.22,DL715,N177DN,DL,SFO,ATL,2026-05-06T21:10:00,2026-05-07T01:12:00,DAL669-1777867517-fa-551p,B763
EDV5561-1777969543-fa-936p,2026-05-06T19:10:00,0.08899350310947436,0,0.2581871152281434,replay_quantile@0.22,9E5561,N303PQ,9E,MSP,ATL,2026-05-06T21:10:00,2026-05-06T23:09:00,EDV4974-1777870860-airline-504p,CRJ9 
DAL3134-1777868570-fa-893p,2026-05-06T19:10:00,0.05485232067510549,0,0.2581871152281434,replay_quantile@0.22,DL3134,N962DZ,DL,IND,ATL,2026-05-06T21:10:00,2026-05-06T22:34:00,DAL3134-1777868570-fa-1651p,B739 
DAL2892-1777868199-fa-400p,2026-05-06T19:10:00,0.04101666212201668,0,0.2581871152281434,replay_quantile@0.22,DL2892,N3754A,DL,CMH,ATL,2026-05-06T21:10:00,2026-05-06T22:36:00,DAL2892-1777868198-fa-11p,B738 
DAL2730-1777868733-fa-237p,2026-05-06T19:10:00,0.04046639231824417,0,0.2581871152281434,replay_quantile@0.22,DL2730,N980AT,DL,BTR,ATL,2026-05-06T21:10:00,2026-05-06T22:20:00,DAL2730-1777868734-fa-310p,B712 
DAL3037-1777868723-fa-705p,2026-05-06T19:10:00,0.03660663833132693,0,0.2581871152281434,replay_quantile@0.22,DL3037,N946AT,DL,CLT,ATL,2026-05-06T21:10:00,2026-05-06T21:59:00,DAL1429-1777868723-fa-703p,B712 
FFT3053-1777877850-airline-1147p,2026-05-06T19:14:00,0.9279139918013768,1,0.2581871152281434,replay_quantile@0.22,F93053,N337FR,F9,TPA,ATL,2026-05-06T21:14:00,2026-05-06T22:20:00,FFT1304-1777880967-airline-1277p,A20N 
DAL1393-1777868574-fa-505p,2026-05-06T19:14:00,0.1590411957710536,0,0.2581871152281434,replay_quantile@0.22,DL1393,N963DZ,DL,ATL,STL,2026-05-06T21:14:00,2026-05-06T22:40:00,DAL2925-1777868576-fa-247p,B739 
SKW3935-1777849946-fa-972p,2026-05-06T19:14:00,0.10599662162162163,0,0.2581871152281434,replay_quantile@0.22,OO3935,N244SY,OO,MOB,ATL,2026-05-06T21:14:00,2026-05-06T22:06:00,,E75L 
DAL90-1777867518-fa-825p,2026-05-06T19:15:00,0.203078123124925,0,0.2581871152281434,replay_quantile@0.22,DL90,N180DN,DL,ATL,ZRH,2026-05-06T21:15:00,2026-05-07T05:51:00,DAL907-1777867518-fa-826p,B763 
DAL2220-1777868724-fa-177p,2026-05-06T19:16:00,0.10165879973027646,0,0.2581871152281434,replay_quantile@0.22,DL2220,N957AT,DL,ATL,GNV,2026-05-06T21:16:00,2026-05-06T22:02:00,DAL2763-1777868732-fa-1597p,B712 
FFT4025-1777870984-airline-703p,2026-05-06T19:20:00,0.9080855246989432,1,0.2581871152281434,replay_quantile@0.22,F94025,N236FR,F9,MCO,ATL,2026-05-06T21:20:00,2026-05-06T22:17:00,FFT4524-1777874685-airline-719p,A320 
DAL222-1777868094-fa-563p,2026-05-06T19:20:00,0.19514215942787372,0,0.2581871152281434,replay_quantile@0.22,DL222,N423DX,DL,ATL,ATH,2026-05-06T21:20:00,2026-05-07T07:29:00,DAL71-1777868089-fa-279p,A339 
ACA1573-1777873842-airline-1866p,2026-05-06T19:20:00,0.0713429735559639,0,0.2581871152281434,replay_quantile@0.22,AC1573,C-GROV,AC,YUL,ATL,2026-05-06T21:20:00,2026-05-06T23:55:00,ACA1570-1777873842-airline-1865p,BCS3 
AAL1045-1777882835-airline-837p,2026-05-06T19:21:00,0.6434965414349654,1,0.2581871152281434,replay_quantile@0.22,AA1045,N756US,AA,MIA,ATL,2026-05-06T21:21:00,2026-05-06T23:12:00,AAL2706-1777871343-airline-727p,A319 
UAL2247-1777871746-fa-752p,2026-05-06T19:22:00,0.5885333003830471,1,0.2581871152281434,replay_quantile@0.22,UA2247,N816UA,UA,ATL,EWR,2026-05-06T21:22:00,2026-05-06T23:24:00,UAL2345-1777853112-fa-453p,A319 
DAL3142-1777868186-fa-1029p,2026-05-06T19:23:00,0.04696156671356183,0,0.2581871152281434,replay_quantile@0.22,DL3142,N3773D,DL,BNA,ATL,2026-05-06T21:23:00,2026-05-06T22:16:00,DAL3142-1777868186-fa-150p,B738 
DAL1497-1777868700-fa-1410p,2026-05-06T19:25:00,0.5270259352023917,1,0.2581871152281434,replay_quantile@0.22,DL1497,N823DX,DL,ATL,MCO,2026-05-06T21:25:00,2026-05-06T22:26:00,DAL664-1777868700-fa-1417p,B752 
DAL130-1777867582-fa-781p,2026-05-06T19:25:00,0.19514215942787372,0,0.2581871152281434,replay_quantile@0.22,DL130,N837MH,DL,ATL,MUC,2026-05-06T21:25:00,2026-05-07T06:12:00,DAL33-1777867584-fa-214p,B764 
EDV5559-1777931418-fa-825p,2026-05-06T19:25:00,0.09789156626506024,0,0.2581871152281434,replay_quantile@0.22,9E5559,N317CA,9E,ATL,MSP,2026-05-06T21:25:00,2026-05-06T23:41:00,EDV4920-1777878038-airline-1105p,CRJ7 
DAL1545-1777868741-fa-4444p,2026-05-06T19:25:00,0.027213251670378618,0,0.2581871152281434,replay_quantile@0.22,DL1545,N927AT,DL,TLH,ATL,2026-05-06T21:25:00,2026-05-06T22:24:00,DAL1545-1777868741-fa-4442p,B712 
DAL540-1777868732-fa-1593p,2026-05-06T19:26:00,0.06375216611437083,0,0.2581871152281434,replay_quantile@0.22,DL540,N981AT,DL,ATL,TLH,2026-05-06T21:26:00,2026-05-06T22:01:00,DAL1273-1777868726-fa-313p,B712 
DAL1348-1777868700-fa-1416p,2026-05-06T19:28:00,0.20846394984326025,0,0.2581871152281434,replay_quantile@0.22,DL1348,N820DX,DL,ATL,RIC,2026-05-06T21:28:00,2026-05-06T22:36:00,DAL1048-1777868700-fa-1415p,B752 
AAL1855-1777875601-airline-1813p,2026-05-06T19:29:00,0.16033946618294892,0,0.2581871152281434,replay_quantile@0.22,AA1855,N764US,AA,ORD,ATL,2026-05-06T21:29:00,2026-05-06T23:18:00,AAL3015-1777871343-airline-1117p,A319 
DAL2131-1777867663-fa-892p,2026-05-06T19:29:00,0.08899350310947436,0,0.2581871152281434,replay_quantile@0.22,DL2131,N342DN,DL,PHL,ATL,2026-05-06T21:29:00,2026-05-06T23:18:00,DAL2131-1777867662-fa-408p,A321 
DAL3163-1777868564-fa-999p,2026-05-06T19:29:00,0.03580259633216567,0,0.2581871152281434,replay_quantile@0.22,DL3163,N945DZ,DL,BHM,ATL,2026-05-06T21:29:00,2026-05-06T22:05:00,DAL3163-1777868564-fa-1001p,B739 
SWA258-1777876911-airline-856p,2026-05-06T19:30:00,0.3197120474274826,1,0.2581871152281434,replay_quantile@0.22,WN258,N8866H,WN,ATL,MDW,2026-05-06T21:30:00,2026-05-06T23:18:00,SWA3462-1777871111-airline-850p,B38M 
UAL2081-1777853112-fa-1087p,2026-05-06T19:30:00,0.3118771544970228,1,0.2581871152281434,replay_quantile@0.22,UA2081,N61886,UA,IAD,ATL,2026-05-06T21:30:00,2026-05-06T23:19:00,UAL2497-1777853048-fa-1054p,B739 
SWA3933-1777870925-airline-787p,2026-05-06T19:30:00,0.30834430546412095,1,0.2581871152281434,replay_quantile@0.22,WN3933,N927WN,WN,ATL,MSY,2026-05-06T21:30:00,2026-05-06T22:54:00,SWA279-1777876911-airline-1106p,B737 
DAL32-1777867596-fa-939p,2026-05-06T19:30:00,0.2154495864860109,0,0.2581871152281434,replay_quantile@0.22,DL32,N306DN,DL,DFW,ATL,2026-05-06T21:30:00,2026-05-06T23:25:00,DAL921-1777867596-fa-942p,A321 
EDV5389-1777871079-airline-536p,2026-05-06T19:30:00,0.03264864864864865,0,0.2581871152281434,replay_quantile@0.22,9E5389,N929XJ,9E,BMI,ATL,2026-05-06T21:30:00,2026-05-06T22:51:00,EDV5389-1777870860-airline-544p,CRJ9 
FFT4405-1777870984-airline-716p,2026-05-06T19:32:00,0.6256370050960405,1,0.2581871152281434,replay_quantile@0.22,F94405,N332FR,F9,MIA,ATL,2026-05-06T21:32:00,2026-05-06T23:11:00,FFT2272-1777880967-airline-1386p,A20N 
DAL1292-1777867706-fa-1996p,2026-05-06T19:32:00,0.4056037358238826,1,0.2581871152281434,replay_quantile@0.22,DL1292,N357DN,DL,FLL,ATL,2026-05-06T21:32:00,2026-05-06T22:58:00,DAL1292-1777867703-fa-472p,A321 
DAL3115-1777868558-fa-245p,2026-05-06T19:32:00,0.1523089517022199,0,0.2581871152281434,replay_quantile@0.22,DL3115,N948DZ,DL,ATL,SRQ,2026-05-06T21:32:00,2026-05-06T22:32:00,DAL3092-1777868558-fa-246p,B739 
FFT3022-1777870984-airline-624p,2026-05-06T19:34:00,0.8768766661989617,1,0.2581871152281434,replay_quantile@0.22,F93022,N710FR,F9,DFW,ATL,2026-05-06T21:34:00,2026-05-06T23:57:00,FFT3985-1777870984-airline-697p,A321 
DAL1594-1777867656-fa-2022p,2026-05-06T19:35:00,0.2608988647555856,1,0.2581871152281434,replay_quantile@0.22,DL1594,N339DN,DL,ATL,TPA,2026-05-06T21:35:00,2026-05-06T22:32:00,DAL1190-1777867658-fa-312p,A321 
DAL192-1777868061-fa-367p,2026-05-06T19:35:00,0.19514215942787372,0,0.2581871152281434,replay_quantile@0.22,DL192,N803NW,DL,ATL,VCE,2026-05-06T21:35:00,2026-05-07T06:34:00,DAL195-1777781650-fa-841p,A333 
DAL2654-1777868458-fa-812p,2026-05-06T19:35:00,0.1456462741179806,0,0.2581871152281434,replay_quantile@0.22,DL2654,N888DU,DL,ATL,MSP,2026-05-06T21:35:00,2026-05-06T23:51:00,DAL1004-1777868423-fa-1639p,B739 
DAL1353-1777867737-fa-1092p,2026-05-06T19:35:00,0.03709898372041161,0,0.2581871152281434,replay_quantile@0.22,DL1353,N387DN,DL,PIT,ATL,2026-05-06T21:35:00,2026-05-06T23:05:00,DAL1353-1777867737-fa-1090p,A321 
DAL1695-1777868311-fa-1960p,2026-05-06T19:37:00,0.18179841252582363,0,0.2581871152281434,replay_quantile@0.22,DL1695,N3772H,DL,IAD,ATL,2026-05-06T21:37:00,2026-05-06T23:18:00,DAL1695-1777868309-fa-5516p,B738 
AAL1812-1777875601-airline-1756p,2026-05-06T19:38:00,0.5112214498510425,1,0.2581871152281434,replay_quantile@0.22,AA1812,N653AW,AA,DFW,ATL,2026-05-06T21:38:00,2026-05-06T23:12:00,AAL2942-1777871343-airline-1026p,A320 
EDV5508-1777850069-fa-1819p,2026-05-06T19:38:00,0.04696156671356183,0,0.2581871152281434,replay_quantile@0.22,9E5508,N138EV,9E,ATL,TRI,2026-05-06T21:38:00,2026-05-06T22:18:00,EDV5281-1777763304-fa-1173p,CRJ9 
DAL957-1777867553-fa-144p,2026-05-06T19:40:00,0.1467644845748683,0,0.2581871152281434,replay_quantile@0.22,DL957,N122DN,DL,DEN,ATL,2026-05-06T21:40:00,2026-05-07T00:29:00,DAL2927-1777867553-fa-132p,A321 
DAL2329-1777868549-fa-2896p,2026-05-06T19:40:00,0.052474761637689285,0,0.2581871152281434,replay_quantile@0.22,DL2329,N939DZ,DL,ORF,ATL,2026-05-06T21:40:00,2026-05-06T23:06:00,DAL2329-1777868547-fa-2463p,B739 
DAL1379-1777868699-fa-231p,2026-05-06T19:40:00,0.03709898372041161,0,0.2581871152281434,replay_quantile@0.22,DL1379,N819DX,DL,RSW,ATL,2026-05-06T21:40:00,2026-05-06T22:57:00,DAL1379-1777868698-fa-1630p,B752 
DAL1097-1777867540-fa-995p,2026-05-06T19:41:00,0.1866118444781072,0,0.2581871152281434,replay_quantile@0.22,DL1097,N318DX,DL,ATL,RDU,2026-05-06T21:41:00,2026-05-06T22:37:00,DAL1345-1777867539-fa-4282p,A321 
EDV5247-1777846772-fa-2821p,2026-05-06T19:44:00,0.0772815092624162,0,0.2581871152281434,replay_quantile@0.22,9E5247,N901XJ,9E,ATL,ROA,2026-05-06T21:44:00,2026-05-06T22:50:00,EDV5163-1777846771-fa-1011p,CRJ9 
DAL54-1777868060-fa-138p,2026-05-06T19:45:00,0.19439755646652196,0,0.2581871152281434,replay_quantile@0.22,DL54,N407DX,DL,ATL,LOS,2026-05-06T21:45:00,2026-05-07T08:19:00,DAL9976-1777867887-fa-903p,A339 
DAL2879-1777868541-fa-1110p,2026-05-06T19:46:00,0.448126105838829,1,0.2581871152281434,replay_quantile@0.22,DL2879,N879DN,DL,ATL,ORD,2026-05-06T21:46:00,2026-05-06T23:31:00,DAL1067-1777868540-fa-200p,B739 
DAL436-1777867933-fa-671p,2026-05-06T19:46:00,0.43997776954427564,1,0.2581871152281434,replay_quantile@0.22,DL436,N360NW,DL,ATL,DFW,2026-05-06T21:46:00,2026-05-06T23:37:00,DAL414-1777867933-fa-669p,A320 
AAL2737-1777871343-airline-763p,2026-05-06T19:48:00,0.7712901923853087,1,0.2581871152281434,replay_quantile@0.22,AA2737,N4005X,AA,ATL,ORD,2026-05-06T21:48:00,2026-05-06T23:27:00,AAL2737-1777871343-airline-764p,A319 
DAL2720-1777867597-fa-948p,2026-05-06T19:49:00,0.0746744847805467,0,0.2581871152281434,replay_quantile@0.22,DL2720,N325DN,DL,JAX,ATL,2026-05-06T21:49:00,2026-05-06T22:32:00,DAL2720-1777867596-fa-1281p,A321 
SWA569-1777872785-airline-1043p,2026-05-06T19:50:00,0.330330974336979,1,0.2581871152281434,replay_quantile@0.22,WN569,N8613K,WN,ATL,LAS,2026-05-06T21:50:00,2026-05-07T02:09:00,SWA485-1777872785-airline-970p,B738 
EDV5377-1777871079-airline-529p,2026-05-06T19:51:00,0.1162886825208741,0,0.2581871152281434,replay_quantile@0.22,9E5377,N133EV,9E,ATL,DHN,2026-05-06T21:51:00,2026-05-06T22:34:00,EDV5466-1777873157-airline-1195p,CRJ9 
DAL543-1777868565-fa-848p,2026-05-06T19:51:00,0.052474761637689285,0,0.2581871152281434,replay_quantile@0.22,DL543,N957DZ,DL,STL,ATL,2026-05-06T21:51:00,2026-05-06T22:54:00,DAL1485-1777868564-fa-1004p,B739 
DAL1150-1777868694-fa-611p,2026-05-06T19:55:00,0.6434965414349654,1,0.2581871152281434,replay_quantile@0.22,DL1150,N553NW,DL,MCO,ATL,2026-05-06T21:55:00,2026-05-06T23:12:00,DAL1150-1777868694-fa-610p,B752 
DAL1670-1777867655-fa-505p,2026-05-06T19:55:00,0.4072312083729781,1,0.2581871152281434,replay_quantile@0.22,DL1670,N338DN,DL,ATL,FLL,2026-05-06T21:55:00,2026-05-06T23:11:00,DAL2200-1777867653-fa-356p,A321 
SWA4636-1777872785-airline-926p,2026-05-06T19:55:00,0.330330974336979,1,0.2581871152281434,replay_quantile@0.22,WN4636,N431WN,WN,ATL,AUS,2026-05-06T21:55:00,2026-05-07T00:16:00,SWA799-1777881901-airline-1714p,B737 
DAL301-1777868634-fa-655p,2026-05-06T19:55:00,0.23371647509578541,0,0.2581871152281434,replay_quantile@0.22,DL301,N502DX,DL,ATL,LAX,2026-05-06T21:55:00,2026-05-07T02:39:00,DAL988-1777868635-fa-378p,A21N 
SKW3753-1777875506-airline-1201p,2026-05-06T19:55:00,0.18666021986970685,0,0.2581871152281434,replay_quantile@0.22,OO3753,N264SY,OO,ATL,XNA,2026-05-06T21:55:00,2026-05-06T23:31:00,SKW3875-1777834049-fa-1217p,E75L 
DAL3179-1777868538-fa-949p,2026-05-06T19:55:00,0.1866118444781072,0,0.2581871152281434,replay_quantile@0.22,DL3179,N960DZ,DL,ATL,CHS,2026-05-06T21:55:00,2026-05-06T22:36:00,DAL775-1777868538-fa-948p,B739 
EDV5161-1777870860-airline-539p,2026-05-06T19:55:00,0.10344462109167991,0,0.2581871152281434,replay_quantile@0.22,9E5161,N678CA,9E,ATL,MGM,2026-05-06T21:55:00,2026-05-06T22:33:00,EDV5263-1777870860-airline-593p,CRJ9 
DAL3025-1777868728-fa-117p,2026-05-06T19:55:00,0.08899350310947436,0,0.2581871152281434,replay_quantile@0.22,DL3025,N965AT,DL,ATL,LIT,2026-05-06T21:55:00,2026-05-06T23:10:00,DAL2620-1777868728-fa-118p,B712 
EDV4993-1777861598-fa-13p,2026-05-06T19:55:00,0.042102979369667747,0,0.2581871152281434,replay_quantile@0.22,9E4993,N340CA,9E,VLD,ATL,2026-05-06T21:55:00,2026-05-06T22:41:00,EDV4993-1777861599-fa-3p,CRJ7 
DAL1132-1777868726-fa-302p,2026-05-06T19:56:00,0.13837174940898342,0,0.2581871152281434,replay_quantile@0.22,DL1132,N967AT,DL,ATL,BHM,2026-05-06T21:56:00,2026-05-06T22:21:00,DAL1549-1777868726-fa-305p,B712 
DAL653-1777868654-fa-6p,2026-05-06T19:58:00,0.13837174940898342,0,0.2581871152281434,replay_quantile@0.22,DL653,N586DT,DL,ATL,SLC,2026-05-06T21:58:00,2026-05-07T01:43:00,DAL885-1777868654-fa-8p,A21N 
EDV5059-1777873937-airline-751p,2026-05-06T19:58:00,0.07233496018494733,0,0.2581871152281434,replay_quantile@0.22,9E5059,N293PQ,9E,ATL,BTR,2026-05-06T21:58:00,2026-05-06T23:12:00,EDV5364-1777870954-airline-592p,CRJ9 
DAL1126-1777868473-fa-1336p,2026-05-06T19:58:00,0.031036712407500545,0,0.2581871152281434,replay_quantile@0.22,DL1126,N830DN,DL,SDF,ATL,2026-05-06T21:58:00,2026-05-06T23:07:00,DAL1126-1777868477-fa-118p,B739 
DAL1325-1777868731-fa-442p,2026-05-06T19:59:00,0.03407691579047077,0,0.2581871152281434,replay_quantile@0.22,DL1325,N896AT,DL,TUL,ATL,2026-05-06T21:59:00,2026-05-06T23:19:00,DAL1325-1777868732-fa-537p,B712 
DAL2815-1777867849-fa-1088p,2026-05-06T20:00:00,0.19439755646652196,0,0.2581871152281434,replay_quantile@0.22,DL2815,N301NB,DL,ATL,EYW,2026-05-06T22:00:00,2026-05-06T23:22:00,DAL1472-1777867848-fa-623p,A319 
N111M-1778036425-sw-1884p,2026-05-06T20:00:00,0.19439755646652196,0,0.2581871152281434,replay_quantile@0.22,,N111M,,ATL,BNA,2026-05-06T22:00:00,2026-05-06T22:50:00,N111M-1778091529-sw-478p,B350 
DAL3095-1777868485-fa-1774p,2026-05-06T20:00:00,0.028611464603857755,0,0.2581871152281434,replay_quantile@0.22,DL3095,N928DU,DL,GSP,ATL,2026-05-06T22:00:00,2026-05-06T22:38:00,DAL3095-1777868484-fa-3160p,B739 
DAL527-1777868561-fa-265p,2026-05-06T20:02:00,0.1697625664277705,0,0.2581871152281434,replay_quantile@0.22,DL527,N950DZ,DL,ATL,SAV,2026-05-06T22:02:00,2026-05-06T22:34:00,DAL2692-1777868561-fa-891p,B739 
FFT2050-1777880967-airline-1360p,2026-05-06T20:03:00,0.5108397365532381,1,0.2581871152281434,replay_quantile@0.22,F92050,N349FR,F9,ATL,MCO,2026-05-06T22:03:00,2026-05-06T23:03:00,FFT3975-1777877850-airline-1250p,A20N 
DAL832-1777867949-fa-75p,2026-05-06T20:03:00,0.3493483758023731,1,0.2581871152281434,replay_quantile@0.22,DL832,N353NW,DL,ATL,DCA,2026-05-06T22:03:00,2026-05-06T23:13:00,DAL2135-1777867950-fa-136p,A320 
EDV5266-1777869362-fa-669p,2026-05-06T20:04:00,0.0522695476449557,0,0.2581871152281434,replay_quantile@0.22,9E5266,N181GJ,9E,CHO,ATL,2026-05-06T22:04:00,2026-05-06T23:41:00,EDV5266-1777869363-fa-674p,CRJ9 
DAL1729-1777868730-fa-1173p,2026-05-06T20:04:00,0.02278018717187857,0,0.2581871152281434,replay_quantile@0.22,DL1729,N894AT,DL,TYS,ATL,2026-05-06T22:04:00,2026-05-06T22:43:00,DAL1834-1777868730-fa-1174p,B712 
DAL100-1777867576-fa-2035p,2026-05-06T20:05:00,0.18666021986970685,0,0.2581871152281434,replay_quantile@0.22,DL100,N836MH,DL,ATL,CDG,2026-05-06T22:05:00,2026-05-07T06:14:00,DAL193-1777867576-fa-2036p,B764 
DAL14-1777868068-fa-3050p,2026-05-06T20:05:00,0.18666021986970685,0,0.2581871152281434,replay_quantile@0.22,DL14,N858NW,DL,ATL,FRA,2026-05-06T22:05:00,2026-05-07T06:37:00,DAL110-1777781670-fa-1078p,A332 
EDV5051-1777870516-airline-1386p,2026-05-06T20:05:00,0.1305571690273,0,0.2581871152281434,replay_quantile@0.22,9E5051,N355CA,9E,ATL,SGF,2026-05-06T22:05:00,2026-05-06T23:38:00,EDV5327-1777833255-fa-1905p,CRJ7 
DAL2939-1777868739-fa-217p,2026-05-06T20:07:00,0.17452252415732888,0,0.2581871152281434,replay_quantile@0.22,DL2939,N960AT,DL,ATL,MEM,2026-05-06T22:07:00,2026-05-06T22:57:00,DAL2417-1777868732-fa-543p,B712 
DAL2174-1777868723-fa-741p,2026-05-06T20:07:00,0.031036712407500545,0,0.2581871152281434,replay_quantile@0.22,DL2174,N953AT,DL,CHS,ATL,2026-05-06T22:07:00,2026-05-06T22:52:00,DAL3189-1777868723-fa-738p,B712 
DAL1956-1777868500-fa-1746p,2026-05-06T20:08:00,0.05946357494627077,0,0.2581871152281434,replay_quantile@0.22,DL1956,N810DN,DL,NAS,ATL,2026-05-06T22:08:00,2026-05-07T00:03:00,DAL1947-1777868498-fa-1698p,B739 
DAL1661-1777867665-fa-361p,2026-05-06T20:09:00,0.35878070973612364,1,0.2581871152281434,replay_quantile@0.22,DL1661,N323DN,DL,ATL,PHX,2026-05-06T22:09:00,2026-05-07T02:09:00,DAL1082-1777867594-fa-1216p,A321 
DAL2378-1777868692-fa-3031p,2026-05-06T20:09:00,0.3371394230769231,1,0.2581871152281434,replay_quantile@0.22,DL2378,N687DL,DL,ATL,JFK,2026-05-06T22:09:00,2026-05-06T23:54:00,DAL1757-1777867245-fa-925p,B752 
EDV5112-1777850409-fa-1678p,2026-05-06T20:09:00,0.17757594738490443,0,0.2581871152281434,replay_quantile@0.22,9E5112,N324PQ,9E,ATL,TYS,2026-05-06T22:09:00,2026-05-06T23:00:00,EDV5519-1777840105-fa-640p,CRJ9 
DAL826-1777868699-fa-240p,2026-05-06T20:09:00,0.17452252415732888,0,0.2581871152281434,replay_quantile@0.22,DL826,N721TW,DL,ATL,SNA,2026-05-06T22:09:00,2026-05-07T02:51:00,DAL1488-1777868699-fa-842p,B752 
AAL1805-1777875601-airline-1748p,2026-05-06T20:09:00,0.1590411957710536,0,0.2581871152281434,replay_quantile@0.22,AA1805,N583UW,AA,ATL,PHX,2026-05-06T22:09:00,2026-05-07T02:20:00,AAL1802-1777875601-airline-1745p,A321 
DAL585-1777868164-fa-439p,2026-05-06T20:09:00,0.1456462741179806,0,0.2581871152281434,replay_quantile@0.22,DL585,N3757D,DL,ATL,MEX,2026-05-06T22:09:00,2026-05-07T01:46:00,DAL1928-1777868289-fa-1688p,B738 
DAL1235-1777868742-fa-424p,2026-05-06T20:09:00,0.05650722331429998,0,0.2581871152281434,replay_quantile@0.22,DL1235,N937AT,DL,ATL,LEX,2026-05-06T22:09:00,2026-05-06T23:16:00,DAL1013-1777868742-fa-420p,B712 
DAL434-1777867958-fa-947p,2026-05-06T20:10:00,0.42103079954371053,1,0.2581871152281434,replay_quantile@0.22,DL434,N361NW,DL,ATL,LGA,2026-05-06T22:10:00,2026-05-06T23:39:00,DAL2629-1777867949-fa-71p,A320 
DAL759-1777867585-fa-1248p,2026-05-06T20:10:00,0.1305571690273,0,0.2581871152281434,replay_quantile@0.22,DL759,N843MH,DL,TPA,ATL,2026-05-06T22:10:00,2026-05-06T23:19:00,DAL759-1777867585-fa-1247p,B764 
DAL3017-1777868741-fa-3976p,2026-05-06T20:10:00,0.08899350310947436,0,0.2581871152281434,replay_quantile@0.22,DL3017,N926AT,DL,ATL,GSO,2026-05-06T22:10:00,2026-05-06T22:56:00,DAL3193-1777868741-fa-3978p,B712 
DAL2772-1777868730-fa-1164p,2026-05-06T20:10:00,0.023605150214592276,0,0.2581871152281434,replay_quantile@0.22,DL2772,N717JL,DL,GSO,ATL,2026-05-06T22:10:00,2026-05-06T23:19:00,DAL2812-1777868730-fa-243p,B712 
EDV5193-1777849060-fa-501p,2026-05-06T20:12:00,0.09016480407412646,0,0.2581871152281434,replay_quantile@0.22,9E5193,N313PQ,9E,ATL,MOB,2026-05-06T22:12:00,2026-05-06T23:03:00,EDV5194-1777850410-fa-1755p,CRJ9 
DAL1278-1777868736-fa-216p,2026-05-06T20:12:00,0.02574202688227773,0,0.2581871152281434,replay_quantile@0.22,DL1278,N895AT,DL,JAN,ATL,2026-05-06T22:12:00,2026-05-06T23:12:00,DAL1278-1777868736-fa-885p,B712 
DAL3109-1777868424-fa-1504p,2026-05-06T20:14:00,0.03660663833132693,0,0.2581871152281434,replay_quantile@0.22,DL3109,N856DN,DL,SRQ,ATL,2026-05-06T22:14:00,2026-05-06T23:30:00,DAL3109-1777868424-fa-1503p,B739 
DAL2599-1777868742-fa-418p,2026-05-06T20:14:00,0.02574202688227773,0,0.2581871152281434,replay_quantile@0.22,DL2599,N925AT,DL,MSN,ATL,2026-05-06T22:14:00,2026-05-06T23:59:00,DAL2599-1777868742-fa-417p,B712 
SWA1249-1777873095-airline-1146p,2026-05-06T20:15:00,0.5811893715731762,1,0.2581871152281434,replay_quantile@0.22,WN1249,N8769Q,WN,ATL,DEN,2026-05-06T22:15:00,2026-05-07T01:03:00,SWA3453-1777871111-airline-842p,B38M 
DAL1506-1777868282-fa-1194p,2026-05-06T20:15:00,0.05725833614011452,0,0.2581871152281434,replay_quantile@0.22,DL1506,N385DN,DL,VPS,ATL,2026-05-06T22:15:00,2026-05-06T23:25:00,DAL1825-1777868282-fa-720p,B738 
JIA5067-1777872223-airline-252p,2026-05-06T20:16:00,0.1697625664277705,0,0.2581871152281434,replay_quantile@0.22,OH5067,N595NN,OH,CLT,ATL,2026-05-06T22:16:00,2026-05-06T23:08:00,JIA5396-1777872223-airline-617p,CRJ9 
DAL3101-1777868742-fa-222p,2026-05-06T20:16:00,0.04696156671356183,0,0.2581871152281434,replay_quantile@0.22,DL3101,N906AT,DL,AVL,ATL,2026-05-06T22:16:00,2026-05-06T22:51:00,DAL3101-1777868742-fa-219p,B712 
DAL1906-1777868297-fa-794p,2026-05-06T20:19:00,0.1697625664277705,0,0.2581871152281434,replay_quantile@0.22,DL1906,N3764D,DL,ATL,KIN,2026-05-06T22:19:00,2026-05-07T00:42:00,DAL576-1777868298-fa-925p,B738 
DAL2600-1777868427-fa-278p,2026-05-06T20:19:00,0.06644576982549151,0,0.2581871152281434,replay_quantile@0.22,DL2600,N827DN,DL,RDU,ATL,2026-05-06T22:19:00,2026-05-06T23:24:00,DAL2600-1777868426-fa-346p,B739 
SWA683-1777872785-airline-1123p,2026-05-06T20:20:00,0.5108397365532381,1,0.2581871152281434,replay_quantile@0.22,WN683,N8716B,WN,ATL,BWI,2026-05-06T22:20:00,2026-05-06T23:36:00,SWA2088-1777880845-airline-1192p,B38M 
SWA1275-1777873095-airline-1176p,2026-05-06T20:20:00,0.3267569310122501,1,0.2581871152281434,replay_quantile@0.22,WN1275,N7738A,WN,ATL,MCO,2026-05-06T22:20:00,2026-05-06T23:30:00,SWA1275-1777873095-airline-1177p,B737 
DAL495-1777868694-fa-608p,2026-05-06T20:20:00,0.3118771544970228,1,0.2581871152281434,replay_quantile@0.22,DL495,N6705Y,DL,ATL,SFO,2026-05-06T22:20:00,2026-05-07T02:26:00,DAL927-1777868693-fa-1780p,B752 
DAL8848-1777914050-fa-1171p,2026-05-06T20:20:00,0.24444198344361692,0,0.2581871152281434,replay_quantile@0.22,DL8848,N664DN,DL,ATL,LAS,2026-05-06T22:20:00,2026-05-07T02:10:00,DAL8840-1777706677-fa-275p,B752 
VIR110-1777871402-airline-539p,2026-05-06T20:20:00,0.2243580904051408,0,0.2581871152281434,replay_quantile@0.22,VS110,G-VLUV,VS,ATL,MAN,2026-05-06T22:20:00,2026-05-07T05:52:00,VIR109-1777871402-airline-538p,A333 
DAL174-1777867574-fa-1166p,2026-05-06T20:20:00,0.22132990684227433,0,0.2581871152281434,replay_quantile@0.22,DL174,N827MH,DL,ATL,MXP,2026-05-06T22:20:00,2026-05-07T07:08:00,DAL175-1777867574-fa-1164p,B764 
DAL3094-1777868562-fa-250p,2026-05-06T20:20:00,0.05038602194229989,0,0.2581871152281434,replay_quantile@0.22,DL3094,N954DZ,DL,ECP,ATL,2026-05-06T22:20:00,2026-05-06T23:03:00,DAL3094-1777868562-fa-249p,B739 
ASA783-1777874812-airline-1169p,2026-05-06T20:21:00,0.23455243167045187,0,0.2581871152281434,replay_quantile@0.22,AS783,N979AK,AS,ATL,PDX,2026-05-06T22:21:00,2026-05-07T03:22:00,ASA334-1777878069-airline-726p,B39M 
DAL1060-1777867603-fa-282p,2026-05-06T20:22:00,0.31706281833616307,1,0.2581871152281434,replay_quantile@0.22,DL1060,N314DN,DL,ATL,AUS,2026-05-06T22:22:00,2026-05-07T00:29:00,DAL1196-1777867604-fa-4714p,A321 
DAL1490-1777868271-fa-471p,2026-05-06T20:23:00,0.1467644845748683,0,0.2581871152281434,replay_quantile@0.22,DL1490,N3760C,DL,ATL,BNA,2026-05-06T22:23:00,2026-05-06T23:41:00,DAL1884-1777868293-fa-1491p,B738 
DAL2035-1777868690-fa-66p,2026-05-06T20:25:00,0.43997776954427564,1,0.2581871152281434,replay_quantile@0.22,DL2035,N6716C,DL,ATL,MCO,2026-05-06T22:25:00,2026-05-06T23:27:00,DAL1720-1777868698-fa-460p,B752 
DAL1124-1777867244-fa-1417p,2026-05-06T20:25:00,0.23455243167045187,0,0.2581871152281434,replay_quantile@0.22,DL1124,N684DA,DL,ATL,RSW,2026-05-06T22:25:00,2026-05-06T23:35:00,DAL1576-1777868692-fa-3032p,B752 
VIR104-1777871402-airline-535p,2026-05-06T20:25:00,0.2243580904051408,0,0.2581871152281434,replay_quantile@0.22,VS104,G-VPRD,VS,ATL,LHR,2026-05-06T22:25:00,2026-05-07T05:49:00,VIR103-1777871402-airline-534p,A35K 
DAL2784-1777868742-fa-221p,2026-05-06T20:25:00,0.03983455719720428,0,0.2581871152281434,replay_quantile@0.22,DL2784,N922AT,DL,ATL,OKC,2026-05-06T22:25:00,2026-05-07T00:19:00,DAL3083-1777868741-fa-4451p,B712 
DAL1516-1777868316-fa-179p,2026-05-06T20:27:00,0.03983455719720428,0,0.2581871152281434,replay_quantile@0.22,DL1516,N397DA,DL,CVG,ATL,2026-05-06T22:27:00,2026-05-06T23:38:00,DAL1008-1777868318-fa-203p,B738 
DAL1131-1777867669-fa-927p,2026-05-06T20:28:00,0.5418107986163331,1,0.2581871152281434,replay_quantile@0.22,DL1131,N348DN,DL,ATL,IAH,2026-05-06T22:28:00,2026-05-07T00:16:00,DAL1554-1777867669-fa-928p,A321 
DAL1458-1777867682-fa-1341p,2026-05-06T20:29:00,0.137732836615221,0,0.2581871152281434,replay_quantile@0.22,DL1458,N350DN,DL,PBI,ATL,2026-05-06T22:29:00,2026-05-06T23:51:00,DAL1458-1777867682-fa-1342p,A321 
EDV5287-1777871014-airline-327p,2026-05-06T20:29:00,0.10966116696548124,0,0.2581871152281434,replay_quantile@0.22,9E5287,N272PQ,9E,ABY,ATL,2026-05-06T22:29:00,2026-05-06T23:06:00,EDV5287-1777871014-airline-335p,CRJ9 
FFT2972-1777877850-airline-1139p,2026-05-06T20:31:00,0.7603073740209841,1,0.2581871152281434,replay_quantile@0.22,F92972,N673FR,F9,MSY,ATL,2026-05-06T22:31:00,2026-05-07T00:03:00,FFT1371-1777880967-airline-1286p,A21N 
EDV5537-1777861715-fa-3237p,2026-05-06T20:32:00,0.0713429735559639,0,0.2581871152281434,replay_quantile@0.22,9E5537,N582CA,9E,AGS,ATL,2026-05-06T22:32:00,2026-05-06T23:25:00,EDV5537-1777861715-fa-3238p,CRJ9 
DAL3146-1777868357-fa-4573p,2026-05-06T20:32:00,0.05650722331429998,0,0.2581871152281434,replay_quantile@0.22,DL3146,N898DN,DL,MSY,ATL,2026-05-06T22:32:00,2026-05-06T23:36:00,DAL3146-1777868357-fa-4572p,B739 
FFT3397-1777870984-airline-667p,2026-05-06T20:35:00,0.9724770642201835,1,0.2581871152281434,replay_quantile@0.22,F93397,N714FR,F9,ATL,ORD,2026-05-06T22:35:00,2026-05-07T00:19:00,FFT1596-1777870984-airline-494p,A321 
SWA224-1777880845-airline-1420p,2026-05-06T20:35:00,0.42103079954371053,1,0.2581871152281434,replay_quantile@0.22,WN224,N932WN,WN,ATL,DAL,2026-05-06T22:35:00,2026-05-07T00:41:00,SWA461-1777872785-airline-912p,B737 
EDV5281-1777870892-airline-1888p,2026-05-06T20:35:00,0.05038602194229989,0,0.2581871152281434,replay_quantile@0.22,9E5281,N928XJ,9E,CHA,ATL,2026-05-06T22:35:00,2026-05-06T23:07:00,EDV5376-1777873906-airline-1675p,CRJ9 
DAL3026-1777868737-fa-1760p,2026-05-06T20:38:00,0.025967908140733107,0,0.2581871152281434,replay_quantile@0.22,DL3026,N992AT,DL,HSV,ATL,2026-05-06T22:38:00,2026-05-06T23:11:00,DAL3026-1777868738-fa-1052p,B712 
AAL2391-1777880317-airline-506p,2026-05-06T20:39:00,0.46543264942016055,1,0.2581871152281434,replay_quantile@0.22,AA2391,N915NN,AA,PHX,ATL,2026-05-06T22:39:00,2026-05-07T01:52:00,AAL1364-1777870047-airline-1268p,B738
EDV5282-1777850061-fa-689p,2026-05-06T20:39:00,0.10934441102038868,0,0.2581871152281434,replay_quantile@0.22,9E5282,N297PQ,9E,ATL,AGS,2026-05-06T22:39:00,2026-05-06T23:10:00,EDV5308-1777840102-fa-1921p,CRJ9 
DAL3059-1777868572-fa-782p,2026-05-06T20:40:00,0.21077547339945898,0,0.2581871152281434,replay_quantile@0.22,DL3059,N932DZ,DL,ATL,PNS,2026-05-06T22:40:00,2026-05-06T23:26:00,DAL409-1777868571-fa-2018p,B739 
DAL840-1777867553-fa-906p,2026-05-06T20:40:00,0.17807262569832402,0,0.2581871152281434,replay_quantile@0.22,DL840,N120DN,DL,DEN,ATL,2026-05-06T22:40:00,2026-05-07T00:57:00,DAL1675-1777867553-fa-907p,A321 
DAL3180-1777868740-fa-211p,2026-05-06T20:40:00,0.17757594738490443,0,0.2581871152281434,replay_quantile@0.22,DL3180,N939AT,DL,ATL,JAN,2026-05-06T22:40:00,2026-05-06T23:34:00,DAL1182-1777868739-fa-1623p,B712 
DAL1021-1777868733-fa-233p,2026-05-06T20:40:00,0.07195336483736332,0,0.2581871152281434,replay_quantile@0.22,DL1021,N997AT,DL,ATL,GSP,2026-05-06T22:40:00,2026-05-06T23:09:00,DAL3127-1777868733-fa-231p,B712 
DAL2193-1777868723-fa-730p,2026-05-06T20:40:00,0.06654470615138347,0,0.2581871152281434,replay_quantile@0.22,DL2193,N966AT,DL,ATL,CAE,2026-05-06T22:40:00,2026-05-06T23:15:00,DAL3195-1777868723-fa-728p,B712 
EDV5374-1777873937-airline-696p,2026-05-06T20:40:00,0.03660663833132693,0,0.2581871152281434,replay_quantile@0.22,9E5374,N292PQ,9E,CSG,ATL,2026-05-06T22:40:00,2026-05-06T23:19:00,EDV5374-1777871079-airline-566p,CRJ9 
DAL2928-1777867646-fa-842p,2026-05-06T20:41:00,0.3197120474274826,1,0.2581871152281434,replay_quantile@0.22,DL2928,N330DX,DL,ATL,BWI,2026-05-06T22:41:00,2026-05-06T23:59:00,DAL2011-1777867653-fa-42p,A321 
FFT3458-1777877850-airline-1217p,2026-05-06T20:45:00,0.7603073740209841,1,0.2581871152281434,replay_quantile@0.22,F93458,N634FR,F9,ATL,LGA,2026-05-06T22:45:00,2026-05-07T00:39:00,FFT1407-1777880967-airline-1292p,A21N 
SWA241-1777876911-airline-698p,2026-05-06T20:45:00,0.3392294333311893,1,0.2581871152281434,replay_quantile@0.22,WN241,N8685B,WN,ATL,HOU,2026-05-06T22:45:00,2026-05-07T00:44:00,SWA3001-1777871111-airline-431p,B738 
DAL919-1777868062-fa-1585p,2026-05-06T20:45:00,0.2243580904051408,0,0.2581871152281434,replay_quantile@0.22,DL919,N851NW,DL,ATL,LAS,2026-05-06T22:45:00,2026-05-07T02:42:00,DAL15-1777868062-fa-1586p,A332 
AAL1811-1777875601-airline-1753p,2026-05-06T20:50:00,0.5379232078683562,1,0.2581871152281434,replay_quantile@0.22,AA1811,N343SY,AA,ATL,DFW,2026-05-06T22:50:00,2026-05-07T00:52:00,AAL1811-1777875601-airline-1754p,B38M 
DAL1939-1777868171-fa-1277p,2026-05-06T20:56:00,0.17757594738490443,0,0.2581871152281434,replay_quantile@0.22,DL1939,N381DN,DL,ATL,CUN,2026-05-06T22:56:00,2026-05-07T01:02:00,DAL1872-1777868172-fa-1112p,B738 
FFT1158-1777880967-airline-1253p,2026-05-06T20:59:00,0.9725351643223785,1,0.2581871152281434,replay_quantile@0.22,F91158,N341FR,F9,ATL,EWR,2026-05-06T22:59:00,2026-05-07T01:17:00,FFT2633-1777880967-airline-1433p,A20N 
SWA1557-1777873095-airline-1451p,2026-05-06T21:00:00,0.3014599803797104,1,0.2581871152281434,replay_quantile@0.22,WN1557,N8915Q,WN,ATL,MDW,2026-05-06T23:00:00,2026-05-07T00:54:00,SWA4529-1777872785-airline-862p,B38M 
DAL1058-1777867710-fa-850p,2026-05-06T21:00:00,0.26631118265506304,1,0.2581871152281434,replay_quantile@0.22,DL1058,N360DN,DL,ATL,PBI,2026-05-06T23:00:00,2026-05-07T00:20:00,DAL1579-1777867709-fa-1095p,A321 
DAL1503-1777868271-fa-597p,2026-05-06T21:02:00,0.1697625664277705,0,0.2581871152281434,replay_quantile@0.22,DL1503,N3749D,DL,ATL,CVG,2026-05-06T23:02:00,2026-05-07T00:26:00,DAL1055-1777868242-fa-1134p,B738 
DAL325-1777867949-fa-72p,2026-05-06T21:03:00,0.31706281833616307,1,0.2581871152281434,replay_quantile@0.22,DL325,N339NW,DL,ATL,DCA,2026-05-06T23:03:00,2026-05-07T00:13:00,DAL2235-1777867976-fa-1270p,A320 
JIA5313-1777872223-airline-525p,2026-05-06T21:05:00,0.42103079954371053,1,0.2581871152281434,replay_quantile@0.22,OH5313,N630NN,OH,ATL,PHL,2026-05-06T23:05:00,2026-05-07T00:51:00,JIA5026-1777872223-airline-212p,CRJ9 
DAL500-1777868128-fa-63p,2026-05-06T21:05:00,0.26631118265506304,1,0.2581871152281434,replay_quantile@0.22,DL500,N523DN,DL,ATL,LAX,2026-05-06T23:05:00,2026-05-07T03:49:00,DAL1502-1777781714-fa-1593p,A359 
DAL1588-1777868561-fa-268p,2026-05-06T21:07:00,0.4157848582285882,1,0.2581871152281434,replay_quantile@0.22,DL1588,N822DN,DL,ATL,MIA,2026-05-06T23:07:00,2026-05-07T00:36:00,DAL2827-1777868561-fa-270p,B739 
DAL2893-1777867600-fa-679p,2026-05-06T21:07:00,0.3118771544970228,1,0.2581871152281434,replay_quantile@0.22,DL2893,N346DN,DL,ATL,SAT,2026-05-06T23:07:00,2026-05-07T01:26:00,DAL1266-1777867600-fa-676p,A321 
DAL746-1777867760-fa-753p,2026-05-06T21:09:00,0.3014599803797104,1,0.2581871152281434,replay_quantile@0.22,DL746,N365DN,DL,ATL,DEN,2026-05-06T23:09:00,2026-05-07T02:08:00,DAL597-1777867719-fa-317p,A321 
DAL2065-1777867722-fa-265p,2026-05-06T21:09:00,0.28363367069859274,1,0.2581871152281434,replay_quantile@0.22,DL2065,N392DN,DL,ATL,PHL,2026-05-06T23:09:00,2026-05-07T00:39:00,DAL974-1777867761-fa-166p,A321 
DAL8818-1777868423-fa-1641p,2026-05-06T21:09:00,0.17452252415732888,0,0.2581871152281434,replay_quantile@0.22,DL8818,N821DN,DL,ATL,BDL,2026-05-06T23:09:00,2026-05-07T00:59:00,DAL2020-1777868454-fa-618p,B739 
DAL2786-1777868569-fa-340p,2026-05-06T21:09:00,0.11086816081101228,0,0.2581871152281434,replay_quantile@0.22,DL2786,N959DZ,DL,ATL,CMH,2026-05-06T23:09:00,2026-05-07T00:20:00,DAL1381-1777868568-fa-794p,B739 
UAL1359-1777853041-fa-1326p,2026-05-06T21:14:00,0.5418107986163331,1,0.2581871152281434,replay_quantile@0.22,UA1359,N14704,UA,ATL,IAH,2026-05-06T23:14:00,2026-05-07T01:26:00,UAL462-1777853112-fa-462p,B737 
DAL2894-1777867718-fa-211p,2026-05-06T21:15:00,0.43997776954427564,1,0.2581871152281434,replay_quantile@0.22,DL2894,N334DN,DL,ATL,ORD,2026-05-06T23:15:00,2026-05-07T01:23:00,DAL2279-1777867721-fa-321p,A321 
FFT1099-1777870984-airline-426p,2026-05-06T21:15:00,0.4056037358238826,1,0.2581871152281434,replay_quantile@0.22,F91099,,F9,ATL,PHX,2026-05-06T23:15:00,2026-05-07T03:17:00,,A21N 
DAL2265-1777867536-fa-958p,2026-05-06T21:15:00,0.3014599803797104,1,0.2581871152281434,replay_quantile@0.22,DL2265,N699DL,DL,ATL,JAX,2026-05-06T23:15:00,2026-05-06T23:52:00,DAL1372-1777867241-fa-1209p,B752 
DAL1280-1777868700-fa-1419p,2026-05-06T21:15:00,0.2550037570872327,0,0.2581871152281434,replay_quantile@0.22,DL1280,N706TW,DL,ATL,MSP,2026-05-06T23:15:00,2026-05-07T01:15:00,DAL1228-1777868700-fa-1408p,B752 
DAL105-1777868049-fa-972p,2026-05-06T21:15:00,0.2243580904051408,0,0.2581871152281434,replay_quantile@0.22,DL105,N805NW,DL,ATL,GRU,2026-05-06T23:15:00,2026-05-07T08:11:00,DAL73-1777781651-fa-666p,A333 
EDV5203-1777871871-airline-1775p,2026-05-06T21:15:00,0.16802258010957993,0,0.2581871152281434,replay_quantile@0.22,9E5203,N302PQ,9E,ATL,TYS,2026-05-06T23:15:00,2026-05-07T00:06:00,EDV5339-1777850062-fa-612p,CRJ9 
DAL2707-1777868723-fa-684p,2026-05-06T21:15:00,0.1456462741179806,0,0.2581871152281434,replay_quantile@0.22,DL2707,N945AT,DL,ATL,OMA,2026-05-06T23:15:00,2026-05-07T01:15:00,DAL1302-1777868721-fa-491p,B712 
DAL3044-1777868738-fa-156p,2026-05-06T21:15:00,0.1456462741179806,0,0.2581871152281434,replay_quantile@0.22,DL3044,N955AT,DL,ATL,BHM,2026-05-06T23:15:00,2026-05-06T23:40:00,DAL3143-1777868720-fa-1126p,B712 
EDV5368-1777851802-fa-2430p,2026-05-06T21:15:00,0.05650722331429998,0,0.2581871152281434,replay_quantile@0.22,9E5368,N601LR,9E,ATL,ABY,2026-05-06T23:15:00,2026-05-06T23:45:00,EDV5503-1777846779-fa-500p,CRJ9 
DAL1443-1777868735-fa-569p,2026-05-06T21:17:00,0.2243580904051408,0,0.2581871152281434,replay_quantile@0.22,DL1443,N959AT,DL,ATL,MEM,2026-05-06T23:17:00,2026-05-07T00:07:00,DAL2539-1777868735-fa-568p,B712 
DAL8775-1777868070-fa-81p,2026-05-06T21:20:00,0.2550037570872327,0,0.2581871152281434,replay_quantile@0.22,DL8775,N860NW,DL,ATL,DTW,2026-05-06T23:20:00,2026-05-07T01:03:00,DAL1317-1777868070-fa-80p,A332 
DAL66-1777868098-fa-1104p,2026-05-06T21:20:00,0.2243580904051408,0,0.2581871152281434,replay_quantile@0.22,DL66,N436DX,DL,ATL,FCO,2026-05-06T23:20:00,2026-05-07T08:30:00,DAL223-1777868097-fa-474p,A339 
DAL971-1777868435-fa-1684p,2026-05-06T21:20:00,0.18666021986970685,0,0.2581871152281434,replay_quantile@0.22,DL971,N858DZ,DL,ATL,COS,2026-05-06T23:20:00,2026-05-07T02:08:00,DAL2547-1777868483-fa-399p,B739 
FFT3923-1777877850-airline-1247p,2026-05-06T21:21:00,0.8768766661989617,1,0.2581871152281434,replay_quantile@0.22,F93923,N655FR,F9,ATL,LAS,2026-05-06T23:21:00,2026-05-07T03:41:00,FFT2198-1777870984-airline-556p,A21N 
JBU819-1777880345-airline-2880p,2026-05-06T21:22:00,0.9554394789449926,1,0.2581871152281434,replay_quantile@0.22,B6819,N615JB,B6,ATL,JFK,2026-05-06T23:22:00,2026-05-07T01:01:00,JBU220-1777872124-airline-244p,A320 
DAL1309-1777868183-fa-1680p,2026-05-06T21:22:00,0.29915460484180867,1,0.2581871152281434,replay_quantile@0.22,DL1309,N3755D,DL,ATL,IAD,2026-05-06T23:22:00,2026-05-07T00:30:00,DAL1805-1777868184-fa-281p,B738 
DAL2241-1777868741-fa-4446p,2026-05-06T21:22:00,0.08401499659168372,0,0.2581871152281434,replay_quantile@0.22,DL2241,N927AT,DL,ATL,TLH,2026-05-06T23:22:00,2026-05-06T23:56:00,DAL1545-1777868741-fa-4444p,B712 
DAL3120-1777868551-fa-1116p,2026-05-06T21:25:00,0.16863248861380356,0,0.2581871152281434,replay_quantile@0.22,DL3120,N942DZ,DL,ATL,IND,2026-05-06T23:25:00,2026-05-07T00:06:00,DAL2747-1777868551-fa-184p,B739 
DAL8785-1777868231-fa-688p,2026-05-06T21:30:00,0.2800737794685573,1,0.2581871152281434,replay_quantile@0.22,DL8785,N3737C,DL,ATL,AUS,2026-05-06T23:30:00,2026-05-07T01:37:00,DAL2322-1777868272-fa-744p,B738 
DAL779-1777867609-fa-751p,2026-05-06T21:30:00,0.2608988647555856,1,0.2581871152281434,replay_quantile@0.22,DL779,N343DN,DL,ATL,ONT,2026-05-06T23:30:00,2026-05-07T03:48:00,DAL1802-1777867661-fa-1303p,A321 
DAL3171-1777868723-fa-707p,2026-05-06T21:30:00,0.08899350310947436,0,0.2581871152281434,replay_quantile@0.22,DL3171,N946AT,DL,ATL,HSV,2026-05-06T23:30:00,2026-05-06T23:57:00,DAL3037-1777868723-fa-705p,B712 
DAL1457-1777868698-fa-456p,2026-05-06T21:35:00,0.3493483758023731,1,0.2581871152281434,replay_quantile@0.22,DL1457,N900PC,DL,ATL,TPA,2026-05-06T23:35:00,2026-05-07T00:31:00,DAL2990-1777868690-fa-935p,B752 
DAL1489-1777867615-fa-1251p,2026-05-06T21:40:00,0.3599545798637396,1,0.2581871152281434,replay_quantile@0.22,DL1489,N321DH,DL,ATL,FLL,2026-05-06T23:40:00,2026-05-07T01:02:00,DAL1755-1777867614-fa-1728p,A321 
DAL2494-1777868561-fa-253p,2026-05-06T21:40:00,0.12616630588937827,0,0.2581871152281434,replay_quantile@0.22,DL2494,N949DZ,DL,ATL,ECP,2026-05-06T23:40:00,2026-05-07T00:17:00,DAL1550-1777868559-fa-1021p,B739 
DAL825-1777868514-fa-112p,2026-05-06T21:50:00,0.19514215942787372,0,0.2581871152281434,replay_quantile@0.22,DL825,N833DN,DL,ATL,LAS,2026-05-06T23:50:00,2026-05-07T04:05:00,DAL1029-1777868354-fa-1375p,B739 
DAL731-1777868673-fa-965p,2026-05-06T21:52:00,0.26631118265506304,1,0.2581871152281434,replay_quantile@0.22,DL731,N6703D,DL,ATL,SAN,2026-05-06T23:52:00,2026-05-07T04:38:00,DAL1167-1777868673-fa-966p,B752 
DAL9960-1777868738-fa-1062p,2026-05-06T23:10:00,0.1456462741179806,0,0.23455243167045187,replay_quantile@0.22,DL9960,N970AT,DL,MSP,ATL,2026-05-07T01:10:00,2026-05-07T03:10:00,DAL1603-1777868739-fa-211p,B712 
DAL932-1777874213-airline-147p,2026-05-07T02:55:00,0.08098137900990834,0,0.23455243167045187,replay_quantile@0.22,DL932,N108DN,DL,SAN,ATL,2026-05-07T04:55:00,2026-05-07T08:27:00,DAL712-1777867750-fa-1049p,A321
DAL365-1777875506-airline-1093p,2026-05-07T03:40:00,0.0747827136648962,0,0.23455243167045187,replay_quantile@0.22,DL365,N933DZ,DL,SFO,ATL,2026-05-07T05:40:00,2026-05-07T09:42:00,DAL442-1777868553-fa-1052p,B739
DAL899-1777960738-schedule-782p,2026-05-07T04:05:00,0.17757594738490443,0,0.23455243167045187,replay_quantile@0.22,DL899,N111DC,DL,LAX,ATL,2026-05-07T06:05:00,2026-05-07T09:47:00,DAL753-1777867543-fa-2880p,A321
SWA2535-1777876911-airline-811p,2026-05-07T04:30:00,0.10263351251015122,0,0.23455243167045187,replay_quantile@0.22,WN2535,N228WN,WN,LAS,ATL,2026-05-07T06:30:00,2026-05-07T09:54:00,SWA1757-1777880845-airline-857p,B737
SWA3739-1777963397-airline-573p,2026-05-07T04:50:00,0.10344462109167991,0,0.23455243167045187,replay_quantile@0.22,WN3739,N8748Q,WN,PHX,ATL,2026-05-07T06:50:00,2026-05-07T09:53:00,SWA3688-1777870925-airline-561p,B38M
DAL690-1777894798-fa-1353p,2026-05-07T05:07:00,0.08899350310947436,0,0.23455243167045187,replay_quantile@0.22,DL690,N6705Y,DL,SFO,ATL,2026-05-07T07:07:00,2026-05-07T11:11:00,DAL495-1777868694-fa-608p,B752 
DAL188-1777954632-fa-656p,2026-05-07T05:35:00,0.0746744847805467,0,0.23455243167045187,replay_quantile@0.22,DL188,N529DN,DL,ICN,ATL,2026-05-07T07:35:00,2026-05-07T21:30:00,DAL189-1777868132-fa-432p,A359 
DAL857-1777955070-fa-1064p,2026-05-07T05:55:00,0.16033946618294892,0,0.23455243167045187,replay_quantile@0.22,DL857,N592NW,DL,LAS,ATL,2026-05-07T07:55:00,2026-05-07T11:26:00,DAL1442-1777868685-fa-1218p,B753 
DAL3055-1777954828-fa-580p,2026-05-07T07:25:00,0.05083729067733067,0,0.23455243167045187,replay_quantile@0.22,DL3055,N908DN,DL,CHS,ATL,2026-05-07T09:25:00,2026-05-07T10:09:00,DAL2850-1777868508-fa-723p,B739
DAL2966-1777953983-fa-1320p,2026-05-07T07:30:00,0.08899350310947436,0,0.23455243167045187,replay_quantile@0.22,DL2966,N692DL,DL,ORF,ATL,2026-05-07T09:30:00,2026-05-07T10:52:00,DAL2984-1777867532-fa-788p,B752
DAL1552-1777954913-fa-1342p,2026-05-07T07:30:00,0.08098137900990834,0,0.23455243167045187,replay_quantile@0.22,DL1552,N938DZ,DL,RDU,ATL,2026-05-07T09:30:00,2026-05-07T10:33:00,DAL2938-1777868566-fa-614p,B739
DAL2330-1777954098-fa-1146p,2026-05-07T07:36:00,0.0522695476449557,0,0.23455243167045187,replay_quantile@0.22,DL2330,N309DN,DL,TPA,ATL,2026-05-07T09:36:00,2026-05-07T10:39:00,DAL1560-1777867650-fa-874p,A321
DAL1382-1777954708-fa-98p,2026-05-07T07:40:00,0.1467644845748683,0,0.23455243167045187,replay_quantile@0.22,DL1382,N3750D,DL,BTV,ATL,2026-05-07T09:40:00,2026-05-07T12:21:00,DAL1027-1777868274-fa-854p,B738 
DAL3186-1777955137-fa-777p,2026-05-07T07:45:00,0.063874838254323,0,0.23455243167045187,replay_quantile@0.22,DL3186,N938AT,DL,CLT,ATL,2026-05-07T09:45:00,2026-05-07T10:29:00,DAL3158-1777868732-fa-1915p,B712
DAL26-1777954632-fa-654p,2026-05-07T08:00:00,0.08003691700113763,0,0.23455243167045187,replay_quantile@0.22,DL26,N528DN,DL,ICN,ATL,2026-05-07T10:00:00,2026-05-07T22:49:00,DAL159-1777868136-fa-2008p,A359 
FFT4601-1777960821-airline-1187p,2026-05-07T08:05:00,0.2735095812633074,1,0.23455243167045187,replay_quantile@0.22,F94601,N405FR,F9,EWR,ATL,2026-05-07T10:05:00,2026-05-07T12:13:00,FFT4602-1777877850-airline-1300p,A20N 
DAL1108-1777954139-fa-733p,2026-05-07T08:10:00,0.12616630588937827,0,0.23455243167045187,replay_quantile@0.22,DL1108,N320DN,DL,SYR,ATL,2026-05-07T10:10:00,2026-05-07T12:33:00,DAL2123-1777867712-fa-462p,A321 
DAL1200-1777954195-fa-1443p,2026-05-07T08:10:00,0.12616630588937827,0,0.23455243167045187,replay_quantile@0.22,DL1200,N394DX,DL,ROC,ATL,2026-05-07T10:10:00,2026-05-07T12:18:00,DAL2472-1777867262-fa-1045p,A321 
DAL1249-1777955081-fa-280p,2026-05-07T08:10:00,0.11065904259218533,0,0.23455243167045187,replay_quantile@0.22,DL1249,N6714Q,DL,MIA,ATL,2026-05-07T10:10:00,2026-05-07T11:43:00,DAL1328-1777867534-fa-808p,B752 
DAL2933-1777954774-fa-2400p,2026-05-07T08:10:00,0.10966116696548124,0,0.23455243167045187,replay_quantile@0.22,DL2933,N820DN,DL,BDL,ATL,2026-05-07T10:10:00,2026-05-07T12:30:00,DAL1011-1777868426-fa-342p,B739
DAL550-1777954297-fa-140p,2026-05-07T08:10:00,0.10966116696548124,0,0.23455243167045187,replay_quantile@0.22,DL550,N115DN,DL,LGA,ATL,2026-05-07T10:10:00,2026-05-07T12:15:00,DAL2321-1777867748-fa-625p,A321 
DAL1376-1777954216-fa-1017p,2026-05-07T08:10:00,0.06644576982549151,0,0.23455243167045187,replay_quantile@0.22,DL1376,N350DN,DL,PBI,ATL,2026-05-07T10:10:00,2026-05-07T11:30:00,DAL1065-1777867682-fa-1344p,A321 
RPA4782-1777963926-airline-990p,2026-05-07T08:10:00,0.06644576982549151,0,0.23455243167045187,replay_quantile@0.22,YX4782,N122HQ,YX,DCA,ATL,2026-05-07T10:10:00,2026-05-07T11:36:00,RPA4781-1777870704-airline-570p,E75S 
FFT2173-1777963115-airline-1496p,2026-05-07T08:15:00,0.23455243167045187,1,0.23455243167045187,replay_quantile@0.22,F92173,N656FR,F9,FLL,ATL,2026-05-07T10:15:00,2026-05-07T12:18:00,FFT2174-1777880967-airline-1378p,A21N 
DAL2664-1777954084-fa-949p,2026-05-07T08:25:00,0.2243580904051408,0,0.23455243167045187,replay_quantile@0.22,DL2664,N304DN,DL,BUF,ATL,2026-05-07T10:25:00,2026-05-07T12:25:00,DAL978-1777867595-fa-1092p,A321 
DAL2453-1777954801-fa-1416p,2026-05-07T08:25:00,0.09471272171772895,0,0.23455243167045187,replay_quantile@0.22,DL2453,N845DN,DL,GRR,ATL,2026-05-07T10:25:00,2026-05-07T12:15:00,DAL1711-1777868404-fa-1947p,B739 
DAL1364-1777953963-fa-1538p,2026-05-07T08:30:00,0.3118771544970228,1,0.23455243167045187,replay_quantile@0.22,DL1364,N67171,DL,ORF,ATL,2026-05-07T10:30:00,2026-05-07T11:59:00,DAL1346-1777867532-fa-195p,B752 
EDV5403-1777893373-fa-5708p,2026-05-07T08:33:00,0.10855020416195209,0,0.23455243167045187,replay_quantile@0.22,9E5403,N582CA,9E,CSG,ATL,2026-05-07T10:33:00,2026-05-07T11:09:00,EDV5429-1777861681-fa-815p,CRJ9
DAL1221-1777954334-fa-1321p,2026-05-07T08:33:00,0.08098137900990834,0,0.23455243167045187,replay_quantile@0.22,DL1221,N393DN,DL,MKE,ATL,2026-05-07T10:33:00,2026-05-07T12:07:00,DAL1206-1777867793-fa-1029p,A321 
DAL1344-1777954087-fa-411p,2026-05-07T08:35:00,0.08098137900990834,0,0.23455243167045187,replay_quantile@0.22,DL1344,N306DN,DL,AUS,ATL,2026-05-07T10:35:00,2026-05-07T12:15:00,DAL1170-1777867596-fa-1278p,A321 
DAL1073-1777954105-fa-1065p,2026-05-07T08:35:00,0.0746744847805467,0,0.23455243167045187,replay_quantile@0.22,DL1073,N346DN,DL,SAT,ATL,2026-05-07T10:35:00,2026-05-07T12:29:00,DAL2893-1777867600-fa-679p,A321 
DAL2727-1777955137-fa-760p,2026-05-07T08:37:00,0.08098137900990834,0,0.23455243167045187,replay_quantile@0.22,DL2727,N950AT,DL,DSM,ATL,2026-05-07T10:37:00,2026-05-07T12:06:00,DAL2306-1777868730-fa-239p,B712 
NKS920-1777977809-schedule-542p,2026-05-07T08:40:00,0.1467644845748683,0,0.23455243167045187,replay_quantile@0.22,NK920,,NK,DTW,ATL,2026-05-07T10:40:00,2026-05-07T12:08:00,,A320 
DAL9761-1778108119-fa-1257p,2026-05-07T08:40:00,0.1456462741179806,0,0.23455243167045187,replay_quantile@0.22,DL9761,N592DT,DL,JFK,ATL,2026-05-07T10:40:00,2026-05-07T12:51:00,DAL415-1777868660-fa-845p,A21N 
DAL1136-1777954347-fa-1234p,2026-05-07T08:40:00,0.08899350310947436,0,0.23455243167045187,replay_quantile@0.22,DL1136,N315NB,DL,OMA,ATL,2026-05-07T10:40:00,2026-05-07T12:16:00,DAL2495-1777867846-fa-997p,A319 
DAL1264-1777954182-fa-2012p,2026-05-07T08:40:00,0.08098137900990834,0,0.23455243167045187,replay_quantile@0.22,DL1264,N334DN,DL,ORD,ATL,2026-05-07T10:40:00,2026-05-07T12:05:00,DAL2894-1777867718-fa-211p,A321 
DAL401-1777954080-fa-818p,2026-05-07T08:40:00,0.08098137900990834,0,0.23455243167045187,replay_quantile@0.22,DL401,N308DN,DL,DFW,ATL,2026-05-07T10:40:00,2026-05-07T12:10:00,DAL2967-1777867621-fa-1743p,A321 
DAL1726-1777953975-fa-320p,2026-05-07T08:43:00,0.12616630588937827,0,0.23455243167045187,replay_quantile@0.22,DL1726,N659DL,DL,TPA,ATL,2026-05-07T10:43:00,2026-05-07T11:46:00,DAL1425-1777868697-fa-456p,B752 
DAL1402-1777953968-fa-736p,2026-05-07T08:49:00,0.1523089517022199,0,0.23455243167045187,replay_quantile@0.22,DL1402,N690DL,DL,RIC,ATL,2026-05-07T10:49:00,2026-05-07T12:14:00,DAL1263-1777868696-fa-300p,B752 
DAL1204-1777954918-fa-2224p,2026-05-07T08:49:00,0.09789156626506024,0,0.23455243167045187,replay_quantile@0.22,DL1204,N824DN,DL,MCI,ATL,2026-05-07T10:49:00,2026-05-07T12:17:00,DAL2911-1777868552-fa-473p,B739 
DAL3061-1777955132-fa-1078p,2026-05-07T08:50:00,0.12616630588937827,0,0.23455243167045187,replay_quantile@0.22,DL3061,N966AT,DL,CAE,ATL,2026-05-07T10:50:00,2026-05-07T11:30:00,DAL2193-1777868723-fa-730p,B712 
DAL1184-1777954477-fa-77p,2026-05-07T08:50:00,0.06654470615138347,0,0.23455243167045187,replay_quantile@0.22,DL1184,N370NW,DL,OKC,ATL,2026-05-07T10:50:00,2026-05-07T12:19:00,DAL2423-1777868006-fa-662p,A320 
DAL1160-1777955133-fa-677p,2026-05-07T08:53:00,0.08098137900990834,0,0.23455243167045187,replay_quantile@0.22,DL1160,N979AT,DL,MSN,ATL,2026-05-07T10:53:00,2026-05-07T12:36:00,DAL1118-1777868736-fa-210p,B712
DAL2216-1777955138-fa-979p,2026-05-07T08:54:00,0.06233204725946158,0,0.23455243167045187,replay_quantile@0.22,DL2216,N896AT,DL,ICT,ATL,2026-05-07T10:54:00,2026-05-07T12:30:00,DAL2959-1777868731-fa-438p,B712 
DAL55-1777954568-fa-1647p,2026-05-07T08:55:00,0.08098137900990834,0,0.23455243167045187,replay_quantile@0.22,DL55,N407DX,DL,LOS,ATL,2026-05-07T10:55:00,2026-05-07T22:58:00,DAL54-1777868060-fa-138p,A339 
DAL1361-1777953968-fa-1188p,2026-05-07T08:55:00,0.0746744847805467,0,0.23455243167045187,replay_quantile@0.22,DL1361,N684DA,DL,RSW,ATL,2026-05-07T10:55:00,2026-05-07T12:09:00,DAL1124-1777867244-fa-1417p,B752 
DAL1383-1777954888-fa-741p,2026-05-07T08:56:00,0.0772815092624162,0,0.23455243167045187,replay_quantile@0.22,DL1383,N923DZ,DL,PIT,ATL,2026-05-07T10:56:00,2026-05-07T12:31:00,DAL2583-1777868369-fa-48p,B739 
DAL695-1777955089-fa-1418p,2026-05-07T09:01:00,0.1456462741179806,0,0.23455243167045187,replay_quantile@0.22,DL695,N707TW,DL,BOS,ATL,2026-05-07T11:01:00,2026-05-07T13:40:00,DAL507-1777868699-fa-230p,B752 
FFT2409-1777963115-airline-1545p,2026-05-07T09:04:00,0.3726770929162834,1,0.23455243167045187,replay_quantile@0.22,F92409,N350FR,F9,CLE,ATL,2026-05-07T11:04:00,2026-05-07T12:32:00,FFT1832-1777880967-airline-1340p,A20N 
EDV4937-1777922247-fa-8p,2026-05-07T09:06:00,0.2243580904051408,0,0.23455243167045187,replay_quantile@0.22,9E4937,N272PQ,9E,MLI,ATL,2026-05-07T11:06:00,2026-05-07T12:32:00,EDV4950-1777870860-airline-540p,CRJ9 
DAL342-1777954303-fa-1005p,2026-05-07T09:09:00,0.07233496018494733,0,0.23455243167045187,replay_quantile@0.22,DL342,N372DN,DL,LGA,ATL,2026-05-07T11:09:00,2026-05-07T13:16:00,DAL1305-1777867552-fa-477p,A321 
DAL3158-1777955140-fa-1703p,2026-05-07T09:09:00,0.0522695476449557,0,0.23455243167045187,replay_quantile@0.22,DL3158,N933AT,DL,CLT,ATL,2026-05-07T11:09:00,2026-05-07T12:07:00,DAL3177-1777868730-fa-1175p,B712 
DAL3114-1777954758-fa-1881p,2026-05-07T09:10:00,0.137732836615221,0,0.23455243167045187,replay_quantile@0.22,DL3114,N864DN,DL,ECP,ATL,2026-05-07T11:10:00,2026-05-07T11:57:00,DAL3131-1777868477-fa-196p,B739 
DAL1673-1777954183-fa-1038p,2026-05-07T09:10:00,0.1172872010903234,0,0.23455243167045187,replay_quantile@0.22,DL1673,N123DW,DL,EWR,ATL,2026-05-07T11:10:00,2026-05-07T13:15:00,DAL2527-1777867588-fa-3622p,A321 
DAL2643-1777954132-fa-1024p,2026-05-07T09:10:00,0.10966116696548124,0,0.23455243167045187,replay_quantile@0.22,DL2643,N333DX,DL,YUL,ATL,2026-05-07T11:10:00,2026-05-07T14:02:00,DAL2416-1777867613-fa-1055p,A321
DAL2554-1777954770-fa-2682p,2026-05-07T09:10:00,0.0788256227758007,0,0.23455243167045187,replay_quantile@0.22,DL2554,N872DN,DL,BDL,ATL,2026-05-07T11:10:00,2026-05-07T13:28:00,DAL2871-1777868415-fa-1p,B739 
DAL3058-1777954820-fa-345p,2026-05-07T09:12:00,0.09471272171772895,0,0.23455243167045187,replay_quantile@0.22,DL3058,N823DN,DL,LEX,ATL,2026-05-07T11:12:00,2026-05-07T12:16:00,DAL2213-1777868472-fa-661p,B739 
DAL1183-1777955136-fa-1329p,2026-05-07T09:13:00,0.13837174940898342,0,0.23455243167045187,replay_quantile@0.22,DL1183,N990AT,DL,BTR,ATL,2026-05-07T11:13:00,2026-05-07T12:22:00,DAL3111-1777868729-fa-139p,B712
JIA5015-1777958659-airline-1264p,2026-05-07T09:15:00,0.203078123124925,0,0.23455243167045187,replay_quantile@0.22,OH5015,N645NN,OH,PHL,ATL,2026-05-07T11:15:00,2026-05-07T13:03:00,JIA5657-1777872033-airline-1004p,CRJ9 
FFT2911-1777960821-airline-933p,2026-05-07T09:15:00,0.18666021986970685,0,0.23455243167045187,replay_quantile@0.22,F92911,N371FR,F9,TPA,ATL,2026-05-07T11:15:00,2026-05-07T12:17:00,FFT1258-1777880967-airline-1265p,A20N 
SKW3690-1777948154-fa-1390p,2026-05-07T09:15:00,0.1523089517022199,0,0.23455243167045187,replay_quantile@0.22,OO3690,N299SY,OO,FAR,ATL,2026-05-07T11:15:00,2026-05-07T13:56:00,SKW3689-1777875506-airline-1124p,E75L 
DAL2450-1777955083-fa-164p,2026-05-07T09:15:00,0.09789156626506024,0,0.23455243167045187,replay_quantile@0.22,DL2450,N699DL,DL,JAX,ATL,2026-05-07T11:15:00,2026-05-07T12:01:00,DAL2265-1777867536-fa-958p,B752 
DAL1610-1777954674-fa-1547p,2026-05-07T09:18:00,0.12506268806419255,0,0.23455243167045187,replay_quantile@0.22,DL1610,N372DA,DL,SDF,ATL,2026-05-07T11:18:00,2026-05-07T12:20:00,DAL3093-1777868203-fa-813p,B738 
EDV4940-1777961956-airline-503p,2026-05-07T09:19:00,0.10165879973027646,0,0.23455243167045187,replay_quantile@0.22,9E4940,N279PQ,9E,MLU,ATL,2026-05-07T11:19:00,2026-05-07T12:14:00,,CRJ9 
DAL67-1777954615-fa-1495p,2026-05-07T09:20:00,0.08098137900990834,0,0.23455243167045187,replay_quantile@0.22,DL67,N436DX,DL,FCO,ATL,2026-05-07T11:20:00,2026-05-07T22:13:00,DAL66-1777868098-fa-1104p,A339 
EDV5584-1777921948-fa-1556p,2026-05-07T09:25:00,0.0872515462679397,0,0.23455243167045187,replay_quantile@0.22,9E5584,N136EV,9E,MSP,ATL,2026-05-07T11:25:00,2026-05-07T13:24:00,EDV5110-1777879533-airline-1656p,CRJ9 
DAL1664-1777954899-fa-40p,2026-05-07T09:35:00,0.10855020416195209,0,0.23455243167045187,replay_quantile@0.22,DL1664,N960DZ,DL,CHS,ATL,2026-05-07T11:35:00,2026-05-07T12:28:00,DAL3179-1777868538-fa-949p,B739 
EDV5317-1777910364-fa-2492p,2026-05-07T09:37:00,0.08899350310947436,0,0.23455243167045187,replay_quantile@0.22,9E5317,N903XJ,9E,TYS,ATL,2026-05-07T11:37:00,2026-05-07T12:13:00,EDV5527-1777874184-airline-4681p,CRJ9 
DAL2294-1777954167-fa-1269p,2026-05-07T09:39:00,0.1172872010903234,0,0.23455243167045187,replay_quantile@0.22,DL2294,N328DN,DL,DTW,ATL,2026-05-07T11:39:00,2026-05-07T13:22:00,DAL2994-1777867709-fa-1102p,A321 
DAL1072-1777954406-fa-3290p,2026-05-07T09:40:00,0.12506268806419255,0,0.23455243167045187,replay_quantile@0.22,DL1072,N301NB,DL,EYW,ATL,2026-05-07T11:40:00,2026-05-07T13:21:00,DAL2815-1777867849-fa-1088p,A319 
DAL1618-1777955153-fa-985p,2026-05-07T09:42:00,0.08003691700113763,0,0.23455243167045187,replay_quantile@0.22,DL1618,N998AT,DL,BHM,ATL,2026-05-07T11:42:00,2026-05-07T12:21:00,DAL2484-1777868734-fa-317p,B712 
JBU519-1777961863-airline-500p,2026-05-07T09:45:00,0.17452252415732888,0,0.23455243167045187,replay_quantile@0.22,B6519,N3298J,B6,JFK,ATL,2026-05-07T11:45:00,2026-05-07T13:47:00,JBU359-1777872124-airline-394p,BCS3 
JBU1698-1777965984-airline-979p,2026-05-07T09:49:00,0.16686944314459523,0,0.23455243167045187,replay_quantile@0.22,B61698,N556JB,B6,FLL,ATL,2026-05-07T11:49:00,2026-05-07T13:19:00,JBU705-1777880345-airline-2854p,A320 
FFT4707-1777960821-airline-1205p,2026-05-07T09:50:00,0.1866118444781072,0,0.23455243167045187,replay_quantile@0.22,F94707,N673FR,F9,IAD,ATL,2026-05-07T11:50:00,2026-05-07T13:15:00,FFT3692-1777877850-airline-1233p,A21N 
DAL1326-1777954112-fa-620p,2026-05-07T09:50:00,0.1523089517022199,0,0.23455243167045187,replay_quantile@0.22,DL1326,N364DX,DL,FLL,ATL,2026-05-07T11:50:00,2026-05-07T13:22:00,DAL1229-1777867692-fa-268p,A321 
THY31-1777957489-airline-1383p,2026-05-07T09:55:00,0.1172872010903234,0,0.23455243167045187,replay_quantile@0.22,TK31,TC-LMB,TK,IST,ATL,2026-05-07T11:55:00,2026-05-07T23:31:00,THY721-1777944576-schedule-166p,B789 
FFT1596-1777958344-airline-229p,2026-05-07T10:00:00,0.3371394230769231,1,0.23455243167045187,replay_quantile@0.22,F91596,N667FR,F9,ORD,ATL,2026-05-07T12:00:00,2026-05-07T13:22:00,FFT1349-1777870984-airline-459p,A21N 
DAL1066-1777954328-fa-1787p,2026-05-07T10:00:00,0.0788256227758007,0,0.23455243167045187,replay_quantile@0.22,DL1066,N114DN,DL,SAT,ATL,2026-05-07T12:00:00,2026-05-07T13:49:00,DAL1465-1777867784-fa-1526p,A321 
SWA1191-1777961456-airline-1577p,2026-05-07T10:05:00,0.10165879973027646,0,0.23455243167045187,replay_quantile@0.22,WN1191,N8748Q,WN,ATL,MDW,2026-05-07T12:05:00,2026-05-07T13:42:00,SWA3739-1777963397-airline-573p,B38M 
FFT1563-1777963115-airline-1398p,2026-05-07T10:06:00,0.35878070973612364,1,0.23455243167045187,replay_quantile@0.22,F91563,N609FR,F9,MCO,ATL,2026-05-07T12:06:00,2026-05-07T13:15:00,FFT1242-1777961985-airline-745p,A21N 
DAL343-1777954288-fa-510p,2026-05-07T10:09:00,0.10855020416195209,0,0.23455243167045187,replay_quantile@0.22,DL343,N386DN,DL,DCA,ATL,2026-05-07T12:09:00,2026-05-07T13:42:00,DAL727-1777867771-fa-896p,A321 
DAL2420-1777954827-fa-409p,2026-05-07T10:09:00,0.08899350310947436,0,0.23455243167045187,replay_quantile@0.22,DL2420,N908DN,DL,ATL,JFK,2026-05-07T12:09:00,2026-05-07T13:52:00,DAL3055-1777954828-fa-580p,B739 
AAL3190-1777960637-airline-2002p,2026-05-07T10:10:00,0.23455243167045187,1,0.23455243167045187,replay_quantile@0.22,AA3190,N915NN,AA,ATL,MIA,2026-05-07T12:10:00,2026-05-07T13:53:00,AAL2391-1777880317-airline-506p,B738 
SWA251-1777961333-airline-878p,2026-05-07T10:10:00,0.17385392385392384,0,0.23455243167045187,replay_quantile@0.22,WN251,N228WN,WN,ATL,MCO,2026-05-07T12:10:00,2026-05-07T13:05:00,SWA2535-1777876911-airline-811p,B737 
DAL1338-1777955087-fa-76p,2026-05-07T10:10:00,0.15400158764523353,0,0.23455243167045187,replay_quantile@0.22,DL1338,N696DL,DL,ORF,ATL,2026-05-07T12:10:00,2026-05-07T13:39:00,DAL2338-1777867247-fa-1264p,B752 
DAL1463-1777953974-fa-2704p,2026-05-07T10:10:00,0.1456462741179806,0,0.23455243167045187,replay_quantile@0.22,DL1463,N6715C,DL,MCO,ATL,2026-05-07T12:10:00,2026-05-07T13:12:00,DAL2881-1777867241-fa-1211p,B752 
DAL1315-1777954195-fa-1444p,2026-05-07T10:10:00,0.13176610035559067,0,0.23455243167045187,replay_quantile@0.22,DL1315,N348DN,DL,IAH,ATL,2026-05-07T12:10:00,2026-05-07T13:40:00,DAL1131-1777867669-fa-927p,A321 
AAL1816-1777966432-airline-1479p,2026-05-07T10:10:00,0.10855020416195209,0,0.23455243167045187,replay_quantile@0.22,AA1816,N966AN,AA,DFW,ATL,2026-05-07T12:10:00,2026-05-07T13:45:00,AAL1750-1777875601-airline-1680p,B738 
UAL1862-1777909389-fa-5219p,2026-05-07T10:10:00,0.09471272171772895,0,0.23455243167045187,replay_quantile@0.22,UA1862,N35236,UA,ATL,ORD,2026-05-07T12:10:00,2026-05-07T13:46:00,UAL2093-1777853112-fa-461p,B738 
DAL2161-1777954837-fa-1457p,2026-05-07T10:10:00,0.08899350310947436,0,0.23455243167045187,replay_quantile@0.22,DL2161,N876DN,DL,GRR,ATL,2026-05-07T12:10:00,2026-05-07T13:55:00,DAL2865-1777868460-fa-1365p,B739 
DAL1301-1777954217-fa-789p,2026-05-07T10:10:00,0.08098137900990834,0,0.23455243167045187,replay_quantile@0.22,DL1301,N351DN,DL,PBI,ATL,2026-05-07T12:10:00,2026-05-07T13:31:00,DAL1606-1777867684-fa-501p,A321 
DAL1395-1777954177-fa-1306p,2026-05-07T10:10:00,0.08098137900990834,0,0.23455243167045187,replay_quantile@0.22,DL1395,N331DN,DL,RSW,ATL,2026-05-07T12:10:00,2026-05-07T13:28:00,DAL1736-1777867635-fa-351p,A321 
DAL1261-1777955053-fa-1412p,2026-05-07T10:15:00,0.3118771544970228,1,0.23455243167045187,replay_quantile@0.22,DL1261,N6701,DL,MIA,ATL,2026-05-07T12:15:00,2026-05-07T13:44:00,DAL1589-1777868694-fa-616p,B752
DAL898-1777954320-fa-507p,2026-05-07T10:15:00,0.2243580904051408,0,0.23455243167045187,replay_quantile@0.22,DL898,N108DN,DL,ATL,LAX,2026-05-07T12:15:00,2026-05-07T16:44:00,DAL932-1777874213-airline-147p,A321 
DAL1089-1777955075-fa-1536p,2026-05-07T10:15:00,0.18666021986970685,0,0.23455243167045187,replay_quantile@0.22,DL1089,N692DL,DL,ATL,RSW,2026-05-07T12:15:00,2026-05-07T13:41:00,DAL2966-1777953983-fa-1320p,B752 
DAL693-1777955048-fa-1281p,2026-05-07T10:15:00,0.1866118444781072,0,0.23455243167045187,replay_quantile@0.22,DL693,N822DX,DL,ATL,SFO,2026-05-07T12:15:00,2026-05-07T17:07:00,DAL2440-1777953968-fa-734p,B752 
DAL2343-1777954099-fa-372p,2026-05-07T10:15:00,0.1697625664277705,0,0.23455243167045187,replay_quantile@0.22,DL2343,N309DN,DL,ATL,FLL,2026-05-07T12:15:00,2026-05-07T13:40:00,DAL2330-1777954098-fa-1146p,A321 
DAL349-1777954480-fa-130p,2026-05-07T10:15:00,0.14021052631578948,0,0.23455243167045187,replay_quantile@0.22,DL349,N343NW,DL,CLE,ATL,2026-05-07T12:15:00,2026-05-07T13:49:00,DAL1339-1777868009-fa-917p,A320 
DAL2976-1777953990-fa-4571p,2026-05-07T10:15:00,0.13837174940898342,0,0.23455243167045187,replay_quantile@0.22,DL2976,N111DC,DL,ATL,AUS,2026-05-07T12:15:00,2026-05-07T14:17:00,DAL899-1777960738-schedule-782p,A321 
DAL1212-1777954925-fa-1364p,2026-05-07T10:15:00,0.1162886825208741,0,0.23455243167045187,replay_quantile@0.22,DL1212,N943DZ,DL,MCI,ATL,2026-05-07T12:15:00,2026-05-07T13:39:00,DAL3023-1777868557-fa-456p,B739 
DAL2116-1777955150-fa-1523p,2026-05-07T10:15:00,0.09016480407412646,0,0.23455243167045187,replay_quantile@0.22,DL2116,N957AT,DL,TLH,ATL,2026-05-07T12:15:00,2026-05-07T13:15:00,DAL1569-1777868732-fa-1594p,B712 
EDV5169-1777939330-fa-4076p,2026-05-07T10:15:00,0.08899350310947436,0,0.23455243167045187,replay_quantile@0.22,9E5169,N292PQ,9E,ATL,HSV,2026-05-07T12:15:00,2026-05-07T12:50:00,EDV5255-1777907747-fa-2788p,CRJ9 
DAL3173-1777955143-fa-827p,2026-05-07T10:15:00,0.0872515462679397,0,0.23455243167045187,replay_quantile@0.22,DL3173,N978AT,DL,ATL,GSO,2026-05-07T12:15:00,2026-05-07T13:09:00,DAL2006-1777868742-fa-414p,B712 
DAL1536-1777954780-fa-1233p,2026-05-07T10:15:00,0.0747827136648962,0,0.23455243167045187,replay_quantile@0.22,DL1536,N940DU,DL,STL,ATL,2026-05-07T12:15:00,2026-05-07T13:23:00,DAL1403-1777868503-fa-191p,B739 
DAL1157-1777955130-fa-863p,2026-05-07T10:15:00,0.07195336483736332,0,0.23455243167045187,replay_quantile@0.22,DL1157,N945AT,DL,OMA,ATL,2026-05-07T12:15:00,2026-05-07T13:56:00,DAL2707-1777868723-fa-684p,B712 
DAL2232-1777955138-fa-975p,2026-05-07T10:15:00,0.04696156671356183,0,0.23455243167045187,replay_quantile@0.22,DL2232,N938AT,DL,ATL,LEX,2026-05-07T12:15:00,2026-05-07T13:02:00,DAL3186-1777955137-fa-777p,B712 
DAL3089-1777954913-fa-1341p,2026-05-07T10:17:00,0.1172872010903234,0,0.23455243167045187,replay_quantile@0.22,DL3089,N938DZ,DL,ATL,GSP,2026-05-07T12:17:00,2026-05-07T12:54:00,DAL1552-1777954913-fa-1342p,B739 
DAL1236-1777954512-fa-1686p,2026-05-07T10:19:00,0.09016480407412646,0,0.23455243167045187,replay_quantile@0.22,DL1236,N349NW,DL,MKE,ATL,2026-05-07T12:19:00,2026-05-07T13:54:00,DAL1268-1777867979-fa-1267p,A320 
DAL1158-1777955137-fa-772p,2026-05-07T10:19:00,0.03407691579047077,0,0.23455243167045187,replay_quantile@0.22,DL1158,N922AT,DL,OKC,ATL,2026-05-07T12:19:00,2026-05-07T13:49:00,DAL2784-1777868742-fa-221p,B712 
DAL348-1777953958-fa-4080p,2026-05-07T10:20:00,0.16686944314459523,0,0.23455243167045187,replay_quantile@0.22,DL348,N556NW,DL,ATL,PHX,2026-05-07T12:20:00,2026-05-07T15:59:00,DAL391-1777875506-airline-1435p,B752 
DAL1311-1777954122-fa-1240p,2026-05-07T10:20:00,0.16176214522026816,0,0.23455243167045187,replay_quantile@0.22,DL1311,N316DN,DL,ATL,PBI,2026-05-07T12:20:00,2026-05-07T13:42:00,DAL9961-1777867607-fa-153p,A321 
DAL539-1777954860-fa-1364p,2026-05-07T10:20:00,0.1456462741179806,0,0.23455243167045187,replay_quantile@0.22,DL539,N896DN,DL,ATL,PDX,2026-05-07T12:20:00,2026-05-07T17:12:00,DAL888-1777907398-fa-1523p,B739 
DAL1415-1777954825-fa-1094p,2026-05-07T10:20:00,0.1286818671102847,0,0.23455243167045187,replay_quantile@0.22,DL1415,N803DN,DL,RIC,ATL,2026-05-07T12:20:00,2026-05-07T13:54:00,DAL1175-1777868506-fa-26p,B739 
EDV5145-1777901981-fa-2599p,2026-05-07T10:20:00,0.12616630588937827,0,0.23455243167045187,replay_quantile@0.22,9E5145,N582CA,9E,ATL,CAE,2026-05-07T12:20:00,2026-05-07T12:54:00,EDV5403-1777893373-fa-5708p,CRJ9 
DAL893-1777954076-fa-967p,2026-05-07T10:20:00,0.10966116696548124,0,0.23455243167045187,replay_quantile@0.22,DL893,N301DV,DL,DFW,ATL,2026-05-07T12:20:00,2026-05-07T13:50:00,DAL31-1777867596-fa-1280p,A321 
EDV5497-1777959953-airline-471p,2026-05-07T10:20:00,0.10966116696548124,0,0.23455243167045187,replay_quantile@0.22,9E5497,N929XJ,9E,XNA,ATL,2026-05-07T12:20:00,2026-05-07T13:31:00,EDV5159-1777877318-airline-1126p,CRJ9 
DAL3033-1777955136-fa-1312p,2026-05-07T10:20:00,0.09804633890368933,0,0.23455243167045187,replay_quantile@0.22,DL3033,N608AT,DL,ATL,LIT,2026-05-07T12:20:00,2026-05-07T13:33:00,DAL2184-1777955136-fa-1306p,B712 
DAL2793-1777955150-fa-163p,2026-05-07T10:20:00,0.07233496018494733,0,0.23455243167045187,replay_quantile@0.22,DL2793,N927AT,DL,ATL,GNV,2026-05-07T12:20:00,2026-05-07T13:09:00,DAL1727-1777955150-fa-161p,B712 
DAL2999-1777954837-fa-1467p,2026-05-07T10:20:00,0.063874838254323,0,0.23455243167045187,replay_quantile@0.22,DL2999,N933DZ,DL,ATL,MKE,2026-05-07T12:20:00,2026-05-07T13:55:00,DAL365-1777875506-airline-1093p,B739 
DAL2397-1777954232-fa-368p,2026-05-07T10:24:00,0.15638614996560415,0,0.23455243167045187,replay_quantile@0.22,DL2397,N355DN,DL,ATL,EWR,2026-05-07T12:24:00,2026-05-07T13:55:00,DAL1548-1777954230-fa-4806p,A321 
DAL1292-1777955152-fa-1096p,2026-05-07T10:25:00,0.3073952224288371,1,0.23455243167045187,replay_quantile@0.22,DL1292,N906AT,DL,ATL,MOB,2026-05-07T12:25:00,2026-05-07T13:20:00,DAL1507-1777955153-fa-131p,B712 
DAL1213-1777953979-fa-279p,2026-05-07T10:25:00,0.203078123124925,0,0.23455243167045187,replay_quantile@0.22,DL1213,N6713Y,DL,ATL,MCO,2026-05-07T12:25:00,2026-05-07T13:43:00,DAL1361-1777867247-fa-1261p,B752 
DAL3051-1777955134-fa-947p,2026-05-07T10:25:00,0.17757594738490443,0,0.23455243167045187,replay_quantile@0.22,DL3051,N955AT,DL,ATL,VPS,2026-05-07T12:25:00,2026-05-07T13:18:00,DAL1979-1777955005-fa-99p,B712 
DAL777-1777954568-fa-1648p,2026-05-07T10:25:00,0.1456462741179806,0,0.23455243167045187,replay_quantile@0.22,DL777,N817NW,DL,ATL,LAS,2026-05-07T12:25:00,2026-05-07T16:22:00,DAL722-1777882554-airline-1164p,A333 
JBU797-1777958441-airline-383p,2026-05-07T10:25:00,0.10165879973027646,0,0.23455243167045187,replay_quantile@0.22,B6797,N3240J,B6,BOS,ATL,2026-05-07T12:25:00,2026-05-07T15:02:00,JBU1138-1777870202-airline-406p,BCS3 
EDV5513-1777914151-fa-1271p,2026-05-07T10:25:00,0.0747827136648962,0,0.23455243167045187,replay_quantile@0.22,9E5513,N305PQ,9E,ATL,TRI,2026-05-07T12:25:00,2026-05-07T13:06:00,EDV5225-1777961581-airline-1223p,CRJ9 
DAL441-1777955139-fa-1038p,2026-05-07T10:25:00,0.0746744847805467,0,0.23455243167045187,replay_quantile@0.22,DL441,N954AT,DL,ATL,DAL,2026-05-07T12:25:00,2026-05-07T14:20:00,DAL1347-1777868741-fa-3979p,B712 
DAL1044-1777955152-fa-1097p,2026-05-07T10:25:00,0.07195336483736332,0,0.23455243167045187,replay_quantile@0.22,DL1044,N923AT,DL,ATL,ILM,2026-05-07T12:25:00,2026-05-07T13:12:00,DAL516-1777868734-fa-2031p,B712 
DAL2754-1777955137-fa-767p,2026-05-07T10:25:00,0.05946357494627077,0,0.23455243167045187,replay_quantile@0.22,DL2754,N717JL,DL,ATL,TUL,2026-05-07T12:25:00,2026-05-07T14:13:00,DAL2772-1777868730-fa-1164p,B712 
DAL3103-1777955152-fa-1088p,2026-05-07T10:26:00,0.16686944314459523,0,0.23455243167045187,replay_quantile@0.22,DL3103,N929AT,DL,ATL,PNS,2026-05-07T12:26:00,2026-05-07T13:27:00,DAL1195-1777868739-fa-1622p,B712 
FFT1082-1777963115-airline-1287p,2026-05-07T10:27:00,0.24444198344361692,1,0.23455243167045187,replay_quantile@0.22,F91082,N660FR,F9,ATL,IAD,2026-05-07T12:27:00,2026-05-07T13:36:00,FFT2428-1777880967-airline-1403p,A21N 
DAL1676-1777954486-fa-1286p,2026-05-07T10:30:00,0.16686944314459523,0,0.23455243167045187,replay_quantile@0.22,DL1676,N353NW,DL,ATL,SAT,2026-05-07T12:30:00,2026-05-07T14:40:00,DAL1140-1777867950-fa-19p,A320 
DAL1509-1777954535-fa-979p,2026-05-07T10:30:00,0.15400158764523353,0,0.23455243167045187,replay_quantile@0.22,DL1509,N371NW,DL,ATL,HOU,2026-05-07T12:30:00,2026-05-07T14:19:00,DAL3038-1777954535-fa-390p,A320 
DAL2471-1777954929-fa-958p,2026-05-07T10:30:00,0.09789156626506024,0,0.23455243167045187,replay_quantile@0.22,DL2471,N947DZ,DL,ATL,MCI,2026-05-07T12:30:00,2026-05-07T14:26:00,DAL1470-1777868558-fa-1855p,B739 
DAL2563-1777955144-fa-916p,2026-05-07T10:30:00,0.0689159398063836,0,0.23455243167045187,replay_quantile@0.22,DL2563,N925AT,DL,ATL,TLH,2026-05-07T12:30:00,2026-05-07T13:43:00,DAL2599-1777868742-fa-418p,B712 
EDV5339-1777907748-fa-1971p,2026-05-07T10:30:00,0.05448268961376826,0,0.23455243167045187,replay_quantile@0.22,9E5339,N607LR,9E,ATL,XNA,2026-05-07T12:30:00,2026-05-07T14:12:00,EDV5440-1777893440-fa-1912p,CRJ9 
SWA3424-1777968872-airline-1698p,2026-05-07T10:35:00,0.10934441102038868,0,0.23455243167045187,replay_quantile@0.22,WN3424,N8553W,WN,MCO,ATL,2026-05-07T12:35:00,2026-05-07T13:38:00,SWA1912-1777880845-airline-1001p,B738 
DAL31-1777954066-fa-282p,2026-05-07T10:35:00,0.0872515462679397,0,0.23455243167045187,replay_quantile@0.22,DL31,N828MH,DL,LHR,ATL,2026-05-07T12:35:00,2026-05-07T21:44:00,DAL32-1777867577-fa-1368p,B764 
EDV5067-1777956924-airline-638p,2026-05-07T10:35:00,0.0746744847805467,0,0.23455243167045187,replay_quantile@0.22,9E5067,N315PQ,9E,ATL,AVL,2026-05-07T12:35:00,2026-05-07T13:20:00,EDV5349-1777928471-fa-1632p,CRJ9 
DAL2365-1777954263-fa-310p,2026-05-07T10:40:00,0.28996138996139,1,0.23455243167045187,replay_quantile@0.22,DL2365,N325DN,DL,EWR,ATL,2026-05-07T12:40:00,2026-05-07T14:43:00,DAL2498-1777867701-fa-1505p,A321 
DAL1530-1777954914-fa-1348p,2026-05-07T10:40:00,0.1590411957710536,0,0.23455243167045187,replay_quantile@0.22,DL1530,N939DZ,DL,RDU,ATL,2026-05-07T12:40:00,2026-05-07T13:46:00,DAL1518-1777868549-fa-3357p,B739 
SWA4528-1777958094-airline-124p,2026-05-07T10:40:00,0.08899350310947436,0,0.23455243167045187,replay_quantile@0.22,WN4528,N8659D,WN,TPA,ATL,2026-05-07T12:40:00,2026-05-07T13:53:00,SWA2513-1777961333-airline-881p,B738 
DAL2802-1777955133-fa-670p,2026-05-07T10:40:00,0.06644576982549151,0,0.23455243167045187,replay_quantile@0.22,DL2802,N920AT,DL,BNA,ATL,2026-05-07T12:40:00,2026-05-07T13:22:00,DAL790-1777868726-fa-1604p,B712 
DAL1625-1777955147-fa-18p,2026-05-07T10:40:00,0.06375216611437083,0,0.23455243167045187,replay_quantile@0.22,DL1625,N959AT,DL,MEM,ATL,2026-05-07T12:40:00,2026-05-07T13:31:00,DAL1443-1777868735-fa-569p,B712 
DAL3183-1777955149-fa-181p,2026-05-07T10:40:00,0.06302521008403361,0,0.23455243167045187,replay_quantile@0.22,DL3183,N939AT,DL,JAN,ATL,2026-05-07T12:40:00,2026-05-07T13:37:00,DAL3180-1777868740-fa-211p,B712 
DAL2522-1777954895-fa-858p,2026-05-07T10:45:00,0.1456462741179806,0,0.23455243167045187,replay_quantile@0.22,DL2522,N931DQ,DL,MSY,ATL,2026-05-07T12:45:00,2026-05-07T13:52:00,DAL2072-1777868535-fa-932p,B739 
DAL1619-1777954831-fa-853p,2026-05-07T10:55:00,0.05946357494627077,0,0.23455243167045187,replay_quantile@0.22,DL1619,N870DN,DL,GSP,ATL,2026-05-07T12:55:00,2026-05-07T13:31:00,DAL3136-1777868358-fa-785p,B739 
DAL918-1777955046-fa-3797p,2026-05-07T10:55:00,0.05946357494627077,0,0.23455243167045187,replay_quantile@0.22,DL918,N551NW,DL,PHX,ATL,2026-05-07T12:55:00,2026-05-07T15:52:00,DAL757-1777867246-fa-1042p,B752 
FFT4427-1777960821-airline-1169p,2026-05-07T11:02:00,0.21077547339945898,0,0.23455243167045187,replay_quantile@0.22,F94427,N635FR,F9,BWI,ATL,2026-05-07T13:02:00,2026-05-07T14:35:00,FFT2510-1777963115-airline-1574p,A21N 
DAL1369-1777955147-fa-21p,2026-05-07T11:09:00,0.06644576982549151,0,0.23455243167045187,replay_quantile@0.22,DL1369,N988AT,DL,BHM,ATL,2026-05-07T13:09:00,2026-05-07T13:38:00,DAL2705-1777868723-fa-732p,B712 
SKW4117-1777945192-fa-664p,2026-05-07T11:10:00,0.18666021986970685,0,0.23455243167045187,replay_quantile@0.22,OO4117,N244SY,OO,SHV,ATL,2026-05-07T13:10:00,2026-05-07T14:19:00,SKW3815-1777873937-airline-731p,E75L 
UAL2669-1777917144-fa-1059p,2026-05-07T11:10:00,0.10165879973027646,0,0.23455243167045187,replay_quantile@0.22,UA2669,N820UA,UA,EWR,ATL,2026-05-07T13:10:00,2026-05-07T15:11:00,UAL203-1777873970-airline-1162p,A319 
DAL570-1777955055-fa-1057p,2026-05-07T11:10:00,0.06233204725946158,0,0.23455243167045187,replay_quantile@0.22,DL570,N557NW,DL,SFO,ATL,2026-05-07T13:10:00,2026-05-07T17:21:00,DAL517-1777868678-fa-1144p,B752 
DAL1688-1777954869-fa-1315p,2026-05-07T11:10:00,0.05946357494627077,0,0.23455243167045187,replay_quantile@0.22,DL1688,N902DN,DL,ABQ,ATL,2026-05-07T13:10:00,2026-05-07T15:32:00,DAL1531-1777868525-fa-477p,B739 
DAL569-1777954786-fa-1062p,2026-05-07T11:10:00,0.042102979369667747,0,0.23455243167045187,replay_quantile@0.22,DL569,N911DQ,DL,SEA,ATL,2026-05-07T13:10:00,2026-05-07T17:06:00,DAL1551-1777868370-fa-705p,B739 
DAL431-1777954322-fa-684p,2026-05-07T11:15:00,0.05725833614011452,0,0.23455243167045187,replay_quantile@0.22,DL431,N391DN,DL,DEN,ATL,2026-05-07T13:15:00,2026-05-07T15:28:00,DAL956-1777867782-fa-210p,A321 
DAL729-1777954015-fa-1446p,2026-05-07T11:25:00,0.042102979369667747,0,0.23455243167045187,replay_quantile@0.22,DL729,N116DN,DL,SAN,ATL,2026-05-07T13:25:00,2026-05-07T16:58:00,DAL2146-1777867550-fa-1033p,A321 
DAL665-1777954192-fa-904p,2026-05-07T11:32:00,0.203078123124925,0,0.23455243167045187,replay_quantile@0.22,DL665,N350DN,DL,ATL,ONT,2026-05-07T13:32:00,2026-05-07T19:06:00,DAL1376-1777954216-fa-1017p,A321 
FFT3072-1777960821-airline-960p,2026-05-07T11:34:00,0.2608988647555856,1,0.23455243167045187,replay_quantile@0.22,F93072,N656FR,F9,ATL,ORF,2026-05-07T13:34:00,2026-05-07T14:41:00,FFT2173-1777963115-airline-1496p,A21N 
NKS921-1777988328-schedule-352p,2026-05-07T11:35:00,0.3493483758023731,1,0.23455243167045187,replay_quantile@0.22,NK921,,NK,ATL,EWR,2026-05-07T13:35:00,2026-05-07T15:22:00,,A320 
DAL3160-1777954710-fa-4788p,2026-05-07T11:35:00,0.09503695881731784,0,0.23455243167045187,replay_quantile@0.22,DL3160,N3743H,DL,ATL,CVG,2026-05-07T13:35:00,2026-05-07T14:31:00,DAL2407-1777954672-fa-1613p,B738 
DAL1708-1777955137-fa-759p,2026-05-07T11:35:00,0.0713429735559639,0,0.23455243167045187,replay_quantile@0.22,DL1708,N950AT,DL,ATL,HSV,2026-05-07T13:35:00,2026-05-07T14:12:00,DAL2727-1777955137-fa-760p,B712 
DAL3047-1777955147-fa-9p,2026-05-07T11:37:00,0.10344462109167991,0,0.23455243167045187,replay_quantile@0.22,DL3047,N981AT,DL,ATL,MYR,2026-05-07T13:37:00,2026-05-07T14:21:00,DAL1624-1777955142-fa-2176p,B712 
DAL557-1777954293-fa-3431p,2026-05-07T11:40:00,0.10855020416195209,0,0.23455243167045187,replay_quantile@0.22,DL557,N115DN,DL,ATL,LGA,2026-05-07T13:40:00,2026-05-07T15:16:00,DAL550-1777954297-fa-140p,A321 
DAL2777-1777954228-fa-514p,2026-05-07T11:40:00,0.07233496018494733,0,0.23455243167045187,replay_quantile@0.22,DL2777,N354DN,DL,DTW,ATL,2026-05-07T13:40:00,2026-05-07T15:15:00,DAL1333-1777867267-fa-4488p,A321 
DAL2250-1777955140-fa-1700p,2026-05-07T11:40:00,0.05725833614011452,0,0.23455243167045187,replay_quantile@0.22,DL2250,N997AT,DL,BNA,ATL,2026-05-07T13:40:00,2026-05-07T14:19:00,DAL2250-1777955140-fa-1697p,B712
EDV5553-1777909029-fa-2508p,2026-05-07T11:40:00,0.05650722331429998,0,0.23455243167045187,replay_quantile@0.22,9E5553,N668CA,9E,ATL,DTW,2026-05-07T13:40:00,2026-05-07T15:21:00,EDV4961-1777909002-fa-1936p,CRJ7 
FFT4771-1777960821-airline-1216p,2026-05-07T11:42:00,0.203078123124925,0,0.23455243167045187,replay_quantile@0.22,F94771,N405FR,F9,ATL,CVG,2026-05-07T13:42:00,2026-05-07T14:40:00,FFT4601-1777960821-airline-1187p,A20N 
DAL1137-1777954144-fa-884p,2026-05-07T11:43:00,0.1456462741179806,0,0.23455243167045187,replay_quantile@0.22,DL1137,N320DN,DL,ATL,ALB,2026-05-07T13:43:00,2026-05-07T15:24:00,DAL1108-1777954139-fa-733p,A321 
DAL3147-1777955153-fa-986p,2026-05-07T11:45:00,0.08098137900990834,0,0.23455243167045187,replay_quantile@0.22,DL3147,N998AT,DL,ATL,GSP,2026-05-07T13:45:00,2026-05-07T14:12:00,DAL1618-1777955153-fa-985p,B712 
DAL823-1777953936-fa-996p,2026-05-07T11:50:00,0.330330974336979,1,0.23455243167045187,replay_quantile@0.22,DL823,N177DN,DL,ATL,SFO,2026-05-07T13:50:00,2026-05-07T18:42:00,DAL715-1777867517-fa-552p,B763 
SWA956-1777958094-airline-639p,2026-05-07T11:50:00,0.26631118265506304,1,0.23455243167045187,replay_quantile@0.22,WN956,N8979L,WN,ATL,PHX,2026-05-07T13:50:00,2026-05-07T17:43:00,SWA1468-1777961456-airline-1880p,B38M 
DAL924-1777955071-fa-291p,2026-05-07T11:50:00,0.2536811420883474,1,0.23455243167045187,replay_quantile@0.22,DL924,N592NW,DL,ATL,SAN,2026-05-07T13:50:00,2026-05-07T18:19:00,DAL857-1777955070-fa-1064p,B753 
DAL1121-1777954461-fa-1851p,2026-05-07T11:50:00,0.2243580904051408,0,0.23455243167045187,replay_quantile@0.22,DL1121,N370NW,DL,ATL,SAT,2026-05-07T13:50:00,2026-05-07T16:02:00,DAL1184-1777954477-fa-77p,A320 
DAL787-1777954774-fa-2403p,2026-05-07T11:50:00,0.1866118444781072,0,0.23455243167045187,replay_quantile@0.22,DL787,N820DN,DL,ATL,GEG,2026-05-07T13:50:00,2026-05-07T18:37:00,DAL2933-1777954774-fa-2400p,B739 
SKW3904-1777916802-fa-1453p,2026-05-07T11:50:00,0.14021052631578948,0,0.23455243167045187,replay_quantile@0.22,OO3904,N304SY,OO,ATL,OAJ,2026-05-07T13:50:00,2026-05-07T14:43:00,SKW3758-1777916554-fa-967p,E75L 
DAL1375-1777954235-fa-349p,2026-05-07T11:50:00,0.10675192370217838,0,0.23455243167045187,replay_quantile@0.22,DL1375,N356DN,DL,ATL,SYR,2026-05-07T13:50:00,2026-05-07T16:09:00,DAL1069-1777954228-fa-512p,A321 
DAL1286-1777955143-fa-1166p,2026-05-07T11:50:00,0.10165879973027646,0,0.23455243167045187,replay_quantile@0.22,DL1286,N979AT,DL,ATL,JAN,2026-05-07T13:50:00,2026-05-07T14:50:00,DAL1160-1777955133-fa-677p,B712 
DAL2973-1777955137-fa-508p,2026-05-07T11:50:00,0.08003691700113763,0,0.23455243167045187,replay_quantile@0.22,DL2973,N990AT,DL,ATL,HPN,2026-05-07T13:50:00,2026-05-07T15:36:00,DAL1183-1777955136-fa-1329p,B712 
SWA2433-1777961333-airline-778p,2026-05-07T11:50:00,0.04101666212201668,0,0.23455243167045187,replay_quantile@0.22,WN2433,N296WN,WN,AUS,ATL,2026-05-07T13:50:00,2026-05-07T15:36:00,SWA2433-1777961333-airline-779p,B737 
FFT1116-1777963115-airline-1298p,2026-05-07T11:55:00,0.13176610035559067,0,0.23455243167045187,replay_quantile@0.22,F91116,N380FR,F9,LAS,ATL,2026-05-07T13:55:00,2026-05-07T17:16:00,FFT2070-1777870984-airline-409p,A20N 
EDV5526-1777935420-fa-697p,2026-05-07T11:55:00,0.12616630588937827,0,0.23455243167045187,replay_quantile@0.22,9E5526,N181GJ,9E,ATL,LFT,2026-05-07T13:55:00,2026-05-07T15:26:00,EDV5162-1777904866-fa-979p,CRJ9 
DAL2486-1777955099-fa-854p,2026-05-07T11:57:00,0.04477611940298507,0,0.23455243167045187,replay_quantile@0.22,DL2486,N820DX,DL,JAX,ATL,2026-05-07T13:57:00,2026-05-07T15:10:00,DAL2486-1777955098-fa-128p,B752 
DAL3190-1777955134-fa-805p,2026-05-07T11:59:00,0.17757594738490443,0,0.23455243167045187,replay_quantile@0.22,DL3190,N919AT,DL,ATL,CLT,2026-05-07T13:59:00,2026-05-07T14:44:00,DAL2637-1777955152-fa-1093p,B712 
DAL2147-1777954419-fa-593p,2026-05-07T11:59:00,0.13837174940898342,0,0.23455243167045187,replay_quantile@0.22,DL2147,N346NB,DL,ATL,PVD,2026-05-07T13:59:00,2026-05-07T15:46:00,DAL1023-1777954418-fa-844p,A319 
EDV5418-1777904867-fa-2894p,2026-05-07T11:59:00,0.10599662162162163,0,0.23455243167045187,replay_quantile@0.22,9E5418,N928XJ,9E,ATL,CHO,2026-05-07T13:59:00,2026-05-07T15:02:00,EDV4708-1777911801-fa-1743p,CRJ9 
DAL837-1777954558-fa-662p,2026-05-07T12:00:00,0.33769633507853414,1,0.23455243167045187,replay_quantile@0.22,DL837,N822NW,DL,ATL,HNL,2026-05-07T14:00:00,2026-05-07T23:12:00,DAL309-1777868055-fa-501p,A333 
DAL2886-1777954205-fa-1932p,2026-05-07T12:00:00,0.2057850357562173,0,0.23455243167045187,replay_quantile@0.22,DL2886,N317DN,DL,ATL,AUS,2026-05-07T14:00:00,2026-05-07T16:33:00,DAL1524-1777954205-fa-1936p,A321 
DAL2978-1777954899-fa-39p,2026-05-07T12:00:00,0.1305571690273,0,0.23455243167045187,replay_quantile@0.22,DL2978,N959DZ,DL,ATL,CLE,2026-05-07T14:00:00,2026-05-07T15:13:00,DAL2909-1777954944-fa-119p,B739 
DAL774-1777953968-fa-1187p,2026-05-07T12:01:00,0.23455243167045187,1,0.23455243167045187,replay_quantile@0.22,DL774,N67171,DL,ATL,SEA,2026-05-07T14:01:00,2026-05-07T19:35:00,DAL1364-1777953963-fa-1538p,B752 
DAL2511-1777954497-fa-278p,2026-05-07T12:02:00,0.10966116696548124,0,0.23455243167045187,replay_quantile@0.22,DL2511,N363NW,DL,ATL,ROC,2026-05-07T14:02:00,2026-05-07T15:34:00,DAL2662-1777954463-fa-1206p,A320 
UAL632-1777926043-fa-2917p,2026-05-07T12:02:00,0.09789156626506024,0,0.23455243167045187,replay_quantile@0.22,UA632,N27722,UA,ATL,IAD,2026-05-07T14:02:00,2026-05-07T15:26:00,UAL745-1777926041-fa-2198p,B737 
DAL1527-1777954080-fa-1296p,2026-05-07T12:03:00,0.24444198344361692,1,0.23455243167045187,replay_quantile@0.22,DL1527,N340DN,DL,ATL,PBI,2026-05-07T14:03:00,2026-05-07T15:27:00,DAL1494-1777953997-fa-462p,A321 
DAL1444-1777954436-fa-1233p,2026-05-07T12:03:00,0.08899350310947436,0,0.23455243167045187,replay_quantile@0.22,DL1444,N342NB,DL,ATL,IAD,2026-05-07T14:03:00,2026-05-07T15:16:00,DAL1237-1777954414-fa-1141p,A319 
DAL3164-1777954672-fa-243p,2026-05-07T12:05:00,0.1697625664277705,0,0.23455243167045187,replay_quantile@0.22,DL3164,N3732J,DL,ATL,BHM,2026-05-07T14:05:00,2026-05-07T14:36:00,DAL1565-1777954709-fa-796p,B738 
DAL3064-1777955153-fa-977p,2026-05-07T12:05:00,0.11086816081101228,0,0.23455243167045187,replay_quantile@0.22,DL3064,N967AT,DL,ATL,TLH,2026-05-07T14:05:00,2026-05-07T15:19:00,DAL3155-1777955153-fa-974p,B712 
FFT1241-1777963115-airline-1317p,2026-05-07T12:06:00,0.2608988647555856,1,0.23455243167045187,replay_quantile@0.22,F91241,N716FR,F9,MCO,ATL,2026-05-07T14:06:00,2026-05-07T15:06:00,FFT3916-1777702820-airline-1218p,A321 
DAL2634-1777954332-fa-735p,2026-05-07T12:06:00,0.10165879973027646,0,0.23455243167045187,replay_quantile@0.22,DL2634,N106DN,DL,RDU,ATL,2026-05-07T14:06:00,2026-05-07T15:08:00,DAL2634-1777954328-fa-1790p,A321 
DAL1631-1777954203-fa-779p,2026-05-07T12:06:00,0.09789156626506024,0,0.23455243167045187,replay_quantile@0.22,DL1631,N322DN,DL,FLL,ATL,2026-05-07T14:06:00,2026-05-07T15:42:00,DAL1334-1777954202-fa-945p,A321 
DAL963-1777954492-fa-850p,2026-05-07T12:06:00,0.031036712407500545,0,0.23455243167045187,replay_quantile@0.22,DL963,N358NW,DL,CVG,ATL,2026-05-07T14:06:00,2026-05-07T15:11:00,DAL963-1777954492-fa-185p,A320 
DAL2605-1777955084-fa-1185p,2026-05-07T12:08:00,0.04696156671356183,0,0.23455243167045187,replay_quantile@0.22,DL2605,N6703D,DL,TPA,ATL,2026-05-07T14:08:00,2026-05-07T15:12:00,DAL2605-1777955083-fa-2127p,B752 
EDV5422-1777935395-fa-320p,2026-05-07T12:09:00,0.3938996220075599,1,0.23455243167045187,replay_quantile@0.22,9E5422,N138EV,9E,AGS,ATL,2026-05-07T14:09:00,2026-05-07T14:47:00,EDV5422-1777935396-fa-845p,CRJ9 
EDV5145-1777928479-fa-1883p,2026-05-07T12:10:00,0.18666021986970685,0,0.23455243167045187,replay_quantile@0.22,9E5145,N582CA,9E,CAE,ATL,2026-05-07T14:10:00,2026-05-07T14:55:00,EDV5145-1777901981-fa-2599p,CRJ9 
DAL2204-1777954095-fa-644p,2026-05-07T12:10:00,0.12045643951535352,0,0.23455243167045187,replay_quantile@0.22,DL2204,N323DN,DL,MCO,ATL,2026-05-07T14:10:00,2026-05-07T15:12:00,DAL2204-1777954095-fa-443p,A321 
FFT2409-1777963115-airline-1545p,2026-05-07T12:15:37.590619+00:00,0.25320197044334986,1,0.12575311277662707,quantile@0.22,F92409,N350FR,F9,CLE,ATL,2026-05-07T11:04:00,2026-05-07T12:32:00,FFT1832-1777880967-airline-1340p,A20N 
DAL1364-1777953963-fa-1538p,2026-05-07T12:15:37.590619+00:00,0.2293706797235023,1,0.12575311277662707,quantile@0.22,DL1364,N67171,DL,ORF,ATL,2026-05-07T10:30:00,2026-05-07T11:59:00,DAL1346-1777867532-fa-195p,B752 
DAL348-1777953958-fa-4080p,2026-05-07T12:15:37.590619+00:00,0.21334079932806047,1,0.12575311277662707,quantile@0.22,DL348,N556NW,DL,ATL,PHX,2026-05-07T12:20:00,2026-05-07T15:59:00,DAL391-1777875506-airline-1435p,B752 
FFT1082-1777963115-airline-1287p,2026-05-07T12:15:37.590619+00:00,0.21334079932806047,1,0.12575311277662707,quantile@0.22,F91082,N660FR,F9,ATL,IAD,2026-05-07T12:27:00,2026-05-07T13:36:00,FFT2428-1777880967-airline-1403p,A21N 
DAL777-1777954568-fa-1648p,2026-05-07T12:15:37.590619+00:00,0.20024067388688327,1,0.12575311277662707,quantile@0.22,DL777,N817NW,DL,ATL,LAS,2026-05-07T12:25:00,2026-05-07T16:22:00,DAL722-1777882554-airline-1164p,A333 
FFT4601-1777960821-airline-1187p,2026-05-07T12:15:37.590619+00:00,0.19138877163360063,1,0.12575311277662707,quantile@0.22,F94601,N405FR,F9,EWR,ATL,2026-05-07T10:05:00,2026-05-07T12:13:00,FFT4602-1777877850-airline-1300p,A20N 
DAL693-1777955048-fa-1281p,2026-05-07T12:15:37.590619+00:00,0.18450508449776867,1,0.12575311277662707,quantile@0.22,DL693,N822DX,DL,ATL,SFO,2026-05-07T12:15:00,2026-05-07T17:07:00,DAL2440-1777953968-fa-734p,B752 
FFT2173-1777963115-airline-1496p,2026-05-07T12:15:37.590619+00:00,0.17018023580606276,1,0.12575311277662707,quantile@0.22,F92173,N656FR,F9,FLL,ATL,2026-05-07T10:15:00,2026-05-07T12:18:00,FFT2174-1777880967-airline-1378p,A21N 
DAL690-1777894798-fa-1353p,2026-05-07T12:15:37.590619+00:00,0.1661470298654414,1,0.12575311277662707,quantile@0.22,DL690,N6705Y,DL,SFO,ATL,2026-05-07T07:07:00,2026-05-07T11:11:00,DAL495-1777868694-fa-608p,B752 
DAL1213-1777953979-fa-279p,2026-05-07T12:15:37.590619+00:00,0.16010032890844986,1,0.12575311277662707,quantile@0.22,DL1213,N6713Y,DL,ATL,MCO,2026-05-07T12:25:00,2026-05-07T13:43:00,DAL1361-1777867247-fa-1261p,B752 
DAL898-1777954320-fa-507p,2026-05-07T12:15:37.590619+00:00,0.15736243263024813,1,0.12575311277662707,quantile@0.22,DL898,N108DN,DL,ATL,LAX,2026-05-07T12:15:00,2026-05-07T16:44:00,DAL932-1777874213-airline-147p,A321 
DAL857-1777955070-fa-1064p,2026-05-07T12:15:37.590619+00:00,0.15437487112516324,1,0.12575311277662707,quantile@0.22,DL857,N592NW,DL,LAS,ATL,2026-05-07T07:55:00,2026-05-07T11:26:00,DAL1442-1777868685-fa-1218p,B753 
DAL2397-1777954232-fa-368p,2026-05-07T12:15:37.590619+00:00,0.15022288261515604,1,0.12575311277662707,quantile@0.22,DL2397,N355DN,DL,ATL,EWR,2026-05-07T12:24:00,2026-05-07T13:55:00,DAL1548-1777954230-fa-4806p,A321 
FFT2911-1777960821-airline-933p,2026-05-07T12:15:37.590619+00:00,0.15022288261515604,1,0.12575311277662707,quantile@0.22,F92911,N371FR,F9,TPA,ATL,2026-05-07T11:15:00,2026-05-07T12:17:00,FFT1258-1777880967-airline-1265p,A20N 
AAL3190-1777960637-airline-2002p,2026-05-07T12:15:37.590619+00:00,0.1442965731457866,1,0.12575311277662707,quantile@0.22,AA3190,N915NN,AA,ATL,MIA,2026-05-07T12:10:00,2026-05-07T13:53:00,AAL2391-1777880317-airline-506p,B738 
DAL2664-1777954084-fa-949p,2026-05-07T12:15:37.590619+00:00,0.1442965731457866,1,0.12575311277662707,quantile@0.22,DL2664,N304DN,DL,BUF,ATL,2026-05-07T10:25:00,2026-05-07T12:25:00,DAL978-1777867595-fa-1092p,A321 
DAL1676-1777954486-fa-1286p,2026-05-07T12:15:37.590619+00:00,0.12861210197336137,1,0.12575311277662707,quantile@0.22,DL1676,N353NW,DL,ATL,SAT,2026-05-07T12:30:00,2026-05-07T14:40:00,DAL1140-1777867950-fa-19p,A320 
DAL1311-1777954122-fa-1240p,2026-05-07T12:15:37.590619+00:00,0.12557062410449507,0,0.12575311277662707,quantile@0.22,DL1311,N316DN,DL,ATL,PBI,2026-05-07T12:20:00,2026-05-07T13:42:00,DAL9961-1777867607-fa-153p,A321 
NKS920-1777977809-schedule-542p,2026-05-07T12:15:37.590619+00:00,0.12013910844135314,0,0.12575311277662707,quantile@0.22,NK920,,NK,DTW,ATL,2026-05-07T10:40:00,2026-05-07T12:08:00,,A320 
DAL1089-1777955075-fa-1536p,2026-05-07T12:15:37.590619+00:00,0.11685538815852606,0,0.12575311277662707,quantile@0.22,DL1089,N692DL,DL,ATL,RSW,2026-05-07T12:15:00,2026-05-07T13:41:00,DAL2966-1777953983-fa-1320p,B752 
DAL2343-1777954099-fa-372p,2026-05-07T12:15:37.590619+00:00,0.11303068000630771,0,0.12575311277662707,quantile@0.22,DL2343,N309DN,DL,ATL,FLL,2026-05-07T12:15:00,2026-05-07T13:40:00,DAL2330-1777954098-fa-1146p,A321 
DAL3051-1777955134-fa-947p,2026-05-07T12:15:37.590619+00:00,0.11303068000630771,0,0.12575311277662707,quantile@0.22,DL3051,N955AT,DL,ATL,VPS,2026-05-07T12:25:00,2026-05-07T13:18:00,DAL1979-1777955005-fa-99p,B712 
DAL1402-1777953968-fa-736p,2026-05-07T12:15:37.590619+00:00,0.1115602687946241,0,0.12575311277662707,quantile@0.22,DL1402,N690DL,DL,RIC,ATL,2026-05-07T10:49:00,2026-05-07T12:14:00,DAL1263-1777868696-fa-300p,B752 
DAL1292-1777955152-fa-1096p,2026-05-07T12:15:37.590619+00:00,0.10734022955930282,0,0.12575311277662707,quantile@0.22,DL1292,N906AT,DL,ATL,MOB,2026-05-07T12:25:00,2026-05-07T13:20:00,DAL1507-1777955153-fa-131p,B712 
DAL2976-1777953990-fa-4571p,2026-05-07T12:15:37.590619+00:00,0.10734022955930282,0,0.12575311277662707,quantile@0.22,DL2976,N111DC,DL,ATL,AUS,2026-05-07T12:15:00,2026-05-07T14:17:00,DAL899-1777960738-schedule-782p,A321 
UAL1862-1777909389-fa-5219p,2026-05-07T12:15:37.590619+00:00,0.10734022955930282,0,0.12575311277662707,quantile@0.22,UA1862,N35236,UA,ATL,ORD,2026-05-07T12:10:00,2026-05-07T13:46:00,UAL2093-1777853112-fa-461p,B738 
DAL3089-1777954913-fa-1341p,2026-05-07T12:15:37.590619+00:00,0.10360426447574338,0,0.12575311277662707,quantile@0.22,DL3089,N938DZ,DL,ATL,GSP,2026-05-07T12:17:00,2026-05-07T12:54:00,DAL1552-1777954913-fa-1342p,B739 
DAL1726-1777953975-fa-320p,2026-05-07T12:15:37.590619+00:00,0.09929572014549957,0,0.12575311277662707,quantile@0.22,DL1726,N659DL,DL,TPA,ATL,2026-05-07T10:43:00,2026-05-07T11:46:00,DAL1425-1777868697-fa-456p,B752 
DAL2471-1777954929-fa-958p,2026-05-07T12:15:37.590619+00:00,0.09929572014549957,0,0.12575311277662707,quantile@0.22,DL2471,N947DZ,DL,ATL,MCI,2026-05-07T12:30:00,2026-05-07T14:26:00,DAL1470-1777868558-fa-1855p,B739 
DAL3114-1777954758-fa-1881p,2026-05-07T12:15:37.590619+00:00,0.09929572014549957,0,0.12575311277662707,quantile@0.22,DL3114,N864DN,DL,ECP,ATL,2026-05-07T11:10:00,2026-05-07T11:57:00,DAL3131-1777868477-fa-196p,B739 
DAL1249-1777955081-fa-280p,2026-05-07T12:15:37.590619+00:00,0.09863013698630135,0,0.12575311277662707,quantile@0.22,DL1249,N6714Q,DL,MIA,ATL,2026-05-07T10:10:00,2026-05-07T11:43:00,DAL1328-1777867534-fa-808p,B752 
DAL2420-1777954827-fa-409p,2026-05-07T12:15:37.590619+00:00,0.09863013698630135,0,0.12575311277662707,quantile@0.22,DL2420,N908DN,DL,ATL,JFK,2026-05-07T12:09:00,2026-05-07T13:52:00,DAL3055-1777954828-fa-580p,B739 
DAL1664-1777954899-fa-40p,2026-05-07T12:15:37.590619+00:00,0.09230521398270954,0,0.12575311277662707,quantile@0.22,DL1664,N960DZ,DL,CHS,ATL,2026-05-07T11:35:00,2026-05-07T12:28:00,DAL3179-1777868538-fa-949p,B739 
DAL539-1777954860-fa-1364p,2026-05-07T12:15:37.590619+00:00,0.09136883740641334,0,0.12575311277662707,quantile@0.22,DL539,N896DN,DL,ATL,PDX,2026-05-07T12:20:00,2026-05-07T17:12:00,DAL888-1777907398-fa-1523p,B739 
EDV5145-1777901981-fa-2599p,2026-05-07T12:15:37.590619+00:00,0.09136883740641334,0,0.12575311277662707,quantile@0.22,9E5145,N582CA,9E,ATL,CAE,2026-05-07T12:20:00,2026-05-07T12:54:00,EDV5403-1777893373-fa-5708p,CRJ9 
SWA251-1777961333-airline-878p,2026-05-07T12:15:37.590619+00:00,0.08820852296235003,0,0.12575311277662707,quantile@0.22,WN251,N228WN,WN,ATL,MCO,2026-05-07T12:10:00,2026-05-07T13:05:00,SWA2535-1777876911-airline-811p,B737 
DAL3173-1777955143-fa-827p,2026-05-07T12:15:37.590619+00:00,0.08518762800708161,0,0.12575311277662707,quantile@0.22,DL3173,N978AT,DL,ATL,GSO,2026-05-07T12:15:00,2026-05-07T13:09:00,DAL2006-1777868742-fa-414p,B712 
DAL1509-1777954535-fa-979p,2026-05-07T12:15:37.590619+00:00,0.0837847967562779,0,0.12575311277662707,quantile@0.22,DL1509,N371NW,DL,ATL,HOU,2026-05-07T12:30:00,2026-05-07T14:19:00,DAL3038-1777954535-fa-390p,A320 
DAL3061-1777955132-fa-1078p,2026-05-07T12:15:37.590619+00:00,0.0837847967562779,0,0.12575311277662707,quantile@0.22,DL3061,N966AT,DL,CAE,ATL,2026-05-07T10:50:00,2026-05-07T11:30:00,DAL2193-1777868723-fa-730p,B712 
EDV4937-1777922247-fa-8p,2026-05-07T12:15:37.590619+00:00,0.07881635049914468,0,0.12575311277662707,quantile@0.22,9E4937,N272PQ,9E,MLI,ATL,2026-05-07T11:06:00,2026-05-07T12:32:00,EDV4950-1777870860-airline-540p,CRJ9 
DAL1382-1777954708-fa-98p,2026-05-07T12:15:37.590619+00:00,0.07863790649293768,0,0.12575311277662707,quantile@0.22,DL1382,N3750D,DL,BTV,ATL,2026-05-07T09:40:00,2026-05-07T12:21:00,DAL1027-1777868274-fa-854p,B738 
DAL2793-1777955150-fa-163p,2026-05-07T12:15:37.590619+00:00,0.07863790649293768,0,0.12575311277662707,quantile@0.22,DL2793,N927AT,DL,ATL,GNV,2026-05-07T12:20:00,2026-05-07T13:09:00,DAL1727-1777955150-fa-161p,B712 
DAL1618-1777955153-fa-985p,2026-05-07T12:15:37.590619+00:00,0.0740344495560073,0,0.12575311277662707,quantile@0.22,DL1618,N998AT,DL,BHM,ATL,2026-05-07T11:42:00,2026-05-07T12:21:00,DAL2484-1777868734-fa-317p,B712 
DAL550-1777954297-fa-140p,2026-05-07T12:15:37.590619+00:00,0.07200967458223397,0,0.12575311277662707,quantile@0.22,DL550,N115DN,DL,LGA,ATL,2026-05-07T10:10:00,2026-05-07T12:15:00,DAL2321-1777867748-fa-625p,A321 
DAL1204-1777954918-fa-2224p,2026-05-07T12:15:37.590619+00:00,0.07042585820455347,0,0.12575311277662707,quantile@0.22,DL1204,N824DN,DL,MCI,ATL,2026-05-07T10:49:00,2026-05-07T12:17:00,DAL2911-1777868552-fa-473p,B739 
DAL3033-1777955136-fa-1312p,2026-05-07T12:15:37.590619+00:00,0.07042585820455347,0,0.12575311277662707,quantile@0.22,DL3033,N608AT,DL,ATL,LIT,2026-05-07T12:20:00,2026-05-07T13:33:00,DAL2184-1777955136-fa-1306p,B712 
DAL3103-1777955152-fa-1088p,2026-05-07T12:15:37.590619+00:00,0.07042585820455347,0,0.12575311277662707,quantile@0.22,DL3103,N929AT,DL,ATL,PNS,2026-05-07T12:26:00,2026-05-07T13:27:00,DAL1195-1777868739-fa-1622p,B712 
RPA4782-1777963926-airline-990p,2026-05-07T12:15:37.590619+00:00,0.06623101740542095,0,0.12575311277662707,quantile@0.22,YX4782,N122HQ,YX,DCA,ATL,2026-05-07T10:10:00,2026-05-07T11:36:00,RPA4781-1777870704-airline-570p,E75S 
SWA1191-1777961456-airline-1577p,2026-05-07T12:15:37.590619+00:00,0.06498021545710299,0,0.12575311277662707,quantile@0.22,WN1191,N8748Q,WN,ATL,MDW,2026-05-07T12:05:00,2026-05-07T13:42:00,SWA3739-1777963397-airline-573p,B38M 
DAL2453-1777954801-fa-1416p,2026-05-07T12:15:37.590619+00:00,0.06215884349880825,0,0.12575311277662707,quantile@0.22,DL2453,N845DN,DL,GRR,ATL,2026-05-07T10:25:00,2026-05-07T12:15:00,DAL1711-1777868404-fa-1947p,B739 
DAL441-1777955139-fa-1038p,2026-05-07T12:15:37.590619+00:00,0.06019719771665801,0,0.12575311277662707,quantile@0.22,DL441,N954AT,DL,ATL,DAL,2026-05-07T12:25:00,2026-05-07T14:20:00,DAL1347-1777868741-fa-3979p,B712 
DAL1108-1777954139-fa-733p,2026-05-07T12:15:37.590619+00:00,0.059847474436578764,0,0.12575311277662707,quantile@0.22,DL1108,N320DN,DL,SYR,ATL,2026-05-07T10:10:00,2026-05-07T12:33:00,DAL2123-1777867712-fa-462p,A321 
DAL3058-1777954820-fa-345p,2026-05-07T12:15:37.590619+00:00,0.059847474436578764,0,0.12575311277662707,quantile@0.22,DL3058,N823DN,DL,LEX,ATL,2026-05-07T11:12:00,2026-05-07T12:16:00,DAL2213-1777868472-fa-661p,B739 
DAL401-1777954080-fa-818p,2026-05-07T12:15:37.590619+00:00,0.059847474436578764,0,0.12575311277662707,quantile@0.22,DL401,N308DN,DL,DFW,ATL,2026-05-07T10:40:00,2026-05-07T12:10:00,DAL2967-1777867621-fa-1743p,A321 
EDV5067-1777956924-airline-638p,2026-05-07T12:15:37.590619+00:00,0.059847474436578764,0,0.12575311277662707,quantile@0.22,9E5067,N315PQ,9E,ATL,AVL,2026-05-07T12:35:00,2026-05-07T13:20:00,EDV5349-1777928471-fa-1632p,CRJ9 
DAL1044-1777955152-fa-1097p,2026-05-07T12:15:37.590619+00:00,0.05580033208257612,0,0.12575311277662707,quantile@0.22,DL1044,N923AT,DL,ATL,ILM,2026-05-07T12:25:00,2026-05-07T13:12:00,DAL516-1777868734-fa-2031p,B712 
DAL1200-1777954195-fa-1443p,2026-05-07T12:15:37.590619+00:00,0.05580033208257612,0,0.12575311277662707,quantile@0.22,DL1200,N394DX,DL,ROC,ATL,2026-05-07T10:10:00,2026-05-07T12:18:00,DAL2472-1777867262-fa-1045p,A321 
DAL1221-1777954334-fa-1321p,2026-05-07T12:15:37.590619+00:00,0.05580033208257612,0,0.12575311277662707,quantile@0.22,DL1221,N393DN,DL,MKE,ATL,2026-05-07T10:33:00,2026-05-07T12:07:00,DAL1206-1777867793-fa-1029p,A321 
DAL1361-1777953968-fa-1188p,2026-05-07T12:15:37.590619+00:00,0.05580033208257612,0,0.12575311277662707,quantile@0.22,DL1361,N684DA,DL,RSW,ATL,2026-05-07T10:55:00,2026-05-07T12:09:00,DAL1124-1777867244-fa-1417p,B752 
DAL2450-1777955083-fa-164p,2026-05-07T12:15:37.590619+00:00,0.05580033208257612,0,0.12575311277662707,quantile@0.22,DL2450,N699DL,DL,JAX,ATL,2026-05-07T11:15:00,2026-05-07T12:01:00,DAL2265-1777867536-fa-958p,B752 
DAL1610-1777954674-fa-1547p,2026-05-07T12:15:37.590619+00:00,0.053686380212462345,0,0.12575311277662707,quantile@0.22,DL1610,N372DA,DL,SDF,ATL,2026-05-07T11:18:00,2026-05-07T12:20:00,DAL3093-1777868203-fa-813p,B738 
DAL2754-1777955137-fa-767p,2026-05-07T12:15:37.590619+00:00,0.053686380212462345,0,0.12575311277662707,quantile@0.22,DL2754,N717JL,DL,ATL,TUL,2026-05-07T12:25:00,2026-05-07T14:13:00,DAL2772-1777868730-fa-1164p,B712 
DAL1264-1777954182-fa-2012p,2026-05-07T12:15:37.590619+00:00,0.05199379649344164,0,0.12575311277662707,quantile@0.22,DL1264,N334DN,DL,ORD,ATL,2026-05-07T10:40:00,2026-05-07T12:05:00,DAL2894-1777867718-fa-211p,A321 
DAL3158-1777955140-fa-1703p,2026-05-07T12:15:37.590619+00:00,0.05199379649344164,0,0.12575311277662707,quantile@0.22,DL3158,N933AT,DL,CLT,ATL,2026-05-07T11:09:00,2026-05-07T12:07:00,DAL3177-1777868730-fa-1175p,B712 
DAL1383-1777954888-fa-741p,2026-05-07T12:15:37.590619+00:00,0.048398392863725166,0,0.12575311277662707,quantile@0.22,DL1383,N923DZ,DL,PIT,ATL,2026-05-07T10:56:00,2026-05-07T12:31:00,DAL2583-1777868369-fa-48p,B739 
DAL1073-1777954105-fa-1065p,2026-05-07T12:15:37.590619+00:00,0.048215848823438545,0,0.12575311277662707,quantile@0.22,DL1073,N346DN,DL,SAT,ATL,2026-05-07T10:35:00,2026-05-07T12:29:00,DAL2893-1777867600-fa-679p,A321 
DAL1184-1777954477-fa-77p,2026-05-07T12:15:37.590619+00:00,0.048215848823438545,0,0.12575311277662707,quantile@0.22,DL1184,N370NW,DL,OKC,ATL,2026-05-07T10:50:00,2026-05-07T12:19:00,DAL2423-1777868006-fa-662p,A320 
DAL2727-1777955137-fa-760p,2026-05-07T12:15:37.590619+00:00,0.04694553114655432,0,0.12575311277662707,quantile@0.22,DL2727,N950AT,DL,DSM,ATL,2026-05-07T10:37:00,2026-05-07T12:06:00,DAL2306-1777868730-fa-239p,B712 
EDV5169-1777939330-fa-4076p,2026-05-07T12:15:37.590619+00:00,0.04460940752046621,0,0.12575311277662707,quantile@0.22,9E5169,N292PQ,9E,ATL,HSV,2026-05-07T12:15:00,2026-05-07T12:50:00,EDV5255-1777907747-fa-2788p,CRJ9 
DAL2563-1777955144-fa-916p,2026-05-07T12:15:37.590619+00:00,0.041698101006617375,0,0.12575311277662707,quantile@0.22,DL2563,N925AT,DL,ATL,TLH,2026-05-07T12:30:00,2026-05-07T13:43:00,DAL2599-1777868742-fa-418p,B712 
DAL1136-1777954347-fa-1234p,2026-05-07T12:15:37.590619+00:00,0.04105166948641657,0,0.12575311277662707,quantile@0.22,DL1136,N315NB,DL,OMA,ATL,2026-05-07T10:40:00,2026-05-07T12:16:00,DAL2495-1777867846-fa-997p,A319 
EDV5317-1777910364-fa-2492p,2026-05-07T12:15:37.590619+00:00,0.04105166948641657,0,0.12575311277662707,quantile@0.22,9E5317,N903XJ,9E,TYS,ATL,2026-05-07T11:37:00,2026-05-07T12:13:00,EDV5527-1777874184-airline-4681p,CRJ9 
DAL1344-1777954087-fa-411p,2026-05-07T12:15:37.590619+00:00,0.036190378342280324,0,0.12575311277662707,quantile@0.22,DL1344,N306DN,DL,AUS,ATL,2026-05-07T10:35:00,2026-05-07T12:15:00,DAL1170-1777867596-fa-1278p,A321 
DAL2216-1777955138-fa-979p,2026-05-07T12:15:37.590619+00:00,0.036190378342280324,0,0.12575311277662707,quantile@0.22,DL2216,N896AT,DL,ICT,ATL,2026-05-07T10:54:00,2026-05-07T12:30:00,DAL2959-1777868731-fa-438p,B712 
EDV5339-1777907748-fa-1971p,2026-05-07T12:15:37.590619+00:00,0.03229695663293266,0,0.12575311277662707,quantile@0.22,9E5339,N607LR,9E,ATL,XNA,2026-05-07T12:30:00,2026-05-07T14:12:00,EDV5440-1777893440-fa-1912p,CRJ9 
DAL2232-1777955138-fa-975p,2026-05-07T12:15:37.590619+00:00,0.03158483796105801,0,0.12575311277662707,quantile@0.22,DL2232,N938AT,DL,ATL,LEX,2026-05-07T12:15:00,2026-05-07T13:02:00,DAL3186-1777955137-fa-777p,B712 
DAL2999-1777954837-fa-1467p,2026-05-07T12:15:37.590619+00:00,0.03158483796105801,0,0.12575311277662707,quantile@0.22,DL2999,N933DZ,DL,ATL,MKE,2026-05-07T12:20:00,2026-05-07T13:55:00,DAL365-1777875506-airline-1093p,B739 
EDV5513-1777914151-fa-1271p,2026-05-07T12:15:37.590619+00:00,0.021946440235140433,0,0.12575311277662707,quantile@0.22,9E5513,N305PQ,9E,ATL,TRI,2026-05-07T12:25:00,2026-05-07T13:06:00,EDV5225-1777961581-airline-1223p,CRJ9 
DAL2232-1777955138-fa-977p,2026-05-07T12:16:00,0.019492293744333634,0,0.23455243167045187,replay_quantile@0.22,DL2232,N938AT,DL,LEX,ATL,2026-05-07T14:16:00,2026-05-07T15:32:00,DAL2232-1777955138-fa-975p,B712 
DAL1380-1777954755-fa-1651p,2026-05-07T12:17:00,0.028611464603857755,0,0.23455243167045187,replay_quantile@0.22,DL1380,N878DN,DL,PIT,ATL,2026-05-07T14:17:00,2026-05-07T15:47:00,DAL1380-1777954756-fa-52p,B739 
DAL1336-1777954847-fa-1908p,2026-05-07T12:18:00,0.0746744847805467,0,0.23455243167045187,replay_quantile@0.22,DL1336,N887DN,DL,ORF,ATL,2026-05-07T14:18:00,2026-05-07T15:41:00,DAL1336-1777954846-fa-1435p,B739 
DAL1462-1777953969-fa-638p,2026-05-07T12:18:00,0.063874838254323,0,0.23455243167045187,replay_quantile@0.22,DL1462,N550NW,DL,RIC,ATL,2026-05-07T14:18:00,2026-05-07T15:39:00,DAL1462-1777953969-fa-639p,B752 
DAL3173-1777955143-fa-828p,2026-05-07T12:19:00,0.042102979369667747,0,0.23455243167045187,replay_quantile@0.22,DL3173,N978AT,DL,GSO,ATL,2026-05-07T14:19:00,2026-05-07T15:14:00,DAL3173-1777955143-fa-827p,B712 
DAL1479-1777954337-fa-1718p,2026-05-07T12:20:00,0.04101666212201668,0,0.23455243167045187,replay_quantile@0.22,DL1479,N103DY,DL,CMH,ATL,2026-05-07T14:20:00,2026-05-07T15:38:00,DAL1479-1777954337-fa-1719p,A321 
DAL3125-1777954838-fa-192p,2026-05-07T12:20:00,0.02089538560234615,0,0.23455243167045187,replay_quantile@0.22,DL3125,N914DU,DL,IND,ATL,2026-05-07T14:20:00,2026-05-07T15:28:00,DAL3125-1777954838-fa-190p,B739 
DAL1324-1777954503-fa-362p,2026-05-07T12:21:00,0.06302521008403361,0,0.23455243167045187,replay_quantile@0.22,DL1324,N366NW,DL,IAD,ATL,2026-05-07T14:21:00,2026-05-07T16:01:00,DAL1324-1777954503-fa-361p,A320 
DAL2793-1777955150-fa-165p,2026-05-07T12:23:00,0.05946357494627077,0,0.23455243167045187,replay_quantile@0.22,DL2793,N927AT,DL,GNV,ATL,2026-05-07T14:23:00,2026-05-07T15:13:00,DAL2793-1777955150-fa-163p,B712 
DAL1292-1777955153-fa-127p,2026-05-07T12:25:00,0.4056037358238826,1,0.23455243167045187,replay_quantile@0.22,DL1292,N906AT,DL,MOB,ATL,2026-05-07T14:25:00,2026-05-07T15:30:00,DAL1292-1777955152-fa-1096p,B712 
DAL3051-1777955134-fa-950p,2026-05-07T12:25:00,0.044054878048780485,0,0.23455243167045187,replay_quantile@0.22,DL3051,N955AT,DL,VPS,ATL,2026-05-07T14:25:00,2026-05-07T15:39:00,DAL3051-1777955134-fa-947p,B712 
DAL1571-1777954851-fa-691p,2026-05-07T12:25:00,0.028611464603857755,0,0.23455243167045187,replay_quantile@0.22,DL1571,N890DN,DL,STL,ATL,2026-05-07T14:25:00,2026-05-07T15:27:00,DAL1571-1777954851-fa-702p,B739 
DAL385-1777954161-fa-1645p,2026-05-07T12:26:00,0.04101666212201668,0,0.23455243167045187,replay_quantile@0.22,DL385,N344DN,DL,BOS,ATL,2026-05-07T14:26:00,2026-05-07T17:02:00,DAL1054-1777954006-fa-2093p,A321 
DAL3103-1777955152-fa-1090p,2026-05-07T12:30:00,0.10966116696548124,0,0.23455243167045187,replay_quantile@0.22,DL3103,N929AT,DL,PNS,ATL,2026-05-07T14:30:00,2026-05-07T15:32:00,DAL3103-1777955152-fa-1088p,B712 
DAL897-1777955002-fa-1218p,2026-05-07T12:30:00,0.061855670103092786,0,0.23455243167045187,replay_quantile@0.22,DL897,N574DT,DL,SLC,ATL,2026-05-07T14:30:00,2026-05-07T17:27:00,DAL765-1777868637-fa-1081p,A21N 
DAL2523-1777954842-fa-1119p,2026-05-07T12:34:00,0.03407691579047077,0,0.23455243167045187,replay_quantile@0.22,DL2523,N856DN,DL,CLE,ATL,2026-05-07T14:34:00,2026-05-07T16:10:00,DAL2523-1777954842-fa-1478p,B739 
DAL3091-1777955153-fa-982p,2026-05-07T12:35:00,0.023617444171635686,0,0.23455243167045187,replay_quantile@0.22,DL3091,N899AT,DL,CHS,ATL,2026-05-07T14:35:00,2026-05-07T15:25:00,DAL3091-1777955153-fa-979p,B712 
DAL9987-1778142046-fa-1166p,2026-05-07T12:40:00,0.1697625664277705,0,0.23455243167045187,replay_quantile@0.22,DL9987,N813NW,DL,ATL,ATL,2026-05-07T14:40:00,2026-05-07T15:28:00,,A333 
DAL562-1777955064-fa-1083p,2026-05-07T12:40:00,0.11086816081101228,0,0.23455243167045187,replay_quantile@0.22,DL562,N583NW,DL,SEA,ATL,2026-05-07T14:40:00,2026-05-07T18:37:00,DAL9973-1777868679-fa-185p,B753 
DAL2325-1777954186-fa-301p,2026-05-07T12:40:00,0.09016480407412646,0,0.23455243167045187,replay_quantile@0.22,DL2325,N337DN,DL,EWR,ATL,2026-05-07T14:40:00,2026-05-07T16:48:00,DAL2325-1777954186-fa-1119p,A321 
DAL1149-1777955148-fa-1011p,2026-05-07T12:40:00,0.028611464603857755,0,0.23455243167045187,replay_quantile@0.22,DL1149,N960AT,DL,MEM,ATL,2026-05-07T14:40:00,2026-05-07T15:26:00,DAL2939-1777868739-fa-217p,B712 
EJA509-1778100328-sw-2820p,2026-05-07T12:42:00,0.07195336483736332,0,0.23455243167045187,replay_quantile@0.22,1I509,N509QS,1I,LEX,ATL,2026-05-07T14:42:00,2026-05-07T15:48:00,EJA509-1778088648-sw-530p,C68A 
EDV5070-1777913823-fa-1339p,2026-05-07T12:44:00,0.03407691579047077,0,0.23455243167045187,replay_quantile@0.22,9E5070,N147PQ,9E,JAN,ATL,2026-05-07T14:44:00,2026-05-07T15:33:00,EDV5070-1777913821-fa-2785p,CRJ9 
DAL3069-1777954952-fa-603p,2026-05-07T12:50:00,0.02574202688227773,0,0.23455243167045187,replay_quantile@0.22,DL3069,N963DZ,DL,BNA,ATL,2026-05-07T14:50:00,2026-05-07T15:26:00,DAL3069-1777954953-fa-345p,B739 
DAL1585-1777954224-fa-545p,2026-05-07T12:59:00,0.06644576982549151,0,0.23455243167045187,replay_quantile@0.22,DL1585,N373DX,DL,IAH,ATL,2026-05-07T14:59:00,2026-05-07T16:30:00,DAL1585-1777954221-fa-872p,A321 
DAL1089-1777955076-fa-272p,2026-05-07T13:02:00,0.05725833614011452,0,0.23455243167045187,replay_quantile@0.22,DL1089,N692DL,DL,RSW,ATL,2026-05-07T15:02:00,2026-05-07T16:23:00,DAL1089-1777955075-fa-1536p,B752 
EDV5304-1777937762-fa-2740p,2026-05-07T13:05:00,0.0747827136648962,0,0.23455243167045187,replay_quantile@0.22,9E5304,N903XJ,9E,MGM,ATL,2026-05-07T15:05:00,2026-05-07T15:32:00,EDV5304-1777937763-fa-5604p,CRJ9 
UAL1307-1777939520-fa-1119p,2026-05-07T13:05:00,0.05946357494627077,0,0.23455243167045187,replay_quantile@0.22,UA1307,N63899,UA,EWR,ATL,2026-05-07T15:05:00,2026-05-07T17:17:00,UAL2158-1777916595-fa-962p,B739 
FFT2494-1777963115-airline-1567p,2026-05-07T13:10:00,0.2243580904051408,0,0.23455243167045187,replay_quantile@0.22,F92494,N720FR,F9,DFW,ATL,2026-05-07T15:10:00,2026-05-07T16:46:00,FFT3423-1777870984-airline-670p,A321 
DAL9963-1778102410-fa-455p,2026-05-07T13:10:00,0.01544998068752414,0,0.23455243167045187,replay_quantile@0.22,DL9963,N935AT,DL,TUL,ATL,2026-05-07T15:10:00,2026-05-07T16:28:00,DAL2754-1777609556-fa-559p,B712 
DAL1227-1777954215-fa-912p,2026-05-07T13:11:00,0.1456462741179806,0,0.23455243167045187,replay_quantile@0.22,DL1227,N312DN,DL,TPA,ATL,2026-05-07T15:11:00,2026-05-07T16:12:00,DAL1227-1777954214-fa-3101p,A321 
DAL993-1777953984-fa-175p,2026-05-07T13:11:00,0.042102979369667747,0,0.23455243167045187,replay_quantile@0.22,DL993,N126DN,DL,LGA,ATL,2026-05-07T15:11:00,2026-05-07T17:15:00,DAL1573-1777953983-fa-1322p,A321 
DAL1311-1777954123-fa-374p,2026-05-07T13:13:00,0.05946357494627077,0,0.23455243167045187,replay_quantile@0.22,DL1311,N316DN,DL,PBI,ATL,2026-05-07T15:13:00,2026-05-07T16:36:00,DAL1311-1777954122-fa-1240p,A321 
DAL3035-1777955135-fa-800p,2026-05-07T13:14:00,0.05650722331429998,0,0.23455243167045187,replay_quantile@0.22,DL3035,N915AT,DL,DAB,ATL,2026-05-07T15:14:00,2026-05-07T16:10:00,DAL3035-1777955135-fa-799p,B712 
DAL1725-1777955130-fa-861p,2026-05-07T13:17:00,0.0713429735559639,0,0.23455243167045187,replay_quantile@0.22,DL1725,N945AT,DL,ATL,GSP,2026-05-07T15:17:00,2026-05-07T15:42:00,DAL1157-1777955130-fa-863p,B712 
DAL406-1777955087-fa-862p,2026-05-07T13:18:00,0.17757594738490443,0,0.23455243167045187,replay_quantile@0.22,DL406,N696DL,DL,ATL,BZN,2026-05-07T15:18:00,2026-05-07T19:06:00,DAL1338-1777955087-fa-76p,B752 
EDV5142-1777908445-fa-90p,2026-05-07T13:19:00,0.12616630588937827,0,0.23455243167045187,replay_quantile@0.22,9E5142,N133EV,9E,FAY,ATL,2026-05-07T15:19:00,2026-05-07T16:21:00,EDV5142-1777906645-fa-3180p,CRJ9 
DAL2380-1777954831-fa-855p,2026-05-07T13:20:00,0.19439755646652196,0,0.23455243167045187,replay_quantile@0.22,DL2380,N876DN,DL,ATL,JFK,2026-05-07T15:20:00,2026-05-07T16:59:00,DAL2161-1777954837-fa-1457p,B739 
DAL1099-1777954174-fa-97p,2026-05-07T13:20:00,0.1653163404642695,0,0.23455243167045187,replay_quantile@0.22,DL1099,N330DX,DL,ATL,TPA,2026-05-07T15:20:00,2026-05-07T16:42:00,DAL2562-1777954174-fa-983p,A321 
DAL862-1777954136-fa-170p,2026-05-07T13:20:00,0.1456462741179806,0,0.23455243167045187,replay_quantile@0.22,DL862,N333DX,DL,ATL,BOS,2026-05-07T15:20:00,2026-05-07T17:20:00,DAL2643-1777954132-fa-1024p,A321 
DAL3012-1777955149-fa-182p,2026-05-07T13:20:00,0.09471272171772895,0,0.23455243167045187,replay_quantile@0.22,DL3012,N939AT,DL,ATL,BHM,2026-05-07T15:20:00,2026-05-07T15:57:00,DAL3183-1777955149-fa-181p,B712 
DAL1029-1777954807-fa-1188p,2026-05-07T13:20:00,0.05421656561607456,0,0.23455243167045187,replay_quantile@0.22,DL1029,N952DZ,DL,JFK,ATL,2026-05-07T15:20:00,2026-05-07T17:30:00,DAL2165-1777954807-fa-1189p,B739 
DAL2020-1777955137-fa-773p,2026-05-07T13:20:00,0.0522695476449557,0,0.23455243167045187,replay_quantile@0.22,DL2020,N607AT,DL,ATL,OKC,2026-05-07T15:20:00,2026-05-07T17:25:00,DAL2299-1777955142-fa-2172p,B712 
DAL3030-1777955147-fa-1226p,2026-05-07T13:20:00,0.03407691579047077,0,0.23455243167045187,replay_quantile@0.22,DL3030,N997AT,DL,ATL,GNV,2026-05-07T15:20:00,2026-05-07T16:04:00,DAL2250-1777955140-fa-1700p,B712 
DAL2542-1777954897-fa-1300p,2026-05-07T13:21:00,0.09016480407412646,0,0.23455243167045187,replay_quantile@0.22,DL2542,N931DQ,DL,ATL,MSY,2026-05-07T15:21:00,2026-05-07T16:38:00,DAL2522-1777954895-fa-858p,B739 
DAL3118-1777955150-fa-1517p,2026-05-07T13:22:00,0.026723396118175733,0,0.23455243167045187,replay_quantile@0.22,DL3118,N924AT,DL,MLB,ATL,2026-05-07T15:22:00,2026-05-07T16:33:00,DAL3118-1777955150-fa-1510p,B712 
DAL441-1777955139-fa-1042p,2026-05-07T13:24:00,0.05038602194229989,0,0.23455243167045187,replay_quantile@0.22,DL441,N954AT,DL,DAL,ATL,2026-05-07T15:24:00,2026-05-07T16:51:00,DAL441-1777955139-fa-1038p,B712 
FFT4891-1777958344-airline-509p,2026-05-07T13:25:00,0.9725351643223785,1,0.23455243167045187,replay_quantile@0.22,F94891,N667FR,F9,ATL,LAS,2026-05-07T15:25:00,2026-05-07T19:36:00,FFT1596-1777958344-airline-229p,A21N 
DAL1030-1777955059-fa-1493p,2026-05-07T13:25:00,0.3073952224288371,1,0.23455243167045187,replay_quantile@0.22,DL1030,N6701,DL,ATL,MCO,2026-05-07T15:25:00,2026-05-07T16:41:00,DAL1261-1777955053-fa-1412p,B752 
DAL775-1777954514-fa-1831p,2026-05-07T13:25:00,0.137732836615221,0,0.23455243167045187,replay_quantile@0.22,DL775,N343NW,DL,ATL,CLE,2026-05-07T15:25:00,2026-05-07T16:39:00,DAL349-1777954480-fa-130p,A320 
RPA4580-1777958754-airline-1527p,2026-05-07T13:25:00,0.09471272171772895,0,0.23455243167045187,replay_quantile@0.22,YX4580,N116HQ,YX,ATL,LGA,2026-05-07T15:25:00,2026-05-07T16:39:00,RPA4580-1777958754-airline-1528p,E75L 
DAL2279-1777954196-fa-695p,2026-05-07T13:26:00,0.09789156626506024,0,0.23455243167045187,replay_quantile@0.22,DL2279,N301DV,DL,ATL,PHL,2026-05-07T15:26:00,2026-05-07T16:43:00,DAL893-1777954076-fa-967p,A321 
FFT4406-1777958344-airline-481p,2026-05-07T13:30:00,0.43568089277635347,1,0.23455243167045187,replay_quantile@0.22,F94406,N332FR,F9,ATL,MIA,2026-05-07T15:30:00,2026-05-07T17:11:00,FFT2483-1777963115-airline-1566p,A20N 
SWA2672-1777957840-airline-1212p,2026-05-07T13:30:00,0.1590411957710536,0,0.23455243167045187,replay_quantile@0.22,WN2672,N8772M,WN,ATL,MDW,2026-05-07T15:30:00,2026-05-07T17:06:00,SWA1397-1777961456-airline-1805p,B38M 
DAL2778-1777954924-fa-2327p,2026-05-07T13:30:00,0.10263351251015122,0,0.23455243167045187,replay_quantile@0.22,DL2778,N943DZ,DL,ATL,MEM,2026-05-07T15:30:00,2026-05-07T16:27:00,DAL1212-1777954925-fa-1364p,B739 
DAL2925-1777954776-fa-48p,2026-05-07T13:32:00,0.09568441652075393,0,0.23455243167045187,replay_quantile@0.22,DL2925,N810DN,DL,ATL,ORF,2026-05-07T15:32:00,2026-05-07T16:35:00,DAL1247-1777954775-fa-498p,B739 
FFT3059-1777960821-airline-956p,2026-05-07T13:33:00,0.4157848582285882,1,0.23455243167045187,replay_quantile@0.22,F93059,N370FR,F9,MIA,ATL,2026-05-07T15:33:00,2026-05-07T17:02:00,FFT3321-1777958344-airline-416p,A20N 
DAL706-1777954289-fa-1753p,2026-05-07T13:35:00,0.17452252415732888,0,0.23455243167045187,replay_quantile@0.22,DL706,N114DN,DL,ATL,DEN,2026-05-07T15:35:00,2026-05-07T18:35:00,DAL1066-1777954328-fa-1787p,A321 
DAL937-1777954819-fa-901p,2026-05-07T13:35:00,0.1172872010903234,0,0.23455243167045187,replay_quantile@0.22,DL937,N855DN,DL,ATL,TUS,2026-05-07T15:35:00,2026-05-07T19:09:00,DAL1879-1777954818-fa-937p,B739 
UAL745-1777939397-fa-1530p,2026-05-07T13:35:00,0.08098137900990834,0,0.23455243167045187,replay_quantile@0.22,UA745,N821UA,UA,ATL,ORD,2026-05-07T15:35:00,2026-05-07T17:10:00,UAL2249-1777939519-fa-2089p,A319 
FFT4874-1777960821-airline-1223p,2026-05-07T13:36:00,0.44826254826254824,1,0.23455243167045187,replay_quantile@0.22,F94874,N622FR,F9,ATL,FLL,2026-05-07T15:36:00,2026-05-07T17:10:00,FFT3287-1777960821-airline-1001p,A21N 
DAL3013-1777954953-fa-421p,2026-05-07T13:36:00,0.10165879973027646,0,0.23455243167045187,replay_quantile@0.22,DL3013,N875DN,DL,ATL,IND,2026-05-07T15:36:00,2026-05-07T16:45:00,DAL1816-1777868389-fa-3340p,B739 
DAL3182-1777955140-fa-1698p,2026-05-07T13:37:00,0.07233496018494733,0,0.23455243167045187,replay_quantile@0.22,DL3182,N892AT,DL,ATL,MYR,2026-05-07T15:37:00,2026-05-07T16:32:00,DAL1523-1777955131-fa-2202p,B712 
DAL414-1777954124-fa-979p,2026-05-07T13:38:00,0.19439755646652196,0,0.23455243167045187,replay_quantile@0.22,DL414,N315DN,DL,ATL,DFW,2026-05-07T15:38:00,2026-05-07T17:35:00,DAL1180-1777954122-fa-547p,A321 
DAL2867-1777954917-fa-771p,2026-05-07T13:38:00,0.063874838254323,0,0.23455243167045187,replay_quantile@0.22,DL2867,N942DZ,DL,ATL,BNA,2026-05-07T15:38:00,2026-05-07T16:19:00,DAL1901-1777954916-fa-722p,B739 
DAL1002-1777954824-fa-229p,2026-05-07T13:39:00,0.1467644845748683,0,0.23455243167045187,replay_quantile@0.22,DL1002,N917DU,DL,ATL,ELP,2026-05-07T15:39:00,2026-05-07T18:38:00,DAL2988-1777954824-fa-792p,B739 
DAL673-1777954319-fa-366p,2026-05-07T13:40:00,0.17757594738490443,0,0.23455243167045187,replay_quantile@0.22,DL673,N390DN,DL,ATL,LAX,2026-05-07T15:40:00,2026-05-07T20:19:00,DAL364-1777954319-fa-365p,A321 
DAL552-1777954242-fa-900p,2026-05-07T13:40:00,0.13837174940898342,0,0.23455243167045187,replay_quantile@0.22,DL552,N343DN,DL,MCO,ATL,2026-05-07T15:40:00,2026-05-07T16:39:00,DAL552-1777954242-fa-898p,A321 
DAL467-1777954335-fa-1287p,2026-05-07T13:40:00,0.10263351251015122,0,0.23455243167045187,replay_quantile@0.22,DL467,N123DW,DL,ATL,LGA,2026-05-07T15:40:00,2026-05-07T17:11:00,DAL1673-1777954183-fa-1038p,A321 
DAL1271-1777954827-fa-404p,2026-05-07T13:40:00,0.0747827136648962,0,0.23455243167045187,replay_quantile@0.22,DL1271,N803DN,DL,ATL,CVG,2026-05-07T15:40:00,2026-05-07T16:37:00,DAL1415-1777954825-fa-1094p,B739 
UAL2605-1777927369-fa-851p,2026-05-07T13:40:00,0.05946357494627077,0,0.23455243167045187,replay_quantile@0.22,UA2605,N76523,UA,ORD,ATL,2026-05-07T15:40:00,2026-05-07T17:09:00,UAL465-1777939393-fa-883p,B738 
SKW3507-1777945193-fa-1682p,2026-05-07T13:41:00,0.10263351251015122,0,0.23455243167045187,replay_quantile@0.22,OO3507,N264SY,OO,ATL,SHV,2026-05-07T15:41:00,2026-05-07T17:20:00,SKW4142-1777916559-fa-1448p,E75L 
EDV5179-1777939331-fa-2387p,2026-05-07T13:41:00,0.0746744847805467,0,0.23455243167045187,replay_quantile@0.22,9E5179,N292PQ,9E,ATL,CHA,2026-05-07T15:41:00,2026-05-07T16:09:00,EDV5169-1777939330-fa-4078p,CRJ9 
UAL255-1777962521-airline-662p,2026-05-07T13:42:00,0.19439755646652196,0,0.23455243167045187,replay_quantile@0.22,UA255,N17296,UA,ATL,EWR,2026-05-07T15:42:00,2026-05-07T17:14:00,UAL2739-1777939519-fa-2091p,B38M 
DAL2471-1777954934-fa-4624p,2026-05-07T13:44:00,0.02574202688227773,0,0.23455243167045187,replay_quantile@0.22,DL2471,N947DZ,DL,MCI,ATL,2026-05-07T15:44:00,2026-05-07T17:07:00,DAL2471-1777954929-fa-958p,B739 
EDV5157-1777917855-fa-1729p,2026-05-07T13:45:00,0.042102979369667747,0,0.23455243167045187,replay_quantile@0.22,9E5157,N297PQ,9E,ATL,MLU,2026-05-07T15:45:00,2026-05-07T17:13:00,EDV5085-1777917856-fa-1642p,CRJ9 
DAL823-1777953936-fa-996p,2026-05-07T13:45:50.184827+00:00,0.4019941784851675,1,0.17367036218754084,quantile@0.22,DL823,N177DN,DL,ATL,SFO,2026-05-07T13:50:00,2026-05-07T18:42:00,DAL715-1777867517-fa-552p,B763 
NKS921-1777988328-schedule-352p,2026-05-07T13:45:50.184827+00:00,0.3689666003559837,1,0.17367036218754084,quantile@0.22,NK921,,NK,ATL,EWR,2026-05-07T13:35:00,2026-05-07T15:22:00,,A320 
DAL924-1777955071-fa-291p,2026-05-07T13:45:50.184827+00:00,0.3331573854139174,1,0.17367036218754084,quantile@0.22,DL924,N592NW,DL,ATL,SAN,2026-05-07T13:50:00,2026-05-07T18:19:00,DAL857-1777955070-fa-1064p,B753 
DAL787-1777954774-fa-2403p,2026-05-07T13:45:50.184827+00:00,0.30656846895395484,1,0.17367036218754084,quantile@0.22,DL787,N820DN,DL,ATL,GEG,2026-05-07T13:50:00,2026-05-07T18:37:00,DAL2933-1777954774-fa-2400p,B739 
FFT1596-1777958344-airline-229p,2026-05-07T13:45:50.184827+00:00,0.2799867461895295,1,0.17367036218754084,quantile@0.22,F91596,N667FR,F9,ORD,ATL,2026-05-07T12:00:00,2026-05-07T13:22:00,FFT1349-1777870984-airline-459p,A21N 
FFT1563-1777963115-airline-1398p,2026-05-07T13:45:50.184827+00:00,0.27766209868771496,1,0.17367036218754084,quantile@0.22,F91563,N609FR,F9,MCO,ATL,2026-05-07T12:06:00,2026-05-07T13:15:00,FFT1242-1777961985-airline-745p,A21N 
DAL837-1777954558-fa-662p,2026-05-07T13:45:50.184827+00:00,0.23554950751684814,1,0.17367036218754084,quantile@0.22,DL837,N822NW,DL,ATL,HNL,2026-05-07T14:00:00,2026-05-07T23:12:00,DAL309-1777868055-fa-501p,A333 
DAL1375-1777954235-fa-349p,2026-05-07T13:45:50.184827+00:00,0.23414191205084967,1,0.17367036218754084,quantile@0.22,DL1375,N356DN,DL,ATL,SYR,2026-05-07T13:50:00,2026-05-07T16:09:00,DAL1069-1777954228-fa-512p,A321 
DAL1121-1777954461-fa-1851p,2026-05-07T13:45:50.184827+00:00,0.21792673421667966,1,0.17367036218754084,quantile@0.22,DL1121,N370NW,DL,ATL,SAT,2026-05-07T13:50:00,2026-05-07T16:02:00,DAL1184-1777954477-fa-77p,A320 
DAL665-1777954192-fa-904p,2026-05-07T13:45:50.184827+00:00,0.2065852594853903,1,0.17367036218754084,quantile@0.22,DL665,N350DN,DL,ATL,ONT,2026-05-07T13:32:00,2026-05-07T19:06:00,DAL1376-1777954216-fa-1017p,A321 
JIA5015-1777958659-airline-1264p,2026-05-07T13:45:50.184827+00:00,0.2034157472535228,1,0.17367036218754084,quantile@0.22,OH5015,N645NN,OH,PHL,ATL,2026-05-07T11:15:00,2026-05-07T13:03:00,JIA5657-1777872033-airline-1004p,CRJ9 
SWA956-1777958094-airline-639p,2026-05-07T13:45:50.184827+00:00,0.2034157472535228,1,0.17367036218754084,quantile@0.22,WN956,N8979L,WN,ATL,PHX,2026-05-07T13:50:00,2026-05-07T17:43:00,SWA1468-1777961456-airline-1880p,B38M 
DAL1137-1777954144-fa-884p,2026-05-07T13:45:50.184827+00:00,0.19383019383019384,1,0.17367036218754084,quantile@0.22,DL1137,N320DN,DL,ATL,ALB,2026-05-07T13:43:00,2026-05-07T15:24:00,DAL1108-1777954139-fa-733p,A321 
DAL1527-1777954080-fa-1296p,2026-05-07T13:45:50.184827+00:00,0.18450508449776867,1,0.17367036218754084,quantile@0.22,DL1527,N340DN,DL,ATL,PBI,2026-05-07T14:03:00,2026-05-07T15:27:00,DAL1494-1777953997-fa-462p,A321 
FFT3072-1777960821-airline-960p,2026-05-07T13:45:50.184827+00:00,0.1838216060685326,1,0.17367036218754084,quantile@0.22,F93072,N656FR,F9,ATL,ORF,2026-05-07T13:34:00,2026-05-07T14:41:00,FFT2173-1777963115-airline-1496p,A21N 
FFT4707-1777960821-airline-1205p,2026-05-07T13:45:50.184827+00:00,0.1838216060685326,1,0.17367036218754084,quantile@0.22,F94707,N673FR,F9,IAD,ATL,2026-05-07T11:50:00,2026-05-07T13:15:00,FFT3692-1777877850-airline-1233p,A21N 
DAL557-1777954293-fa-3431p,2026-05-07T13:45:50.184827+00:00,0.1826449728827701,1,0.17367036218754084,quantile@0.22,DL557,N115DN,DL,ATL,LGA,2026-05-07T13:40:00,2026-05-07T15:16:00,DAL550-1777954297-fa-140p,A321 
DAL1338-1777955087-fa-76p,2026-05-07T13:45:50.184827+00:00,0.17018023580606276,0,0.17367036218754084,quantile@0.22,DL1338,N696DL,DL,ORF,ATL,2026-05-07T12:10:00,2026-05-07T13:39:00,DAL2338-1777867247-fa-1264p,B752 
DAL2886-1777954205-fa-1932p,2026-05-07T13:45:50.184827+00:00,0.1661470298654414,0,0.17367036218754084,quantile@0.22,DL2886,N317DN,DL,ATL,AUS,2026-05-07T14:00:00,2026-05-07T16:33:00,DAL1524-1777954205-fa-1936p,A321 
DAL3160-1777954710-fa-4788p,2026-05-07T13:45:50.184827+00:00,0.1661470298654414,0,0.17367036218754084,quantile@0.22,DL3160,N3743H,DL,ATL,CVG,2026-05-07T13:35:00,2026-05-07T14:31:00,DAL2407-1777954672-fa-1613p,B738 
FFT4771-1777960821-airline-1216p,2026-05-07T13:45:50.184827+00:00,0.16010032890844986,0,0.17367036218754084,quantile@0.22,F94771,N405FR,F9,ATL,CVG,2026-05-07T13:42:00,2026-05-07T14:40:00,FFT4601-1777960821-airline-1187p,A20N 
DAL2973-1777955137-fa-508p,2026-05-07T13:45:50.184827+00:00,0.15736243263024813,0,0.17367036218754084,quantile@0.22,DL2973,N990AT,DL,ATL,HPN,2026-05-07T13:50:00,2026-05-07T15:36:00,DAL1183-1777955136-fa-1329p,B712 
UAL632-1777926043-fa-2917p,2026-05-07T13:45:50.184827+00:00,0.15265899931190405,0,0.17367036218754084,quantile@0.22,UA632,N27722,UA,ATL,IAD,2026-05-07T14:02:00,2026-05-07T15:26:00,UAL745-1777926041-fa-2198p,B737 
DAL2147-1777954419-fa-593p,2026-05-07T13:45:50.184827+00:00,0.15022288261515604,0,0.17367036218754084,quantile@0.22,DL2147,N346NB,DL,ATL,PVD,2026-05-07T13:59:00,2026-05-07T15:46:00,DAL1023-1777954418-fa-844p,A319 
DAL774-1777953968-fa-1187p,2026-05-07T13:45:50.184827+00:00,0.14789807421324566,0,0.17367036218754084,quantile@0.22,DL774,N67171,DL,ATL,SEA,2026-05-07T14:01:00,2026-05-07T19:35:00,DAL1364-1777953963-fa-1538p,B752 
DAL9960-1777868738-fa-1062p,2026-05-07T13:45:50.184827+00:00,0.14789807421324566,0,0.17367036218754084,quantile@0.22,DL9960,N970AT,DL,MSP,ATL,2026-05-07T01:10:00,2026-05-07T03:10:00,DAL1603-1777868739-fa-211p,B712 
DAL3164-1777954672-fa-243p,2026-05-07T13:45:50.184827+00:00,0.1442965731457866,0,0.17367036218754084,quantile@0.22,DL3164,N3732J,DL,ATL,BHM,2026-05-07T14:05:00,2026-05-07T14:36:00,DAL1565-1777954709-fa-796p,B738 
SKW3904-1777916802-fa-1453p,2026-05-07T13:45:50.184827+00:00,0.1442965731457866,0,0.17367036218754084,quantile@0.22,OO3904,N304SY,OO,ATL,OAJ,2026-05-07T13:50:00,2026-05-07T14:43:00,SKW3758-1777916554-fa-967p,E75L 
DAL1315-1777954195-fa-1444p,2026-05-07T13:45:50.184827+00:00,0.12861210197336137,0,0.17367036218754084,quantile@0.22,DL1315,N348DN,DL,IAH,ATL,2026-05-07T12:10:00,2026-05-07T13:40:00,DAL1131-1777867669-fa-927p,A321 
DAL1444-1777954436-fa-1233p,2026-05-07T13:45:50.184827+00:00,0.12557062410449507,0,0.17367036218754084,quantile@0.22,DL1444,N342NB,DL,ATL,IAD,2026-05-07T14:03:00,2026-05-07T15:16:00,DAL1237-1777954414-fa-1141p,A319 
DAL1530-1777954914-fa-1348p,2026-05-07T13:45:50.184827+00:00,0.12064574912973387,0,0.17367036218754084,quantile@0.22,DL1530,N939DZ,DL,RDU,ATL,2026-05-07T12:40:00,2026-05-07T13:46:00,DAL1518-1777868549-fa-3357p,B739 
DAL3047-1777955147-fa-9p,2026-05-07T13:45:50.184827+00:00,0.12064574912973387,0,0.17367036218754084,quantile@0.22,DL3047,N981AT,DL,ATL,MYR,2026-05-07T13:37:00,2026-05-07T14:21:00,DAL1624-1777955142-fa-2176p,B712 
DAL3064-1777955153-fa-977p,2026-05-07T13:45:50.184827+00:00,0.12064574912973387,0,0.17367036218754084,quantile@0.22,DL3064,N967AT,DL,ATL,TLH,2026-05-07T14:05:00,2026-05-07T15:19:00,DAL3155-1777955153-fa-974p,B712 
DAL695-1777955089-fa-1418p,2026-05-07T13:45:50.184827+00:00,0.11756885090218423,0,0.17367036218754084,quantile@0.22,DL695,N707TW,DL,BOS,ATL,2026-05-07T11:01:00,2026-05-07T13:40:00,DAL507-1777868699-fa-230p,B752 
DAL1326-1777954112-fa-620p,2026-05-07T13:45:50.184827+00:00,0.11685538815852606,0,0.17367036218754084,quantile@0.22,DL1326,N364DX,DL,FLL,ATL,2026-05-07T11:50:00,2026-05-07T13:22:00,DAL1229-1777867692-fa-268p,A321 
DAL2511-1777954497-fa-278p,2026-05-07T13:45:50.184827+00:00,0.11685538815852606,0,0.17367036218754084,quantile@0.22,DL2511,N363NW,DL,ATL,ROC,2026-05-07T14:02:00,2026-05-07T15:34:00,DAL2662-1777954463-fa-1206p,A320 
DAL3190-1777955134-fa-805p,2026-05-07T13:45:50.184827+00:00,0.11303068000630771,0,0.17367036218754084,quantile@0.22,DL3190,N919AT,DL,ATL,CLT,2026-05-07T13:59:00,2026-05-07T14:44:00,DAL2637-1777955152-fa-1093p,B712 
DAL2978-1777954899-fa-39p,2026-05-07T13:45:50.184827+00:00,0.11126441312703263,0,0.17367036218754084,quantile@0.22,DL2978,N959DZ,DL,ATL,CLE,2026-05-07T14:00:00,2026-05-07T15:13:00,DAL2909-1777954944-fa-119p,B739 
DAL1072-1777954406-fa-3290p,2026-05-07T13:45:50.184827+00:00,0.10368766462788517,0,0.17367036218754084,quantile@0.22,DL1072,N301NB,DL,EYW,ATL,2026-05-07T11:40:00,2026-05-07T13:21:00,DAL2815-1777867849-fa-1088p,A319 
DAL1463-1777953974-fa-2704p,2026-05-07T13:45:50.184827+00:00,0.09929572014549957,0,0.17367036218754084,quantile@0.22,DL1463,N6715C,DL,MCO,ATL,2026-05-07T12:10:00,2026-05-07T13:12:00,DAL2881-1777867241-fa-1211p,B752 
DAL3147-1777955153-fa-986p,2026-05-07T13:45:50.184827+00:00,0.09637679462257297,0,0.17367036218754084,quantile@0.22,DL3147,N998AT,DL,ATL,GSP,2026-05-07T13:45:00,2026-05-07T14:12:00,DAL1618-1777955153-fa-985p,B712 
DAL1286-1777955143-fa-1166p,2026-05-07T13:45:50.184827+00:00,0.09498473615351069,0,0.17367036218754084,quantile@0.22,DL1286,N979AT,DL,ATL,JAN,2026-05-07T13:50:00,2026-05-07T14:50:00,DAL1160-1777955133-fa-677p,B712 
DAL1708-1777955137-fa-759p,2026-05-07T13:45:50.184827+00:00,0.09498473615351069,0,0.17367036218754084,quantile@0.22,DL1708,N950AT,DL,ATL,HSV,2026-05-07T13:35:00,2026-05-07T14:12:00,DAL2727-1777955137-fa-760p,B712 
DAL2522-1777954895-fa-858p,2026-05-07T13:45:50.184827+00:00,0.09230521398270954,0,0.17367036218754084,quantile@0.22,DL2522,N931DQ,DL,MSY,ATL,2026-05-07T12:45:00,2026-05-07T13:52:00,DAL2072-1777868535-fa-932p,B739 
DAL349-1777954480-fa-130p,2026-05-07T13:45:50.184827+00:00,0.09136883740641334,0,0.17367036218754084,quantile@0.22,DL349,N343NW,DL,CLE,ATL,2026-05-07T12:15:00,2026-05-07T13:49:00,DAL1339-1777868009-fa-917p,A320 
DAL2294-1777954167-fa-1269p,2026-05-07T13:45:50.184827+00:00,0.08820852296235003,0,0.17367036218754084,quantile@0.22,DL2294,N328DN,DL,DTW,ATL,2026-05-07T11:39:00,2026-05-07T13:22:00,DAL2994-1777867709-fa-1102p,A321 
DAL1415-1777954825-fa-1094p,2026-05-07T13:45:50.184827+00:00,0.08518762800708161,0,0.17367036218754084,quantile@0.22,DL1415,N803DN,DL,RIC,ATL,2026-05-07T12:20:00,2026-05-07T13:54:00,DAL1175-1777868506-fa-26p,B739 
SKW3690-1777948154-fa-1390p,2026-05-07T13:45:50.184827+00:00,0.08518762800708161,0,0.17367036218754084,quantile@0.22,OO3690,N299SY,OO,FAR,ATL,2026-05-07T11:15:00,2026-05-07T13:56:00,SKW3689-1777875506-airline-1124p,E75L 
EDV5526-1777935420-fa-697p,2026-05-07T13:45:50.184827+00:00,0.08124452234881684,0,0.17367036218754084,quantile@0.22,9E5526,N181GJ,9E,ATL,LFT,2026-05-07T13:55:00,2026-05-07T15:26:00,EDV5162-1777904866-fa-979p,CRJ9 
DAL893-1777954076-fa-967p,2026-05-07T13:45:50.184827+00:00,0.0799474030243261,0,0.17367036218754084,quantile@0.22,DL893,N301DV,DL,DFW,ATL,2026-05-07T12:20:00,2026-05-07T13:50:00,DAL31-1777867596-fa-1280p,A321 
DAL1673-1777954183-fa-1038p,2026-05-07T13:45:50.184827+00:00,0.07881635049914468,0,0.17367036218754084,quantile@0.22,DL1673,N123DW,DL,EWR,ATL,2026-05-07T11:10:00,2026-05-07T13:15:00,DAL2527-1777867588-fa-3622p,A321 
DAL343-1777954288-fa-510p,2026-05-07T13:45:50.184827+00:00,0.07863790649293768,0,0.17367036218754084,quantile@0.22,DL343,N386DN,DL,DCA,ATL,2026-05-07T12:09:00,2026-05-07T13:42:00,DAL727-1777867771-fa-896p,A321 
AAL1816-1777966432-airline-1479p,2026-05-07T13:45:50.184827+00:00,0.07507507507507508,0,0.17367036218754084,quantile@0.22,AA1816,N966AN,AA,DFW,ATL,2026-05-07T12:10:00,2026-05-07T13:45:00,AAL1750-1777875601-airline-1680p,B738 
EDV5553-1777909029-fa-2508p,2026-05-07T13:45:50.184827+00:00,0.07042585820455347,0,0.17367036218754084,quantile@0.22,9E5553,N668CA,9E,ATL,DTW,2026-05-07T13:40:00,2026-05-07T15:21:00,EDV4961-1777909002-fa-1936p,CRJ7 
DAL1212-1777954925-fa-1364p,2026-05-07T13:45:50.184827+00:00,0.06818409037891161,0,0.17367036218754084,quantile@0.22,DL1212,N943DZ,DL,MCI,ATL,2026-05-07T12:15:00,2026-05-07T13:39:00,DAL3023-1777868557-fa-456p,B739 
DAL2161-1777954837-fa-1457p,2026-05-07T13:45:50.184827+00:00,0.06818409037891161,0,0.17367036218754084,quantile@0.22,DL2161,N876DN,DL,GRR,ATL,2026-05-07T12:10:00,2026-05-07T13:55:00,DAL2865-1777868460-fa-1365p,B739 
DAL342-1777954303-fa-1005p,2026-05-07T13:45:50.184827+00:00,0.06818409037891161,0,0.17367036218754084,quantile@0.22,DL342,N372DN,DL,LGA,ATL,2026-05-07T11:09:00,2026-05-07T13:16:00,DAL1305-1777867552-fa-477p,A321 
DAL2116-1777955150-fa-1523p,2026-05-07T13:45:50.184827+00:00,0.06623101740542095,0,0.17367036218754084,quantile@0.22,DL2116,N957AT,DL,TLH,ATL,2026-05-07T12:15:00,2026-05-07T13:15:00,DAL1569-1777868732-fa-1594p,B712 
JBU519-1777961863-airline-500p,2026-05-07T13:45:50.184827+00:00,0.06623101740542095,0,0.17367036218754084,quantile@0.22,B6519,N3298J,B6,JFK,ATL,2026-05-07T11:45:00,2026-05-07T13:47:00,JBU359-1777872124-airline-394p,BCS3 
DAL1066-1777954328-fa-1787p,2026-05-07T13:45:50.184827+00:00,0.059847474436578764,0,0.17367036218754084,quantile@0.22,DL1066,N114DN,DL,SAT,ATL,2026-05-07T12:00:00,2026-05-07T13:49:00,DAL1465-1777867784-fa-1526p,A321 
EDV5497-1777959953-airline-471p,2026-05-07T13:45:50.184827+00:00,0.05815146427905241,0,0.17367036218754084,quantile@0.22,9E5497,N929XJ,9E,XNA,ATL,2026-05-07T12:20:00,2026-05-07T13:31:00,EDV5159-1777877318-airline-1126p,CRJ9 
DAL1157-1777955130-fa-863p,2026-05-07T13:45:50.184827+00:00,0.05580033208257612,0,0.17367036218754084,quantile@0.22,DL1157,N945AT,DL,OMA,ATL,2026-05-07T12:15:00,2026-05-07T13:56:00,DAL2707-1777868723-fa-684p,B712 
DAL1236-1777954512-fa-1686p,2026-05-07T13:45:50.184827+00:00,0.05580033208257612,0,0.17367036218754084,quantile@0.22,DL1236,N349NW,DL,MKE,ATL,2026-05-07T12:19:00,2026-05-07T13:54:00,DAL1268-1777867979-fa-1267p,A320 
DAL1301-1777954217-fa-789p,2026-05-07T13:45:50.184827+00:00,0.05580033208257612,0,0.17367036218754084,quantile@0.22,DL1301,N351DN,DL,PBI,ATL,2026-05-07T12:10:00,2026-05-07T13:31:00,DAL1606-1777867684-fa-501p,A321 
DAL1395-1777954177-fa-1306p,2026-05-07T13:45:50.184827+00:00,0.05580033208257612,0,0.17367036218754084,quantile@0.22,DL1395,N331DN,DL,RSW,ATL,2026-05-07T12:10:00,2026-05-07T13:28:00,DAL1736-1777867635-fa-351p,A321 
EDV5418-1777904867-fa-2894p,2026-05-07T13:45:50.184827+00:00,0.05301956336830167,0,0.17367036218754084,quantile@0.22,9E5418,N928XJ,9E,ATL,CHO,2026-05-07T13:59:00,2026-05-07T15:02:00,EDV4708-1777911801-fa-1743p,CRJ9 
DAL1158-1777955137-fa-772p,2026-05-07T13:45:50.184827+00:00,0.05199379649344164,0,0.17367036218754084,quantile@0.22,DL1158,N922AT,DL,OKC,ATL,2026-05-07T12:19:00,2026-05-07T13:49:00,DAL2784-1777868742-fa-221p,B712 
DAL1619-1777954831-fa-853p,2026-05-07T13:45:50.184827+00:00,0.05199379649344164,0,0.17367036218754084,quantile@0.22,DL1619,N870DN,DL,GSP,ATL,2026-05-07T12:55:00,2026-05-07T13:31:00,DAL3136-1777868358-fa-785p,B739 
DAL1625-1777955147-fa-18p,2026-05-07T13:45:50.184827+00:00,0.05199379649344164,0,0.17367036218754084,quantile@0.22,DL1625,N959AT,DL,MEM,ATL,2026-05-07T12:40:00,2026-05-07T13:31:00,DAL1443-1777868735-fa-569p,B712 
DAL3183-1777955149-fa-181p,2026-05-07T13:45:50.184827+00:00,0.050680169935201476,0,0.17367036218754084,quantile@0.22,DL3183,N939AT,DL,JAN,ATL,2026-05-07T12:40:00,2026-05-07T13:37:00,DAL3180-1777868740-fa-211p,B712 
DAL2554-1777954770-fa-2682p,2026-05-07T13:45:50.184827+00:00,0.05065173831312359,0,0.17367036218754084,quantile@0.22,DL2554,N872DN,DL,BDL,ATL,2026-05-07T11:10:00,2026-05-07T13:28:00,DAL2871-1777868415-fa-1p,B739 
EDV5584-1777921948-fa-1556p,2026-05-07T13:45:50.184827+00:00,0.05065173831312359,0,0.17367036218754084,quantile@0.22,9E5584,N136EV,9E,MSP,ATL,2026-05-07T11:25:00,2026-05-07T13:24:00,EDV5110-1777879533-airline-1656p,CRJ9 
DAL1536-1777954780-fa-1233p,2026-05-07T13:45:50.184827+00:00,0.04950132674535639,0,0.17367036218754084,quantile@0.22,DL1536,N940DU,DL,STL,ATL,2026-05-07T12:15:00,2026-05-07T13:23:00,DAL1403-1777868503-fa-191p,B739 
DAL2802-1777955133-fa-670p,2026-05-07T13:45:50.184827+00:00,0.048215848823438545,0,0.17367036218754084,quantile@0.22,DL2802,N920AT,DL,BNA,ATL,2026-05-07T12:40:00,2026-05-07T13:22:00,DAL790-1777868726-fa-1604p,B712 
JBU1698-1777965984-airline-979p,2026-05-07T13:45:50.184827+00:00,0.03386761287165057,0,0.17367036218754084,quantile@0.22,B61698,N556JB,B6,FLL,ATL,2026-05-07T11:49:00,2026-05-07T13:19:00,JBU705-1777880345-airline-2854p,A320 
SWA4528-1777958094-airline-124p,2026-05-07T13:45:50.184827+00:00,0.033461673083654185,0,0.17367036218754084,quantile@0.22,WN4528,N8659D,WN,TPA,ATL,2026-05-07T12:40:00,2026-05-07T13:53:00,SWA2513-1777961333-airline-881p,B738 
DAL1376-1777954216-fa-1017p,2026-05-07T13:45:50.184827+00:00,0.03159507244526712,0,0.17367036218754084,quantile@0.22,DL1376,N350DN,DL,PBI,ATL,2026-05-07T10:10:00,2026-05-07T11:30:00,DAL1065-1777867682-fa-1344p,A321 
DAL3128-1777954905-fa-2023p,2026-05-07T13:48:00,0.05650722331429998,0,0.23455243167045187,replay_quantile@0.22,DL3128,N934DZ,DL,MSY,ATL,2026-05-07T15:48:00,2026-05-07T16:46:00,DAL3128-1777954906-fa-603p,B739 
DAL2976-1777953993-fa-389p,2026-05-07T13:48:00,0.04101666212201668,0,0.23455243167045187,replay_quantile@0.22,DL2976,N111DC,DL,AUS,ATL,2026-05-07T15:48:00,2026-05-07T17:26:00,DAL2976-1777953990-fa-4571p,A321 
FFT3873-1777960821-airline-1082p,2026-05-07T13:49:00,0.29915460484180867,1,0.23455243167045187,replay_quantile@0.22,F93873,N673FR,F9,ATL,OKC,2026-05-07T15:49:00,2026-05-07T17:56:00,FFT4707-1777960821-airline-1205p,A21N 
DAL1889-1777955083-fa-162p,2026-05-07T13:50:00,0.2154495864860109,0,0.23455243167045187,replay_quantile@0.22,DL1889,N900PC,DL,ATL,STT,2026-05-07T15:50:00,2026-05-07T19:09:00,DAL744-1777955083-fa-160p,B752 
DAL2427-1777954883-fa-1003p,2026-05-07T13:50:00,0.11065904259218533,0,0.23455243167045187,replay_quantile@0.22,DL2427,N839DN,DL,ATL,COS,2026-05-07T15:50:00,2026-05-07T18:46:00,DAL965-1777954882-fa-1632p,B739 
DAL1102-1777954836-fa-636p,2026-05-07T13:50:00,0.06233204725946158,0,0.23455243167045187,replay_quantile@0.22,DL1102,N920DU,DL,ATL,STL,2026-05-07T15:50:00,2026-05-07T17:08:00,DAL789-1777954885-fa-4579p,B739 
EDV5111-1777928471-fa-2031p,2026-05-07T13:52:00,0.03580259633216567,0,0.23455243167045187,replay_quantile@0.22,9E5111,N924XJ,9E,ATL,TRI,2026-05-07T15:52:00,2026-05-07T16:27:00,EDV5309-1777928470-fa-1198p,CRJ9 
DAL3047-1777955147-fa-12p,2026-05-07T13:53:00,0.011359133535860523,0,0.23455243167045187,replay_quantile@0.22,DL3047,N981AT,DL,MYR,ATL,2026-05-07T15:53:00,2026-05-07T16:50:00,DAL3047-1777955147-fa-9p,B712 
EDV5091-1777935397-fa-404p,2026-05-07T13:55:00,0.0522695476449557,0,0.23455243167045187,replay_quantile@0.22,9E5091,N138EV,9E,ATL,MOB,2026-05-07T15:55:00,2026-05-07T17:00:00,EDV5422-1777935395-fa-320p,CRJ9 
DAL1400-1777954947-fa-322p,2026-05-07T13:59:00,0.013656590455731163,0,0.23455243167045187,replay_quantile@0.22,DL1400,N960DZ,DL,STL,ATL,2026-05-07T15:59:00,2026-05-07T17:05:00,DAL1400-1777954951-fa-4237p,B739 
FFT4435-1777960821-airline-1170p,2026-05-07T14:01:00,0.3392294333311893,1,0.23455243167045187,replay_quantile@0.22,F94435,N233FR,F9,TPA,ATL,2026-05-07T16:01:00,2026-05-07T17:29:00,FFT4091-1777960821-airline-1118p,A20N 
DAL3064-1777955153-fa-976p,2026-05-07T14:01:00,0.018873720136518772,0,0.23455243167045187,replay_quantile@0.22,DL3064,N967AT,DL,TLH,ATL,2026-05-07T16:01:00,2026-05-07T16:55:00,DAL3064-1777955153-fa-977p,B712 
SKW4097-1777916799-fa-2334p,2026-05-07T14:03:00,0.0872515462679397,0,0.23455243167045187,replay_quantile@0.22,OO4097,N265SY,OO,SBN,ATL,2026-05-07T16:03:00,2026-05-07T17:47:00,SKW4097-1777916798-fa-1633p,E75L 
DAL1590-1777955139-fa-1036p,2026-05-07T14:06:00,0.0689159398063836,0,0.23455243167045187,replay_quantile@0.22,DL1590,N896AT,DL,CAE,ATL,2026-05-07T16:06:00,2026-05-07T17:03:00,DAL1590-1777955139-fa-1034p,B712 
DAL1063-1777954404-fa-732p,2026-05-07T14:09:00,0.04101666212201668,0,0.23455243167045187,replay_quantile@0.22,DL1063,N325NB,DL,MDW,ATL,2026-05-07T16:09:00,2026-05-07T17:33:00,DAL1063-1777954404-fa-1274p,A319 
DAL1363-1777954774-fa-2401p,2026-05-07T14:11:00,0.03660663833132693,0,0.23455243167045187,replay_quantile@0.22,DL1363,N861DN,DL,PIT,ATL,2026-05-07T16:11:00,2026-05-07T17:48:00,DAL1363-1777954772-fa-461p,B739 
DAL3190-1777955134-fa-807p,2026-05-07T14:15:00,0.05448268961376826,0,0.23455243167045187,replay_quantile@0.22,DL3190,N919AT,DL,CLT,ATL,2026-05-07T16:15:00,2026-05-07T16:38:00,DAL3190-1777955134-fa-805p,B712 
FFT1846-1777963115-airline-1452p,2026-05-07T14:22:00,0.12506268806419255,0,0.23455243167045187,replay_quantile@0.22,F91846,N385FR,F9,CVG,ATL,2026-05-07T16:22:00,2026-05-07T17:30:00,FFT3286-1777958344-airline-408p,A20N 
DAL750-1777954838-fa-193p,2026-05-07T15:03:00,0.12045643951535352,0,0.23455243167045187,replay_quantile@0.22,DL750,N914DU,DL,ATL,SFO,2026-05-07T17:03:00,2026-05-07T21:45:00,DAL3125-1777954838-fa-192p,B739 
DAL2827-1777954952-fa-1380p,2026-05-07T15:04:00,0.0872515462679397,0,0.23455243167045187,replay_quantile@0.22,DL2827,N963DZ,DL,ATL,DAB,2026-05-07T17:04:00,2026-05-07T18:02:00,DAL3069-1777954952-fa-603p,B739 
DAL2747-1777954851-fa-731p,2026-05-07T15:05:00,0.09016480407412646,0,0.23455243167045187,replay_quantile@0.22,DL2747,N890DN,DL,ATL,MCI,2026-05-07T17:05:00,2026-05-07T18:56:00,DAL1571-1777954851-fa-691p,B739 
DAL549-1777953969-fa-893p,2026-05-07T15:06:00,0.3267569310122501,1,0.23455243167045187,replay_quantile@0.22,DL549,N550NW,DL,ATL,LAS,2026-05-07T17:06:00,2026-05-07T21:07:00,DAL1462-1777953969-fa-638p,B752 
DAL1196-1777954337-fa-1720p,2026-05-07T15:07:00,0.1305571690273,0,0.23455243167045187,replay_quantile@0.22,DL1196,N391DN,DL,ATL,RSW,2026-05-07T17:07:00,2026-05-07T18:27:00,DAL431-1777954322-fa-684p,A321 
DAL1579-1777954191-fa-466p,2026-05-07T15:09:00,0.3118771544970228,1,0.23455243167045187,replay_quantile@0.22,DL1579,N338DN,DL,ATL,MIA,2026-05-07T17:09:00,2026-05-07T18:49:00,DAL1266-1777954190-fa-891p,A321 
DAL1186-1777954093-fa-210p,2026-05-07T15:09:00,0.1286818671102847,0,0.23455243167045187,replay_quantile@0.22,DL1186,N319DN,DL,ATL,PHL,2026-05-07T17:09:00,2026-05-07T18:54:00,DAL1052-1777954139-fa-205p,A321 
DAL2179-1777954940-fa-219p,2026-05-07T15:09:00,0.0746744847805467,0,0.23455243167045187,replay_quantile@0.22,DL2179,N955DZ,DL,ATL,CHS,2026-05-07T17:09:00,2026-05-07T17:49:00,DAL3110-1777954939-fa-194p,B739 
DAL2763-1777955137-fa-758p,2026-05-07T15:09:00,0.06654470615138347,0,0.23455243167045187,replay_quantile@0.22,DL2763,N930AT,DL,ATL,DAY,2026-05-07T17:09:00,2026-05-07T18:14:00,DAL3048-1777955147-fa-1233p,B712 
DAL1946-1777954329-fa-906p,2026-05-07T15:10:00,0.16716240333135038,0,0.23455243167045187,replay_quantile@0.22,DL1946,N103DY,DL,ATL,SJU,2026-05-07T17:10:00,2026-05-07T20:12:00,DAL1479-1777954337-fa-1718p,A321 
DAL9960-1778035516-fa-80p,2026-05-07T15:10:00,0.1286818671102847,0,0.23455243167045187,replay_quantile@0.22,DL9960,N579DT,DL,ATL,SLC,2026-05-07T17:10:00,2026-05-07T20:58:00,DAL456-1777955014-fa-4922p,A21N 
DAL1437-1777954844-fa-1329p,2026-05-07T15:12:00,0.10165879973027646,0,0.23455243167045187,replay_quantile@0.22,DL1437,N887DN,DL,ATL,RIC,2026-05-07T17:12:00,2026-05-07T18:15:00,DAL1336-1777954847-fa-1908p,B739 
DAL481-1777954756-fa-51p,2026-05-07T15:14:00,0.12616630588937827,0,0.23455243167045187,replay_quantile@0.22,DL481,N878DN,DL,ATL,SEA,2026-05-07T17:14:00,2026-05-07T22:09:00,DAL1380-1777954755-fa-1651p,B739 
DAL2322-1777954207-fa-1197p,2026-05-07T15:22:00,0.3267569310122501,1,0.23455243167045187,replay_quantile@0.22,DL2322,N322DN,DL,ATL,EWR,2026-05-07T17:22:00,2026-05-07T18:52:00,DAL1631-1777954203-fa-779p,A321 
DAL360-1777954504-fa-625p,2026-05-07T15:23:00,0.2154495864860109,0,0.23455243167045187,replay_quantile@0.22,DL360,N360NW,DL,ATL,DCA,2026-05-07T17:23:00,2026-05-07T18:31:00,DAL436-1777867934-fa-734p,A320 
DAL1912-1777954958-fa-954p,2026-05-07T15:25:00,0.10675192370217838,0,0.23455243167045187,replay_quantile@0.22,DL1912,N504DZ,DL,AUA,ATL,2026-05-07T17:25:00,2026-05-07T21:08:00,DAL1909-1777954958-fa-953p,A21N 
DAL3141-1777955153-fa-990p,2026-05-07T15:27:00,0.0713429735559639,0,0.23455243167045187,replay_quantile@0.22,DL3141,N998AT,DL,ATL,CHA,2026-05-07T17:27:00,2026-05-07T17:52:00,DAL3147-1777955153-fa-988p,B712 
DAL366-1777953968-fa-738p,2026-05-07T15:31:00,0.21077547339945898,0,0.23455243167045187,replay_quantile@0.22,DL366,N6708D,DL,ATL,PHX,2026-05-07T17:31:00,2026-05-07T21:29:00,DAL2326-1777953967-fa-267p,B752 
DAL3010-1777955131-fa-2206p,2026-05-07T15:31:00,0.05421656561607456,0,0.23455243167045187,replay_quantile@0.22,DL3010,N991AT,DL,ATL,GSP,2026-05-07T17:31:00,2026-05-07T18:06:00,DAL3199-1777955133-fa-188p,B712 
FFT4891-1777958344-airline-509p,2026-05-07T15:31:52.632579+00:00,0.4895821601531704,1,0.11754818903020342,quantile@0.22,F94891,N667FR,F9,ATL,LAS,2026-05-07T15:25:00,2026-05-07T19:36:00,FFT1596-1777958344-airline-229p,A21N 
DAL1292-1777955153-fa-127p,2026-05-07T15:31:52.632579+00:00,0.38640858999717437,1,0.11754818903020342,quantile@0.22,DL1292,N906AT,DL,MOB,ATL,2026-05-07T14:25:00,2026-05-07T15:30:00,DAL1292-1777955152-fa-1096p,B712 
EDV5422-1777935395-fa-320p,2026-05-07T15:31:52.632579+00:00,0.24437213034369018,1,0.11754818903020342,quantile@0.22,9E5422,N138EV,9E,AGS,ATL,2026-05-07T14:09:00,2026-05-07T14:47:00,EDV5422-1777935396-fa-845p,CRJ9 
FFT4874-1777960821-airline-1223p,2026-05-07T15:31:52.632579+00:00,0.21334079932806047,1,0.11754818903020342,quantile@0.22,F94874,N622FR,F9,ATL,FLL,2026-05-07T15:36:00,2026-05-07T17:10:00,FFT3287-1777960821-airline-1001p,A21N 
DAL2232-1777955138-fa-977p,2026-05-07T15:31:52.632579+00:00,0.2065852594853903,1,0.11754818903020342,quantile@0.22,DL2232,N938AT,DL,LEX,ATL,2026-05-07T14:16:00,2026-05-07T15:32:00,DAL2232-1777955138-fa-975p,B712 
DAL1889-1777955083-fa-162p,2026-05-07T15:31:52.632579+00:00,0.2034157472535228,1,0.11754818903020342,quantile@0.22,DL1889,N900PC,DL,ATL,STT,2026-05-07T15:50:00,2026-05-07T19:09:00,DAL744-1777955083-fa-160p,B752 
FFT4406-1777958344-airline-481p,2026-05-07T15:31:52.632579+00:00,0.19383019383019384,1,0.11754818903020342,quantile@0.22,F94406,N332FR,F9,ATL,MIA,2026-05-07T15:30:00,2026-05-07T17:11:00,FFT2483-1777963115-airline-1566p,A20N 
DAL2365-1777954263-fa-310p,2026-05-07T15:31:52.632579+00:00,0.1838216060685326,1,0.11754818903020342,quantile@0.22,DL2365,N325DN,DL,EWR,ATL,2026-05-07T12:40:00,2026-05-07T14:43:00,DAL2498-1777867701-fa-1505p,A321 
DAL1030-1777955059-fa-1493p,2026-05-07T15:31:52.632579+00:00,0.1761140235910878,1,0.11754818903020342,quantile@0.22,DL1030,N6701,DL,ATL,MCO,2026-05-07T15:25:00,2026-05-07T16:41:00,DAL1261-1777955053-fa-1412p,B752 
UAL255-1777962521-airline-662p,2026-05-07T15:31:52.632579+00:00,0.1758076291294032,1,0.11754818903020342,quantile@0.22,UA255,N17296,UA,ATL,EWR,2026-05-07T15:42:00,2026-05-07T17:14:00,UAL2739-1777939519-fa-2091p,B38M 
EDV5145-1777928479-fa-1883p,2026-05-07T15:31:52.632579+00:00,0.17018023580606276,1,0.11754818903020342,quantile@0.22,9E5145,N582CA,9E,CAE,ATL,2026-05-07T14:10:00,2026-05-07T14:55:00,EDV5145-1777901981-fa-2599p,CRJ9 
FFT1241-1777963115-airline-1317p,2026-05-07T15:31:52.632579+00:00,0.1661470298654414,1,0.11754818903020342,quantile@0.22,F91241,N716FR,F9,MCO,ATL,2026-05-07T14:06:00,2026-05-07T15:06:00,FFT3916-1777702820-airline-1218p,A321 
SKW4117-1777945192-fa-664p,2026-05-07T15:31:52.632579+00:00,0.16010032890844986,1,0.11754818903020342,quantile@0.22,OO4117,N244SY,OO,SHV,ATL,2026-05-07T13:10:00,2026-05-07T14:19:00,SKW3815-1777873937-airline-731p,E75L 
DAL1099-1777954174-fa-97p,2026-05-07T15:31:52.632579+00:00,0.13730125787298544,1,0.11754818903020342,quantile@0.22,DL1099,N330DX,DL,ATL,TPA,2026-05-07T15:20:00,2026-05-07T16:42:00,DAL2562-1777954174-fa-983p,A321 
DAL414-1777954124-fa-979p,2026-05-07T15:31:52.632579+00:00,0.13730125787298544,1,0.11754818903020342,quantile@0.22,DL414,N315DN,DL,ATL,DFW,2026-05-07T15:38:00,2026-05-07T17:35:00,DAL1180-1777954122-fa-547p,A321 
DAL9987-1778142046-fa-1166p,2026-05-07T15:31:52.632579+00:00,0.13730125787298544,1,0.11754818903020342,quantile@0.22,DL9987,N813NW,DL,ATL,ATL,2026-05-07T14:40:00,2026-05-07T15:28:00,,A333 
DAL706-1777954289-fa-1753p,2026-05-07T15:31:52.632579+00:00,0.12064574912973387,1,0.11754818903020342,quantile@0.22,DL706,N114DN,DL,ATL,DEN,2026-05-07T15:35:00,2026-05-07T18:35:00,DAL1066-1777954328-fa-1787p,A321 
DAL862-1777954136-fa-170p,2026-05-07T15:31:52.632579+00:00,0.12064574912973387,1,0.11754818903020342,quantile@0.22,DL862,N333DX,DL,ATL,BOS,2026-05-07T15:20:00,2026-05-07T17:20:00,DAL2643-1777954132-fa-1024p,A321 
DAL3103-1777955152-fa-1090p,2026-05-07T15:31:52.632579+00:00,0.11756885090218423,1,0.11754818903020342,quantile@0.22,DL3103,N929AT,DL,PNS,ATL,2026-05-07T14:30:00,2026-05-07T15:32:00,DAL3103-1777955152-fa-1088p,B712 
DAL9761-1778108119-fa-1257p,2026-05-07T15:31:52.632579+00:00,0.11705230410266382,0,0.11754818903020342,quantile@0.22,DL9761,N592DT,DL,JFK,ATL,2026-05-07T10:40:00,2026-05-07T12:51:00,DAL415-1777868660-fa-845p,A21N 
FFT3873-1777960821-airline-1082p,2026-05-07T15:31:52.632579+00:00,0.11685538815852606,0,0.11754818903020342,quantile@0.22,F93873,N673FR,F9,ATL,OKC,2026-05-07T15:49:00,2026-05-07T17:56:00,FFT4707-1777960821-airline-1205p,A21N 
SKW3507-1777945193-fa-1682p,2026-05-07T15:31:52.632579+00:00,0.11685538815852606,0,0.11754818903020342,quantile@0.22,OO3507,N264SY,OO,ATL,SHV,2026-05-07T15:41:00,2026-05-07T17:20:00,SKW4142-1777916559-fa-1448p,E75L 
DAL1631-1777954203-fa-779p,2026-05-07T15:31:52.632579+00:00,0.11303068000630771,0,0.11754818903020342,quantile@0.22,DL1631,N322DN,DL,FLL,ATL,2026-05-07T14:06:00,2026-05-07T15:42:00,DAL1334-1777954202-fa-945p,A321 
DAL673-1777954319-fa-366p,2026-05-07T15:31:52.632579+00:00,0.10360426447574338,0,0.11754818903020342,quantile@0.22,DL673,N390DN,DL,ATL,LAX,2026-05-07T15:40:00,2026-05-07T20:19:00,DAL364-1777954319-fa-365p,A321 
DAL2204-1777954095-fa-644p,2026-05-07T15:31:52.632579+00:00,0.09136883740641334,0,0.11754818903020342,quantile@0.22,DL2204,N323DN,DL,MCO,ATL,2026-05-07T14:10:00,2026-05-07T15:12:00,DAL2204-1777954095-fa-443p,A321 
DAL2380-1777954831-fa-855p,2026-05-07T15:31:52.632579+00:00,0.09136883740641334,0,0.11754818903020342,quantile@0.22,DL2380,N876DN,DL,ATL,JFK,2026-05-07T15:20:00,2026-05-07T16:59:00,DAL2161-1777954837-fa-1457p,B739 
DAL3182-1777955140-fa-1698p,2026-05-07T15:31:52.632579+00:00,0.09136883740641334,0,0.11754818903020342,quantile@0.22,DL3182,N892AT,DL,ATL,MYR,2026-05-07T15:37:00,2026-05-07T16:32:00,DAL1523-1777955131-fa-2202p,B712 
DAL406-1777955087-fa-862p,2026-05-07T15:31:52.632579+00:00,0.08673129578923999,0,0.11754818903020342,quantile@0.22,DL406,N696DL,DL,ATL,BZN,2026-05-07T15:18:00,2026-05-07T19:06:00,DAL1338-1777955087-fa-76p,B752 
UAL745-1777939397-fa-1530p,2026-05-07T15:31:52.632579+00:00,0.08673129578923999,0,0.11754818903020342,quantile@0.22,UA745,N821UA,UA,ATL,ORD,2026-05-07T15:35:00,2026-05-07T17:10:00,UAL2249-1777939519-fa-2089p,A319 
DAL1002-1777954824-fa-229p,2026-05-07T15:31:52.632579+00:00,0.08518762800708161,0,0.11754818903020342,quantile@0.22,DL1002,N917DU,DL,ATL,ELP,2026-05-07T15:39:00,2026-05-07T18:38:00,DAL2988-1777954824-fa-792p,B739 
DAL775-1777954514-fa-1831p,2026-05-07T15:31:52.632579+00:00,0.08518762800708161,0,0.11754818903020342,quantile@0.22,DL775,N343NW,DL,ATL,CLE,2026-05-07T15:25:00,2026-05-07T16:39:00,DAL349-1777954480-fa-130p,A320 
FFT4427-1777960821-airline-1169p,2026-05-07T15:31:52.632579+00:00,0.08371181484477073,0,0.11754818903020342,quantile@0.22,F94427,N635FR,F9,BWI,ATL,2026-05-07T13:02:00,2026-05-07T14:35:00,FFT2510-1777963115-airline-1574p,A21N 
DAL2427-1777954883-fa-1003p,2026-05-07T15:31:52.632579+00:00,0.08124452234881684,0,0.11754818903020342,quantile@0.22,DL2427,N839DN,DL,ATL,COS,2026-05-07T15:50:00,2026-05-07T18:46:00,DAL965-1777954882-fa-1632p,B739 
DAL2634-1777954332-fa-735p,2026-05-07T15:31:52.632579+00:00,0.0799474030243261,0,0.11754818903020342,quantile@0.22,DL2634,N106DN,DL,RDU,ATL,2026-05-07T14:06:00,2026-05-07T15:08:00,DAL2634-1777954328-fa-1790p,A321 
DAL431-1777954322-fa-684p,2026-05-07T15:31:52.632579+00:00,0.07863790649293768,0,0.11754818903020342,quantile@0.22,DL431,N391DN,DL,DEN,ATL,2026-05-07T13:15:00,2026-05-07T15:28:00,DAL956-1777867782-fa-210p,A321 
DAL937-1777954819-fa-901p,2026-05-07T15:31:52.632579+00:00,0.0740344495560073,0,0.11754818903020342,quantile@0.22,DL937,N855DN,DL,ATL,TUS,2026-05-07T15:35:00,2026-05-07T19:09:00,DAL1879-1777954818-fa-937p,B739 
UAL2669-1777917144-fa-1059p,2026-05-07T15:31:52.632579+00:00,0.0740344495560073,0,0.11754818903020342,quantile@0.22,UA2669,N820UA,UA,EWR,ATL,2026-05-07T13:10:00,2026-05-07T15:11:00,UAL203-1777873970-airline-1162p,A319 
DAL467-1777954335-fa-1287p,2026-05-07T15:31:52.632579+00:00,0.07200967458223397,0,0.11754818903020342,quantile@0.22,DL467,N123DW,DL,ATL,LGA,2026-05-07T15:40:00,2026-05-07T17:11:00,DAL1673-1777954183-fa-1038p,A321 
EJA509-1778100328-sw-2820p,2026-05-07T15:31:52.632579+00:00,0.07081545064377684,0,0.11754818903020342,quantile@0.22,1I509,N509QS,1I,LEX,ATL,2026-05-07T14:42:00,2026-05-07T15:48:00,EJA509-1778088648-sw-530p,C68A 
DAL2777-1777954228-fa-514p,2026-05-07T15:31:52.632579+00:00,0.07042585820455347,0,0.11754818903020342,quantile@0.22,DL2777,N354DN,DL,DTW,ATL,2026-05-07T13:40:00,2026-05-07T15:15:00,DAL1333-1777867267-fa-4488p,A321 
DAL2925-1777954776-fa-48p,2026-05-07T15:31:52.632579+00:00,0.07042585820455347,0,0.11754818903020342,quantile@0.22,DL2925,N810DN,DL,ATL,ORF,2026-05-07T15:32:00,2026-05-07T16:35:00,DAL1247-1777954775-fa-498p,B739 
JBU797-1777958441-airline-383p,2026-05-07T15:31:52.632579+00:00,0.07042585820455347,0,0.11754818903020342,quantile@0.22,B6797,N3240J,B6,BOS,ATL,2026-05-07T12:25:00,2026-05-07T15:02:00,JBU1138-1777870202-airline-406p,BCS3 
SWA2672-1777957840-airline-1212p,2026-05-07T15:31:52.632579+00:00,0.07042585820455347,0,0.11754818903020342,quantile@0.22,WN2672,N8772M,WN,ATL,MDW,2026-05-07T15:30:00,2026-05-07T17:06:00,SWA1397-1777961456-airline-1805p,B38M 
DAL1271-1777954827-fa-404p,2026-05-07T15:31:52.632579+00:00,0.06623101740542095,0,0.11754818903020342,quantile@0.22,DL1271,N803DN,DL,ATL,CVG,2026-05-07T15:40:00,2026-05-07T16:37:00,DAL1415-1777954825-fa-1094p,B739 
DAL1324-1777954503-fa-362p,2026-05-07T15:31:52.632579+00:00,0.06623101740542095,0,0.11754818903020342,quantile@0.22,DL1324,N366NW,DL,IAD,ATL,2026-05-07T14:21:00,2026-05-07T16:01:00,DAL1324-1777954503-fa-361p,A320 
DAL2793-1777955150-fa-165p,2026-05-07T15:31:52.632579+00:00,0.06623101740542095,0,0.11754818903020342,quantile@0.22,DL2793,N927AT,DL,GNV,ATL,2026-05-07T14:23:00,2026-05-07T15:13:00,DAL2793-1777955150-fa-163p,B712 
DAL3013-1777954953-fa-421p,2026-05-07T15:31:52.632579+00:00,0.06623101740542095,0,0.11754818903020342,quantile@0.22,DL3013,N875DN,DL,ATL,IND,2026-05-07T15:36:00,2026-05-07T16:45:00,DAL1816-1777868389-fa-3340p,B739 
DAL1462-1777953969-fa-638p,2026-05-07T15:31:52.632579+00:00,0.06215884349880825,0,0.11754818903020342,quantile@0.22,DL1462,N550NW,DL,RIC,ATL,2026-05-07T14:18:00,2026-05-07T15:39:00,DAL1462-1777953969-fa-639p,B752 
DAL2778-1777954924-fa-2327p,2026-05-07T15:31:52.632579+00:00,0.06215884349880825,0,0.11754818903020342,quantile@0.22,DL2778,N943DZ,DL,ATL,MEM,2026-05-07T15:30:00,2026-05-07T16:27:00,DAL1212-1777954925-fa-1364p,B739 
RPA4580-1777958754-airline-1527p,2026-05-07T15:31:52.632579+00:00,0.06017889492753622,0,0.11754818903020342,quantile@0.22,YX4580,N116HQ,YX,ATL,LGA,2026-05-07T15:25:00,2026-05-07T16:39:00,RPA4580-1777958754-airline-1528p,E75L 
EDV5304-1777937762-fa-2740p,2026-05-07T15:31:52.632579+00:00,0.05815146427905241,0,0.11754818903020342,quantile@0.22,9E5304,N903XJ,9E,MGM,ATL,2026-05-07T15:05:00,2026-05-07T15:32:00,EDV5304-1777937763-fa-5604p,CRJ9 
DAL2279-1777954196-fa-695p,2026-05-07T15:31:52.632579+00:00,0.05580033208257612,0,0.11754818903020342,quantile@0.22,DL2279,N301DV,DL,ATL,PHL,2026-05-07T15:26:00,2026-05-07T16:43:00,DAL893-1777954076-fa-967p,A321 
DAL2867-1777954917-fa-771p,2026-05-07T15:31:52.632579+00:00,0.05580033208257612,0,0.11754818903020342,quantile@0.22,DL2867,N942DZ,DL,ATL,BNA,2026-05-07T15:38:00,2026-05-07T16:19:00,DAL1901-1777954916-fa-722p,B739 
DAL2605-1777955084-fa-1185p,2026-05-07T15:31:52.632579+00:00,0.053686380212462345,0,0.11754818903020342,quantile@0.22,DL2605,N6703D,DL,TPA,ATL,2026-05-07T14:08:00,2026-05-07T15:12:00,DAL2605-1777955083-fa-2127p,B752 
DAL918-1777955046-fa-3797p,2026-05-07T15:31:52.632579+00:00,0.05199379649344164,0,0.11754818903020342,quantile@0.22,DL918,N551NW,DL,PHX,ATL,2026-05-07T12:55:00,2026-05-07T15:52:00,DAL757-1777867246-fa-1042p,B752 
DAL1725-1777955130-fa-861p,2026-05-07T15:31:52.632579+00:00,0.05065173831312359,0,0.11754818903020342,quantile@0.22,DL1725,N945AT,DL,ATL,GSP,2026-05-07T15:17:00,2026-05-07T15:42:00,DAL1157-1777955130-fa-863p,B712 
DAL2542-1777954897-fa-1300p,2026-05-07T15:31:52.632579+00:00,0.04950132674535639,0,0.11754818903020342,quantile@0.22,DL2542,N931DQ,DL,ATL,MSY,2026-05-07T15:21:00,2026-05-07T16:38:00,DAL2522-1777954895-fa-858p,B739 
DAL1336-1777954847-fa-1908p,2026-05-07T15:31:52.632579+00:00,0.048215848823438545,0,0.11754818903020342,quantile@0.22,DL1336,N887DN,DL,ORF,ATL,2026-05-07T14:18:00,2026-05-07T15:41:00,DAL1336-1777954846-fa-1435p,B739 
DAL1688-1777954869-fa-1315p,2026-05-07T15:31:52.632579+00:00,0.048215848823438545,0,0.11754818903020342,quantile@0.22,DL1688,N902DN,DL,ABQ,ATL,2026-05-07T13:10:00,2026-05-07T15:32:00,DAL1531-1777868525-fa-477p,B739 
DAL2020-1777955137-fa-773p,2026-05-07T15:31:52.632579+00:00,0.048215848823438545,0,0.11754818903020342,quantile@0.22,DL2020,N607AT,DL,ATL,OKC,2026-05-07T15:20:00,2026-05-07T17:25:00,DAL2299-1777955142-fa-2172p,B712 
DAL1102-1777954836-fa-636p,2026-05-07T15:31:52.632579+00:00,0.04495685771068127,0,0.11754818903020342,quantile@0.22,DL1102,N920DU,DL,ATL,STL,2026-05-07T15:50:00,2026-05-07T17:08:00,DAL789-1777954885-fa-4579p,B739 
DAL1369-1777955147-fa-21p,2026-05-07T15:31:52.632579+00:00,0.04495685771068127,0,0.11754818903020342,quantile@0.22,DL1369,N988AT,DL,BHM,ATL,2026-05-07T13:09:00,2026-05-07T13:38:00,DAL2705-1777868723-fa-732p,B712 
DAL3012-1777955149-fa-182p,2026-05-07T15:31:52.632579+00:00,0.04495685771068127,0,0.11754818903020342,quantile@0.22,DL3012,N939AT,DL,ATL,BHM,2026-05-07T15:20:00,2026-05-07T15:57:00,DAL3183-1777955149-fa-181p,B712 
DAL3051-1777955134-fa-950p,2026-05-07T15:31:52.632579+00:00,0.04495685771068127,0,0.11754818903020342,quantile@0.22,DL3051,N955AT,DL,VPS,ATL,2026-05-07T14:25:00,2026-05-07T15:39:00,DAL3051-1777955134-fa-947p,B712 
DAL3173-1777955143-fa-828p,2026-05-07T15:31:52.632579+00:00,0.041698101006617375,0,0.11754818903020342,quantile@0.22,DL3173,N978AT,DL,GSO,ATL,2026-05-07T14:19:00,2026-05-07T15:14:00,DAL3173-1777955143-fa-827p,B712 
DAL2486-1777955099-fa-854p,2026-05-07T15:31:52.632579+00:00,0.041534144059869035,0,0.11754818903020342,quantile@0.22,DL2486,N820DX,DL,JAX,ATL,2026-05-07T13:57:00,2026-05-07T15:10:00,DAL2486-1777955098-fa-128p,B752 
SWA3424-1777968872-airline-1698p,2026-05-07T15:31:52.632579+00:00,0.03760580411124546,0,0.11754818903020342,quantile@0.22,WN3424,N8553W,WN,MCO,ATL,2026-05-07T12:35:00,2026-05-07T13:38:00,SWA1912-1777880845-airline-1001p,B738 
EDV5070-1777913823-fa-1339p,2026-05-07T15:31:52.632579+00:00,0.03386761287165057,0,0.11754818903020342,quantile@0.22,9E5070,N147PQ,9E,JAN,ATL,2026-05-07T14:44:00,2026-05-07T15:33:00,EDV5070-1777913821-fa-2785p,CRJ9 
EDV5179-1777939331-fa-2387p,2026-05-07T15:31:52.632579+00:00,0.03386761287165057,0,0.11754818903020342,quantile@0.22,9E5179,N292PQ,9E,ATL,CHA,2026-05-07T15:41:00,2026-05-07T16:09:00,EDV5169-1777939330-fa-4078p,CRJ9 
DAL1479-1777954337-fa-1718p,2026-05-07T15:31:52.632579+00:00,0.03229695663293266,0,0.11754818903020342,quantile@0.22,DL1479,N103DY,DL,CMH,ATL,2026-05-07T14:20:00,2026-05-07T15:38:00,DAL1479-1777954337-fa-1719p,A321 
DAL1149-1777955148-fa-1011p,2026-05-07T15:31:52.632579+00:00,0.03158483796105801,0,0.11754818903020342,quantile@0.22,DL1149,N960AT,DL,MEM,ATL,2026-05-07T14:40:00,2026-05-07T15:26:00,DAL2939-1777868739-fa-217p,B712 
DAL963-1777954492-fa-850p,2026-05-07T15:31:52.632579+00:00,0.03158483796105801,0,0.11754818903020342,quantile@0.22,DL963,N358NW,DL,CVG,ATL,2026-05-07T14:06:00,2026-05-07T15:11:00,DAL963-1777954492-fa-185p,A320 
EDV5157-1777917855-fa-1729p,2026-05-07T15:31:52.632579+00:00,0.03158483796105801,0,0.11754818903020342,quantile@0.22,9E5157,N297PQ,9E,ATL,MLU,2026-05-07T15:45:00,2026-05-07T17:13:00,EDV5085-1777917856-fa-1642p,CRJ9 
DAL2523-1777954842-fa-1119p,2026-05-07T15:31:52.632579+00:00,0.027782647825426318,0,0.11754818903020342,quantile@0.22,DL2523,N856DN,DL,CLE,ATL,2026-05-07T14:34:00,2026-05-07T16:10:00,DAL2523-1777954842-fa-1478p,B739 
DAL1380-1777954755-fa-1651p,2026-05-07T15:31:52.632579+00:00,0.025932263393910786,0,0.11754818903020342,quantile@0.22,DL1380,N878DN,DL,PIT,ATL,2026-05-07T14:17:00,2026-05-07T15:47:00,DAL1380-1777954756-fa-52p,B739 
DAL1571-1777954851-fa-691p,2026-05-07T15:31:52.632579+00:00,0.025932263393910786,0,0.11754818903020342,quantile@0.22,DL1571,N890DN,DL,STL,ATL,2026-05-07T14:25:00,2026-05-07T15:27:00,DAL1571-1777954851-fa-702p,B739 
DAL3091-1777955153-fa-982p,2026-05-07T15:31:52.632579+00:00,0.023503281840482664,0,0.11754818903020342,quantile@0.22,DL3091,N899AT,DL,CHS,ATL,2026-05-07T14:35:00,2026-05-07T15:25:00,DAL3091-1777955153-fa-979p,B712 
DAL3030-1777955147-fa-1226p,2026-05-07T15:31:52.632579+00:00,0.022552415197102292,0,0.11754818903020342,quantile@0.22,DL3030,N997AT,DL,ATL,GNV,2026-05-07T15:20:00,2026-05-07T16:04:00,DAL2250-1777955140-fa-1700p,B712 
DAL3069-1777954952-fa-603p,2026-05-07T15:31:52.632579+00:00,0.020823069596347752,0,0.11754818903020342,quantile@0.22,DL3069,N963DZ,DL,BNA,ATL,2026-05-07T14:50:00,2026-05-07T15:26:00,DAL3069-1777954953-fa-345p,B739 
EDV5091-1777935397-fa-404p,2026-05-07T15:31:52.632579+00:00,0.020823069596347752,0,0.11754818903020342,quantile@0.22,9E5091,N138EV,9E,ATL,MOB,2026-05-07T15:55:00,2026-05-07T17:00:00,EDV5422-1777935395-fa-320p,CRJ9 
DAL3125-1777954838-fa-192p,2026-05-07T15:31:52.632579+00:00,0.01636048253567767,0,0.11754818903020342,quantile@0.22,DL3125,N914DU,DL,IND,ATL,2026-05-07T14:20:00,2026-05-07T15:28:00,DAL3125-1777954838-fa-190p,B739 
SWA2433-1777961333-airline-778p,2026-05-07T15:31:52.632579+00:00,0.01636048253567767,0,0.11754818903020342,quantile@0.22,WN2433,N296WN,WN,AUS,ATL,2026-05-07T13:50:00,2026-05-07T15:36:00,SWA2433-1777961333-airline-779p,B737 
EDV5111-1777928471-fa-2031p,2026-05-07T15:31:52.632579+00:00,0.01615508885298869,0,0.11754818903020342,quantile@0.22,9E5111,N924XJ,9E,ATL,TRI,2026-05-07T15:52:00,2026-05-07T16:27:00,EDV5309-1777928470-fa-1198p,CRJ9 
UAL1396-1777939400-fa-757p,2026-05-07T15:34:00,0.16033946618294892,0,0.23455243167045187,replay_quantile@0.22,UA1396,N18220,UA,ATL,ORD,2026-05-07T17:34:00,2026-05-07T19:37:00,UAL1486-1777904806-fa-587p,B738 
JIA5605-1777960296-airline-1373p,2026-05-07T15:34:00,0.09016480407412646,0,0.23455243167045187,replay_quantile@0.22,OH5605,N595NN,OH,ATL,CLT,2026-05-07T17:34:00,2026-05-07T18:09:00,JIA5326-1777963926-airline-1552p,CRJ9 
SWA250-1777961333-airline-864p,2026-05-07T15:35:00,0.21077547339945898,0,0.23455243167045187,replay_quantile@0.22,WN250,N207WN,WN,ATL,MCI,2026-05-07T17:35:00,2026-05-07T19:27:00,SWA4427-1777959727-airline-936p,B737 
EDV5178-1777918453-fa-2093p,2026-05-07T15:35:00,0.05650722331429998,0,0.23455243167045187,replay_quantile@0.22,9E5178,N923XJ,9E,ATL,HSV,2026-05-07T17:35:00,2026-05-07T18:12:00,EDV5039-1777914147-fa-1837p,CRJ9 
DAL1084-1777954524-fa-665p,2026-05-07T15:36:00,0.19514215942787372,0,0.23455243167045187,replay_quantile@0.22,DL1084,N366NW,DL,ATL,SAT,2026-05-07T17:36:00,2026-05-07T19:45:00,DAL1324-1777954503-fa-362p,A320 
DAL1681-1777955140-fa-1706p,2026-05-07T15:36:00,0.06654470615138347,0,0.23455243167045187,replay_quantile@0.22,DL1681,N717JL,DL,ATL,MEM,2026-05-07T17:36:00,2026-05-07T18:35:00,DAL2754-1777955138-fa-693p,B712 
EDV4663-1777921545-fa-1707p,2026-05-07T15:37:00,0.05650722331429998,0,0.23455243167045187,replay_quantile@0.22,9E4663,N310PQ,9E,ATL,CRW,2026-05-07T17:37:00,2026-05-07T18:29:00,EDV4757-1777921543-fa-698p,CRJ9 
DAL2545-1777954942-fa-1016p,2026-05-07T15:39:00,0.11086816081101228,0,0.23455243167045187,replay_quantile@0.22,DL2545,N957DZ,DL,ATL,CLE,2026-05-07T17:39:00,2026-05-07T18:53:00,DAL1592-1777954942-fa-1017p,B739 
JIA5168-1777958659-airline-1187p,2026-05-07T15:39:00,0.10675192370217838,0,0.23455243167045187,replay_quantile@0.22,OH5168,N557NN,OH,ATL,PHL,2026-05-07T17:39:00,2026-05-07T19:10:00,JIA5168-1777963926-airline-1375p,CRJ9 
DAL460-1777954322-fa-683p,2026-05-07T15:40:00,0.18666021986970685,0,0.23455243167045187,replay_quantile@0.22,DL460,N380DN,DL,ATL,LGA,2026-05-07T17:40:00,2026-05-07T19:34:00,DAL989-1777954299-fa-40p,A321 
DAL2990-1777955088-fa-149p,2026-05-07T15:44:00,0.16863248861380356,0,0.23455243167045187,replay_quantile@0.22,DL2990,N819DX,DL,ATL,JAX,2026-05-07T17:44:00,2026-05-07T18:27:00,DAL2856-1777955087-fa-863p,B752 
EDV5466-1777916935-fa-2145p,2026-05-07T15:44:00,0.0713429735559639,0,0.23455243167045187,replay_quantile@0.22,9E5466,N901XJ,9E,ATL,FAY,2026-05-07T17:44:00,2026-05-07T18:32:00,EDV4930-1777907749-fa-1001p,CRJ9 
DAL3169-1777954869-fa-1320p,2026-05-07T15:45:00,0.10165879973027646,0,0.23455243167045187,replay_quantile@0.22,DL3169,N902DN,DL,ATL,CVG,2026-05-07T17:45:00,2026-05-07T18:43:00,DAL1688-1777954869-fa-1315p,B739 
EDV5308-1777939326-fa-670p,2026-05-07T15:45:00,0.0746744847805467,0,0.23455243167045187,replay_quantile@0.22,9E5308,N371CA,9E,ATL,LFT,2026-05-07T17:45:00,2026-05-07T19:11:00,EDV5372-1777956924-airline-844p,CRJ7 
DAL1372-1777955046-fa-3798p,2026-05-07T15:50:00,0.3938996220075599,1,0.23455243167045187,replay_quantile@0.22,DL1372,N551NW,DL,ATL,MCO,2026-05-07T17:50:00,2026-05-07T18:53:00,DAL918-1777955046-fa-3797p,B752 
DAL2496-1777954709-fa-794p,2026-05-07T15:50:00,0.08899350310947436,0,0.23455243167045187,replay_quantile@0.22,DL2496,N3751B,DL,ATL,TYS,2026-05-07T17:50:00,2026-05-07T18:19:00,DAL590-1777954709-fa-51p,B738 
DAL530-1777954299-fa-38p,2026-05-07T15:54:00,0.20846394984326025,0,0.23455243167045187,replay_quantile@0.22,DL530,N119DN,DL,ATL,DEN,2026-05-07T17:54:00,2026-05-07T20:59:00,DAL9968-1777867799-fa-2114p,A321 
EDV5164-1777931325-fa-1443p,2026-05-07T15:54:00,0.09789156626506024,0,0.23455243167045187,replay_quantile@0.22,9E5164,N279PQ,9E,ATL,AVL,2026-05-07T17:54:00,2026-05-07T18:54:00,EDV4940-1777961956-airline-503p,CRJ9 
DAL3133-1777955149-fa-1046p,2026-05-07T15:55:00,0.08098137900990834,0,0.23455243167045187,replay_quantile@0.22,DL3133,N979AT,DL,ATL,GNV,2026-05-07T17:55:00,2026-05-07T18:40:00,DAL1286-1777955143-fa-1174p,B712 
DAL1550-1777955076-fa-271p,2026-05-07T15:56:00,0.12616630588937827,0,0.23455243167045187,replay_quantile@0.22,DL1550,N6713Y,DL,ATL,RDU,2026-05-07T17:56:00,2026-05-07T19:06:00,DAL1213-1777953980-fa-642p,B752 
DAL777-1777954569-fa-741p,2026-05-07T16:07:00,0.0872515462679397,0,0.23455243167045187,replay_quantile@0.22,DL777,N817NW,DL,LAS,ATL,2026-05-07T18:07:00,2026-05-07T21:16:00,DAL777-1777954568-fa-1648p,A333 
SKW3805-1777947476-fa-2558p,2026-05-07T16:09:00,0.0746744847805467,0,0.23455243167045187,replay_quantile@0.22,OO3805,N304SY,OO,ATL,OAJ,2026-05-07T18:09:00,2026-05-07T19:01:00,SKW3758-1777916554-fa-967p,E75L 
DAL528-1777954320-fa-629p,2026-05-07T16:15:00,0.14021052631578948,0,0.23455243167045187,replay_quantile@0.22,DL528,N108DN,DL,LAX,ATL,2026-05-07T18:15:00,2026-05-07T21:54:00,DAL898-1777954320-fa-507p,A321 
DAL1872-1777954707-fa-63p,2026-05-07T16:15:00,0.1172872010903234,0,0.23455243167045187,replay_quantile@0.22,DL1872,N849DN,DL,PLS,ATL,2026-05-07T18:15:00,2026-05-07T20:45:00,,B739 
FFT124-1777963115-airline-1316p,2026-05-07T16:26:00,0.4755980861244019,1,0.23455243167045187,replay_quantile@0.22,F9124,N369FR,F9,MBJ,ATL,2026-05-07T18:26:00,2026-05-07T20:55:00,FFT125-1777963115-airline-1319p,A20N 
DAL539-1777954860-fa-1365p,2026-05-07T16:26:00,0.05421656561607456,0,0.23455243167045187,replay_quantile@0.22,DL539,N896DN,DL,PDX,ATL,2026-05-07T18:26:00,2026-05-07T22:23:00,DAL539-1777954860-fa-1364p,B739 
DAL554-1777955065-fa-1791p,2026-05-07T16:40:00,0.203078123124925,0,0.23455243167045187,replay_quantile@0.22,DL554,N588NW,DL,SEA,ATL,2026-05-07T18:40:00,2026-05-07T22:43:00,DAL444-1777955064-fa-1084p,B753 
DAL1805-1777954892-fa-953p,2026-05-07T16:45:00,0.08098137900990834,0,0.23455243167045187,replay_quantile@0.22,DL1805,N801DZ,DL,SAP,ATL,2026-05-07T18:45:00,2026-05-07T21:14:00,DAL1782-1777954892-fa-950p,B739 
EDV5468-1777937765-fa-115p,2026-05-07T16:52:00,0.02076670681563317,0,0.23455243167045187,replay_quantile@0.22,9E5468,N302PQ,9E,EVV,ATL,2026-05-07T18:52:00,2026-05-07T19:45:00,EDV5182-1777343530-fa-472p,CRJ9 
AAL2737-1777959569-airline-1366p,2026-05-07T16:55:00,0.1467644845748683,0,0.23455243167045187,replay_quantile@0.22,AA2737,N763US,AA,ORD,ATL,2026-05-07T18:55:00,2026-05-07T20:34:00,AAL439-1777958754-airline-933p,A319 
DAL597-1777954168-fa-195p,2026-05-07T16:55:00,0.08098137900990834,0,0.23455243167045187,replay_quantile@0.22,DL597,N328DN,DL,CUN,ATL,2026-05-07T18:55:00,2026-05-07T21:05:00,DAL598-1777954168-fa-596p,A321 
DAL1882-1777954019-fa-1128p,2026-05-07T16:58:00,0.06233204725946158,0,0.23455243167045187,replay_quantile@0.22,DL1882,N122DN,DL,SJU,ATL,2026-05-07T18:58:00,2026-05-07T22:27:00,DAL1882-1777954020-fa-727p,A321 
DAL1803-1777954335-fa-1282p,2026-05-07T16:59:00,0.08899350310947436,0,0.23455243167045187,replay_quantile@0.22,DL1803,N393DN,DL,SDQ,ATL,2026-05-07T18:59:00,2026-05-07T22:08:00,DAL1958-1777954335-fa-1284p,A321 
DAL1919-1777954080-fa-814p,2026-05-07T17:00:00,0.0872515462679397,0,0.23455243167045187,replay_quantile@0.22,DL1919,N362DN,DL,PUJ,ATL,2026-05-07T19:00:00,2026-05-07T22:24:00,DAL1796-1777954080-fa-817p,A321 
FFT3014-1777960821-airline-945p,2026-05-07T17:04:00,0.7163088681578059,1,0.23455243167045187,replay_quantile@0.22,F93014,N351FR,F9,ATL,FLL,2026-05-07T19:04:00,2026-05-07T20:53:00,FFT3216-1777877850-airline-1174p,A20N 
DAL3031-1777955144-fa-926p,2026-05-07T17:08:00,0.063874838254323,0,0.23455243167045187,replay_quantile@0.22,DL3031,N961AT,DL,ATL,CLT,2026-05-07T19:08:00,2026-05-07T19:44:00,DAL1248-1777955144-fa-925p,B712 
DAL945-1777953963-fa-1542p,2026-05-07T17:10:00,0.23455243167045187,1,0.23455243167045187,replay_quantile@0.22,DL945,N659DL,DL,LAS,ATL,2026-05-07T19:10:00,2026-05-07T22:38:00,DAL945-1777953963-fa-1539p,B752 
DAL1804-1777954831-fa-751p,2026-05-07T17:10:00,0.09471272171772895,0,0.23455243167045187,replay_quantile@0.22,DL1804,N824DN,DL,GDL,ATL,2026-05-07T19:10:00,2026-05-07T22:03:00,DAL1992-1777954831-fa-752p,B739 
DAL638-1777954130-fa-490p,2026-05-07T17:10:00,0.08899350310947436,0,0.23455243167045187,replay_quantile@0.22,DL638,N333DX,DL,BOS,ATL,2026-05-07T19:10:00,2026-05-07T21:37:00,DAL862-1777954136-fa-170p,A321 
DAL1902-1777955053-fa-155p,2026-05-07T17:11:00,0.1523089517022199,0,0.23455243167045187,replay_quantile@0.22,DL1902,N689DL,DL,STT,ATL,2026-05-07T19:11:00,2026-05-07T22:53:00,DAL1902-1777955052-fa-1008p,B752 
DAL1831-1777955083-fa-17p,2026-05-07T17:11:00,0.09789156626506024,0,0.23455243167045187,replay_quantile@0.22,DL1831,N6705Y,DL,GUA,ATL,2026-05-07T19:11:00,2026-05-07T22:08:00,DAL1830-1777955081-fa-1531p,B752 
DAL446-1777953995-fa-647p,2026-05-07T17:20:00,0.1305571690273,0,0.23455243167045187,replay_quantile@0.22,DL446,N385DZ,DL,LAX,ATL,2026-05-07T19:20:00,2026-05-07T23:01:00,DAL827-1777953998-fa-386p,A321 
DAL809-1777954818-fa-936p,2026-05-07T17:22:00,0.05946357494627077,0,0.23455243167045187,replay_quantile@0.22,DL809,N854DN,DL,SJC,ATL,2026-05-07T19:22:00,2026-05-07T23:23:00,DAL809-1777954818-fa-360p,B739 
DAL985-1777954645-fa-2347p,2026-05-07T17:23:00,0.09471272171772895,0,0.23455243167045187,replay_quantile@0.22,DL985,N376DA,DL,CTG,ATL,2026-05-07T19:23:00,2026-05-07T23:14:00,DAL1717-1777954445-fa-462p,B738 
DAL1758-1777954758-fa-1882p,2026-05-07T17:25:00,0.08899350310947436,0,0.23455243167045187,replay_quantile@0.22,DL1758,N864DN,DL,PTY,ATL,2026-05-07T19:25:00,2026-05-07T23:02:00,DAL1759-1777954758-fa-1884p,B739 
DAL904-1777954783-fa-564p,2026-05-07T17:25:00,0.08003691700113763,0,0.23455243167045187,replay_quantile@0.22,DL904,N828DN,DL,SMF,ATL,2026-05-07T19:25:00,2026-05-07T23:16:00,DAL904-1777954782-fa-468p,B739 
DAL1873-1777953968-fa-739p,2026-05-07T17:30:00,0.10855020416195209,0,0.23455243167045187,replay_quantile@0.22,DL1873,N6704Z,DL,SXM,ATL,2026-05-07T19:30:00,2026-05-07T23:20:00,DAL1894-1777953968-fa-737p,B752 
DAL587-1777954675-fa-794p,2026-05-07T17:30:00,0.08899350310947436,0,0.23455243167045187,replay_quantile@0.22,DL587,N372DA,DL,MEX,ATL,2026-05-07T19:30:00,2026-05-07T22:23:00,DAL588-1777954676-fa-305p,B738 
DAL1800-1777954885-fa-4578p,2026-05-07T17:31:00,0.0872515462679397,0,0.23455243167045187,replay_quantile@0.22,DL1800,N870DN,DL,MBJ,ATL,2026-05-07T19:31:00,2026-05-07T22:03:00,DAL1801-1777954885-fa-4576p,B739 
FFT3046-1777960821-airline-953p,2026-05-07T17:32:00,0.6703719538264212,1,0.23455243167045187,replay_quantile@0.22,F93046,N338FR,F9,MSP,ATL,2026-05-07T19:32:00,2026-05-07T21:18:00,FFT3045-1777960821-airline-952p,A20N 
DAL329-1777955095-fa-857p,2026-05-07T17:35:00,0.1523089517022199,0,0.23455243167045187,replay_quantile@0.22,DL329,N711ZX,DL,SNA,ATL,2026-05-07T19:35:00,2026-05-07T23:15:00,DAL403-1777955094-fa-3428p,B752 
DAL581-1777954318-fa-743p,2026-05-07T17:35:00,0.1286818671102847,0,0.23455243167045187,replay_quantile@0.22,DL581,N382DN,DL,AUA,ATL,2026-05-07T19:35:00,2026-05-07T23:21:00,DAL582-1777954320-fa-505p,A321 
DAL1820-1777954819-fa-903p,2026-05-07T17:35:00,0.12506268806419255,0,0.23455243167045187,replay_quantile@0.22,DL1820,N823DN,DL,LIR,ATL,2026-05-07T19:35:00,2026-05-07T23:05:00,DAL1898-1777954821-fa-1013p,B739 
DAL1959-1777954484-fa-122p,2026-05-07T17:35:00,0.11086816081101228,0,0.23455243167045187,replay_quantile@0.22,DL1959,N349NW,DL,PLS,ATL,2026-05-07T19:35:00,2026-05-07T22:09:00,DAL1996-1777954480-fa-1128p,A320 
UAL356-1777939521-fa-2457p,2026-05-07T17:37:00,0.137732836615221,0,0.23455243167045187,replay_quantile@0.22,UA356,N17425,UA,ORD,ATL,2026-05-07T19:37:00,2026-05-07T21:06:00,UAL1410-1777939398-fa-1275p,B39M 
DAL787-1777954774-fa-2402p,2026-05-07T17:37:00,0.06375216611437083,0,0.23455243167045187,replay_quantile@0.22,DL787,N820DN,DL,GEG,ATL,2026-05-07T19:37:00,2026-05-07T23:19:00,DAL787-1777954774-fa-2403p,B739 
DAL2312-1777954865-fa-835p,2026-05-07T17:38:00,0.3726770929162834,1,0.23455243167045187,replay_quantile@0.22,DL2312,N899DN,DL,EWR,ATL,2026-05-07T19:38:00,2026-05-07T21:40:00,DAL2312-1777954863-fa-1069p,B739 
DAL1976-1777954853-fa-269p,2026-05-07T17:39:00,0.0747827136648962,0,0.23455243167045187,replay_quantile@0.22,DL1976,N821DN,DL,NAS,ATL,2026-05-07T19:39:00,2026-05-07T21:29:00,DAL1938-1777954853-fa-268p,B739 
DAL2094-1777955153-fa-983p,2026-05-07T17:43:00,0.028611464603857755,0,0.23455243167045187,replay_quantile@0.22,DL2094,N899AT,DL,DSM,ATL,2026-05-07T19:43:00,2026-05-07T21:13:00,DAL2094-1777955154-fa-5p,B712 
FFT24-1777963115-airline-1263p,2026-05-07T17:45:00,0.4056037358238826,1,0.23455243167045187,replay_quantile@0.22,F924,N609FR,F9,PUJ,ATL,2026-05-07T19:45:00,2026-05-07T23:13:00,FFT25-1777963115-airline-1264p,A21N 
DAL1848-1777954183-fa-1037p,2026-05-07T17:45:00,0.09016480407412646,0,0.23455243167045187,replay_quantile@0.22,DL1848,N334DN,DL,SJD,ATL,2026-05-07T19:45:00,2026-05-07T22:54:00,DAL1815-1777954183-fa-420p,A321 
DAL906-1777955020-fa-1637p,2026-05-07T17:47:00,0.08899350310947436,0,0.23455243167045187,replay_quantile@0.22,DL906,N584DN,DL,SLC,ATL,2026-05-07T19:47:00,2026-05-07T22:45:00,DAL387-1777955020-fa-1636p,A21N 
JBU220-1777961863-airline-249p,2026-05-07T17:51:00,0.4809129871424299,1,0.23455243167045187,replay_quantile@0.22,B6220,N706JB,B6,JFK,ATL,2026-05-07T19:51:00,2026-05-07T21:58:00,JBU284-1777959823-airline-1621p,A320 
DAL924-1777955071-fa-294p,2026-05-07T17:51:00,0.17757594738490443,0,0.23455243167045187,replay_quantile@0.22,DL924,N592NW,DL,SAN,ATL,2026-05-07T19:51:00,2026-05-07T23:29:00,DAL924-1777955071-fa-291p,B753 
DAL1816-1777954841-fa-1003p,2026-05-07T17:51:00,0.07233496018494733,0,0.23455243167045187,replay_quantile@0.22,DL1816,N883DN,DL,PVR,ATL,2026-05-07T19:51:00,2026-05-07T22:50:00,DAL1941-1777954841-fa-1002p,B739 
EDV5263-1777960231-airline-120p,2026-05-07T17:51:00,0.042102979369667747,0,0.23455243167045187,replay_quantile@0.22,9E5263,N292PQ,9E,AGS,ATL,2026-05-07T19:51:00,2026-05-07T20:33:00,,CRJ9 
DAL1002-1777954824-fa-791p,2026-05-07T17:57:00,0.17757594738490443,0,0.23455243167045187,replay_quantile@0.22,DL1002,N917DU,DL,ELP,ATL,2026-05-07T19:57:00,2026-05-07T22:17:00,DAL1002-1777954824-fa-229p,B739 
DAL2104-1777954261-fa-418p,2026-05-07T17:58:00,0.12616630588937827,0,0.23455243167045187,replay_quantile@0.22,DL2104,N341DN,DL,AUS,ATL,2026-05-07T19:58:00,2026-05-07T21:35:00,DAL2104-1777954259-fa-808p,A321 
DAL706-1777954291-fa-562p,2026-05-07T18:00:00,0.10165879973027646,0,0.23455243167045187,replay_quantile@0.22,DL706,N114DN,DL,DEN,ATL,2026-05-07T20:00:00,2026-05-07T22:13:00,DAL706-1777954289-fa-1753p,A321 
DAL1978-1777954771-fa-888p,2026-05-07T18:01:00,0.0872515462679397,0,0.23455243167045187,replay_quantile@0.22,DL1978,N872DN,DL,SAL,ATL,2026-05-07T20:01:00,2026-05-07T23:07:00,DAL1910-1777954771-fa-885p,B739 
DAL1047-1777954799-fa-362p,2026-05-07T18:05:00,0.13837174940898342,0,0.23455243167045187,replay_quantile@0.22,DL1047,N842DN,DL,JFK,ATL,2026-05-07T20:05:00,2026-05-07T22:10:00,DAL1578-1777954799-fa-363p,B739 
DAL201-1777954630-fa-540p,2026-05-07T18:05:00,0.10855020416195209,0,0.23455243167045187,replay_quantile@0.22,DL201,N521DN,DL,JNB,ATL,2026-05-07T20:05:00,2026-05-08T12:27:00,DAL200-1777868128-fa-59p,A359 
SWA279-1777957840-airline-1365p,2026-05-07T18:05:00,0.0872515462679397,0,0.23455243167045187,replay_quantile@0.22,WN279,N8531Q,WN,AUS,ATL,2026-05-07T20:05:00,2026-05-07T21:39:00,SWA4221-1777959727-airline-800p,B738 
DAL2427-1777954883-fa-1004p,2026-05-07T18:05:00,0.03580259633216567,0,0.23455243167045187,replay_quantile@0.22,DL2427,N839DN,DL,COS,ATL,2026-05-07T20:05:00,2026-05-07T22:16:00,DAL2427-1777954883-fa-1003p,B739 
RPA4582-1777958754-airline-1531p,2026-05-07T18:06:00,0.0872515462679397,0,0.23455243167045187,replay_quantile@0.22,YX4582,N435YX,YX,LGA,ATL,2026-05-07T20:06:00,2026-05-07T22:25:00,RPA4407-1777958754-airline-954p,E75L 
DAL969-1777954025-fa-239p,2026-05-07T18:10:00,0.12616630588937827,0,0.23455243167045187,replay_quantile@0.22,DL969,N120DN,DL,LGA,ATL,2026-05-07T20:10:00,2026-05-07T22:14:00,DAL525-1777954027-fa-1357p,A321 
DAL360-1777954504-fa-1271p,2026-05-07T18:10:00,0.10966116696548124,0,0.23455243167045187,replay_quantile@0.22,DL360,N360NW,DL,DCA,ATL,2026-05-07T20:10:00,2026-05-07T21:43:00,DAL360-1777954504-fa-625p,A320 
DAL1836-1777954111-fa-461p,2026-05-07T18:10:00,0.09471272171772895,0,0.23455243167045187,replay_quantile@0.22,DL1836,N364DX,DL,PUJ,ATL,2026-05-07T20:10:00,2026-05-07T23:35:00,DAL1916-1777954115-fa-1102p,A321 
UAL1848-1777939520-fa-1118p,2026-05-07T18:12:00,0.330330974336979,1,0.23455243167045187,replay_quantile@0.22,UA1848,N820UA,UA,EWR,ATL,2026-05-07T20:12:00,2026-05-07T22:19:00,UAL556-1777917144-fa-2031p,A319 
DAL1962-1777954885-fa-4582p,2026-05-07T18:12:00,0.0772815092624162,0,0.23455243167045187,replay_quantile@0.22,DL1962,N921DU,DL,CUN,ATL,2026-05-07T20:12:00,2026-05-07T22:21:00,DAL592-1777954886-fa-1649p,B739 
JIA5026-1777958659-airline-1173p,2026-05-07T18:12:00,0.06375216611437083,0,0.23455243167045187,replay_quantile@0.22,OH5026,N631NN,OH,PHL,ATL,2026-05-07T20:12:00,2026-05-07T22:10:00,JIA5525-1777960296-airline-1286p,CRJ9 
FFT4473-1777960821-airline-1175p,2026-05-07T18:14:00,0.42103079954371053,1,0.23455243167045187,replay_quantile@0.22,F94473,N715FR,F9,ATL,STL,2026-05-07T20:14:00,2026-05-07T21:40:00,FFT1669-1777963115-airline-1415p,A321 
DAL1579-1777954192-fa-903p,2026-05-07T18:15:00,0.6434965414349654,1,0.23455243167045187,replay_quantile@0.22,DL1579,N338DN,DL,MIA,ATL,2026-05-07T20:15:00,2026-05-07T21:39:00,DAL1579-1777954191-fa-466p,A321 
DAL2131-1777954104-fa-907p,2026-05-07T18:16:00,0.09568441652075393,0,0.23455243167045187,replay_quantile@0.22,DL2131,N319DN,DL,PHL,ATL,2026-05-07T20:16:00,2026-05-07T22:05:00,DAL1186-1777954093-fa-210p,A321 
DAL2467-1777955131-fa-516p,2026-05-07T18:17:00,0.011462667818167545,0,0.23455243167045187,replay_quantile@0.22,DL2467,N946AT,DL,MYR,ATL,2026-05-07T20:17:00,2026-05-07T21:19:00,DAL2467-1777955130-fa-870p,B712 
DAL151-1777954556-fa-627p,2026-05-07T18:20:00,0.19514215942787372,0,0.23455243167045187,replay_quantile@0.22,DL151,N829NW,DL,ATL,LIM,2026-05-07T20:20:00,2026-05-08T03:24:00,DAL73-1777954556-fa-626p,A333 
SWA1472-1777961456-airline-1886p,2026-05-07T18:20:00,0.17757594738490443,0,0.23455243167045187,replay_quantile@0.22,WN1472,N249WN,WN,DAL,ATL,2026-05-07T20:20:00,2026-05-07T21:56:00,SWA1472-1777961456-airline-1888p,B737 
DAL3027-1777955138-fa-980p,2026-05-07T18:20:00,0.028611464603857755,0,0.23455243167045187,replay_quantile@0.22,DL3027,N967AT,DL,LIT,ATL,2026-05-07T20:20:00,2026-05-07T21:22:00,DAL3027-1777955139-fa-1035p,B712 
DAL2892-1777954464-fa-848p,2026-05-07T18:22:00,0.08899350310947436,0,0.23455243167045187,replay_quantile@0.22,DL2892,N372NW,DL,ATL,CMH,2026-05-07T20:22:00,2026-05-07T21:20:00,DAL1345-1777954551-fa-2055p,A320 
UPS2308-1778131556-sw-1334p,2026-05-07T18:25:00,0.1456462741179806,0,0.23455243167045187,replay_quantile@0.22,5X2308,N173UP,5X,DFW,ATL,2026-05-07T20:25:00,2026-05-07T21:54:00,UPS2307-1778107046-sw-398p,A306 
DAL1550-1777955076-fa-273p,2026-05-07T18:25:00,0.0522695476449557,0,0.23455243167045187,replay_quantile@0.22,DL1550,N6713Y,DL,RDU,ATL,2026-05-07T20:25:00,2026-05-07T21:31:00,DAL1550-1777955076-fa-271p,B752 
DAL436-1777954498-fa-991p,2026-05-07T18:29:00,0.6137059724349159,1,0.23455243167045187,replay_quantile@0.22,DL436,N343NW,DL,ATL,DFW,2026-05-07T20:29:00,2026-05-07T22:29:00,DAL775-1777954511-fa-1382p,A320 
EDV4993-1777935975-fa-1917p,2026-05-07T18:29:00,0.0872515462679397,0,0.23455243167045187,replay_quantile@0.22,9E4993,N929XJ,9E,ATL,VLD,2026-05-07T20:29:00,2026-05-07T21:09:00,EDV5352-1777918436-fa-2497p,CRJ9 
FFT1550-1777963115-airline-1395p,2026-05-07T18:30:00,0.6057268722466957,1,0.23455243167045187,replay_quantile@0.22,F91550,N645FR,F9,ATL,JAX,2026-05-07T20:30:00,2026-05-07T21:15:00,FFT3600-1777960821-airline-1065p,A21N 
DAL2545-1777954942-fa-176p,2026-05-07T18:30:00,0.06375216611437083,0,0.23455243167045187,replay_quantile@0.22,DL2545,N957DZ,DL,CLE,ATL,2026-05-07T20:30:00,2026-05-07T21:59:00,DAL2545-1777954942-fa-1016p,B739 
FFT152-1777961985-airline-715p,2026-05-07T18:32:00,0.448126105838829,1,0.23455243167045187,replay_quantile@0.22,F9152,N635FR,F9,CUN,ATL,2026-05-07T20:32:00,2026-05-07T22:42:00,FFT153-1777961985-airline-716p,A21N 
DAL976-1777955153-fa-975p,2026-05-07T18:32:00,0.08098137900990834,0,0.23455243167045187,replay_quantile@0.22,DL976,N896AT,DL,SGF,ATL,2026-05-07T20:32:00,2026-05-07T21:43:00,DAL976-1777955153-fa-973p,B712 
DAL937-1777954819-fa-902p,2026-05-07T18:35:00,0.06375216611437083,0,0.23455243167045187,replay_quantile@0.22,DL937,N855DN,DL,TUS,ATL,2026-05-07T20:35:00,2026-05-07T23:28:00,DAL937-1777954819-fa-901p,B739 
DAL2322-1777954207-fa-1198p,2026-05-07T18:39:00,0.3073952224288371,1,0.23455243167045187,replay_quantile@0.22,DL2322,N322DN,DL,EWR,ATL,2026-05-07T20:39:00,2026-05-07T22:42:00,DAL2322-1777954207-fa-1197p,A321 
EDV5434-1777941756-fa-1137p,2026-05-07T18:39:00,0.10934441102038868,0,0.23455243167045187,replay_quantile@0.22,9E5434,N308PQ,9E,HPN,ATL,2026-05-07T20:39:00,2026-05-07T22:51:00,EDV4658-1777941757-fa-1471p,CRJ9 
DAL1328-1777954176-fa-381p,2026-05-07T18:40:00,0.5428122545168891,1,0.23455243167045187,replay_quantile@0.22,DL1328,N330DX,DL,ATL,MIA,2026-05-07T20:40:00,2026-05-07T22:13:00,DAL1099-1777954174-fa-985p,A321 
DAL518-1777954233-fa-1120p,2026-05-07T18:40:00,0.330330974336979,1,0.23455243167045187,replay_quantile@0.22,DL518,N356DN,DL,ATL,BOS,2026-05-07T20:40:00,2026-05-07T22:36:00,DAL1375-1777954236-fa-222p,A321 
DAL399-1777954229-fa-1042p,2026-05-07T18:40:00,0.1523089517022199,0,0.23455243167045187,replay_quantile@0.22,DL399,N354DN,DL,BOS,ATL,2026-05-07T20:40:00,2026-05-07T23:08:00,DAL350-1777954228-fa-1286p,A321 
DAL1467-1777954185-fa-2259p,2026-05-07T18:40:00,0.09016480407412646,0,0.23455243167045187,replay_quantile@0.22,DL1467,N336DX,DL,DTW,ATL,2026-05-07T20:40:00,2026-05-07T22:16:00,DAL2222-1777954185-fa-151p,A321 
EDV5377-1777956924-airline-665p,2026-05-07T18:40:00,0.08003691700113763,0,0.23455243167045187,replay_quantile@0.22,9E5377,N607LR,9E,ATL,DHN,2026-05-07T20:40:00,2026-05-07T21:23:00,EDV4953-1777961956-airline-308p,CRJ9 
DAL1613-1777954237-fa-848p,2026-05-07T18:42:00,0.3938996220075599,1,0.23455243167045187,replay_quantile@0.22,DL1613,N335DN,DL,FLL,ATL,2026-05-07T20:42:00,2026-05-07T22:05:00,DAL1294-1777954236-fa-960p,A321 
DAL519-1777954333-fa-1007p,2026-05-07T18:44:00,0.46543264942016055,1,0.23455243167045187,replay_quantile@0.22,DL519,N371DN,DL,ATL,DEN,2026-05-07T20:44:00,2026-05-07T23:39:00,DAL2235-1777954334-fa-1320p,A321 
JIA5049-1777958154-airline-769p,2026-05-07T18:44:00,0.1456462741179806,0,0.23455243167045187,replay_quantile@0.22,OH5049,N572NN,OH,ATL,CLT,2026-05-07T20:44:00,2026-05-07T21:39:00,JIA5049-1777958154-airline-790p,CRJ9 
FFT1003-1777963115-airline-1272p,2026-05-07T18:45:00,0.42103079954371053,1,0.23455243167045187,replay_quantile@0.22,F91003,N354FR,F9,PHL,ATL,2026-05-07T20:45:00,2026-05-07T22:49:00,FFT2538-1777963115-airline-1581p,A20N 
SWA1777-1777959632-airline-1183p,2026-05-07T18:45:00,0.35298295454545453,1,0.23455243167045187,replay_quantile@0.22,WN1777,N8875B,WN,DEN,ATL,2026-05-07T20:45:00,2026-05-07T23:08:00,SWA3782-1777959727-airline-415p,B38M 
DAL8843-1777953959-fa-913p,2026-05-07T18:45:00,0.08899350310947436,0,0.23455243167045187,replay_quantile@0.22,DL8843,N666DN,DL,PHL,ATL,2026-05-07T20:45:00,2026-05-07T22:35:00,DAL8935-1777953960-fa-1208p,B752 
AAL1810-1777966432-airline-1470p,2026-05-07T18:46:00,0.3938996220075599,1,0.23455243167045187,replay_quantile@0.22,AA1810,N145AN,AA,ATL,DFW,2026-05-07T20:46:00,2026-05-07T22:59:00,AAL1810-1777966432-airline-1471p,A321 
DAL1167-1777954136-fa-168p,2026-05-07T18:47:00,0.1305571690273,0,0.23455243167045187,replay_quantile@0.22,DL1167,N352DN,DL,TPA,ATL,2026-05-07T20:47:00,2026-05-07T21:50:00,DAL1167-1777954133-fa-1295p,A321 
DAL1036-1777954024-fa-975p,2026-05-07T18:47:00,0.05725833614011452,0,0.23455243167045187,replay_quantile@0.22,DL1036,N112DN,DL,MSP,ATL,2026-05-07T20:47:00,2026-05-07T22:41:00,DAL2901-1777954025-fa-1027p,A321 
FFT2050-1777963115-airline-1483p,2026-05-07T18:49:00,0.6236085343228202,1,0.23455243167045187,replay_quantile@0.22,F92050,N375FR,F9,ATL,MCO,2026-05-07T20:49:00,2026-05-07T21:54:00,FFT3975-1777960821-airline-1096p,A20N 
DAL1101-1777953981-fa-1203p,2026-05-07T18:49:00,0.10966116696548124,0,0.23455243167045187,replay_quantile@0.22,DL1101,N692DL,DL,ORF,ATL,2026-05-07T20:49:00,2026-05-07T22:21:00,DAL1101-1777953980-fa-392p,B752 
DAL3152-1777954221-fa-533p,2026-05-07T18:54:00,0.042102979369667747,0,0.23455243167045187,replay_quantile@0.22,DL3152,N388DN,DL,RIC,ATL,2026-05-07T20:54:00,2026-05-07T22:19:00,DAL3152-1777954223-fa-429p,A321 
SWA4529-1777958094-airline-125p,2026-05-07T18:55:00,0.20846394984326025,0,0.23455243167045187,replay_quantile@0.22,WN4529,N8812Q,WN,TPA,ATL,2026-05-07T20:55:00,2026-05-07T22:07:00,SWA2105-1777961332-airline-1122p,B38M 
DAL1353-1777954910-fa-1027p,2026-05-07T18:55:00,0.042102979369667747,0,0.23455243167045187,replay_quantile@0.22,DL1353,N962DZ,DL,PIT,ATL,2026-05-07T20:55:00,2026-05-07T22:13:00,DAL1353-1777954911-fa-948p,B739 
SKW3761-1777947953-fa-1392p,2026-05-07T18:56:00,0.063874838254323,0,0.23455243167045187,replay_quantile@0.22,OO3761,N244SY,OO,XNA,ATL,2026-05-07T20:56:00,2026-05-07T22:17:00,SKW3761-1777918359-fa-1688p,E75L 
DAL3081-1777955143-fa-1181p,2026-05-07T18:56:00,0.05038602194229989,0,0.23455243167045187,replay_quantile@0.22,DL3081,N893AT,DL,CLT,ATL,2026-05-07T20:56:00,2026-05-07T21:44:00,DAL1429-1777955143-fa-1183p,B712 
DAL2627-1777954205-fa-1937p,2026-05-07T18:57:00,0.2550037570872327,1,0.23455243167045187,replay_quantile@0.22,DL2627,N317DN,DL,ATL,JAX,2026-05-07T20:57:00,2026-05-07T21:38:00,DAL2886-1777954205-fa-1934p,A321 
EDV5030-1777956924-airline-765p,2026-05-07T18:58:00,0.042102979369667747,0,0.23455243167045187,replay_quantile@0.22,9E5030,N303PQ,9E,BTR,ATL,2026-05-07T20:58:00,2026-05-07T22:04:00,EDV5030-1777956924-airline-764p,CRJ9 
DAL3043-1777954407-fa-987p,2026-05-07T18:59:00,0.1697625664277705,0,0.23455243167045187,replay_quantile@0.22,DL3043,N336NB,DL,ATL,MLB,2026-05-07T20:59:00,2026-05-07T21:57:00,DAL2417-1777954406-fa-3293p,A319 
DAL1750-1777954733-fa-813p,2026-05-07T18:59:00,0.042102979369667747,0,0.23455243167045187,replay_quantile@0.22,DL1750,N3764D,DL,CMH,ATL,2026-05-07T20:59:00,2026-05-07T22:18:00,DAL1750-1777954734-fa-994p,B738 
DAL186-1777954058-fa-1017p,2026-05-07T19:00:00,0.2154495864860109,0,0.23455243167045187,replay_quantile@0.22,DL186,N842MH,DL,ATL,RAK,2026-05-07T21:00:00,2026-05-08T04:34:00,DAL33-1777954058-fa-895p,B764 
DAL2799-1777954863-fa-834p,2026-05-07T19:01:00,0.08899350310947436,0,0.23455243167045187,replay_quantile@0.22,DL2799,N898DN,DL,BWI,ATL,2026-05-07T21:01:00,2026-05-07T22:39:00,DAL2799-1777954862-fa-1149p,B739 
DAL838-1777954129-fa-388p,2026-05-07T19:02:00,0.1305571690273,0,0.23455243167045187,replay_quantile@0.22,DL838,N316DN,DL,PBI,ATL,2026-05-07T21:02:00,2026-05-07T22:19:00,DAL838-1777954125-fa-619p,A321 
DAL3063-1777955131-fa-2209p,2026-05-07T19:02:00,0.05038602194229989,0,0.23455243167045187,replay_quantile@0.22,DL3063,N991AT,DL,ATL,GPT,2026-05-07T21:02:00,2026-05-07T22:03:00,DAL3010-1777955131-fa-2210p,B712 
FFT1949-1777963115-airline-1463p,2026-05-07T19:05:00,0.4840569266798775,1,0.23455243167045187,replay_quantile@0.22,F91949,N671FR,F9,ATL,SFO,2026-05-07T21:05:00,2026-05-08T02:07:00,FFT4731-1777960821-airline-1209p,A21N 
DAL2902-1777954515-fa-948p,2026-05-07T19:05:00,0.23455243167045187,1,0.23455243167045187,replay_quantile@0.22,DL2902,N362NW,DL,ATL,IAD,2026-05-07T21:05:00,2026-05-07T22:10:00,DAL1195-1777954534-fa-4896p,A320 
DAL8963-1777954507-fa-837p,2026-05-07T19:05:00,0.08098137900990834,0,0.23455243167045187,replay_quantile@0.22,DL8963,N3763D,DL,YYZ,ATL,2026-05-07T21:05:00,2026-05-07T23:00:00,DAL8963-1777921829-fa-2008p,B738 
DAL1381-1777954930-fa-566p,2026-05-07T19:05:00,0.05019932083271814,0,0.23455243167045187,replay_quantile@0.22,DL1381,N947DZ,DL,CHS,ATL,2026-05-07T21:05:00,2026-05-07T21:53:00,DAL1381-1777954930-fa-565p,B739 
DAL2378-1777955002-fa-1215p,2026-05-07T19:09:00,0.6744702918950956,1,0.23455243167045187,replay_quantile@0.22,DL2378,N587DT,DL,ATL,JFK,2026-05-07T21:09:00,2026-05-07T22:46:00,DAL2342-1777955002-fa-1216p,A21N 
DAL1791-1777954804-fa-948p,2026-05-07T19:09:00,0.3938996220075599,1,0.23455243167045187,replay_quantile@0.22,DL1791,N845DN,DL,ATL,SJU,2026-05-07T21:09:00,2026-05-08T00:12:00,DAL1965-1777954805-fa-624p,B739 
DAL745-1777954165-fa-2098p,2026-05-07T19:09:00,0.19514215942787372,0,0.23455243167045187,replay_quantile@0.22,DL745,N327DN,DL,ATL,ONT,2026-05-07T21:09:00,2026-05-08T01:21:00,DAL2401-1777954165-fa-1042p,A321 
SKW3856-1777948154-fa-1389p,2026-05-07T19:09:00,0.10855020416195209,0,0.23455243167045187,replay_quantile@0.22,OO3856,N299SY,OO,ATL,FAY,2026-05-07T21:09:00,2026-05-07T21:59:00,SKW3690-1777948154-fa-1390p,E75L 
DAL2211-1777955150-fa-1504p,2026-05-07T19:09:00,0.08098137900990834,0,0.23455243167045187,replay_quantile@0.22,DL2211,N927AT,DL,ATL,PNS,2026-05-07T21:09:00,2026-05-07T21:56:00,DAL1420-1777955150-fa-1502p,B712 
SWA1445-1777961456-airline-1855p,2026-05-07T19:10:00,0.5418107986163331,1,0.23455243167045187,replay_quantile@0.22,WN1445,N8988S,WN,BWI,ATL,2026-05-07T21:10:00,2026-05-07T22:57:00,SWA172-1777959632-airline-1108p,B38M 
DAL836-1777955054-fa-1101p,2026-05-07T19:10:00,0.45117200396170354,1,0.23455243167045187,replay_quantile@0.22,DL836,N6701,DL,ATL,PHX,2026-05-07T21:10:00,2026-05-08T00:57:00,DAL1030-1777955054-fa-1100p,B752 
DAL997-1777954000-fa-205p,2026-05-07T19:10:00,0.3773768462014681,1,0.23455243167045187,replay_quantile@0.22,DL997,N104DN,DL,ATL,LGA,2026-05-07T21:10:00,2026-05-07T22:36:00,DAL9976-1777924322-fa-375p,A321 
SWA3362-1777968872-airline-1633p,2026-05-07T19:10:00,0.3014599803797104,1,0.23455243167045187,replay_quantile@0.22,WN3362,N8718Q,WN,MDW,ATL,2026-05-07T21:10:00,2026-05-07T22:39:00,SWA404-1777959727-airline-665p,B38M 
DAL1306-1777954420-fa-1111p,2026-05-07T19:10:00,0.22132990684227433,0,0.23455243167045187,replay_quantile@0.22,DL1306,N346NB,DL,ATL,CLT,2026-05-07T21:10:00,2026-05-07T21:46:00,DAL2147-1777954419-fa-827p,A319 
DAL30-1777954072-fa-654p,2026-05-07T19:10:00,0.2185076223589195,0,0.23455243167045187,replay_quantile@0.22,DL30,N840MH,DL,ATL,LHR,2026-05-07T21:10:00,2026-05-08T04:24:00,DAL25-1777954073-fa-767p,B764 
DAL72-1777954555-fa-967p,2026-05-07T19:10:00,0.2185076223589195,0,0.23455243167045187,replay_quantile@0.22,DL72,N801NW,DL,ATL,AMS,2026-05-07T21:10:00,2026-05-08T05:12:00,DAL177-1777954555-fa-966p,A333 
DAL968-1777954322-fa-685p,2026-05-07T19:10:00,0.17757594738490443,0,0.23455243167045187,replay_quantile@0.22,DL968,N380DN,DL,LGA,ATL,2026-05-07T21:10:00,2026-05-07T23:17:00,DAL460-1777954322-fa-683p,A321 
JZA8508-1777956732-airline-586p,2026-05-07T19:10:00,0.17164653528289892,0,0.23455243167045187,replay_quantile@0.22,QK8508,C-FEJC,QK,ATL,YYZ,2026-05-07T21:10:00,2026-05-07T22:57:00,JZA8503-1777956732-airline-584p,E75S 
DAL2009-1777954520-fa-877p,2026-05-07T19:10:00,0.13837174940898342,0,0.23455243167045187,replay_quantile@0.22,DL2009,N366NW,DL,SAT,ATL,2026-05-07T21:10:00,2026-05-07T23:02:00,DAL1084-1777954524-fa-665p,A320 
DAL2837-1777955148-fa-1013p,2026-05-07T19:10:00,0.1286818671102847,0,0.23455243167045187,replay_quantile@0.22,DL2837,N925AT,DL,ATL,TUL,2026-05-07T21:10:00,2026-05-07T22:54:00,DAL3060-1777955148-fa-1015p,B712 
DAL1124-1777954894-fa-821p,2026-05-07T19:11:00,0.26631118265506304,1,0.23455243167045187,replay_quantile@0.22,DL1124,N810DN,DL,ATL,RSW,2026-05-07T21:11:00,2026-05-07T22:25:00,DAL2925-1777954777-fa-894p,B739 
DAL2067-1777955100-fa-9p,2026-05-07T19:11:00,0.23455243167045187,1,0.23455243167045187,replay_quantile@0.22,DL2067,N706TW,DL,ATL,DTW,2026-05-07T21:11:00,2026-05-07T22:42:00,DAL1048-1777955100-fa-11p,B752 
SKW4033-1777945237-fa-510p,2026-05-07T19:11:00,0.09016480407412646,0,0.23455243167045187,replay_quantile@0.22,OO4033,N265SY,OO,SBN,ATL,2026-05-07T21:11:00,2026-05-07T22:50:00,SKW4033-1777945235-fa-3041p,E75L 
DAL3134-1777954951-fa-5478p,2026-05-07T19:11:00,0.04516412427122434,0,0.23455243167045187,replay_quantile@0.22,DL3134,N960DZ,DL,IND,ATL,2026-05-07T21:11:00,2026-05-07T22:18:00,DAL3134-1777954947-fa-325p,B739 
FFT2552-1777963115-airline-1588p,2026-05-07T19:12:00,0.8070086978444473,1,0.23455243167045187,replay_quantile@0.22,F92552,N625FR,F9,ATL,PHL,2026-05-07T21:12:00,2026-05-07T22:55:00,FFT1101-1777963115-airline-1293p,A21N 
DAL1348-1777954324-fa-330p,2026-05-07T19:13:00,0.2243580904051408,0,0.23455243167045187,replay_quantile@0.22,DL1348,N107DN,DL,ATL,RIC,2026-05-07T21:13:00,2026-05-07T22:11:00,DAL994-1777954015-fa-1439p,A321 
FFT3053-1777960821-airline-954p,2026-05-07T19:14:00,0.9554394789449926,1,0.23455243167045187,replay_quantile@0.22,F93053,N233FR,F9,TPA,ATL,2026-05-07T21:14:00,2026-05-07T22:10:00,FFT2912-1777960821-airline-934p,A320 
AAL1812-1777966432-airline-1475p,2026-05-07T19:14:00,0.4809129871424299,1,0.23455243167045187,replay_quantile@0.22,AA1812,N913AN,AA,DFW,ATL,2026-05-07T21:14:00,2026-05-07T22:53:00,AAL2448-1777965014-airline-1717p,B738 
DAL90-1777953941-fa-2778p,2026-05-07T19:15:00,0.2185076223589195,0,0.23455243167045187,replay_quantile@0.22,DL90,N180DN,DL,ATL,ZRH,2026-05-07T21:15:00,2026-05-08T05:35:00,DAL91-1777953942-fa-3455p,B763 
DAL3014-1777954641-fa-1653p,2026-05-07T19:15:00,0.06644576982549151,0,0.23455243167045187,replay_quantile@0.22,DL3014,N3757D,DL,SAV,ATL,2026-05-07T21:15:00,2026-05-07T21:55:00,DAL3014-1777954641-fa-555p,B738 
DAL2220-1777955153-fa-126p,2026-05-07T19:15:00,0.06635364989369241,0,0.23455243167045187,replay_quantile@0.22,DL2220,N923AT,DL,ATL,GNV,2026-05-07T21:15:00,2026-05-07T21:55:00,DAL2718-1777955152-fa-1086p,B712 
DAL3026-1777955138-fa-694p,2026-05-07T19:15:00,0.063874838254323,0,0.23455243167045187,replay_quantile@0.22,DL3026,N938AT,DL,ATL,HSV,2026-05-07T21:15:00,2026-05-07T21:49:00,DAL3127-1777955138-fa-978p,B712 
DAL3095-1777955149-fa-1043p,2026-05-07T19:15:00,0.01823881447705899,0,0.23455243167045187,replay_quantile@0.22,DL3095,N939AT,DL,GSP,ATL,2026-05-07T21:15:00,2026-05-07T21:59:00,DAL3095-1777955149-fa-1042p,B712 
DAL2182-1777955147-fa-27p,2026-05-07T19:18:00,0.011359133535860523,0,0.23455243167045187,replay_quantile@0.22,DL2182,N997AT,DL,HSV,ATL,2026-05-07T21:18:00,2026-05-07T21:54:00,DAL2182-1777955147-fa-25p,B712 
FFT4025-1777958344-airline-459p,2026-05-07T19:20:00,0.8986362711174435,1,0.23455243167045187,replay_quantile@0.22,F94025,N330FR,F9,MCO,ATL,2026-05-07T21:20:00,2026-05-07T22:17:00,FFT3762-1777958344-airline-231p,A20N 
SWA203-1777959632-airline-1450p,2026-05-07T19:20:00,0.30834430546412095,1,0.23455243167045187,replay_quantile@0.22,WN203,N265WN,WN,ATL,AUS,2026-05-07T21:20:00,2026-05-07T23:25:00,SWA3738-1777968872-airline-2013p,B737 
DAL222-1777954605-fa-592p,2026-05-07T19:20:00,0.2185076223589195,0,0.23455243167045187,replay_quantile@0.22,DL222,N434DX,DL,ATL,ATH,2026-05-07T21:20:00,2026-05-08T07:20:00,DAL110-1777868096-fa-1341p,A339 
DAL3109-1777954837-fa-1459p,2026-05-07T19:20:00,0.19514215942787372,0,0.23455243167045187,replay_quantile@0.22,DL3109,N920DU,DL,ATL,SRQ,2026-05-07T21:20:00,2026-05-07T22:20:00,DAL1102-1777954836-fa-635p,B739 
ACA1573-1777966566-airline-1264p,2026-05-07T19:20:00,0.0746744847805467,0,0.23455243167045187,replay_quantile@0.22,AC1573,C-GNBE,AC,YUL,ATL,2026-05-07T21:20:00,2026-05-07T23:50:00,ACA1005-1777966566-airline-1147p,BCS3 
AAL1045-1777962770-airline-1241p,2026-05-07T19:21:00,0.6977372989896117,1,0.23455243167045187,replay_quantile@0.22,AA1045,N836AW,AA,MIA,ATL,2026-05-07T21:21:00,2026-05-07T23:08:00,AAL1488-1777962770-airline-1714p,A319 
EDV5147-1777957963-airline-290p,2026-05-07T19:21:00,0.08098137900990834,0,0.23455243167045187,replay_quantile@0.22,9E5147,N903XJ,9E,ATL,AVL,2026-05-07T21:21:00,2026-05-07T21:59:00,EDV4650-1777922249-fa-665p,CRJ9 
DAL1700-1777955147-fa-10p,2026-05-07T19:21:00,0.03660663833132693,0,0.23455243167045187,replay_quantile@0.22,DL1700,N959AT,DL,MEM,ATL,2026-05-07T21:21:00,2026-05-07T22:08:00,DAL1700-1777955147-fa-7p,B712 
UAL2247-1777960140-airline-1215p,2026-05-07T19:22:00,0.6256370050960405,1,0.23455243167045187,replay_quantile@0.22,UA2247,N833UA,UA,ATL,EWR,2026-05-07T21:22:00,2026-05-07T23:01:00,UAL2345-1777939520-fa-1039p,A319 
DAL3122-1777954534-fa-885p,2026-05-07T19:22:00,0.24444198344361692,1,0.23455243167045187,replay_quantile@0.22,DL3122,N328NW,DL,ATL,PIT,2026-05-07T21:22:00,2026-05-07T22:31:00,DAL1682-1777954466-fa-617p,A320 
DAL3101-1777955147-fa-1230p,2026-05-07T19:23:00,0.0872515462679397,0,0.23455243167045187,replay_quantile@0.22,DL3101,N920AT,DL,AVL,ATL,2026-05-07T21:23:00,2026-05-07T21:58:00,DAL3101-1777955147-fa-1225p,B712 
DAL2878-1777955147-fa-1213p,2026-05-07T19:24:00,0.063874838254323,0,0.23455243167045187,replay_quantile@0.22,DL2878,N974AT,DL,ATL,TLH,2026-05-07T21:24:00,2026-05-07T21:59:00,DAL1055-1777955147-fa-1214p,B712 
EDV5389-1777933785-fa-542p,2026-05-07T19:24:00,0.03709898372041161,0,0.23455243167045187,replay_quantile@0.22,9E5389,N181GJ,9E,BMI,ATL,2026-05-07T21:24:00,2026-05-07T23:12:00,EDV5389-1777922260-fa-200p,CRJ9 
DAL1150-1777953963-fa-1537p,2026-05-07T19:25:00,0.7163088681578059,1,0.23455243167045187,replay_quantile@0.22,DL1150,N697DL,DL,MCO,ATL,2026-05-07T21:25:00,2026-05-07T22:28:00,DAL1150-1777953963-fa-1536p,B752 
DAL2879-1777954266-fa-524p,2026-05-07T19:25:00,0.5108397365532381,1,0.23455243167045187,replay_quantile@0.22,DL2879,N102DN,DL,ATL,ORD,2026-05-07T21:25:00,2026-05-07T23:15:00,DAL2710-1777954265-fa-204p,A321 
SWA857-1777958094-airline-547p,2026-05-07T19:25:00,0.45117200396170354,1,0.23455243167045187,replay_quantile@0.22,WN857,N8856S,WN,ATL,DAL,2026-05-07T21:25:00,2026-05-07T23:25:00,SWA2813-1777957840-airline-1386p,B38M 
DAL1346-1777955100-fa-721p,2026-05-07T19:25:00,0.28996138996139,1,0.23455243167045187,replay_quantile@0.22,DL1346,N820DX,DL,ATL,ORF,2026-05-07T21:25:00,2026-05-07T22:35:00,DAL3024-1777955100-fa-10p,B752 
DAL952-1777955137-fa-774p,2026-05-07T19:25:00,0.24444198344361692,1,0.23455243167045187,replay_quantile@0.22,DL952,N922AT,DL,ATL,SGF,2026-05-07T21:25:00,2026-05-07T22:53:00,DAL2620-1777955142-fa-2413p,B712 
DAL130-1777954063-fa-273p,2026-05-07T19:25:00,0.23455243167045187,1,0.23455243167045187,replay_quantile@0.22,DL130,N838MH,DL,ATL,MUC,2026-05-07T21:25:00,2026-05-08T05:58:00,DAL9961-1778086027-fa-1377p,B764 
DAL475-1777954281-fa-149p,2026-05-07T19:25:00,0.1467644845748683,0,0.23455243167045187,replay_quantile@0.22,DL475,N121DZ,DL,DEN,ATL,2026-05-07T21:25:00,2026-05-07T23:45:00,DAL1648-1777954285-fa-1622p,A321 
DAL2739-1777954828-fa-917p,2026-05-07T19:25:00,0.10934441102038868,0,0.23455243167045187,replay_quantile@0.22,DL2739,N807DN,DL,BDL,ATL,2026-05-07T21:25:00,2026-05-07T23:48:00,DAL2739-1777954828-fa-581p,B739 
DAL1393-1777954915-fa-943p,2026-05-07T19:26:00,0.1866118444781072,0,0.23455243167045187,replay_quantile@0.22,DL1393,N875DN,DL,ATL,STL,2026-05-07T21:26:00,2026-05-07T22:51:00,DAL3013-1777954950-fa-1373p,B739 
EDV5029-1777931326-fa-1526p,2026-05-07T19:26:00,0.042102979369667747,0,0.23455243167045187,replay_quantile@0.22,9E5029,N279PQ,9E,ATL,ROA,2026-05-07T21:26:00,2026-05-07T22:17:00,EDV4940-1777961956-airline-503p,CRJ9 
DAL508-1777954205-fa-1935p,2026-05-07T19:27:00,0.0746744847805467,0,0.23455243167045187,replay_quantile@0.22,DL508,N373DX,DL,PHL,ATL,2026-05-07T21:27:00,2026-05-07T23:18:00,DAL508-1777954205-fa-1933p,A321 
DAL585-1777954653-fa-387p,2026-05-07T19:28:00,0.19514215942787372,0,0.23455243167045187,replay_quantile@0.22,DL585,N381DN,DL,ATL,MEX,2026-05-07T21:28:00,2026-05-08T00:44:00,DAL1359-1777954652-fa-673p,B738 
DAL2152-1777954489-fa-333p,2026-05-07T19:28:00,0.04696156671356183,0,0.23455243167045187,replay_quantile@0.22,DL2152,N350NA,DL,MKE,ATL,2026-05-07T21:28:00,2026-05-07T22:56:00,DAL2152-1777954486-fa-4572p,A320 
AAL1855-1777966432-airline-1528p,2026-05-07T19:29:00,0.18666021986970685,0,0.23455243167045187,replay_quantile@0.22,AA1855,N810AW,AA,ORD,ATL,2026-05-07T21:29:00,2026-05-07T23:00:00,AAL3015-1777959569-airline-1718p,A319 
SWA258-1777961333-airline-951p,2026-05-07T19:30:00,0.3938996220075599,1,0.23455243167045187,replay_quantile@0.22,WN258,N459WN,WN,ATL,MDW,2026-05-07T21:30:00,2026-05-07T23:10:00,SWA799-1777958094-airline-499p,B737 
DAL1594-1777954181-fa-193p,2026-05-07T19:30:00,0.3371394230769231,1,0.23455243167045187,replay_quantile@0.22,DL1594,N331DN,DL,ATL,TPA,2026-05-07T21:30:00,2026-05-07T22:26:00,DAL1332-1777954178-fa-1236p,A321 
UAL2081-1777939520-fa-1121p,2026-05-07T19:30:00,0.3073952224288371,1,0.23455243167045187,replay_quantile@0.22,UA2081,N38451,UA,IAD,ATL,2026-05-07T21:30:00,2026-05-07T23:01:00,UAL2497-1777919837-fa-1698p,B739 
DAL3159-1777954775-fa-1353p,2026-05-07T19:31:00,0.28996138996139,1,0.23455243167045187,replay_quantile@0.22,DL3159,N930DZ,DL,ATL,BNA,2026-05-07T21:31:00,2026-05-07T22:21:00,DAL1963-1777954895-fa-857p,B739 
SKW3734-1777945193-fa-1681p,2026-05-07T19:31:00,0.13837174940898342,0,0.23455243167045187,replay_quantile@0.22,OO3734,N264SY,OO,ATL,OAJ,2026-05-07T21:31:00,2026-05-07T22:51:00,SKW3507-1777945195-fa-1703p,E75L 
FFT4405-1777958344-airline-480p,2026-05-07T19:32:00,0.6434965414349654,1,0.23455243167045187,replay_quantile@0.22,F94405,N370FR,F9,MIA,ATL,2026-05-07T21:32:00,2026-05-07T23:14:00,FFT2272-1777963115-airline-1513p,A20N 
DAL1868-1777955129-fa-1707p,2026-05-07T19:33:00,0.02568992001695005,0,0.23455243167045187,replay_quantile@0.22,DL1868,N944AT,DL,TLH,ATL,2026-05-07T21:33:00,2026-05-07T22:25:00,DAL1868-1777955129-fa-843p,B712 
FFT3022-1777958344-airline-380p,2026-05-07T19:34:00,0.8986362711174435,1,0.23455243167045187,replay_quantile@0.22,F93022,N708FR,F9,DFW,ATL,2026-05-07T21:34:00,2026-05-07T23:08:00,FFT4559-1777958344-airline-486p,A321 
DAL1097-1777954928-fa-1543p,2026-05-07T19:34:00,0.17452252415732888,0,0.23455243167045187,replay_quantile@0.22,DL1097,N948DZ,DL,ATL,RDU,2026-05-07T21:34:00,2026-05-07T22:31:00,DAL2026-1777954927-fa-1837p,B739 
FFT4409-1777960821-airline-1163p,2026-05-07T19:36:00,0.8839560981625355,1,0.23455243167045187,replay_quantile@0.22,F94409,N660FR,F9,IAD,ATL,2026-05-07T21:36:00,2026-05-07T22:59:00,FFT4410-1777960821-airline-1164p,A21N 
CMP891-1777963549-airline-500p,2026-05-07T19:36:00,0.2154495864860109,0,0.23455243167045187,replay_quantile@0.22,CM891,HP-1837CMP,CM,ATL,PTY,2026-05-07T21:36:00,2026-05-08T01:09:00,CMP880-1777963549-airline-495p,B38M 
DAL2890-1777954098-fa-1148p,2026-05-07T19:38:00,0.18666021986970685,0,0.23455243167045187,replay_quantile@0.22,DL2890,N838DN,DL,IAH,ATL,2026-05-07T21:38:00,2026-05-07T23:06:00,DAL2890-1777954100-fa-311p,B739 
DAL2193-1777955149-fa-1055p,2026-05-07T19:38:00,0.0997091815538014,0,0.23455243167045187,replay_quantile@0.22,DL2193,N926AT,DL,ATL,CAE,2026-05-07T21:38:00,2026-05-07T22:08:00,DAL1067-1777955149-fa-1053p,B712 
DAL1325-1777955133-fa-661p,2026-05-07T19:38:00,0.03264864864864865,0,0.23455243167045187,replay_quantile@0.22,DL1325,N970AT,DL,TUL,ATL,2026-05-07T21:38:00,2026-05-07T22:57:00,DAL1325-1777955133-fa-196p,B712 
DAL54-1777954579-fa-1760p,2026-05-07T19:40:00,0.23455243167045187,1,0.23455243167045187,replay_quantile@0.22,DL54,N857NW,DL,ATL,LOS,2026-05-07T21:40:00,2026-05-08T08:21:00,DAL15-1777954580-fa-1597p,A332 
SWA1936-1777959632-airline-1346p,2026-05-07T19:40:00,0.203078123124925,0,0.23455243167045187,replay_quantile@0.22,WN1936,N8317M,WN,STL,ATL,2026-05-07T21:40:00,2026-05-07T22:57:00,SWA3516-1777968872-airline-1784p,B738 
DAL653-1777954038-fa-2138p,2026-05-07T19:40:00,0.1523089517022199,0,0.23455243167045187,replay_quantile@0.22,DL653,N383DZ,DL,ATL,SLC,2026-05-07T21:40:00,2026-05-08T01:22:00,DAL346-1777954039-fa-409p,A321 
DAL2293-1777954781-fa-291p,2026-05-07T19:40:00,0.103515625,0,0.23455243167045187,replay_quantile@0.22,DL2293,N830DN,DL,JFK,ATL,2026-05-07T21:40:00,2026-05-08T00:03:00,DAL1575-1777954781-fa-290p,B739 
DAL1695-1777954361-fa-1163p,2026-05-07T19:41:00,0.18666021986970685,0,0.23455243167045187,replay_quantile@0.22,DL1695,N337NB,DL,IAD,ATL,2026-05-07T21:41:00,2026-05-07T23:10:00,DAL1695-1777954359-fa-1010p,A319 
DAL3132-1777954832-fa-841p,2026-05-07T19:42:00,0.23455243167045187,1,0.23455243167045187,replay_quantile@0.22,DL3132,N891DN,DL,ATL,MSY,2026-05-07T21:42:00,2026-05-07T22:51:00,DAL1004-1777954832-fa-840p,B739 
RPA3696-1777957045-airline-1012p,2026-05-07T19:42:00,0.1456462741179806,0,0.23455243167045187,replay_quantile@0.22,YX3696,N781YX,YX,ORD,ATL,2026-05-07T21:42:00,2026-05-07T23:04:00,RPA3686-1777957077-airline-1511p,E75L 
DAL3120-1777954731-fa-1201p,2026-05-07T19:43:00,0.18666021986970685,0,0.23455243167045187,replay_quantile@0.22,DL3120,N3734B,DL,ATL,IND,2026-05-07T21:43:00,2026-05-07T22:47:00,DAL576-1777954731-fa-971p,B738 
DAL192-1777954563-fa-772p,2026-05-07T19:45:00,0.2243580904051408,0,0.23455243167045187,replay_quantile@0.22,DL192,N811NW,DL,ATL,VCE,2026-05-07T21:45:00,2026-05-08T06:25:00,DAL195-1777954564-fa-1092p,A333 
DAL880-1777954947-fa-327p,2026-05-07T19:45:00,0.06654470615138347,0,0.23455243167045187,replay_quantile@0.22,DL880,N939DZ,DL,CLE,ATL,2026-05-07T21:45:00,2026-05-07T23:20:00,DAL880-1777954946-fa-233p,B739 
DAL1013-1777954788-fa-551p,2026-05-07T19:45:00,0.02574202688227773,0,0.23455243167045187,replay_quantile@0.22,DL1013,N911DQ,DL,PNS,ATL,2026-05-07T21:45:00,2026-05-07T22:37:00,DAL1013-1777954786-fa-1064p,B739 
FFT4036-1777960821-airline-1110p,2026-05-07T19:47:00,0.9536692046006804,1,0.23455243167045187,replay_quantile@0.22,F94036,N634FR,F9,ATL,CLE,2026-05-07T21:47:00,2026-05-07T23:02:00,FFT3409-1777960821-airline-1036p,A21N 
AAL2737-1777959569-airline-1365p,2026-05-07T19:48:00,0.8304524274763264,1,0.23455243167045187,replay_quantile@0.22,AA2737,N763US,AA,ATL,ORD,2026-05-07T21:48:00,2026-05-07T23:50:00,,A319 
DAL2720-1777954246-fa-2128p,2026-05-07T19:48:00,0.08899350310947436,0,0.23455243167045187,replay_quantile@0.22,DL2720,N349DX,DL,JAX,ATL,2026-05-07T21:48:00,2026-05-07T22:34:00,DAL2720-1777954246-fa-1489p,A321 
EDV5266-1777937769-fa-670p,2026-05-07T19:49:00,0.05946357494627077,0,0.23455243167045187,replay_quantile@0.22,9E5266,N316PQ,9E,CHO,ATL,2026-05-07T21:49:00,2026-05-07T23:08:00,EDV5266-1777937769-fa-672p,CRJ9 
DAL2035-1777954196-fa-694p,2026-05-07T19:50:00,0.6137059724349159,1,0.23455243167045187,replay_quantile@0.22,DL2035,N353DN,DL,ATL,MCO,2026-05-07T21:50:00,2026-05-07T22:47:00,DAL322-1777954106-fa-1451p,A321 
DAL1132-1777955140-fa-1709p,2026-05-07T19:50:00,0.1162886825208741,0,0.23455243167045187,replay_quantile@0.22,DL1132,N717JL,DL,ATL,BHM,2026-05-07T21:50:00,2026-05-07T22:23:00,DAL1681-1777955140-fa-1705p,B712 
SKW3930-1777945191-fa-1600p,2026-05-07T19:51:00,0.19439755646652196,0,0.23455243167045187,replay_quantile@0.22,OO3930,N309SY,OO,MOB,ATL,2026-05-07T21:51:00,2026-05-07T22:36:00,SKW3930-1777945189-fa-277p,E75L 
EDV5537-1777938157-fa-207p,2026-05-07T19:53:00,0.06635364989369241,0,0.23455243167045187,replay_quantile@0.22,9E5537,N138EV,9E,AGS,ATL,2026-05-07T21:53:00,2026-05-07T22:33:00,EDV5537-1777928482-fa-954p,CRJ9 
DAL711-1777954780-fa-1236p,2026-05-07T19:55:00,0.42767950052029136,1,0.23455243167045187,replay_quantile@0.22,DL711,N940DU,DL,ATL,LAS,2026-05-07T21:55:00,2026-05-08T01:51:00,DAL1082-1777954780-fa-1235p,B739 
DAL1670-1777954077-fa-678p,2026-05-07T19:55:00,0.42103079954371053,1,0.23455243167045187,replay_quantile@0.22,DL1670,N301DV,DL,ATL,FLL,2026-05-07T21:55:00,2026-05-07T23:12:00,DAL2279-1777954197-fa-735p,A321 
DAL712-1777954340-fa-853p,2026-05-07T19:55:00,0.2243580904051408,0,0.23455243167045187,replay_quantile@0.22,DL712,N372DN,DL,ATL,SAN,2026-05-07T21:55:00,2026-05-08T02:08:00,DAL988-1777954340-fa-519p,A321 
DAL3042-1777955137-fa-763p,2026-05-07T19:55:00,0.14021052631578948,0,0.23455243167045187,replay_quantile@0.22,DL3042,N930AT,DL,ATL,TYS,2026-05-07T21:55:00,2026-05-07T22:21:00,DAL2763-1777955137-fa-762p,B712 
DAL2831-1777954709-fa-53p,2026-05-07T19:55:00,0.10855020416195209,0,0.23455243167045187,replay_quantile@0.22,DL2831,N3751B,DL,ATL,SDF,2026-05-07T21:55:00,2026-05-07T22:49:00,DAL2496-1777954708-fa-942p,B738 
EDV5059-1777941127-fa-942p,2026-05-07T19:55:00,0.0872515462679397,0,0.23455243167045187,replay_quantile@0.22,9E5059,N133EV,9E,ATL,BTR,2026-05-07T21:55:00,2026-05-07T23:15:00,EDV5041-1777929780-fa-1778p,CRJ9 
DAL759-1777954202-fa-944p,2026-05-07T19:56:00,0.22132990684227433,0,0.23455243167045187,replay_quantile@0.22,DL759,N359DN,DL,TPA,ATL,2026-05-07T21:56:00,2026-05-07T23:01:00,DAL759-1777954202-fa-244p,A321 
DAL3119-1777954917-fa-3566p,2026-05-07T19:56:00,0.15638614996560415,0,0.23455243167045187,replay_quantile@0.22,DL3119,N942DZ,DL,ATL,CVG,2026-05-07T21:56:00,2026-05-07T22:55:00,DAL2867-1777954917-fa-3565p,B739 
DAL3017-1777955137-fa-766p,2026-05-07T19:56:00,0.09016480407412646,0,0.23455243167045187,replay_quantile@0.22,DL3017,N979AT,DL,ATL,GSO,2026-05-07T21:56:00,2026-05-07T22:41:00,DAL3133-1777955150-fa-162p,B712 
EDV5161-1777937856-fa-1491p,2026-05-07T19:56:00,0.08098137900990834,0,0.23455243167045187,replay_quantile@0.22,9E5161,N901XJ,9E,ATL,MGM,2026-05-07T21:56:00,2026-05-07T22:24:00,EDV5466-1777937855-fa-1994p,CRJ9 
DAL1126-1777955146-fa-694p,2026-05-07T19:57:00,0.02614068441064639,0,0.23455243167045187,replay_quantile@0.22,DL1126,N985AT,DL,SDF,ATL,2026-05-07T21:57:00,2026-05-07T22:53:00,DAL1126-1777955147-fa-4p,B712 
DAL3025-1777955133-fa-666p,2026-05-07T19:59:00,0.1172872010903234,0,0.23455243167045187,replay_quantile@0.22,DL3025,N981AT,DL,ATL,LIT,2026-05-07T21:59:00,2026-05-07T23:09:00,DAL1435-1777955147-fa-15p,B712 
SWA286-1777957840-airline-1416p,2026-05-07T20:00:00,0.4157848582285882,1,0.23455243167045187,replay_quantile@0.22,WN286,N8987Q,WN,ATL,TPA,2026-05-07T22:00:00,2026-05-07T23:08:00,SWA4144-1777959727-airline-739p,B38M 
DAL527-1777954914-fa-1344p,2026-05-07T20:00:00,0.23455243167045187,1,0.23455243167045187,replay_quantile@0.22,DL527,N938DZ,DL,ATL,SAV,2026-05-07T22:00:00,2026-05-07T22:31:00,DAL2200-1777954914-fa-1347p,B739 
DAL1093-1777955147-fa-14p,2026-05-07T20:00:00,0.2154495864860109,0,0.23455243167045187,replay_quantile@0.22,DL1093,N994AT,DL,ATL,MYR,2026-05-07T22:00:00,2026-05-07T22:48:00,DAL2823-1777955133-fa-675p,B712 
DAL2939-1777955150-fa-1518p,2026-05-07T20:00:00,0.16863248861380356,0,0.23455243167045187,replay_quantile@0.22,DL2939,N988AT,DL,ATL,MEM,2026-05-07T22:00:00,2026-05-07T22:59:00,DAL3096-1777955147-fa-24p,B712 
DAL3053-1777955134-fa-808p,2026-05-07T20:00:00,0.1470810266733769,0,0.23455243167045187,replay_quantile@0.22,DL3053,N919AT,DL,ATL,ECP,2026-05-07T22:00:00,2026-05-07T22:44:00,DAL3193-1777955134-fa-806p,B712 
DAL3179-1777955136-fa-1307p,2026-05-07T20:00:00,0.1470810266733769,0,0.23455243167045187,replay_quantile@0.22,DL3179,N954AT,DL,ATL,CHS,2026-05-07T22:00:00,2026-05-07T22:45:00,DAL3078-1777955150-fa-1514p,B712 
EDV5508-1777932593-fa-3951p,2026-05-07T20:00:00,0.06644576982549151,0,0.23455243167045187,replay_quantile@0.22,9E5508,N310PQ,9E,ATL,TRI,2026-05-07T22:00:00,2026-05-07T22:49:00,EDV4663-1777930794-fa-784p,CRJ9 
DAL3032-1777955137-fa-509p,2026-05-07T20:00:00,0.023617444171635686,0,0.23455243167045187,replay_quantile@0.22,DL3032,N960AT,DL,CAE,ATL,2026-05-07T22:00:00,2026-05-07T22:41:00,DAL3032-1777955136-fa-1330p,B712 
DAL1386-1777955055-fa-1058p,2026-05-07T20:01:00,0.45117200396170354,1,0.23455243167045187,replay_quantile@0.22,DL1386,N557NW,DL,MIA,ATL,2026-05-07T22:01:00,2026-05-07T23:42:00,DAL1386-1777955060-fa-1062p,B752 
DAL3115-1777954837-fa-1461p,2026-05-07T20:01:00,0.05258134490238612,0,0.23455243167045187,replay_quantile@0.22,DL3115,N935DZ,DL,SRQ,ATL,2026-05-07T22:01:00,2026-05-07T23:02:00,DAL3115-1777954835-fa-1819p,B739 
DAL2815-1777954406-fa-3292p,2026-05-07T20:03:00,0.18666021986970685,0,0.23455243167045187,replay_quantile@0.22,DL2815,N301NB,DL,ATL,EYW,2026-05-07T22:03:00,2026-05-07T23:27:00,DAL1774-1777954414-fa-1142p,A319 
DAL3094-1777955142-fa-2410p,2026-05-07T20:04:00,0.03580259633216567,0,0.23455243167045187,replay_quantile@0.22,DL3094,N982AT,DL,ECP,ATL,2026-05-07T22:04:00,2026-05-07T22:51:00,DAL3094-1777955142-fa-2407p,B712 
DAL14-1777954575-fa-308p,2026-05-07T20:05:00,0.2154495864860109,0,0.23455243167045187,replay_quantile@0.22,DL14,N803NW,DL,ATL,FRA,2026-05-07T22:05:00,2026-05-08T06:24:00,DAL193-1777954574-fa-263p,A333 
DAL743-1777954905-fa-578p,2026-05-07T20:05:00,0.1523089517022199,0,0.23455243167045187,replay_quantile@0.22,DL743,N879DN,DL,ATL,SMF,2026-05-07T22:05:00,2026-05-08T02:36:00,DAL409-1777954901-fa-3621p,B739 
DAL1021-1777955149-fa-1049p,2026-05-07T20:05:00,0.05650722331429998,0,0.23455243167045187,replay_quantile@0.22,DL1021,N607AT,DL,ATL,GSP,2026-05-07T22:05:00,2026-05-07T22:35:00,DAL2020-1777955137-fa-776p,B712 
EDV5528-1777932723-fa-3018p,2026-05-07T20:05:00,0.03983455719720428,0,0.23455243167045187,replay_quantile@0.22,9E5528,N300PQ,9E,BQK,ATL,2026-05-07T22:05:00,2026-05-07T22:40:00,EDV5528-1777932723-fa-3016p,CRJ9 
DAL1323-1777954107-fa-611p,2026-05-07T20:06:00,0.46543264942016055,1,0.23455243167045187,replay_quantile@0.22,DL1323,N313DN,DL,ATL,MIA,2026-05-07T22:06:00,2026-05-07T23:32:00,DAL1190-1777954075-fa-1046p,A321 
DAL2600-1777954943-fa-815p,2026-05-07T20:06:00,0.042102979369667747,0,0.23455243167045187,replay_quantile@0.22,DL2600,N958DZ,DL,RDU,ATL,2026-05-07T22:06:00,2026-05-07T23:17:00,DAL2600-1777954943-fa-816p,B739 
DAL832-1777954518-fa-4600p,2026-05-07T20:08:00,0.3599545798637396,1,0.23455243167045187,replay_quantile@0.22,DL832,N378NW,DL,ATL,DCA,2026-05-07T22:08:00,2026-05-07T23:11:00,DAL2479-1777954475-fa-1080p,A320 
AAL1805-1777966432-airline-1465p,2026-05-07T20:09:00,0.2800737794685573,1,0.23455243167045187,replay_quantile@0.22,AA1805,N118NN,AA,ATL,PHX,2026-05-07T22:09:00,2026-05-08T02:04:00,AAL1802-1777966432-airline-1462p,A321 
DAL500-1777954333-fa-723p,2026-05-07T20:09:00,0.2550037570872327,1,0.23455243167045187,replay_quantile@0.22,DL500,N106DN,DL,ATL,LAX,2026-05-07T22:09:00,2026-05-08T02:34:00,DAL2438-1777954332-fa-563p,A321 
DAL2654-1777953964-fa-563p,2026-05-07T20:09:00,0.1866118444781072,0,0.23455243167045187,replay_quantile@0.22,DL2654,N6703D,DL,ATL,MSP,2026-05-07T22:09:00,2026-05-08T00:28:00,DAL1525-1777955084-fa-1186p,B752 
EDV5193-1777956924-airline-629p,2026-05-07T20:09:00,0.0689159398063836,0,0.23455243167045187,replay_quantile@0.22,9E5193,N136EV,9E,ATL,MOB,2026-05-07T22:09:00,2026-05-07T23:02:00,EDV5379-1777957777-airline-1858p,CRJ9 
DAL2571-1777955140-fa-1668p,2026-05-07T20:09:00,0.015716680637049455,0,0.23455243167045187,replay_quantile@0.22,DL2571,N980AT,DL,TYS,ATL,2026-05-07T22:09:00,2026-05-07T22:48:00,DAL2571-1777955139-fa-1159p,B712 
DAL468-1777954294-fa-2687p,2026-05-07T20:10:00,0.3392294333311893,1,0.23455243167045187,replay_quantile@0.22,DL468,N395DZ,DL,ATL,LGA,2026-05-07T22:10:00,2026-05-07T23:38:00,DAL782-1777954290-fa-964p,A321 
DAL1906-1777954713-fa-497p,2026-05-07T20:10:00,0.23455243167045187,1,0.23455243167045187,replay_quantile@0.22,DL1906,N3753,DL,ATL,KIN,2026-05-07T22:10:00,2026-05-08T00:48:00,DAL851-1777954714-fa-538p,B738 
SKW4111-1777956924-airline-714p,2026-05-07T20:10:00,0.12506268806419255,0,0.23455243167045187,replay_quantile@0.22,OO4111,N268SY,OO,SHV,ATL,2026-05-07T22:10:00,2026-05-07T23:32:00,SKW4111-1777956924-airline-713p,E75L 
EDV5282-1777941540-fa-2385p,2026-05-07T20:10:00,0.09804633890368933,0,0.23455243167045187,replay_quantile@0.22,9E5282,N302PQ,9E,ATL,AGS,2026-05-07T22:10:00,2026-05-07T22:42:00,EDV5534-1777912109-fa-1538p,CRJ9 
DAL1956-1777954835-fa-1252p,2026-05-07T20:10:00,0.0522695476449557,0,0.23455243167045187,replay_quantile@0.22,DL1956,N929DZ,DL,NAS,ATL,2026-05-07T22:10:00,2026-05-08T00:00:00,DAL1947-1777954835-fa-1250p,B739 
DAL1008-1777954844-fa-876p,2026-05-07T20:10:00,0.03580259633216567,0,0.23455243167045187,replay_quantile@0.22,DL1008,N833DN,DL,CVG,ATL,2026-05-07T22:10:00,2026-05-07T23:13:00,DAL1008-1777954843-fa-570p,B739 
EDV5314-1777962021-airline-1212p,2026-05-07T20:10:00,0.03407691579047077,0,0.23455243167045187,replay_quantile@0.22,9E5314,N924XJ,9E,AEX,ATL,2026-05-07T22:10:00,2026-05-07T23:19:00,EDV5314-1777928472-fa-1300p,CRJ9 
DAL1278-1777955140-fa-1702p,2026-05-07T20:10:00,0.02568992001695005,0,0.23455243167045187,replay_quantile@0.22,DL1278,N892AT,DL,JAN,ATL,2026-05-07T22:10:00,2026-05-07T23:05:00,DAL1278-1777955140-fa-1699p,B712 
FFT4209-1777960821-airline-1138p,2026-05-07T20:11:00,0.7317925810837056,1,0.23455243167045187,replay_quantile@0.22,F94209,N664FR,F9,CLE,ATL,2026-05-07T22:11:00,2026-05-07T23:34:00,FFT33-1777963115-airline-1266p,A21N 
DAL2189-1777954107-fa-613p,2026-05-07T20:11:00,0.2800737794685573,1,0.23455243167045187,replay_quantile@0.22,DL2189,N348DN,DL,ATL,JAX,2026-05-07T22:11:00,2026-05-07T22:49:00,DAL2011-1777954122-fa-549p,A321 
EDV4633-1777962646-airline-1175p,2026-05-07T20:11:00,0.1172872010903234,0,0.23455243167045187,replay_quantile@0.22,9E4633,N228PQ,9E,FWA,ATL,2026-05-07T22:11:00,2026-05-07T23:30:00,EDV4633-1777962646-airline-1174p,CRJ9 
DAL2381-1777955134-fa-946p,2026-05-07T20:12:00,0.06644576982549151,0,0.23455243167045187,replay_quantile@0.22,DL2381,N966AT,DL,HOU,ATL,2026-05-07T22:12:00,2026-05-07T23:50:00,DAL2381-1777955134-fa-945p,B712 
DAL3189-1777955142-fa-2417p,2026-05-07T20:13:00,0.04696156671356183,0,0.23455243167045187,replay_quantile@0.22,DL3189,N983AT,DL,CHS,ATL,2026-05-07T22:13:00,2026-05-07T23:06:00,DAL3189-1777955143-fa-1171p,B712 
FFT2539-1777963115-airline-1582p,2026-05-07T20:15:00,0.6256370050960405,1,0.23455243167045187,replay_quantile@0.22,F92539,N656FR,F9,CMH,ATL,2026-05-07T22:15:00,2026-05-07T23:24:00,FFT2540-1777963115-airline-1583p,A21N 
EDV4694-1777935395-fa-319p,2026-05-07T20:15:00,0.063874838254323,0,0.23455243167045187,replay_quantile@0.22,9E4694,N183GJ,9E,ABY,ATL,2026-05-07T22:15:00,2026-05-07T23:09:00,EDV4694-1777935396-fa-847p,CRJ9 
JBU1697-1777965984-airline-978p,2026-05-07T20:16:00,0.9243697478991597,1,0.23455243167045187,replay_quantile@0.22,B61697,N3104J,B6,ATL,FLL,2026-05-07T22:16:00,2026-05-07T23:41:00,JBU2098-1777965984-airline-1095p,BCS3 
DAL174-1777954063-fa-275p,2026-05-07T20:20:00,0.2536811420883474,1,0.23455243167045187,replay_quantile@0.22,DL174,N830MH,DL,ATL,MXP,2026-05-07T22:20:00,2026-05-08T06:57:00,DAL83-1777954063-fa-274p,B764 
DAL1728-1777954491-fa-1403p,2026-05-07T20:20:00,0.06644576982549151,0,0.23455243167045187,replay_quantile@0.22,DL1728,N352NW,DL,MDW,ATL,2026-05-07T22:20:00,2026-05-07T23:41:00,DAL1728-1777954491-fa-1401p,A320 
DAL1693-1777954899-fa-61p,2026-05-07T20:20:00,0.05083729067733067,0,0.23455243167045187,replay_quantile@0.22,DL1693,N959DZ,DL,BNA,ATL,2026-05-07T22:20:00,2026-05-07T22:55:00,DAL1693-1777954899-fa-41p,B739 
ASA783-1777966751-airline-2105p,2026-05-07T20:21:00,0.3014599803797104,1,0.23455243167045187,replay_quantile@0.22,AS783,N291BT,AS,ATL,PDX,2026-05-07T22:21:00,2026-05-08T03:40:00,ASA334-1777961706-airline-1360p,B39M 
DAL2615-1777954348-fa-1041p,2026-05-07T20:21:00,0.13837174940898342,0,0.23455243167045187,replay_quantile@0.22,DL2615,N315NB,DL,ATL,FSD,2026-05-07T22:21:00,2026-05-08T00:42:00,DAL1866-1777954347-fa-1236p,A319 
DAL3143-1777955131-fa-2207p,2026-05-07T20:21:00,0.013172583165885243,0,0.23455243167045187,replay_quantile@0.22,DL3143,N948AT,DL,LEX,ATL,2026-05-07T22:21:00,2026-05-07T23:26:00,DAL3143-1777955131-fa-2205p,B712 
DAL32-1777954188-fa-676p,2026-05-07T20:22:00,0.16176214522026816,0,0.23455243167045187,replay_quantile@0.22,DL32,N337DN,DL,DFW,ATL,2026-05-07T22:22:00,2026-05-07T23:52:00,DAL374-1777954186-fa-1120p,A321 
EDV5470-1777960231-airline-125p,2026-05-07T20:22:40,0.08899350310947436,0,0.23455243167045187,replay_quantile@0.22,9E5470,N921XJ,9E,ATL,CHA,2026-05-07T22:22:40,2026-05-07T22:55:40,EDV4824-1777960231-airline-141p,CRJ9 
DAL3059-1777954952-fa-1379p,2026-05-07T20:23:00,0.19439755646652196,0,0.23455243167045187,replay_quantile@0.22,DL3059,N963DZ,DL,ATL,PNS,2026-05-07T22:23:00,2026-05-07T23:09:00,DAL2827-1777954953-fa-420p,B739 
EDV5377-1777956924-airline-666p,2026-05-07T20:23:00,0.05448268961376826,0,0.23455243167045187,replay_quantile@0.22,9E5377,N607LR,9E,DHN,ATL,2026-05-07T22:23:00,2026-05-07T23:00:00,EDV5377-1777956924-airline-665p,CRJ9 
DAL1795-1777954865-fa-1106p,2026-05-07T20:23:00,0.04696156671356183,0,0.23455243167045187,replay_quantile@0.22,DL1795,N900DU,DL,MSY,ATL,2026-05-07T22:23:00,2026-05-07T23:37:00,DAL1652-1777954865-fa-1104p,B739 
VIR104-1777957299-airline-814p,2026-05-07T20:25:00,0.23455243167045187,1,0.23455243167045187,replay_quantile@0.22,VS104,G-VTEA,VS,ATL,LHR,2026-05-07T22:25:00,2026-05-08T05:45:00,VIR103-1777957299-airline-813p,A35K 
EDV5556-1778168964-fa-657p,2026-05-07T20:25:00,0.08003691700113763,0,0.23455243167045187,replay_quantile@0.22,9E5556,N371CA,9E,ATL,XNA,2026-05-07T22:25:00,2026-05-08T00:01:00,EDV5308-1777939327-fa-1564p,CRJ7 
EDV5529-1777957777-airline-1873p,2026-05-07T20:25:00,0.042102979369667747,0,0.23455243167045187,replay_quantile@0.22,9E5529,N272PQ,9E,LFT,ATL,2026-05-07T22:25:00,2026-05-07T23:28:00,EDV5529-1777924680-fa-279p,CRJ9 
DAL3180-1777955139-fa-1156p,2026-05-07T20:27:00,0.1456462741179806,0,0.23455243167045187,replay_quantile@0.22,DL3180,N915AT,DL,ATL,JAN,2026-05-07T22:27:00,2026-05-07T23:20:00,DAL2539-1777955139-fa-1045p,B712 
DAL1235-1777955130-fa-865p,2026-05-07T20:29:00,0.0689159398063836,0,0.23455243167045187,replay_quantile@0.22,DL1235,N946AT,DL,ATL,LEX,2026-05-07T22:29:00,2026-05-07T23:16:00,DAL2467-1777955131-fa-516p,B712 
DAL2498-1777954113-fa-1362p,2026-05-07T20:30:00,0.6744702918950956,1,0.23455243167045187,replay_quantile@0.22,DL2498,N315DN,DL,ATL,EWR,2026-05-07T22:30:00,2026-05-08T00:03:00,DAL414-1777954124-fa-1643p,A321 
DAL1457-1777955088-fa-740p,2026-05-07T20:30:00,0.37596401028277643,1,0.23455243167045187,replay_quantile@0.22,DL1457,N819DX,DL,ATL,TPA,2026-05-07T22:30:00,2026-05-07T23:33:00,DAL2990-1777955089-fa-422p,B752 
SWA8509-1778188789-sw-1594p,2026-05-07T20:30:00,0.35298295454545453,1,0.23455243167045187,replay_quantile@0.22,WN8509,N249WN,WN,ATL,TPA,2026-05-07T22:30:00,2026-05-07T23:29:00,SWA1472-1777961456-airline-1886p,B737 
DAL2484-1777954897-fa-1303p,2026-05-07T20:30:00,0.03580259633216567,0,0.23455243167045187,replay_quantile@0.22,DL2484,N931DQ,DL,BHM,ATL,2026-05-07T22:30:00,2026-05-07T23:13:00,DAL2484-1777954897-fa-1302p,B739 
DAL1490-1777954892-fa-597p,2026-05-07T20:31:00,0.13837174940898342,0,0.23455243167045187,replay_quantile@0.22,DL1490,N924DZ,DL,ATL,BNA,2026-05-07T22:31:00,2026-05-07T23:19:00,DAL1757-1777954892-fa-594p,B739 
FFT3397-1777958344-airline-423p,2026-05-07T20:35:00,0.9655255836458208,1,0.23455243167045187,replay_quantile@0.22,F93397,N714FR,F9,ATL,ORD,2026-05-07T22:35:00,2026-05-08T00:09:00,FFT2198-1777958344-airline-295p,A321 
DAL821-1777954989-fa-600p,2026-05-07T20:35:00,0.3118771544970228,1,0.23455243167045187,replay_quantile@0.22,DL821,N542DE,DL,ATL,BOS,2026-05-07T22:35:00,2026-05-08T00:31:00,DAL885-1777954988-fa-1926p,A21N 
DAL1058-1777954195-fa-455p,2026-05-07T20:35:00,0.3014599803797104,1,0.23455243167045187,replay_quantile@0.22,DL1058,N339DN,DL,ATL,PBI,2026-05-07T22:35:00,2026-05-08T00:05:00,DAL1755-1777954194-fa-713p,A321 
DAL1506-1777955134-fa-956p,2026-05-07T20:35:00,0.027213251670378618,0,0.23455243167045187,replay_quantile@0.22,DL1506,N955AT,DL,CHA,ATL,2026-05-07T22:35:00,2026-05-07T23:05:00,DAL1506-1777955134-fa-953p,B712 
DAL3050-1777955130-fa-858p,2026-05-07T20:35:00,0.02278018717187857,0,0.23455243167045187,replay_quantile@0.22,DL3050,N937AT,DL,GSO,ATL,2026-05-07T22:35:00,2026-05-07T23:33:00,DAL3050-1777955130-fa-857p,B712 
DAL1478-1777954881-fa-1624p,2026-05-07T20:37:00,0.16686944314459523,0,0.23455243167045187,replay_quantile@0.22,DL1478,N915DU,DL,ATL,DTW,2026-05-07T22:37:00,2026-05-08T00:12:00,DAL640-1777954881-fa-1623p,B739 
DAL2725-1777955144-fa-920p,2026-05-07T20:37:00,0.08899350310947436,0,0.23455243167045187,replay_quantile@0.22,DL2725,N990AT,DL,ILM,ATL,2026-05-07T22:37:00,2026-05-07T23:45:00,DAL2725-1777955144-fa-917p,B712 
EDV5374-1777956924-airline-728p,2026-05-07T20:38:00,0.03983455719720428,0,0.23455243167045187,replay_quantile@0.22,9E5374,N200PQ,9E,CSG,ATL,2026-05-07T22:38:00,2026-05-07T23:09:00,EDV5374-1777956924-airline-727p,CRJ9 
SWA3053-1777957840-airline-1584p,2026-05-07T20:40:00,0.4056037358238826,1,0.23455243167045187,replay_quantile@0.22,WN3053,N8863Q,WN,ATL,MCO,2026-05-07T22:40:00,2026-05-07T23:37:00,SWA3001-1777957840-airline-1539p,B38M 
FFT3083-1777960821-airline-966p,2026-05-07T20:40:00,0.3197120474274826,1,0.23455243167045187,replay_quantile@0.22,F93083,N645FR,F9,JAX,ATL,2026-05-07T22:40:00,2026-05-07T23:29:00,FFT1550-1777963115-airline-1395p,A21N 
DAL2803-1777955153-fa-980p,2026-05-07T20:40:00,0.1286818671102847,0,0.23455243167045187,replay_quantile@0.22,DL2803,N899AT,DL,ATL,VPS,2026-05-07T22:40:00,2026-05-07T23:23:00,DAL2094-1777955153-fa-983p,B712 
DAL1347-1777954647-fa-830p,2026-05-07T20:40:00,0.04101666212201668,0,0.23455243167045187,replay_quantile@0.22,DL1347,N3752,DL,LIT,ATL,2026-05-07T22:40:00,2026-05-07T23:49:00,DAL1347-1777954645-fa-2348p,B738 
FFT3458-1777960821-airline-1050p,2026-05-07T20:45:00,0.7603073740209841,1,0.23455243167045187,replay_quantile@0.22,F93458,N673FR,F9,ATL,LGA,2026-05-07T22:45:00,2026-05-08T00:09:00,FFT3874-1777960821-airline-1083p,A21N 
DAL746-1777954042-fa-595p,2026-05-07T20:45:00,0.3392294333311893,1,0.23455243167045187,replay_quantile@0.22,DL746,N127DN,DL,ATL,DEN,2026-05-07T22:45:00,2026-05-08T01:48:00,DAL1228-1777954041-fa-1100p,A321 
DAL921-1777954144-fa-892p,2026-05-07T20:45:00,0.3392294333311893,1,0.23455243167045187,replay_quantile@0.22,DL921,N365DN,DL,ATL,DFW,2026-05-07T22:45:00,2026-05-08T00:37:00,DAL1527-1777954082-fa-1853p,A321 
AAL1811-1777966432-airline-1472p,2026-05-07T20:50:00,0.5970376824221302,1,0.23455243167045187,replay_quantile@0.22,AA1811,N921NN,AA,ATL,DFW,2026-05-07T22:50:00,2026-05-08T01:10:00,AAL1811-1777966432-airline-1473p,B738 
DAL2881-1777955083-fa-2023p,2026-05-07T20:50:00,0.4840569266798775,1,0.23455243167045187,replay_quantile@0.22,DL2881,N6711M,DL,ATL,MCO,2026-05-07T22:50:00,2026-05-07T23:51:00,DAL1823-1777955083-fa-2021p,B752 
DAL3044-1777954492-fa-851p,2026-05-07T20:50:00,0.2154495864860109,0,0.23455243167045187,replay_quantile@0.22,DL3044,N358NW,DL,ATL,BHM,2026-05-07T22:50:00,2026-05-07T23:19:00,DAL2135-1777954492-fa-849p,A320 
DAL564-1777954316-fa-1510p,2026-05-07T20:51:00,0.21077547339945898,0,0.23455243167045187,replay_quantile@0.22,DL564,N396DN,DL,DEN,ATL,2026-05-07T22:51:00,2026-05-08T01:07:00,DAL1025-1777954316-fa-1663p,A321 
SWA1249-1777961456-airline-1636p,2026-05-07T20:55:00,0.5112214498510425,1,0.23455243167045187,replay_quantile@0.22,WN1249,N8531Q,WN,ATL,DEN,2026-05-07T22:55:00,2026-05-08T01:56:00,SWA279-1777957840-airline-1365p,B738 
DAL1223-1777954125-fa-617p,2026-05-07T20:55:00,0.3392294333311893,1,0.23455243167045187,replay_quantile@0.22,DL1223,N314DN,DL,ATL,IAH,2026-05-07T22:55:00,2026-05-08T00:43:00,DAL961-1777954086-fa-4493p,A321 
DAL1861-1777954889-fa-328p,2026-05-07T20:55:00,0.2154495864860109,0,0.23455243167045187,replay_quantile@0.22,DL1861,N923DZ,DL,ATL,SJU,2026-05-07T22:55:00,2026-05-08T02:05:00,DAL1928-1777954888-fa-742p,B739 
DAL1939-1777954672-fa-244p,2026-05-07T20:55:00,0.1899497487437186,0,0.23455243167045187,replay_quantile@0.22,DL1939,N397DA,DL,ATL,CUN,2026-05-07T22:55:00,2026-05-08T01:01:00,DAL1802-1777954722-fa-759p,B738 
DAL3083-1777954918-fa-2223p,2026-05-07T20:55:00,0.028611464603857755,0,0.23455243167045187,replay_quantile@0.22,DL3083,N946DZ,DL,VPS,ATL,2026-05-07T22:55:00,2026-05-07T23:46:00,DAL3083-1777954918-fa-2220p,B739 
DAL2065-1777954106-fa-1453p,2026-05-07T20:57:00,0.31706281833616307,1,0.23455243167045187,replay_quantile@0.22,DL2065,N328DN,DL,ATL,PHL,2026-05-07T22:57:00,2026-05-08T00:13:00,DAL597-1777954168-fa-195p,A321 
DAL3056-1777954837-fa-1464p,2026-05-07T20:58:00,0.028611464603857755,0,0.23455243167045187,replay_quantile@0.22,DL3056,N877DN,DL,DAB,ATL,2026-05-07T22:58:00,2026-05-07T23:57:00,DAL3056-1777954837-fa-1463p,B739 
FFT1158-1777963115-airline-1303p,2026-05-07T20:59:00,0.9725351643223785,1,0.23455243167045187,replay_quantile@0.22,F91158,N369FR,F9,ATL,EWR,2026-05-07T22:59:00,2026-05-08T01:17:00,FFT124-1777963115-airline-1316p,A20N 
DAL2332-1777955152-fa-1091p,2026-05-07T20:59:00,0.018873720136518772,0,0.23455243167045187,replay_quantile@0.22,DL2332,N929AT,DL,MEM,ATL,2026-05-07T22:59:00,2026-05-07T23:48:00,DAL2332-1777955152-fa-1089p,B712 
SWA1472-1777961456-airline-1885p,2026-05-07T21:00:00,0.45117200396170354,1,0.23455243167045187,replay_quantile@0.22,WN1472,N272WN,WN,ATL,BWI,2026-05-07T23:00:00,2026-05-08T00:23:00,SWA1692-1777959632-airline-1069p,B737 
DAL2398-1777954869-fa-1313p,2026-05-07T21:00:00,0.3773768462014681,1,0.23455243167045187,replay_quantile@0.22,DL2398,N902DN,DL,ATL,JFK,2026-05-07T23:00:00,2026-05-08T00:34:00,DAL2199-1777954869-fa-1309p,B739 
DAL3112-1777955152-fa-1098p,2026-05-07T21:03:00,0.06644576982549151,0,0.23455243167045187,replay_quantile@0.22,DL3112,N906AT,DL,SAV,ATL,2026-05-07T23:03:00,2026-05-07T23:47:00,DAL3112-1777955152-fa-1095p,B712 
DAL2504-1777954764-fa-846p,2026-05-07T21:04:00,0.1866118444781072,0,0.23455243167045187,replay_quantile@0.22,DL2504,N867DN,DL,ATL,BDL,2026-05-07T23:04:00,2026-05-08T00:53:00,DAL1870-1777954764-fa-845p,B739 
JIA5313-1777958154-airline-770p,2026-05-07T21:05:00,0.3726770929162834,1,0.23455243167045187,replay_quantile@0.22,OH5313,N631NN,OH,ATL,PHL,2026-05-07T23:05:00,2026-05-08T00:23:00,JIA5026-1777958659-airline-1173p,CRJ9 
DAL2893-1777954337-fa-1721p,2026-05-07T21:05:00,0.29915460484180867,1,0.23455243167045187,replay_quantile@0.22,DL2893,N391DN,DL,ATL,SAT,2026-05-07T23:05:00,2026-05-08T01:21:00,DAL1196-1777954337-fa-1722p,A321 
DAL681-1777953959-fa-914p,2026-05-07T21:05:00,0.29915460484180867,1,0.23455243167045187,replay_quantile@0.22,DL681,N556NW,DL,ATL,SFO,2026-05-07T23:05:00,2026-05-08T03:48:00,DAL348-1777953958-fa-4081p,B752 
DAL2534-1777955143-fa-1185p,2026-05-07T21:05:00,0.1653163404642695,0,0.23455243167045187,replay_quantile@0.22,DL2534,N893AT,DL,ATL,MEM,2026-05-07T23:05:00,2026-05-08T00:07:00,DAL3081-1777955143-fa-1181p,B712 
DAL325-1777954475-fa-432p,2026-05-07T21:08:00,0.3028464769015398,1,0.23455243167045187,replay_quantile@0.22,DL325,N339NW,DL,ATL,DCA,2026-05-07T23:08:00,2026-05-08T00:17:00,DAL1408-1777954474-fa-1244p,A320 
DAL1257-1777954132-fa-1283p,2026-05-07T21:08:00,0.29915460484180867,1,0.23455243167045187,replay_quantile@0.22,DL1257,N333DX,DL,ATL,BWI,2026-05-07T23:08:00,2026-05-08T00:25:00,DAL638-1777954130-fa-490p,A321 
DAL1736-1777954170-fa-235p,2026-05-07T21:09:00,0.2800737794685573,1,0.23455243167045187,replay_quantile@0.22,DL1736,N311DN,DL,ATL,RSW,2026-05-07T23:09:00,2026-05-08T00:17:00,DAL1576-1777954119-fa-951p,A321 
DAL1170-1777954182-fa-2014p,2026-05-07T21:09:00,0.26631118265506304,1,0.23455243167045187,replay_quantile@0.22,DL1170,N332DN,DL,ATL,AUS,2026-05-07T23:09:00,2026-05-08T01:10:00,DAL1341-1777954179-fa-797p,A321 
DAL3139-1777955139-fa-1037p,2026-05-07T21:09:00,0.1866118444781072,0,0.23455243167045187,replay_quantile@0.22,DL3139,N967AT,DL,ATL,CLT,2026-05-07T23:09:00,2026-05-07T23:47:00,DAL3027-1777955138-fa-980p,B712 
SWA660-1777958094-airline-380p,2026-05-07T21:10:00,0.6434965414349654,1,0.23455243167045187,replay_quantile@0.22,WN660,N8812Q,WN,ATL,LAS,2026-05-07T23:10:00,2026-05-08T03:15:00,SWA4529-1777958094-airline-125p,B38M 
DAL434-1777954337-fa-1082p,2026-05-07T21:10:00,0.3773768462014681,1,0.23455243167045187,replay_quantile@0.22,DL434,N108DN,DL,ATL,LGA,2026-05-07T23:10:00,2026-05-08T00:39:00,DAL528-1777954320-fa-629p,A321 
DAL3171-1777955147-fa-22p,2026-05-07T21:11:00,0.07195336483736332,0,0.23455243167045187,replay_quantile@0.22,DL3171,N997AT,DL,ATL,HSV,2026-05-07T23:11:00,2026-05-07T23:45:00,DAL2182-1777955147-fa-27p,B712 
UAL1359-1777939445-fa-1624p,2026-05-07T21:14:00,0.43568089277635347,1,0.23455243167045187,replay_quantile@0.22,UA1359,N24702,UA,ATL,IAH,2026-05-07T23:14:00,2026-05-08T01:16:00,UAL462-1777929262-fa-1910p,B737 
DAL105-1777954568-fa-1643p,2026-05-07T21:15:00,0.24444198344361692,1,0.23455243167045187,replay_quantile@0.22,DL105,N818NW,DL,ATL,GRU,2026-05-07T23:15:00,2026-05-08T08:11:00,DAL945-1777781659-fa-968p,A333 
DAL2494-1777954940-fa-733p,2026-05-07T21:15:00,0.1286818671102847,0,0.23455243167045187,replay_quantile@0.22,DL2494,N956DZ,DL,ATL,ECP,2026-05-07T23:15:00,2026-05-07T23:58:00,DAL1246-1777954942-fa-175p,B739 
DAL2707-1777955153-fa-978p,2026-05-07T21:15:00,0.1172872010903234,0,0.23455243167045187,replay_quantile@0.22,DL2707,N896AT,DL,ATL,OMA,2026-05-07T23:15:00,2026-05-08T01:26:00,DAL976-1777955153-fa-975p,B712 
DAL2738-1777954160-fa-1197p,2026-05-07T21:16:00,0.17452252415732888,0,0.23455243167045187,replay_quantile@0.22,DL2738,N308DN,DL,ORD,ATL,2026-05-07T23:16:00,2026-05-08T00:35:00,,A321 
DAL2878-1777955147-fa-1216p,2026-05-07T21:17:00,0.023605150214592276,0,0.23455243167045187,replay_quantile@0.22,DL2878,N974AT,DL,TLH,ATL,2026-05-07T23:17:00,2026-05-08T00:10:00,DAL2878-1777955147-fa-1213p,B712 
DAL66-1777954591-fa-857p,2026-05-07T21:20:00,0.24444198344361692,1,0.23455243167045187,replay_quantile@0.22,DL66,N412DX,DL,ATL,FCO,2026-05-07T23:20:00,2026-05-08T08:12:00,DAL109-1777954589-fa-98p,A339 
FFT3923-1777960821-airline-1090p,2026-05-07T21:21:00,0.923680981595092,1,0.23455243167045187,replay_quantile@0.22,F93923,N338FR,F9,ATL,LAS,2026-05-07T23:21:00,2026-05-08T03:39:00,FFT3046-1777960821-airline-953p,A20N 
JBU819-1777958441-airline-390p,2026-05-07T21:22:00,0.9625454545454546,1,0.23455243167045187,replay_quantile@0.22,B6819,N706JB,B6,ATL,JFK,2026-05-07T23:22:00,2026-05-08T00:57:00,JBU220-1777961863-airline-249p,A320 
DAL919-1777954570-fa-1050p,2026-05-07T21:25:00,0.33769633507853414,1,0.23455243167045187,replay_quantile@0.22,DL919,N808NW,DL,ATL,LAS,2026-05-07T23:25:00,2026-05-08T03:18:00,DAL75-1777954568-fa-1642p,A333 
DAL757-1777955076-fa-274p,2026-05-07T21:25:00,0.3267569310122501,1,0.23455243167045187,replay_quantile@0.22,DL757,N554NW,DL,ATL,PHX,2026-05-07T23:25:00,2026-05-08T03:11:00,DAL905-1777867538-fa-67p,B752 
DAL2493-1777954880-fa-1223p,2026-05-07T21:25:00,0.19514215942787372,0,0.23455243167045187,replay_quantile@0.22,DL2493,N910DU,DL,ATL,CHS,2026-05-07T23:25:00,2026-05-08T00:09:00,DAL1477-1777954877-fa-881p,B739 
DAL2784-1777955149-fa-183p,2026-05-07T21:25:00,0.11086816081101228,0,0.23455243167045187,replay_quantile@0.22,DL2784,N939AT,DL,ATL,OKC,2026-05-07T23:25:00,2026-05-08T01:22:00,DAL3095-1777955149-fa-1043p,B712 
DAL1518-1777954851-fa-719p,2026-05-07T21:30:00,0.24444198344361692,1,0.23455243167045187,replay_quantile@0.22,DL1518,N890DN,DL,ATL,RDU,2026-05-07T23:30:00,2026-05-08T00:18:00,DAL2747-1777954851-fa-744p,B739 
UAL2634-1777939456-fa-775p,2026-05-07T21:34:00,0.23455243167045187,1,0.23455243167045187,replay_quantile@0.22,UA2634,N820UA,UA,ATL,IAD,2026-05-07T23:34:00,2026-05-08T01:08:00,UAL1848-1777939520-fa-1118p,A319 
DAL2265-1777954094-fa-206p,2026-05-07T21:35:00,0.30834430546412095,1,0.23455243167045187,replay_quantile@0.22,DL2265,N325DN,DL,ATL,JAX,2026-05-07T23:35:00,2026-05-08T00:14:00,DAL1148-1777954145-fa-1180p,A321 
SAS930-1777965392-airline-116p,2026-05-07T21:35:00,0.2243580904051408,0,0.23455243167045187,replay_quantile@0.22,SK930,SE-REH,SK,ATL,CPH,2026-05-07T23:35:00,2026-05-08T08:05:00,SAS929-1777965392-airline-115p,A333 
EDV5203-1777939327-fa-1563p,2026-05-07T21:38:00,0.11065904259218533,0,0.23455243167045187,replay_quantile@0.22,9E5203,N195PQ,9E,ATL,TYS,2026-05-07T23:38:00,2026-05-08T00:11:00,EDV5327-1777941559-fa-1282p,CRJ9 
DAL1720-1777954260-fa-305p,2026-05-07T21:40:00,0.3371394230769231,1,0.23455243167045187,replay_quantile@0.22,DL1720,N319DN,DL,ATL,TPA,2026-05-07T23:40:00,2026-05-08T00:36:00,DAL2131-1777954104-fa-907p,A321 
DAL1262-1777954222-fa-806p,2026-05-07T21:40:00,0.2536811420883474,1,0.23455243167045187,replay_quantile@0.22,DL1262,N388DN,DL,ATL,DTW,2026-05-07T23:40:00,2026-05-08T01:12:00,DAL3152-1777954221-fa-533p,A321 
DAL660-1777954958-fa-658p,2026-05-07T21:40:00,0.2536811420883474,1,0.23455243167045187,replay_quantile@0.22,DL660,N504DZ,DL,ATL,SLC,2026-05-07T23:40:00,2026-05-08T03:26:00,DAL1912-1777954958-fa-954p,A21N 
SWA1557-1777959632-airline-906p,2026-05-07T21:45:00,0.47724317295188556,1,0.23455243167045187,replay_quantile@0.22,WN1557,N8718Q,WN,ATL,MDW,2026-05-07T23:45:00,2026-05-08T01:25:00,SWA3362-1777968872-airline-1633p,B38M 
DAL1309-1777954504-fa-1272p,2026-05-07T21:45:00,0.2608988647555856,1,0.23455243167045187,replay_quantile@0.22,DL1309,N360NW,DL,ATL,IAD,2026-05-07T23:45:00,2026-05-08T00:52:00,DAL360-1777954504-fa-1271p,A320 
DAL2241-1777955129-fa-1708p,2026-05-07T21:45:00,0.1162886825208741,0,0.23455243167045187,replay_quantile@0.22,DL2241,N944AT,DL,ATL,TLH,2026-05-07T23:45:00,2026-05-08T00:21:00,DAL1868-1777955129-fa-1707p,B712 
SKW4139-1777947954-fa-1112p,2026-05-07T21:47:00,0.10855020416195209,0,0.23455243167045187,replay_quantile@0.22,OO4139,N244SY,OO,ATL,XNA,2026-05-07T23:47:00,2026-05-08T01:34:00,SKW3761-1777947953-fa-1392p,E75L 
DAL1130-1777954929-fa-959p,2026-05-07T21:48:00,0.1866118444781072,0,0.23455243167045187,replay_quantile@0.22,DL1130,N947DZ,DL,ATL,MCI,2026-05-07T23:48:00,2026-05-08T01:41:00,DAL1381-1777954930-fa-566p,B739 
UAL1305-1777939521-fa-2461p,2026-05-07T21:49:00,0.2800737794685573,1,0.23455243167045187,replay_quantile@0.22,UA1305,N17346,UA,DEN,ATL,2026-05-07T23:49:00,2026-05-08T02:08:00,UAL2350-1777939476-fa-1326p,B38M 
SKW3697-1777945238-fa-174p,2026-05-07T21:49:00,0.1456462741179806,0,0.23455243167045187,replay_quantile@0.22,OO3697,N265SY,OO,ATL,FAR,2026-05-07T23:49:00,2026-05-08T02:49:00,SKW4033-1777945237-fa-510p,E75L 
DAL1450-1777954943-fa-814p,2026-05-07T21:50:00,0.30834430546412095,1,0.23455243167045187,replay_quantile@0.22,DL1450,N957DZ,DL,ATL,MSY,2026-05-07T23:50:00,2026-05-08T00:59:00,DAL2545-1777954942-fa-176p,B739 
DAL2669-1777954844-fa-1326p,2026-05-07T21:50:00,0.16686944314459523,0,0.23455243167045187,replay_quantile@0.22,DL2669,N887DN,DL,ATL,YYZ,2026-05-07T23:50:00,2026-05-08T01:34:00,DAL1437-1777954844-fa-1330p,B739 
SKW4109-1777945191-fa-1599p,2026-05-07T21:53:00,0.18179841252582363,0,0.23455243167045187,replay_quantile@0.22,OO4109,N309SY,OO,ATL,SBN,2026-05-07T23:53:00,2026-05-08T01:56:00,SKW3930-1777945191-fa-1600p,E75L 
VIR110-1777957299-airline-818p,2026-05-07T21:55:00,0.22132990684227433,0,0.23455243167045187,replay_quantile@0.22,VS110,G-VGEM,VS,ATL,MAN,2026-05-07T23:55:00,2026-05-08T07:31:00,VIR109-1777957299-airline-817p,A333 
DAL2015-1777955147-fa-23p,2026-05-07T21:55:00,0.1162886825208741,0,0.23455243167045187,replay_quantile@0.22,DL2015,N959AT,DL,ATL,AVL,2026-05-07T23:55:00,2026-05-08T00:30:00,DAL1700-1777955147-fa-10p,B712 
AAL3212-1777960637-airline-2033p,2026-05-07T21:57:00,0.5418107986163331,1,0.23455243167045187,replay_quantile@0.22,AA3212,N545UW,AA,DFW,ATL,2026-05-07T23:57:00,2026-05-08T01:46:00,AAL595-1777960296-airline-1678p,A321 
DAL1473-1777955137-fa-510p,2026-05-07T22:02:00,0.16033946618294892,1,0.1107636017015988,replay_quantile@0.22,DL1473,N960AT,DL,ATL,GSO,2026-05-08T00:02:00,2026-05-08T00:43:00,DAL3032-1777955137-fa-509p,B712 
DAL2630-1777955142-fa-2414p,2026-05-07T22:04:00,0.1866118444781072,1,0.1107636017015988,replay_quantile@0.22,DL2630,N982AT,DL,ATL,DAL,2026-05-08T00:04:00,2026-05-08T02:05:00,DAL3094-1777955142-fa-2410p,B712 
FFT3599-1777960821-airline-1064p,2026-05-07T22:50:00,0.9279139918013768,1,0.1107636017015988,replay_quantile@0.22,F93599,N635FR,F9,ATL,DEN,2026-05-08T00:50:00,2026-05-08T03:38:00,FFT152-1777961985-airline-715p,A21N 
FFT3442-1777958344-airline-225p,2026-05-07T22:55:00,0.6289223682947892,1,0.1107636017015988,replay_quantile@0.22,F93442,N351FR,F9,ATL,MIA,2026-05-08T00:55:00,2026-05-08T02:18:00,FFT4076-1777958344-airline-463p,A20N 
DAL31-1777954182-fa-2013p,2026-05-07T23:01:00,0.35878070973612364,1,0.1107636017015988,replay_quantile@0.22,DL31,N349DX,DL,ATL,DFW,2026-05-08T01:01:00,2026-05-08T02:57:00,DAL2720-1777954246-fa-2128p,A321 
FFT3097-1777960821-airline-969p,2026-05-07T23:10:00,0.8343558282208587,1,0.1107636017015988,replay_quantile@0.22,F93097,N708FR,F9,ATL,DFW,2026-05-08T01:10:00,2026-05-08T03:27:00,FFT3022-1777958344-airline-380p,A321 
DAL493-1777954320-fa-508p,2026-05-07T23:25:00,0.2154495864860109,1,0.1107636017015988,replay_quantile@0.22,DL493,N382DN,DL,ATL,DEN,2026-05-08T01:25:00,2026-05-08T04:28:00,DAL581-1777954318-fa-743p,A321 
SKW4095-1777948155-fa-803p,2026-05-07T23:30:00,0.1866118444781072,1,0.1107636017015988,replay_quantile@0.22,OO4095,N299SY,OO,ATL,SHV,2026-05-08T01:30:00,2026-05-08T03:06:00,SKW3723-1777948154-fa-1394p,E75L 
EDV5410-1777962021-airline-1322p,2026-05-07T23:50:00,0.0746744847805467,0,0.1107636017015988,replay_quantile@0.22,9E5410,N302PQ,9E,ATL,BMI,2026-05-08T01:50:00,2026-05-08T03:16:00,EDV5282-1777941540-fa-2383p,CRJ9 
DAL104-1777954568-fa-1641p,2026-05-08T00:00:00,0.10934441102038868,0,0.1107636017015988,replay_quantile@0.22,DL104,N805NW,DL,GRU,ATL,2026-05-08T02:00:00,2026-05-08T11:31:00,DAL105-1777868049-fa-972p,A333 
DAL1162-1777953997-fa-460p,2026-05-08T00:30:00,0.28363367069859274,1,0.1107636017015988,replay_quantile@0.22,DL1162,N378DN,DL,ATL,MCO,2026-05-08T02:30:00,2026-05-08T03:21:00,DAL1742-1777954315-fa-1477p,A321 
SWA3745-1777968872-airline-2022p,2026-05-08T00:45:00,0.5270259352023917,1,0.1107636017015988,replay_quantile@0.22,WN3745,N8571Z,WN,DEN,ATL,2026-05-08T02:45:00,2026-05-08T05:09:00,SWA1336-1777961456-airline-1738p,B738 
FFT4602-1777960821-airline-1188p,2026-05-08T00:50:00,0.9442272608808965,1,0.1107636017015988,replay_quantile@0.22,F94602,N380FR,F9,ATL,EWR,2026-05-08T02:50:00,2026-05-08T04:24:00,FFT1116-1777963115-airline-1298p,A20N 
DAL2338-1777953968-fa-735p,2026-05-08T00:50:00,0.3118771544970228,1,0.1107636017015988,replay_quantile@0.22,DL2338,N699DL,DL,ATL,ORF,2026-05-08T02:50:00,2026-05-08T03:51:00,DAL543-1777955046-fa-3796p,B752 
DAL3177-1777955139-fa-1043p,2026-05-08T00:50:00,0.09789156626506024,0,0.1107636017015988,replay_quantile@0.22,DL3177,N933AT,DL,ATL,CLT,2026-05-08T02:50:00,2026-05-08T03:22:00,DAL2599-1777955133-fa-673p,B712 
AAL1075-1777962770-airline-1274p,2026-05-08T00:55:00,0.17757594738490443,1,0.1107636017015988,replay_quantile@0.22,AA1075,N805AW,AA,CLT,ATL,2026-05-08T02:55:00,2026-05-08T03:47:00,AAL1942-1777966432-airline-1645p,A319 
FFT2174-1777963115-airline-1497p,2026-05-08T00:58:00,0.9279139918013768,1,0.1107636017015988,replay_quantile@0.22,F92174,N665FR,F9,ATL,FLL,2026-05-08T02:58:00,2026-05-08T04:18:00,FFT4702-1777960821-airline-1204p,A21N 
DAL575-1777953987-fa-295p,2026-05-08T01:00:00,0.3599545798637396,1,0.1107636017015988,replay_quantile@0.22,DL575,N124DX,DL,ATL,LAX,2026-05-08T03:00:00,2026-05-08T07:25:00,DAL974-1777954336-fa-1315p,A321 
DAL34-1777954056-fa-729p,2026-05-08T01:00:00,0.21077547339945898,1,0.1107636017015988,replay_quantile@0.22,DL34,N179DN,DL,ATL,EDI,2026-05-08T03:00:00,2026-05-08T10:10:00,DAL531-1777953943-fa-1088p,B763 
DAL1589-1777955078-fa-2559p,2026-05-08T01:04:00,0.3014599803797104,1,0.1107636017015988,replay_quantile@0.22,DL1589,N67171,DL,ATL,MIA,2026-05-08T03:04:00,2026-05-08T04:22:00,DAL1364-1777953963-fa-1538p,B752 
DAL101-1777954604-fa-1059p,2026-05-08T01:10:00,0.3392294333311893,1,0.1107636017015988,replay_quantile@0.22,DL101,N406DX,DL,ATL,EZE,2026-05-08T03:10:00,2026-05-08T12:24:00,DAL223-1777954585-fa-1181p,A339 
DAL1175-1777953968-fa-1190p,2026-05-08T01:15:00,0.6434965414349654,1,0.1107636017015988,replay_quantile@0.22,DL1175,N544US,DL,ATL,RIC,2026-05-08T03:15:00,2026-05-08T04:14:00,DAL368-1777955046-fa-3793p,B752 
DAL818-1777954198-fa-2735p,2026-05-08T01:15:00,0.2735095812633074,1,0.1107636017015988,replay_quantile@0.22,DL818,N342DN,DL,ATL,DFW,2026-05-08T03:15:00,2026-05-08T05:12:00,DAL1651-1777954201-fa-45p,A321 
DAL956-1777954317-fa-707p,2026-05-08T01:15:00,0.24444198344361692,1,0.1107636017015988,replay_quantile@0.22,DL956,N396DN,DL,ATL,DEN,2026-05-08T03:15:00,2026-05-08T06:05:00,DAL564-1777954316-fa-1510p,A321 
DAL2276-1777954174-fa-987p,2026-05-08T01:20:00,0.5270259352023917,1,0.1107636017015988,replay_quantile@0.22,DL2276,N330DX,DL,ATL,JAX,2026-05-08T03:20:00,2026-05-08T03:55:00,DAL1328-1777954175-fa-921p,A321 
DAL1562-1777954080-fa-813p,2026-05-08T01:33:00,0.4840569266798775,1,0.1107636017015988,replay_quantile@0.22,DL1562,N350DN,DL,ATL,MCO,2026-05-08T03:33:00,2026-05-08T04:24:00,DAL665-1777954193-fa-975p,A321 
DAL27-1777954632-fa-653p,2026-05-08T01:50:00,0.3118771544970228,1,0.1107636017015988,replay_quantile@0.22,DL27,N527DN,DL,ATL,ICN,2026-05-08T03:50:00,2026-05-08T18:58:00,DAL26-1777868130-fa-875p,A359 
DAL36-1777954074-fa-1009p,2026-05-08T02:00:00,0.3118771544970228,1,0.1107636017015988,replay_quantile@0.22,DL36,N844MH,DL,ATL,LHR,2026-05-08T04:00:00,2026-05-08T11:31:00,DAL37-1777954074-fa-1010p,B764 
FDX1245-1778210449-sw-152p,2026-05-08T02:25:00,0.19439755646652196,1,0.1107636017015988,replay_quantile@0.22,FX1245,N677FE,FX,ATL,MEM,2026-05-08T04:25:00,2026-05-08T05:21:00,FDX1245-1778125286-sw-691p,A306 
FFT1450-1777963115-airline-1372p,2026-05-08T04:04:00,0.330330974336979,1,0.1107636017015988,replay_quantile@0.22,F91450,N635FR,F9,DEN,ATL,2026-05-08T06:04:00,2026-05-08T08:25:00,FFT3599-1777960821-airline-1064p,A21N 
UAL1603-1777967750-airline-1305p,2026-05-08T04:10:00,0.05946357494627077,0,0.1107636017015988,replay_quantile@0.22,UA1603,N47370,UA,SFO,ATL,2026-05-08T06:10:00,2026-05-08T10:28:00,UAL1769-1777939429-fa-588p,B38M 
DAL652-1777994915-fa-1331p,2026-05-08T04:45:00,0.08899350310947436,0,0.1107636017015988,replay_quantile@0.22,DL652,N689DL,DL,SEA,ATL,2026-05-08T06:45:00,2026-05-08T10:45:00,DAL834-1777953979-fa-277p,B752 
DAL302-1778040362-fa-122p,2026-05-08T05:06:00,0.07195336483736332,0,0.1107636017015988,replay_quantile@0.22,DL302,N323DN,DL,DEN,ATL,2026-05-08T07:06:00,2026-05-08T09:22:00,DAL643-1777954006-fa-2091p,A321 
DAL690-1777965488-airline-927p,2026-05-08T05:09:00,0.0689159398063836,0,0.1107636017015988,replay_quantile@0.22,DL690,N685DA,DL,SFO,ATL,2026-05-08T07:09:00,2026-05-08T11:08:00,DAL545-1777953963-fa-1540p,B752 
DAL857-1778041484-fa-176p,2026-05-08T05:55:00,0.09945862335653517,0,0.1107636017015988,replay_quantile@0.22,DL857,N588NW,DL,LAS,ATL,2026-05-08T07:55:00,2026-05-08T11:11:00,DAL825-1777955067-fa-72p,B753 
UPS1300-1778173858-sw-1295p,2026-05-08T06:05:00,0.10855020416195209,0,0.1107636017015988,replay_quantile@0.22,5X1300,N462UP,5X,ATL,MIA,2026-05-08T08:05:00,2026-05-08T09:30:00,UPS1300-1778166650-sw-385p,B752 
CLX6105-1778055250-schedule-513p,2026-05-08T06:10:00,0.10966116696548124,0,0.1107636017015988,replay_quantile@0.22,CV6105,LX-TCV,CV,ATL,LUX,2026-05-08T08:10:00,2026-05-08T15:53:00,CLX8-1778192758-sw-44p,B744 
FFT1242-1778046457-airline-307p,2026-05-08T07:15:00,0.1162886825208741,1,0.1107636017015988,replay_quantile@0.22,F91242,N673FR,F9,ATL,MCO,2026-05-08T09:15:00,2026-05-08T10:15:00,FFT4347-1777960821-airline-1153p,A21N 
DAL1269-1778040570-fa-970p,2026-05-08T07:27:00,0.042102979369667747,0,0.1107636017015988,replay_quantile@0.22,DL1269,N348DN,DL,PHL,ATL,2026-05-08T09:27:00,2026-05-08T11:14:00,DAL2642-1777954120-fa-670p,A321 
DAL2966-1778041501-fa-91p,2026-05-08T07:30:00,0.04101666212201668,0,0.1107636017015988,replay_quantile@0.22,DL2966,N6707A,DL,ORF,ATL,2026-05-08T09:30:00,2026-05-08T11:01:00,DAL2329-1777955084-fa-1188p,B752 
DAL1382-1778041095-fa-359p,2026-05-08T07:40:00,0.05349705365131275,0,0.1107636017015988,replay_quantile@0.22,DL1382,N3752,DL,BTV,ATL,2026-05-08T09:40:00,2026-05-08T12:01:00,DAL1027-1777954647-fa-832p,B738 
UAL641-1778014309-fa-1180p,2026-05-08T07:40:00,0.03660663833132693,0,0.1107636017015988,replay_quantile@0.22,UA641,N811UA,UA,ATL,IAD,2026-05-08T09:40:00,2026-05-08T11:09:00,UAL1635-1777958158-fa-683p,A319 
DAL1168-1778040472-fa-58p,2026-05-08T07:40:00,0.028611464603857755,0,0.1107636017015988,replay_quantile@0.22,DL1168,N317DN,DL,FLL,ATL,2026-05-08T09:40:00,2026-05-08T11:07:00,DAL1107-1777954207-fa-1194p,A321 
DAL2242-1778040602-fa-588p,2026-05-08T07:45:00,0.05038602194229989,0,0.1107636017015988,replay_quantile@0.22,DL2242,N361DN,DL,BOS,ATL,2026-05-08T09:45:00,2026-05-08T12:14:00,DAL2269-1777954254-fa-449p,A321 
DAL3186-1778041618-fa-935p,2026-05-08T07:45:00,0.02089538560234615,0,0.1107636017015988,replay_quantile@0.22,DL3186,N948AT,DL,CLT,ATL,2026-05-08T09:45:00,2026-05-08T10:32:00,DAL2132-1777955133-fa-191p,B712 
DAL1385-1778041503-fa-704p,2026-05-08T07:45:00,0.011462667818167545,0,0.1107636017015988,replay_quantile@0.22,DL1385,N709TW,DL,RSW,ATL,2026-05-08T09:45:00,2026-05-08T11:10:00,DAL1217-1777955085-fa-866p,B752 
DAL1460-1778040565-fa-141p,2026-05-08T07:48:00,0.04101666212201668,0,0.1107636017015988,replay_quantile@0.22,DL1460,N352DN,DL,RIC,ATL,2026-05-08T09:48:00,2026-05-08T11:06:00,DAL1263-1777954134-fa-4276p,A321 
DAL1504-1778041179-fa-817p,2026-05-08T07:50:00,0.011462667818167545,0,0.1107636017015988,replay_quantile@0.22,DL1504,N891DN,DL,PIT,ATL,2026-05-08T09:50:00,2026-05-08T11:12:00,DAL1351-1777954835-fa-197p,B739 
SKW3758-1777982238-fa-614p,2026-05-08T07:55:00,0.02614068441064639,0,0.1107636017015988,replay_quantile@0.22,OO3758,N268SY,OO,OAJ,ATL,2026-05-08T09:55:00,2026-05-08T11:09:00,SKW3939-1777956924-airline-740p,E75L 
DAL2953-1778040702-fa-44p,2026-05-08T07:56:00,0.027213251670378618,0,0.1107636017015988,replay_quantile@0.22,DL2953,N336NB,DL,MLB,ATL,2026-05-08T09:56:00,2026-05-08T11:03:00,DAL2435-1777954407-fa-988p,A319 
EDV5349-1778011676-fa-1033p,2026-05-08T07:58:00,0.04477611940298507,0,0.1107636017015988,replay_quantile@0.22,9E5349,N924XJ,9E,CHO,ATL,2026-05-08T09:58:00,2026-05-08T11:16:00,EDV5206-1777959449-fa-3870p,CRJ9 
FFT2510-1778046457-airline-563p,2026-05-08T08:00:00,0.1305571690273,1,0.1107636017015988,replay_quantile@0.22,F92510,N640FR,F9,ATL,BWI,2026-05-08T10:00:00,2026-05-08T11:22:00,FFT2509-1777963115-airline-1573p,A21N 
FFT4601-1778054671-airline-108p,2026-05-08T08:05:00,0.3493483758023731,1,0.1107636017015988,replay_quantile@0.22,F94601,N380FR,F9,EWR,ATL,2026-05-08T10:05:00,2026-05-08T12:01:00,FFT4602-1777960821-airline-1188p,A20N 
DAL2184-1778041644-fa-698p,2026-05-08T08:05:00,0.015716680637049455,0,0.1107636017015988,replay_quantile@0.22,DL2184,N607AT,DL,LEX,ATL,2026-05-08T10:05:00,2026-05-08T11:12:00,DAL2213-1777955142-fa-2174p,B712 
JIA5050-1778051710-airline-448p,2026-05-08T08:10:00,0.18666021986970685,1,0.1107636017015988,replay_quantile@0.22,OH5050,N590NN,OH,ATL,DCA,2026-05-08T10:10:00,2026-05-08T11:17:00,JIA5253-1777958659-airline-1263p,CRJ9 
FFT3512-1778046457-airline-806p,2026-05-08T08:10:00,0.1467644845748683,1,0.1107636017015988,replay_quantile@0.22,F93512,N369FR,F9,ATL,BOS,2026-05-08T10:10:00,2026-05-08T11:55:00,FFT1157-1777963115-airline-1302p,A20N 
JBU696-1778043091-airline-49p,2026-05-08T08:10:00,0.09789156626506024,0,0.1107636017015988,replay_quantile@0.22,B6696,N645JB,B6,ATL,BOS,2026-05-08T10:10:00,2026-05-08T12:02:00,JBU1798-1777965984-airline-1020p,A320 
AAL3150-1778046028-airline-555p,2026-05-08T08:10:00,0.0872515462679397,0,0.1107636017015988,replay_quantile@0.22,AA3150,N939NN,AA,ATL,MIA,2026-05-08T10:10:00,2026-05-08T11:30:00,AAL659-1777965333-airline-1927p,B738 
DAL2353-1778040478-fa-1571p,2026-05-08T08:10:00,0.08098137900990834,0,0.1107636017015988,replay_quantile@0.22,DL2353,N355DN,DL,EWR,ATL,2026-05-08T10:10:00,2026-05-08T12:12:00,DAL2527-1777954203-fa-975p,A321 
UAL299-1777990024-fa-1974p,2026-05-08T08:10:00,0.0772815092624162,0,0.1107636017015988,replay_quantile@0.22,UA299,N37445,UA,ATL,EWR,2026-05-08T10:10:00,2026-05-08T11:44:00,UAL1287-1777968250-airline-1496p,B39M 
EDV5462-1778033570-fa-24p,2026-05-08T08:10:00,0.0689159398063836,0,0.1107636017015988,replay_quantile@0.22,9E5462,N922XJ,9E,FAY,ATL,2026-05-08T10:10:00,2026-05-08T11:18:00,EDV5515-1777956924-airline-734p,CRJ9 
DAL1515-1778040585-fa-989p,2026-05-08T08:10:00,0.06644576982549151,0,0.1107636017015988,replay_quantile@0.22,DL1515,N354DN,DL,PWM,ATL,2026-05-08T10:10:00,2026-05-08T12:43:00,DAL1241-1777954230-fa-853p,A321 
EDV4632-1778045830-airline-1231p,2026-05-08T08:10:00,0.06644576982549151,0,0.1107636017015988,replay_quantile@0.22,9E4632,N153PQ,9E,FWA,ATL,2026-05-08T10:10:00,2026-05-08T11:25:00,EDV4657-1777962646-airline-1121p,CRJ9 
DAL2379-1778041613-fa-472p,2026-05-08T08:10:00,0.05946357494627077,0,0.1107636017015988,replay_quantile@0.22,DL2379,N945AT,DL,HPN,ATL,2026-05-08T10:10:00,2026-05-08T12:14:00,DAL1616-1777955130-fa-862p,B712 
DAL2818-1778040727-fa-422p,2026-05-08T08:10:00,0.05946357494627077,0,0.1107636017015988,replay_quantile@0.22,DL2818,N325NB,DL,ROA,ATL,2026-05-08T10:10:00,2026-05-08T11:14:00,DAL2372-1777954397-fa-1523p,A319 
DAL404-1778040347-fa-7p,2026-05-08T08:10:00,0.05725833614011452,0,0.1107636017015988,replay_quantile@0.22,DL404,N107DN,DL,ATL,LGA,2026-05-08T10:10:00,2026-05-08T11:38:00,DAL1348-1777954325-fa-291p,A321 
DAL1249-1778041497-fa-15p,2026-05-08T08:10:00,0.0522695476449557,0,0.1107636017015988,replay_quantile@0.22,DL1249,N6713Y,DL,MIA,ATL,2026-05-08T10:10:00,2026-05-08T11:38:00,DAL1588-1777955084-fa-1187p,B752 
EDV4661-1777988244-fa-2853p,2026-05-08T08:10:00,0.0522695476449557,0,0.1107636017015988,replay_quantile@0.22,9E4661,N297PQ,9E,CRW,ATL,2026-05-08T10:10:00,2026-05-08T11:16:00,EDV5105-1777937767-fa-550p,CRJ9 
DAL1023-1778040668-fa-1401p,2026-05-08T08:10:00,0.05038602194229989,0,0.1107636017015988,replay_quantile@0.22,DL1023,N344NB,DL,PVD,ATL,2026-05-08T10:10:00,2026-05-08T12:37:00,DAL2064-1777954424-fa-1612p,A319 
SKW4107-1778020182-fa-2345p,2026-05-08T08:10:00,0.042102979369667747,0,0.1107636017015988,replay_quantile@0.22,OO4107,N309SY,OO,SBN,ATL,2026-05-08T10:10:00,2026-05-08T11:49:00,SKW4109-1777945191-fa-1599p,E75L 
DAL1255-1778041673-fa-736p,2026-05-08T08:10:00,0.04101666212201668,0,0.1107636017015988,replay_quantile@0.22,DL1255,N929AT,DL,MDT,ATL,2026-05-08T10:10:00,2026-05-08T11:51:00,DAL1283-1777955152-fa-151p,B712 
DAL1108-1778040560-fa-7p,2026-05-08T08:10:00,0.03983455719720428,0,0.1107636017015988,replay_quantile@0.22,DL1108,N346DN,DL,SYR,ATL,2026-05-08T10:10:00,2026-05-08T12:14:00,DAL2123-1777954162-fa-230p,A321 
DAL410-1778040844-fa-1363p,2026-05-08T08:10:00,0.03660663833132693,0,0.1107636017015988,replay_quantile@0.22,DL410,N357NW,DL,DCA,ATL,2026-05-08T10:10:00,2026-05-08T11:34:00,DAL537-1777954496-fa-910p,A320 
DAL3105-1778040776-fa-273p,2026-05-08T08:10:00,0.03407691579047077,0,0.1107636017015988,replay_quantile@0.22,DL3105,N353NW,DL,IND,ATL,2026-05-08T10:10:00,2026-05-08T11:11:00,DAL3153-1777954474-fa-1246p,A320 
DAL550-1778040643-fa-115p,2026-05-08T08:10:00,0.03407691579047077,0,0.1107636017015988,replay_quantile@0.22,DL550,N384DN,DL,LGA,ATL,2026-05-08T10:10:00,2026-05-08T12:09:00,DAL2519-1777954039-fa-927p,A321 
DAL1200-1778040594-fa-1953p,2026-05-08T08:10:00,0.02966784908094162,0,0.1107636017015988,replay_quantile@0.22,DL1200,N344DN,DL,ROC,ATL,2026-05-08T10:10:00,2026-05-08T12:06:00,DAL2472-1777954243-fa-673p,A321 
DAL2933-1778041195-fa-25p,2026-05-08T08:10:00,0.028611464603857755,0,0.1107636017015988,replay_quantile@0.22,DL2933,N839DN,DL,BDL,ATL,2026-05-08T10:10:00,2026-05-08T12:20:00,DAL2765-1777954824-fa-790p,B739 
RPA4595-1778052213-airline-730p,2026-05-08T08:10:00,0.028611464603857755,0,0.1107636017015988,replay_quantile@0.22,YX4595,N112HQ,YX,LGA,ATL,2026-05-08T10:10:00,2026-05-08T12:02:00,RPA4414-1777958754-airline-965p,E75S 
DAL2950-1778040600-fa-738p,2026-05-08T08:10:00,0.025967908140733107,0,0.1107636017015988,replay_quantile@0.22,DL2950,N334DN,DL,BWI,ATL,2026-05-08T10:10:00,2026-05-08T11:42:00,DAL2590-1777954216-fa-1016p,A321 
DAL2734-1778041190-fa-44p,2026-05-08T08:10:00,0.02574202688227773,0,0.1107636017015988,replay_quantile@0.22,DL2734,N911DQ,DL,CLE,ATL,2026-05-08T10:10:00,2026-05-08T11:38:00,DAL2150-1777954786-fa-1063p,B739 
RPA4782-1778051710-airline-204p,2026-05-08T08:10:00,0.023605150214592276,0,0.1107636017015988,replay_quantile@0.22,YX4782,N137HQ,YX,DCA,ATL,2026-05-08T10:10:00,2026-05-08T11:31:00,RPA4781-1777956639-airline-598p,E75S 
DAL1376-1778040534-fa-859p,2026-05-08T08:10:00,0.02278018717187857,0,0.1107636017015988,replay_quantile@0.22,DL1376,N364DX,DL,PBI,ATL,2026-05-08T10:10:00,2026-05-08T11:32:00,DAL1065-1777954190-fa-892p,A321 
DAL2407-1778041119-fa-96p,2026-05-08T08:10:00,0.02089538560234615,0,0.1107636017015988,replay_quantile@0.22,DL2407,N3763D,DL,SDF,ATL,2026-05-08T10:10:00,2026-05-08T11:02:00,DAL3093-1777954745-fa-394p,B738 
DAL1499-1778041173-fa-1812p,2026-05-08T08:10:00,0.02076670681563317,0,0.1107636017015988,replay_quantile@0.22,DL1499,N820DN,DL,SRQ,ATL,2026-05-08T10:10:00,2026-05-08T11:23:00,DAL1057-1777954774-fa-5210p,B739 
DAL3162-1778041247-fa-670p,2026-05-08T08:10:00,0.019492293744333634,0,0.1107636017015988,replay_quantile@0.22,DL3162,N872DN,DL,MYR,ATL,2026-05-08T10:10:00,2026-05-08T11:01:00,DAL3074-1777954771-fa-887p,B739 
DAL3154-1778041352-fa-448p,2026-05-08T08:10:00,0.018873720136518772,0,0.1107636017015988,replay_quantile@0.22,DL3154,N950DZ,DL,DAB,ATL,2026-05-08T10:10:00,2026-05-08T11:09:00,DAL3034-1777954935-fa-1108p,B739 
DAL3140-1778041668-fa-50p,2026-05-08T08:10:00,0.011359133535860523,0,0.1107636017015988,replay_quantile@0.22,DL3140,N717JL,DL,DAY,ATL,2026-05-08T10:10:00,2026-05-08T11:25:00,DAL3167-1777955150-fa-1506p,B712 
DAL3187-1778041628-fa-14p,2026-05-08T08:10:00,0.011359133535860523,0,0.1107636017015988,replay_quantile@0.22,DL3187,N906AT,DL,ILM,ATL,2026-05-08T10:10:00,2026-05-08T11:18:00,DAL3070-1777955140-fa-1710p,B712 
FFT2399-1778046457-airline-531p,2026-05-08T08:13:00,0.17452252415732888,1,0.1107636017015988,replay_quantile@0.22,F92399,N635FR,F9,ATL,IAH,2026-05-08T10:13:00,2026-05-08T12:07:00,FFT1450-1777963115-airline-1372p,A21N 
EDV5255-1778043949-airline-1525p,2026-05-08T08:13:00,0.03709898372041161,0,0.1107636017015988,replay_quantile@0.22,9E5255,N181GJ,9E,VLD,ATL,2026-05-08T10:13:00,2026-05-08T11:01:00,EDV5443-1777959953-airline-487p,CRJ9 
AAL2770-1778049897-airline-504p,2026-05-08T08:14:00,0.052474761637689285,0,0.1107636017015988,replay_quantile@0.22,AA2770,N819NN,AA,ATL,OKC,2026-05-08T10:14:00,2026-05-08T12:34:00,AAL1539-1777966432-airline-1125p,B738 
FFT2173-1778046457-airline-493p,2026-05-08T08:15:00,0.1172872010903234,1,0.1107636017015988,replay_quantile@0.22,F92173,N665FR,F9,FLL,ATL,2026-05-08T10:15:00,2026-05-08T11:48:00,FFT2174-1777963115-airline-1497p,A21N 
SWA3113-1778049928-airline-463p,2026-05-08T08:15:00,0.042102979369667747,0,0.1107636017015988,replay_quantile@0.22,WN3113,N8655D,WN,ATL,HOU,2026-05-08T10:15:00,2026-05-08T12:11:00,SWA542-1777958094-airline-283p,B738 
DAL2440-1778041464-fa-642p,2026-05-08T08:15:00,0.028611464603857755,0,0.1107636017015988,replay_quantile@0.22,DL2440,N684DA,DL,JAX,ATL,2026-05-08T10:15:00,2026-05-08T11:03:00,DAL1001-1777955086-fa-1449p,B752 
DAL2469-1778041255-fa-714p,2026-05-08T08:15:00,0.027213251670378618,0,0.1107636017015988,replay_quantile@0.22,DL2469,N877DN,DL,CMH,ATL,2026-05-08T10:15:00,2026-05-08T11:30:00,DAL1459-1777954837-fa-1470p,B739 
DAL2127-1778040844-fa-1365p,2026-05-08T08:18:00,0.04696156671356183,0,0.1107636017015988,replay_quantile@0.22,DL2127,N360NW,DL,IAD,ATL,2026-05-08T10:18:00,2026-05-08T11:42:00,DAL1309-1777954504-fa-1272p,A320 
SWA245-1778055675-airline-1674p,2026-05-08T08:20:00,0.1151597817614965,1,0.1107636017015988,replay_quantile@0.22,WN245,N8619F,WN,ATL,LAS,2026-05-08T10:20:00,2026-05-08T14:07:00,SWA1837-1777959632-airline-1233p,B738 
JIA5348-1778045931-airline-3672p,2026-05-08T08:20:00,0.0747827136648962,0,0.1107636017015988,replay_quantile@0.22,OH5348,N566NN,OH,ATL,PHL,2026-05-08T10:20:00,2026-05-08T11:42:00,JIA5560-1777960296-airline-1320p,CRJ9 
RPA4570-1778052213-airline-701p,2026-05-08T08:20:00,0.0746744847805467,0,0.1107636017015988,replay_quantile@0.22,YX4570,N129HQ,YX,ATL,LGA,2026-05-08T10:20:00,2026-05-08T12:03:00,RPA4574-1777958754-airline-1519p,E75S 
DAL2429-1778040527-fa-359p,2026-05-08T08:20:00,0.05650722331429998,0,0.1107636017015988,replay_quantile@0.22,DL2429,N337DN,DL,ALB,ATL,2026-05-08T10:20:00,2026-05-08T12:38:00,DAL2584-1777954189-fa-288p,A321 
FFT4797-1778054671-airline-139p,2026-05-08T08:25:00,0.1523089517022199,1,0.1107636017015988,replay_quantile@0.22,F94797,N715FR,F9,RDU,ATL,2026-05-08T10:25:00,2026-05-08T11:22:00,FFT1670-1777963115-airline-1416p,A321 
DAL2664-1778040383-fa-182p,2026-05-08T08:25:00,0.09016480407412646,0,0.1107636017015988,replay_quantile@0.22,DL2664,N392DN,DL,BUF,ATL,2026-05-08T10:25:00,2026-05-08T12:14:00,DAL2334-1777954036-fa-628p,A321 
DAL2662-1778040841-fa-8p,2026-05-08T08:25:00,0.05349705365131275,0,0.1107636017015988,replay_quantile@0.22,DL2662,N366NW,DL,YYZ,ATL,2026-05-08T10:25:00,2026-05-08T12:17:00,DAL2422-1777954489-fa-1014p,A320 
SWA2629-1778055675-airline-1881p,2026-05-08T08:25:00,0.04794745484400657,0,0.1107636017015988,replay_quantile@0.22,WN2629,N8925Q,WN,ATL,AUS,2026-05-08T10:25:00,2026-05-08T12:33:00,SWA2291-1777961333-airline-610p,B38M 
DAL1611-1778040333-fa-632p,2026-05-08T08:25:00,0.030237133685409555,0,0.1107636017015988,replay_quantile@0.22,DL1611,N6708D,DL,DTW,ATL,2026-05-08T10:25:00,2026-05-08T11:59:00,DAL573-1777953968-fa-1186p,B752 
DAL2124-1778041129-fa-65p,2026-05-08T08:25:00,0.030237133685409555,0,0.1107636017015988,replay_quantile@0.22,DL2124,N906DN,DL,CHS,ATL,2026-05-08T10:25:00,2026-05-08T11:09:00,DAL2525-1777954750-fa-573p,B739 
DAL2453-1778041133-fa-83p,2026-05-08T08:25:00,0.026723396118175733,0,0.1107636017015988,replay_quantile@0.22,DL2453,N863DN,DL,GRR,ATL,2026-05-08T10:25:00,2026-05-08T11:56:00,DAL1711-1777954780-fa-1006p,B739 
DAL1979-1778041464-fa-641p,2026-05-08T08:25:00,0.011462667818167545,0,0.1107636017015988,replay_quantile@0.22,DL1979,N608AT,DL,BHM,ATL,2026-05-08T10:25:00,2026-05-08T11:04:00,DAL2034-1777955136-fa-1311p,B712 
DAL1237-1778040767-fa-1161p,2026-05-08T08:30:00,0.10855020416195209,0,0.1107636017015988,replay_quantile@0.22,DL1237,N362NB,DL,FSD,ATL,2026-05-08T10:30:00,2026-05-08T12:23:00,DAL1694-1777954440-fa-450p,A319 
DAL2691-1778040819-fa-344p,2026-05-08T08:30:00,0.10165879973027646,0,0.1107636017015988,replay_quantile@0.22,DL2691,N371NW,DL,GRB,ATL,2026-05-08T10:30:00,2026-05-08T12:12:00,DAL2948-1777954490-fa-345p,A320 
FFT1263-1778046457-airline-315p,2026-05-08T08:30:00,0.09016480407412646,0,0.1107636017015988,replay_quantile@0.22,F91263,N371FR,F9,DTW,ATL,2026-05-08T10:30:00,2026-05-08T12:00:00,FFT2900-1777960821-airline-931p,A20N 
UAL1259-1778025819-fa-52p,2026-05-08T08:30:00,0.0788256227758007,0,0.1107636017015988,replay_quantile@0.22,UA1259,N17346,UA,ATL,SFO,2026-05-08T10:30:00,2026-05-08T15:23:00,UAL1305-1777939521-fa-2461p,B38M 
SWA2647-1778055675-airline-1906p,2026-05-08T08:30:00,0.05946357494627077,0,0.1107636017015988,replay_quantile@0.22,WN2647,N7843A,WN,ATL,DEN,2026-05-08T10:30:00,2026-05-08T13:36:00,SWA485-1777958094-airline-232p,B737 
DAL1364-1778040333-fa-637p,2026-05-08T08:30:00,0.04477611940298507,0,0.1107636017015988,replay_quantile@0.22,DL1364,N699DL,DL,ORF,ATL,2026-05-08T10:30:00,2026-05-08T12:01:00,DAL2338-1777953968-fa-735p,B752 
DAL1062-1778040345-fa-21p,2026-05-08T08:30:00,0.030237133685409555,0,0.1107636017015988,replay_quantile@0.22,DL1062,N690DL,DL,MSP,ATL,2026-05-08T10:30:00,2026-05-08T12:28:00,DAL1280-1777955083-fa-2020p,B752 
DAL1547-1778041226-fa-47p,2026-05-08T08:30:00,0.023617444171635686,0,0.1107636017015988,replay_quantile@0.22,DL1547,N855DN,DL,MSY,ATL,2026-05-08T10:30:00,2026-05-08T11:28:00,DAL2224-1777954851-fa-676p,B739 
DAL2637-1778041613-fa-481p,2026-05-08T08:30:00,0.011462667818167545,0,0.1107636017015988,replay_quantile@0.22,DL2637,N946AT,DL,BNA,ATL,2026-05-08T10:30:00,2026-05-08T11:06:00,DAL3121-1777955130-fa-873p,B712 
EDV5403-1778044623-airline-1597p,2026-05-08T08:32:00,0.03709898372041161,0,0.1107636017015988,replay_quantile@0.22,9E5403,N308PQ,9E,CSG,ATL,2026-05-08T10:32:00,2026-05-08T11:09:00,EDV5429-1777941757-fa-1472p,CRJ9 
DAL1221-1778040616-fa-61p,2026-05-08T08:33:00,0.02089538560234615,0,0.1107636017015988,replay_quantile@0.22,DL1221,N114DN,DL,MKE,ATL,2026-05-08T10:33:00,2026-05-08T12:04:00,DAL2388-1777954288-fa-1515p,A321 
DAL1565-1778041087-fa-726p,2026-05-08T08:35:00,0.02966784908094162,0,0.1107636017015988,replay_quantile@0.22,DL1565,N838DN,DL,LIT,ATL,2026-05-08T10:35:00,2026-05-08T11:40:00,DAL2701-1777954707-fa-62p,B739 
DAL1073-1778040381-fa-537p,2026-05-08T08:35:00,0.026723396118175733,0,0.1107636017015988,replay_quantile@0.22,DL1073,N391DN,DL,SAT,ATL,2026-05-08T10:35:00,2026-05-08T12:23:00,DAL2893-1777954337-fa-1721p,A321 
DAL1344-1778040439-fa-125p,2026-05-08T08:35:00,0.023605150214592276,0,0.1107636017015988,replay_quantile@0.22,DL1344,N363DN,DL,AUS,ATL,2026-05-08T10:35:00,2026-05-08T12:15:00,DAL1335-1777954181-fa-4162p,A321 
DAL3020-1778041628-fa-17p,2026-05-08T08:35:00,0.018873720136518772,0,0.1107636017015988,replay_quantile@0.22,DL3020,N925AT,DL,HSV,ATL,2026-05-08T10:35:00,2026-05-08T11:06:00,DAL3022-1777955148-fa-1014p,B712 
EDV4961-1778012373-fa-2039p,2026-05-08T08:37:00,0.04794745484400657,0,0.1107636017015988,replay_quantile@0.22,9E4961,N292PQ,9E,ABE,ATL,2026-05-08T10:37:00,2026-05-08T12:29:00,EDV4971-1777962646-airline-1111p,CRJ9 
DAL2727-1778041673-fa-742p,2026-05-08T08:37:00,0.018873720136518772,0,0.1107636017015988,replay_quantile@0.22,DL2727,N923AT,DL,DSM,ATL,2026-05-08T10:37:00,2026-05-08T12:09:00,DAL2306-1777955153-fa-128p,B712 
DAL1192-1778041245-fa-603p,2026-05-08T08:38:00,0.018873720136518772,0,0.1107636017015988,replay_quantile@0.22,DL1192,N868DN,DL,RDU,ATL,2026-05-08T10:38:00,2026-05-08T11:40:00,DAL489-1777954831-fa-860p,B739 
FFT3287-1778046457-airline-740p,2026-05-08T08:39:00,0.2185076223589195,1,0.1107636017015988,replay_quantile@0.22,F93287,N609FR,F9,LGA,ATL,2026-05-08T10:39:00,2026-05-08T12:49:00,FFT3288-1777960821-airline-1002p,A21N 
DAL2286-1778041442-fa-1058p,2026-05-08T08:39:00,0.051103988603988605,0,0.1107636017015988,replay_quantile@0.22,DL2286,N586DT,DL,JFK,ATL,2026-05-08T10:39:00,2026-05-08T12:38:00,DAL697-1777955022-fa-111p,A21N 
FFT2551-1778046457-airline-571p,2026-05-08T08:40:00,0.1590411957710536,1,0.1107636017015988,replay_quantile@0.22,F92551,N711FR,F9,PHL,ATL,2026-05-08T10:40:00,2026-05-08T12:27:00,FFT1578-1777963115-airline-1402p,A321 
DAL1436-1778040826-fa-76p,2026-05-08T08:40:00,0.07195336483736332,0,0.1107636017015988,replay_quantile@0.22,DL1436,N372NW,DL,ATW,ATL,2026-05-08T10:40:00,2026-05-08T12:21:00,DAL2945-1777954492-fa-183p,A320 
DAL401-1778040546-fa-1777p,2026-05-08T08:40:00,0.04696156671356183,0,0.1107636017015988,replay_quantile@0.22,DL401,N342DN,DL,DFW,ATL,2026-05-08T10:40:00,2026-05-08T12:15:00,DAL818-1777954198-fa-2735p,A321 
DAL1264-1778040447-fa-12p,2026-05-08T08:40:00,0.042102979369667747,0,0.1107636017015988,replay_quantile@0.22,DL1264,N306DN,DL,ORD,ATL,2026-05-08T10:40:00,2026-05-08T12:04:00,DAL1199-1777954090-fa-829p,A321 
UAL745-1778025919-fa-32p,2026-05-08T08:40:00,0.04101666212201668,0,0.1107636017015988,replay_quantile@0.22,UA745,N24706,UA,EWR,ATL,2026-05-08T10:40:00,2026-05-08T12:49:00,UAL2186-1777960140-airline-1127p,B737 
DAL1215-1778040444-fa-10p,2026-05-08T08:40:00,0.03709898372041161,0,0.1107636017015988,replay_quantile@0.22,DL1215,N353DN,DL,FLL,ATL,2026-05-08T10:40:00,2026-05-08T12:05:00,DAL1229-1777954084-fa-524p,A321 
DAL1136-1778040744-fa-1404p,2026-05-08T08:40:00,0.028611464603857755,0,0.1107636017015988,replay_quantile@0.22,DL1136,N314NB,DL,OMA,ATL,2026-05-08T10:40:00,2026-05-08T12:16:00,DAL2010-1777954416-fa-1974p,A319 
DAL1624-1778041649-fa-611p,2026-05-08T08:40:00,0.023605150214592276,0,0.1107636017015988,replay_quantile@0.22,DL1624,N893AT,DL,MEM,ATL,2026-05-08T10:40:00,2026-05-08T11:30:00,DAL2534-1777955143-fa-1185p,B712 
DAL1726-1778041471-fa-1264p,2026-05-08T08:43:00,0.02089538560234615,0,0.1107636017015988,replay_quantile@0.22,DL1726,N822DX,DL,TPA,ATL,2026-05-08T10:43:00,2026-05-08T11:44:00,DAL1591-1777953981-fa-388p,B752 
FFT1441-1778239047-airline-1496p,2026-05-08T08:45:00,0.1866118444781072,1,0.1107636017015988,replay_quantile@0.22,F91441,N656FR,F9,ATL,ORD,2026-05-08T10:45:00,2026-05-08T12:29:00,FFT2539-1777963115-airline-1582p,A21N 
FFT1441-1778046457-airline-354p,2026-05-08T08:45:00,0.0872515462679397,0,0.1107636017015988,replay_quantile@0.22,F91441,N656FR,F9,ATL,ATL,2026-05-08T10:45:00,2026-05-08T12:21:00,FFT2539-1777963115-airline-1582p,A21N 
FFT1168-1778046457-airline-296p,2026-05-08T08:45:00,0.07195336483736332,0,0.1107636017015988,replay_quantile@0.22,F91168,N622FR,F9,ATL,RDU,2026-05-08T10:45:00,2026-05-08T11:41:00,FFT2717-1777960821-airline-909p,A21N 
DAL1152-1778040457-fa-1007p,2026-05-08T08:45:00,0.03709898372041161,0,0.1107636017015988,replay_quantile@0.22,DL1152,N328DN,DL,PHL,ATL,2026-05-08T10:45:00,2026-05-08T12:34:00,DAL2065-1777954106-fa-1453p,A321 
DAL3041-1778041676-fa-410p,2026-05-08T08:45:00,0.02089538560234615,0,0.1107636017015988,replay_quantile@0.22,DL3041,N937AT,DL,JAN,ATL,2026-05-08T10:45:00,2026-05-08T11:42:00,DAL3117-1777955153-fa-981p,B712 
DAL1702-1778041330-fa-956p,2026-05-08T08:46:00,0.03709898372041161,0,0.1107636017015988,replay_quantile@0.22,DL1702,N962DZ,DL,SAV,ATL,2026-05-08T10:46:00,2026-05-08T11:27:00,DAL2425-1777954911-fa-947p,B739 
DAL3181-1778041630-fa-19p,2026-05-08T08:48:00,0.03580259633216567,0,0.1107636017015988,replay_quantile@0.22,DL3181,N935AT,DL,GNV,ATL,2026-05-08T10:48:00,2026-05-08T11:39:00,DAL3079-1777955133-fa-676p,B712 
DAL1402-1778040336-fa-1084p,2026-05-08T08:49:00,0.03264864864864865,0,0.1107636017015988,replay_quantile@0.22,DL1402,N544US,DL,RIC,ATL,2026-05-08T10:49:00,2026-05-08T12:10:00,DAL1175-1777953968-fa-1190p,B752 
DAL1204-1778041346-fa-168p,2026-05-08T08:49:00,0.02089538560234615,0,0.1107636017015988,replay_quantile@0.22,DL1204,N948DZ,DL,MCI,ATL,2026-05-08T10:49:00,2026-05-08T12:13:00,DAL2911-1777954928-fa-1542p,B739 
DAL1184-1778040863-fa-12p,2026-05-08T08:50:00,0.023605150214592276,0,0.1107636017015988,replay_quantile@0.22,DL1184,N358NW,DL,OKC,ATL,2026-05-08T10:50:00,2026-05-08T12:28:00,DAL2423-1777954522-fa-286p,A320 
DAL3004-1778041630-fa-29p,2026-05-08T08:50:00,0.02076670681563317,0,0.1107636017015988,replay_quantile@0.22,DL3004,N924AT,DL,GSO,ATL,2026-05-08T10:50:00,2026-05-08T11:45:00,DAL3005-1777955150-fa-1519p,B712 
DAL3061-1778041662-fa-804p,2026-05-08T08:50:00,0.015716680637049455,0,0.1107636017015988,replay_quantile@0.22,DL3061,N983AT,DL,CAE,ATL,2026-05-08T10:50:00,2026-05-08T11:29:00,DAL3008-1777955147-fa-1228p,B712 
DAL1160-1778041647-fa-1326p,2026-05-08T08:53:00,0.013656590455731163,0,0.1107636017015988,replay_quantile@0.22,DL1160,N978AT,DL,MSN,ATL,2026-05-08T10:53:00,2026-05-08T12:36:00,DAL2144-1777955143-fa-1176p,B712 
DAL2216-1778041620-fa-543p,2026-05-08T08:54:00,0.02089538560234615,0,0.1107636017015988,replay_quantile@0.22,DL2216,N970AT,DL,ICT,ATL,2026-05-08T10:54:00,2026-05-08T12:38:00,DAL2959-1777955133-fa-660p,B712 
FFT1404-1778046457-airline-345p,2026-05-08T08:55:00,0.10966116696548124,0,0.1107636017015988,replay_quantile@0.22,F91404,N630FR,F9,IAH,ATL,2026-05-08T10:55:00,2026-05-08T12:22:00,FFT4075-1777958344-airline-248p,A21N 
FFT2633-1778046457-airline-586p,2026-05-08T08:55:00,0.08003691700113763,0,0.1107636017015988,replay_quantile@0.22,F92633,N645FR,F9,BWI,ATL,2026-05-08T10:55:00,2026-05-08T12:33:00,FFT4712-1777960821-airline-1206p,A21N 
DAL2518-1778040987-fa-2193p,2026-05-08T08:55:00,0.052474761637689285,0,0.1107636017015988,replay_quantile@0.22,DL2518,N3757D,DL,CID,ATL,2026-05-08T10:55:00,2026-05-08T12:22:00,DAL2626-1777954641-fa-1652p,B738 
SWA207-1778045830-airline-1034p,2026-05-08T08:55:00,0.042102979369667747,0,0.1107636017015988,replay_quantile@0.22,WN207,N8686A,WN,ATL,BWI,2026-05-08T10:55:00,2026-05-08T12:18:00,SWA3892-1777959727-airline-528p,B738 
DAL3039-1778041628-fa-51p,2026-05-08T08:55:00,0.03407691579047077,0,0.1107636017015988,replay_quantile@0.22,DL3039,N966AT,DL,CHA,ATL,2026-05-08T10:55:00,2026-05-08T11:27:00,DAL1366-1777955134-fa-944p,B712 
DAL1146-1778041237-fa-5p,2026-05-08T08:55:00,0.019105026563138536,0,0.1107636017015988,replay_quantile@0.22,DL1146,N861DN,DL,GSP,ATL,2026-05-08T10:55:00,2026-05-08T11:28:00,DAL2281-1777954774-fa-2398p,B739 
DAL1361-1778040497-fa-528p,2026-05-08T08:55:00,0.019105026563138536,0,0.1107636017015988,replay_quantile@0.22,DL1361,N311DN,DL,RSW,ATL,2026-05-08T10:55:00,2026-05-08T12:22:00,DAL1736-1777954170-fa-235p,A321 
DAL1383-1778040650-fa-773p,2026-05-08T08:56:00,0.023605150214592276,0,0.1107636017015988,replay_quantile@0.22,DL1383,N373DX,DL,PIT,ATL,2026-05-08T10:56:00,2026-05-08T12:21:00,DAL2583-1777954322-fa-686p,A321 
EDV4691-1777991604-fa-459p,2026-05-08T08:58:00,0.028611464603857755,0,0.1107636017015988,replay_quantile@0.22,9E4691,N303PQ,9E,ABY,ATL,2026-05-08T10:58:00,2026-05-08T11:36:00,EDV5129-1777939954-fa-321p,CRJ9 
EDV4699-1777987570-fa-2807p,2026-05-08T09:00:00,0.05946357494627077,0,0.1107636017015988,replay_quantile@0.22,9E4699,N921XJ,9E,AGS,ATL,2026-05-08T11:00:00,2026-05-08T11:36:00,EDV5358-1777959901-fa-179p,CRJ9 
AAL2132-1778053491-airline-852p,2026-05-08T09:02:00,0.06644576982549151,0,0.1107636017015988,replay_quantile@0.22,AA2132,N3014R,AA,ATL,ORD,2026-05-08T11:02:00,2026-05-08T12:53:00,AAL2779-1777959569-airline-1422p,A319 
FFT2409-1778046457-airline-535p,2026-05-08T09:04:00,0.24444198344361692,1,0.1107636017015988,replay_quantile@0.22,F92409,N350FR,F9,CLE,ATL,2026-05-08T11:04:00,2026-05-08T12:26:00,FFT1832-1777963115-airline-1451p,A20N 
SWA268-1778049928-airline-35p,2026-05-08T09:05:00,0.03660663833132693,0,0.1107636017015988,replay_quantile@0.22,WN268,N8571Z,WN,ATL,STL,2026-05-08T11:05:00,2026-05-08T12:34:00,SWA3745-1777968872-airline-2022p,B738 
DAL1069-1778040624-fa-139p,2026-05-08T09:05:00,0.03580259633216567,0,0.1107636017015988,replay_quantile@0.22,DL1069,N385DZ,DL,IAH,ATL,2026-05-08T11:05:00,2026-05-08T12:35:00,DAL1601-1777954317-fa-826p,A321 
EDV4937-1778043351-airline-1001p,2026-05-08T09:06:00,0.04794745484400657,0,0.1107636017015988,replay_quantile@0.22,9E4937,N901XJ,9E,MLI,ATL,2026-05-08T11:06:00,2026-05-08T12:28:00,EDV4950-1777962646-airline-1124p,CRJ9 
EDV4673-1777987610-fa-174p,2026-05-08T09:09:00,0.042102979369667747,0,0.1107636017015988,replay_quantile@0.22,9E4673,N183GJ,9E,BQK,ATL,2026-05-08T11:09:00,2026-05-08T11:56:00,EDV4692-1777959953-airline-505p,CRJ9 
DAL330-1778040765-fa-685p,2026-05-08T09:09:00,0.03660663833132693,0,0.1107636017015988,replay_quantile@0.22,DL330,N321NB,DL,DCA,ATL,2026-05-08T11:09:00,2026-05-08T12:39:00,DAL2961-1777954419-fa-828p,A319 
DAL3158-1778041636-fa-1483p,2026-05-08T09:09:00,0.02089538560234615,0,0.1107636017015988,replay_quantile@0.22,DL3158,N967AT,DL,CLT,ATL,2026-05-08T11:09:00,2026-05-08T11:56:00,DAL3139-1777955139-fa-1037p,B712 
ASA377-1778044863-airline-943p,2026-05-08T09:10:00,0.1286818671102847,1,0.1107636017015988,replay_quantile@0.22,AS377,N296AK,AS,ATL,SEA,2026-05-08T11:10:00,2026-05-08T16:19:00,ASA727-1777957553-airline-30p,B739 
JBU1797-1778054375-airline-106p,2026-05-08T09:10:00,0.12616630588937827,1,0.1107636017015988,replay_quantile@0.22,B61797,N535JB,B6,ATL,FLL,2026-05-08T11:10:00,2026-05-08T12:30:00,JBU697-1777958441-airline-354p,A320 
DAL996-1778041451-fa-505p,2026-05-08T09:10:00,0.1172872010903234,1,0.1107636017015988,replay_quantile@0.22,DL996,N595DT,DL,ATL,LAX,2026-05-08T11:10:00,2026-05-08T15:30:00,DAL912-1777965234-airline-1150p,A21N 
DAL1334-1778040354-fa-1119p,2026-05-08T09:10:00,0.10344462109167991,0,0.1107636017015988,replay_quantile@0.22,DL1334,N386DN,DL,ATL,FLL,2026-05-08T11:10:00,2026-05-08T12:26:00,DAL894-1777954306-fa-268p,A321 
EDV5337-1777996229-fa-1583p,2026-05-08T09:10:00,0.09945862335653517,0,0.1107636017015988,replay_quantile@0.22,9E5337,N582CA,9E,MGM,ATL,2026-05-08T11:10:00,2026-05-08T11:37:00,EDV5375-1777956924-airline-739p,CRJ9 
FFT2292-1778046457-airline-513p,2026-05-08T09:10:00,0.09016480407412646,0,0.1107636017015988,replay_quantile@0.22,F92292,N370FR,F9,MDW,ATL,2026-05-08T11:10:00,2026-05-08T12:38:00,FFT2779-1778202142-airline-1188p,A20N 
DAL1673-1778040470-fa-373p,2026-05-08T09:10:00,0.08899350310947436,0,0.1107636017015988,replay_quantile@0.22,DL1673,N315DN,DL,EWR,ATL,2026-05-08T11:10:00,2026-05-08T13:06:00,DAL2498-1777954113-fa-1362p,A321 
UAL532-1778025834-fa-48p,2026-05-08T09:10:00,0.0872515462679397,0,0.1107636017015988,replay_quantile@0.22,UA532,N77598,UA,ATL,IAH,2026-05-08T11:10:00,2026-05-08T13:07:00,UAL1591-1777967750-airline-1288p,B39M 
ACA1222-1778049712-airline-277p,2026-05-08T09:10:00,0.08098137900990834,0,0.1107636017015988,replay_quantile@0.22,AC1222,C-GNBE,AC,ATL,YYZ,2026-05-08T11:10:00,2026-05-08T12:40:00,ACA1573-1777966566-airline-1264p,BCS3 
DAL9977-1778219055-fa-1517p,2026-05-08T09:10:00,0.07195336483736332,0,0.1107636017015988,replay_quantile@0.22,DL9977,N574DZ,DL,ATL,MSP,2026-05-08T11:10:00,2026-05-08T13:23:00,DAL146-1777954626-fa-1339p,A359 
DAL3085-1778041110-fa-699p,2026-05-08T09:10:00,0.0689159398063836,0,0.1107636017015988,replay_quantile@0.22,DL3085,N3773D,DL,VPS,ATL,2026-05-08T11:10:00,2026-05-08T11:59:00,DAL882-1777954715-fa-342p,B738 
EDV5525-1777997526-fa-1684p,2026-05-08T09:10:00,0.0689159398063836,0,0.1107636017015988,replay_quantile@0.22,9E5525,N929XJ,9E,LFT,ATL,2026-05-08T11:10:00,2026-05-08T12:16:00,EDV5535-1777957777-airline-1872p,CRJ9 
DAL516-1778041673-fa-744p,2026-05-08T09:10:00,0.06654470615138347,0,0.1107636017015988,replay_quantile@0.22,DL516,N915AT,DL,DAL,ATL,2026-05-08T11:10:00,2026-05-08T12:41:00,DAL1104-1777955135-fa-798p,B712 
SKW3504-1777994179-fa-3312p,2026-05-08T09:10:00,0.05421656561607456,0,0.1107636017015988,replay_quantile@0.22,OO3504,N304SY,OO,SHV,ATL,2026-05-08T11:10:00,2026-05-08T12:19:00,SKW3505-1777947476-fa-2559p,E75L 
DAL2080-1778041501-fa-90p,2026-05-08T09:10:00,0.04696156671356183,0,0.1107636017015988,replay_quantile@0.22,DL2080,N6711M,DL,MCO,ATL,2026-05-08T11:10:00,2026-05-08T12:15:00,DAL2881-1777955083-fa-2023p,B752 
DAL2557-1778040870-fa-459p,2026-05-08T09:10:00,0.042102979369667747,0,0.1107636017015988,replay_quantile@0.22,DL2557,N350NA,DL,HOU,ATL,2026-05-08T11:10:00,2026-05-08T12:39:00,DAL2051-1777954478-fa-1226p,A320 
EDV4912-1777996327-fa-2856p,2026-05-08T09:10:00,0.04101666212201668,0,0.1107636017015988,replay_quantile@0.22,9E4912,N228PQ,9E,DHN,ATL,2026-05-08T11:10:00,2026-05-08T11:45:00,EDV4910-1777962646-airline-1120p,CRJ9 
DAL3114-1778041245-fa-598p,2026-05-08T09:10:00,0.03660663833132693,0,0.1107636017015988,replay_quantile@0.22,DL3114,N875DN,DL,ECP,ATL,2026-05-08T11:10:00,2026-05-08T11:57:00,DAL3131-1777954831-fa-753p,B739 
EDV4927-1777996333-fa-139p,2026-05-08T09:10:00,0.03660663833132693,0,0.1107636017015988,replay_quantile@0.22,9E4927,N293PQ,9E,GTR,ATL,2026-05-08T11:10:00,2026-05-08T11:51:00,EDV5074-1777959953-airline-483p,CRJ9 
DAL1524-1778040504-fa-578p,2026-05-08T09:10:00,0.03407691579047077,0,0.1107636017015988,replay_quantile@0.22,DL1524,N329DN,DL,STL,ATL,2026-05-08T11:10:00,2026-05-08T12:13:00,DAL1403-1777954173-fa-1310p,A321 
SKW3753-1777986919-fa-1234p,2026-05-08T09:10:00,0.03407691579047077,0,0.1107636017015988,replay_quantile@0.22,OO3753,N244SY,OO,XNA,ATL,2026-05-08T11:10:00,2026-05-08T12:37:00,SKW4139-1777947954-fa-1112p,E75L 
DAL1259-1778041640-fa-292p,2026-05-08T09:10:00,0.031036712407500545,0,0.1107636017015988,replay_quantile@0.22,DL1259,N919AT,DL,TUL,ATL,2026-05-08T11:10:00,2026-05-08T12:33:00,DAL2043-1777955147-fa-19p,B712 
DAL2579-1778041226-fa-38p,2026-05-08T09:10:00,0.028611464603857755,0,0.1107636017015988,replay_quantile@0.22,DL2579,N854DN,DL,BWI,ATL,2026-05-08T11:10:00,2026-05-08T12:36:00,DAL2670-1777954818-fa-1683p,B739 
SWA1468-1778046316-airline-1596p,2026-05-08T09:10:00,0.02568992001695005,0,0.1107636017015988,replay_quantile@0.22,WN1468,N8894Q,WN,DAL,ATL,2026-05-08T11:10:00,2026-05-08T12:46:00,SWA2642-1777957840-airline-1171p,B38M 
DAL1352-1778040542-fa-88p,2026-05-08T09:10:00,0.023605150214592276,0,0.1107636017015988,replay_quantile@0.22,DL1352,N339DN,DL,PBI,ATL,2026-05-08T11:10:00,2026-05-08T12:32:00,DAL1058-1777954195-fa-455p,A321 
DAL1445-1778041251-fa-6p,2026-05-08T09:10:00,0.011462667818167545,0,0.1107636017015988,replay_quantile@0.22,DL1445,N920DU,DL,SRQ,ATL,2026-05-08T11:10:00,2026-05-08T12:25:00,DAL2997-1777954837-fa-1460p,B739 
DAL3019-1778041255-fa-720p,2026-05-08T09:10:00,0.00972972972972973,0,0.1107636017015988,replay_quantile@0.22,DL3019,N933DZ,DL,PNS,ATL,2026-05-08T11:10:00,2026-05-08T11:58:00,DAL376-1777954837-fa-1469p,B739 
DAL3058-1778041241-fa-86p,2026-05-08T09:12:00,0.025967908140733107,0,0.1107636017015988,replay_quantile@0.22,DL3058,N807DN,DL,LEX,ATL,2026-05-08T11:12:00,2026-05-08T12:14:00,DAL3082-1777954827-fa-407p,B739 
AAL1753-1778042851-airline-380p,2026-05-08T09:13:00,0.11065904259218533,0,0.1107636017015988,replay_quantile@0.22,AA1753,N805AW,AA,ATL,CLT,2026-05-08T11:13:00,2026-05-08T12:12:00,AAL1075-1777962770-airline-1274p,A319 
DAL1183-1778041655-fa-1310p,2026-05-08T09:13:00,0.05349705365131275,0,0.1107636017015988,replay_quantile@0.22,DL1183,N998AT,DL,BTR,ATL,2026-05-08T11:13:00,2026-05-08T12:23:00,DAL3111-1777955153-fa-989p,B712 
DAL2302-1778041287-fa-1124p,2026-05-08T09:14:00,0.02568992001695005,0,0.1107636017015988,replay_quantile@0.22,DL2302,N903DN,DL,CVG,ATL,2026-05-08T11:14:00,2026-05-08T12:19:00,DAL558-1777954869-fa-3394p,B739 
DAL1266-1778040455-fa-197p,2026-05-08T09:15:00,0.11999999999999998,1,0.1107636017015988,replay_quantile@0.22,DL1266,N323DN,DL,ATL,PBI,2026-05-08T11:15:00,2026-05-08T12:25:00,DAL302-1778040362-fa-122p,A321 
JIA5015-1778046576-airline-1217p,2026-05-08T09:15:00,0.0772815092624162,0,0.1107636017015988,replay_quantile@0.22,OH5015,N554NN,OH,PHL,ATL,2026-05-08T11:15:00,2026-05-08T13:28:00,JIA5220-1777959824-airline-494p,CRJ9 
FFT2911-1778046457-airline-630p,2026-05-08T09:15:00,0.06302521008403361,0,0.1107636017015988,replay_quantile@0.22,F92911,N338FR,F9,TPA,ATL,2026-05-08T11:15:00,2026-05-08T12:28:00,FFT1258-1777961985-airline-748p,A20N 
EDV4708-1778043351-airline-858p,2026-05-08T09:15:00,0.06233204725946158,0,0.1107636017015988,replay_quantile@0.22,9E4708,N176PQ,9E,SGF,ATL,2026-05-08T11:15:00,2026-05-08T12:23:00,EDV4710-1777956924-airline-796p,CRJ9 
DAL1211-1778040444-fa-7p,2026-05-08T09:15:00,0.052474761637689285,0,0.1107636017015988,replay_quantile@0.22,DL1211,N362DN,DL,MIA,ATL,2026-05-08T11:15:00,2026-05-08T12:43:00,DAL1234-1777954086-fa-2053p,A321 
DAL2909-1778041360-fa-518p,2026-05-08T09:15:00,0.027213251670378618,0,0.1107636017015988,replay_quantile@0.22,DL2909,N931DQ,DL,CMH,ATL,2026-05-08T11:15:00,2026-05-08T12:29:00,DAL1501-1777954936-fa-664p,B739 
DAL2450-1778040339-fa-507p,2026-05-08T09:15:00,0.026723396118175733,0,0.1107636017015988,replay_quantile@0.22,DL2450,N697DL,DL,JAX,ATL,2026-05-08T11:15:00,2026-05-08T12:00:00,DAL2315-1777955050-fa-1328p,B752 
DAL1733-1778238224-fa-1052p,2026-05-08T09:18:00,0.3599545798637396,1,0.1107636017015988,replay_quantile@0.22,DL1733,N833MH,DL,ATL,MCO,2026-05-08T11:18:00,2026-05-08T12:10:00,DAL99-1777954065-fa-384p,B752 
DAL1610-1778041037-fa-616p,2026-05-08T09:18:00,0.03407691579047077,0,0.1107636017015988,replay_quantile@0.22,DL1610,N3734B,DL,SDF,ATL,2026-05-08T11:18:00,2026-05-08T12:14:00,DAL2624-1777954732-fa-1289p,B738 
EDV4940-1778043351-airline-862p,2026-05-08T09:19:00,0.042102979369667747,0,0.1107636017015988,replay_quantile@0.22,9E4940,N313PQ,9E,MLU,ATL,2026-05-08T11:19:00,2026-05-08T12:15:00,EDV5452-1777959953-airline-486p,CRJ9 
DAL987-1778041509-fa-699p,2026-05-08T09:20:00,0.11166718798873944,1,0.1107636017015988,replay_quantile@0.22,DL987,N707TW,DL,ATL,BOS,2026-05-08T11:20:00,2026-05-08T13:20:00,DAL2012-1777955090-fa-924p,B752 
EDV5162-1777996877-fa-2309p,2026-05-08T09:21:00,0.03580259633216567,0,0.1107636017015988,replay_quantile@0.22,9E5162,N300PQ,9E,AEX,ATL,2026-05-08T11:21:00,2026-05-08T12:26:00,EDV5168-1777959953-airline-478p,CRJ9 
DAL2325-1778040494-fa-875p,2026-05-08T09:22:00,0.12616630588937827,1,0.1107636017015988,replay_quantile@0.22,DL2325,N331DN,DL,ATL,EWR,2026-05-08T11:22:00,2026-05-08T12:58:00,DAL1594-1777954181-fa-4163p,A321 
JIA5587-1778045931-airline-3923p,2026-05-08T09:23:00,0.05650722331429998,0,0.1107636017015988,replay_quantile@0.22,OH5587,N551NN,OH,CLT,ATL,2026-05-08T11:23:00,2026-05-08T12:10:00,JIA5470-1777960296-airline-1226p,CRJ9 
AAL1777-1778042851-airline-406p,2026-05-08T09:25:00,0.16686944314459523,1,0.1107636017015988,replay_quantile@0.22,AA1777,N944NN,AA,ATL,PHX,2026-05-08T11:25:00,2026-05-08T15:25:00,AAL2391-1777965014-airline-1634p,B738 
DAL2204-1778040459-fa-4121p,2026-05-08T09:25:00,0.11086816081101228,1,0.1107636017015988,replay_quantile@0.22,DL2204,N341DN,DL,ATL,MCO,2026-05-08T11:25:00,2026-05-08T12:17:00,DAL2104-1777954261-fa-418p,A321 
DAL3106-1778041316-fa-80p,2026-05-08T09:26:00,0.03709898372041161,0,0.1107636017015988,replay_quantile@0.22,DL3106,N919DU,DL,IND,ATL,2026-05-08T11:26:00,2026-05-08T12:32:00,DAL2657-1777954894-fa-820p,B739 
EDV5181-1777996306-fa-3910p,2026-05-08T09:28:00,0.03983455719720428,0,0.1107636017015988,replay_quantile@0.22,9E5181,N923XJ,9E,EVV,ATL,2026-05-08T11:28:00,2026-05-08T12:20:00,EDV5182-1777956924-airline-730p,CRJ9 
EDV5071-1778002323-fa-5523p,2026-05-08T09:28:00,0.02089538560234615,0,0.1107636017015988,replay_quantile@0.22,9E5071,N279PQ,9E,MOB,ATL,2026-05-08T11:28:00,2026-05-08T12:10:00,EDV5076-1777956924-airline-628p,CRJ9 
FFT1270-1778046457-airline-318p,2026-05-08T09:30:00,0.137732836615221,1,0.1107636017015988,replay_quantile@0.22,F91270,N710FR,F9,DFW,ATL,2026-05-08T11:30:00,2026-05-08T13:13:00,FFT2564-1777958344-airline-342p,A321 
DAL1664-1778041334-fa-159p,2026-05-08T09:30:00,0.03660663833132693,0,0.1107636017015988,replay_quantile@0.22,DL1664,N938DZ,DL,CHS,ATL,2026-05-08T11:30:00,2026-05-08T12:16:00,DAL2850-1777954916-fa-487p,B739 
DAL1534-1778041186-fa-697p,2026-05-08T09:30:00,0.031036712407500545,0,0.1107636017015988,replay_quantile@0.22,DL1534,N830DN,DL,MSY,ATL,2026-05-08T11:30:00,2026-05-08T12:31:00,DAL2072-1777954781-fa-289p,B739 
DAL3001-1778041201-fa-118p,2026-05-08T09:30:00,0.015716680637049455,0,0.1107636017015988,replay_quantile@0.22,DL3001,N832DN,DL,BNA,ATL,2026-05-08T11:30:00,2026-05-08T12:05:00,DAL858-1777954797-fa-840p,B739 
DAL1285-1778040816-fa-76p,2026-05-08T09:33:00,0.03983455719720428,0,0.1107636017015988,replay_quantile@0.22,DL1285,N349NW,DL,MDW,ATL,2026-05-08T11:33:00,2026-05-08T12:56:00,DAL1076-1777954480-fa-1130p,A320 
DAL839-1778040582-fa-9p,2026-05-08T09:35:00,0.1456462741179806,1,0.1107636017015988,replay_quantile@0.22,DL839,N308DN,DL,ATL,DFW,2026-05-08T11:35:00,2026-05-08T13:31:00,DAL2738-1777954160-fa-1197p,A321 
DAL2605-1778041498-fa-32p,2026-05-08T09:35:00,0.10675192370217838,0,0.1107636017015988,replay_quantile@0.22,DL2605,N659DL,DL,ATL,TPA,2026-05-08T11:35:00,2026-05-08T12:29:00,DAL945-1777953963-fa-1542p,B752 
DAL840-1778040636-fa-9p,2026-05-08T09:35:00,0.10263351251015122,0,0.1107636017015988,replay_quantile@0.22,DL840,N102DN,DL,ATL,DEN,2026-05-08T11:35:00,2026-05-08T14:27:00,DAL2879-1777954267-fa-1518p,A321 
EDV4930-1777991208-fa-1538p,2026-05-08T09:35:00,0.08899350310947436,0,0.1107636017015988,replay_quantile@0.22,9E4930,N133EV,9E,ATL,HPN,2026-05-08T11:35:00,2026-05-08T13:11:00,EDV5059-1777941126-fa-723p,CRJ9 
DAL2153-1778040434-fa-14p,2026-05-08T09:35:00,0.0872515462679397,0,0.1107636017015988,replay_quantile@0.22,DL2153,N301DV,DL,ATL,PHL,2026-05-08T11:35:00,2026-05-08T12:54:00,DAL1670-1777954078-fa-418p,A321 
EDV5475-1778022757-fa-1887p,2026-05-08T09:35:00,0.07233496018494733,0,0.1107636017015988,replay_quantile@0.22,9E5475,N607LR,9E,ATL,CHS,2026-05-08T11:35:00,2026-05-08T12:11:00,EDV5291-1778022757-fa-1881p,CRJ9 
DAL2634-1778040363-fa-86p,2026-05-08T09:35:00,0.06375216611437083,0,0.1107636017015988,replay_quantile@0.22,DL2634,N380DN,DL,ATL,RDU,2026-05-08T11:35:00,2026-05-08T12:34:00,DAL968-1777954322-fa-685p,A321 
DAL1380-1778041169-fa-475p,2026-05-08T09:35:00,0.05349705365131275,0,0.1107636017015988,replay_quantile@0.22,DL1380,N819DN,DL,ATL,PIT,2026-05-08T11:35:00,2026-05-08T12:38:00,DAL888-1777958535-airline-522p,B739 
DAL1336-1778041287-fa-1116p,2026-05-08T09:35:00,0.05258134490238612,0,0.1107636017015988,replay_quantile@0.22,DL1336,N886DN,DL,ATL,ORF,2026-05-08T11:35:00,2026-05-08T12:38:00,DAL2904-1777964019-airline-1498p,B739 
EDV5085-1777987748-fa-1933p,2026-05-08T09:35:00,0.05038602194229989,0,0.1107636017015988,replay_quantile@0.22,9E5085,N138EV,9E,ATL,MEM,2026-05-08T11:35:00,2026-05-08T12:31:00,EDV5532-1777956924-airline-636p,CRJ9 
DAL2250-1778041620-fa-535p,2026-05-08T09:35:00,0.04794745484400657,0,0.1107636017015988,replay_quantile@0.22,DL2250,N894AT,DL,ATL,BNA,2026-05-08T11:35:00,2026-05-08T12:11:00,DAL3028-1778041618-fa-950p,B712 
SWA169-1778045830-airline-592p,2026-05-08T09:35:00,0.031036712407500545,0,0.1107636017015988,replay_quantile@0.22,WN169,N7887A,WN,DCA,ATL,2026-05-08T11:35:00,2026-05-08T13:10:00,SWA233-1777961333-airline-652p,B737 
DAL1479-1778040657-fa-1181p,2026-05-08T09:36:00,0.04101666212201668,0,0.1107636017015988,replay_quantile@0.22,DL1479,N101DQ,DL,ATL,CMH,2026-05-08T11:36:00,2026-05-08T12:37:00,DAL970-1777953987-fa-944p,A321 
EDV5317-1778043903-airline-831p,2026-05-08T09:37:00,0.03407691579047077,0,0.1107636017015988,replay_quantile@0.22,9E5317,N272PQ,9E,TYS,ATL,2026-05-08T11:37:00,2026-05-08T12:08:00,EDV5224-1777956924-airline-632p,CRJ9 
DAL2294-1778041472-fa-1220p,2026-05-08T09:39:00,0.05448268961376826,0,0.1107636017015988,replay_quantile@0.22,DL2294,N6709,DL,DTW,ATL,2026-05-08T11:39:00,2026-05-08T13:11:00,DAL651-1777953975-fa-1198p,B752 
DAL926-1778040822-fa-1342p,2026-05-08T09:40:00,0.1172872010903234,1,0.1107636017015988,replay_quantile@0.22,DL926,N362NW,DL,ATL,DCA,2026-05-08T11:40:00,2026-05-08T12:49:00,DAL2902-1777954514-fa-1830p,A320 
UPS5303-1778186465-sw-2567p,2026-05-08T09:40:00,0.10165879973027646,0,0.1107636017015988,replay_quantile@0.22,5X5303,N348UP,5X,ATL,SDF,2026-05-08T11:40:00,2026-05-08T12:38:00,UPS1302-1778172066-sw-3295p,B763 
DAL323-1778040660-fa-30p,2026-05-08T09:40:00,0.09016480407412646,0,0.1107636017015988,replay_quantile@0.22,DL323,N372DN,DL,ATL,LGA,2026-05-08T11:40:00,2026-05-08T13:08:00,DAL819-1777964886-airline-1483p,A321 
DAL1324-1778040808-fa-956p,2026-05-08T09:40:00,0.08899350310947436,0,0.1107636017015988,replay_quantile@0.22,DL1324,N343NW,DL,ATL,IAD,2026-05-08T11:40:00,2026-05-08T12:45:00,DAL386-1777954497-fa-279p,A320 
DAL1178-1778041320-fa-777p,2026-05-08T09:40:00,0.0872515462679397,0,0.1107636017015988,replay_quantile@0.22,DL1178,N879DN,DL,ATL,ORD,2026-05-08T11:40:00,2026-05-08T13:21:00,DAL769-1777966473-airline-993p,B739 
DAL1462-1778041497-fa-16p,2026-05-08T09:40:00,0.0872515462679397,0,0.1107636017015988,replay_quantile@0.22,DL1462,N688DL,DL,ATL,RIC,2026-05-08T11:40:00,2026-05-08T12:46:00,DAL599-1777955085-fa-877p,B752 
DAL2486-1778041503-fa-715p,2026-05-08T09:40:00,0.0872515462679397,0,0.1107636017015988,replay_quantile@0.22,DL2486,N823DX,DL,ATL,JAX,2026-05-08T11:40:00,2026-05-08T12:24:00,DAL2053-1777955101-fa-1062p,B752 
DAL1585-1778040504-fa-582p,2026-05-08T09:40:00,0.08003691700113763,0,0.1107636017015988,replay_quantile@0.22,DL1585,N330DX,DL,ATL,IAH,2026-05-08T11:40:00,2026-05-08T13:31:00,DAL2722-1778040514-fa-1262p,A321 
DAL2668-1778040342-fa-2026p,2026-05-08T09:40:00,0.08003691700113763,0,0.1107636017015988,replay_quantile@0.22,DL2668,N557NW,DL,ATL,MSP,2026-05-08T11:40:00,2026-05-08T13:52:00,DAL929-1777966782-airline-344p,B752 
DAL1646-1778041516-fa-96p,2026-05-08T09:40:00,0.06654470615138347,0,0.1107636017015988,replay_quantile@0.22,DL1646,N819DX,DL,ATL,DTW,2026-05-08T11:40:00,2026-05-08T13:13:00,DAL1457-1777955089-fa-423p,B752 
DAL1571-1778041295-fa-1358p,2026-05-08T09:40:00,0.052474761637689285,0,0.1107636017015988,replay_quantile@0.22,DL1571,N824DN,DL,ATL,STL,2026-05-08T11:40:00,2026-05-08T12:57:00,DAL1804-1777954831-fa-751p,B739 
DAL1488-1778040451-fa-356p,2026-05-08T09:40:00,0.03407691579047077,0,0.1107636017015988,replay_quantile@0.22,DL1488,N357DN,DL,RDU,ATL,2026-05-08T11:40:00,2026-05-08T12:46:00,DAL2932-1777954097-fa-741p,A321 
DAL1258-1778040599-fa-236p,2026-05-08T09:40:00,0.028611464603857755,0,0.1107636017015988,replay_quantile@0.22,DL1258,N360DN,DL,AUS,ATL,2026-05-08T11:40:00,2026-05-08T13:16:00,DAL1081-1777954255-fa-783p,A321 
DAL1666-1778041644-fa-687p,2026-05-08T09:40:00,0.018873720136518772,0,0.1107636017015988,replay_quantile@0.22,DL1666,N980AT,DL,MEM,ATL,2026-05-08T11:40:00,2026-05-08T12:33:00,DAL2001-1777955140-fa-1686p,B712 
AAL3222-1778046028-airline-658p,2026-05-08T09:42:00,0.10165879973027646,0,0.1107636017015988,replay_quantile@0.22,AA3222,N9002U,AA,ATL,PHL,2026-05-08T11:42:00,2026-05-08T13:18:00,AAL3041-1777959569-airline-1749p,A319 
DAL3155-1778041652-fa-849p,2026-05-08T09:42:00,0.025967908140733107,0,0.1107636017015988,replay_quantile@0.22,DL3155,N965AT,DL,GPT,ATL,2026-05-08T11:42:00,2026-05-08T12:38:00,DAL3178-1777955150-fa-1524p,B712 
DAL1618-1778041651-fa-1390p,2026-05-08T09:42:00,0.023605150214592276,0,0.1107636017015988,replay_quantile@0.22,DL1618,N961AT,DL,BHM,ATL,2026-05-08T11:42:00,2026-05-08T12:23:00,DAL3145-1777955144-fa-924p,B712 
FFT1449-1778046457-airline-358p,2026-05-08T09:45:00,0.3599545798637396,1,0.1107636017015988,replay_quantile@0.22,F91449,N654FR,F9,ATL,DEN,2026-05-08T11:45:00,2026-05-08T15:06:00,FFT2608-1778049186-airline-1283p,A21N 
SWA2270-1778055675-airline-1446p,2026-05-08T09:45:00,0.07233496018494733,0,0.1107636017015988,replay_quantile@0.22,WN2270,N8656B,WN,ATL,DAL,2026-05-08T11:45:00,2026-05-08T13:42:00,SWA3739-1777968872-airline-2015p,B738 
DAL963-1778040880-fa-1699p,2026-05-08T09:45:00,0.063874838254323,0,0.1107636017015988,replay_quantile@0.22,DL963,N378NW,DL,ATL,CVG,2026-05-08T11:45:00,2026-05-08T12:39:00,DAL832-1777954519-fa-92p,A320 
DAL2523-1778041282-fa-1725p,2026-05-08T09:45:00,0.05946357494627077,0,0.1107636017015988,replay_quantile@0.22,DL2523,N893DN,DL,ATL,CLE,2026-05-08T11:45:00,2026-05-08T12:57:00,DAL635-1777959159-airline-2030p,B739 
DAL1592-1778041373-fa-52p,2026-05-08T09:45:00,0.05650722331429998,0,0.1107636017015988,replay_quantile@0.22,DL1592,N963DZ,DL,ATL,BWI,2026-05-08T11:45:00,2026-05-08T12:57:00,DAL3059-1777954954-fa-1626p,B739 
DAL3125-1778041324-fa-978p,2026-05-08T09:45:00,0.05650722331429998,0,0.1107636017015988,replay_quantile@0.22,DL3125,N901DN,DL,ATL,IND,2026-05-08T11:45:00,2026-05-08T12:45:00,DAL567-1777962021-airline-1580p,B739 
DAL1424-1778041291-fa-4428p,2026-05-08T09:45:00,0.051103988603988605,0,0.1107636017015988,replay_quantile@0.22,DL1424,N897DN,DL,ATL,MSY,2026-05-08T11:45:00,2026-05-08T12:54:00,DAL560-1777954877-fa-883p,B739 
DAL1523-1778041665-fa-57p,2026-05-08T09:45:00,0.03983455719720428,0,0.1107636017015988,replay_quantile@0.22,DL1523,N950AT,DL,ATL,SDF,2026-05-08T11:45:00,2026-05-08T12:35:00,DAL1507-1778041662-fa-813p,B712 
DAL2836-1778041500-fa-1179p,2026-05-08T09:47:00,0.20846394984326025,1,0.1107636017015988,replay_quantile@0.22,DL2836,N6705Y,DL,ATL,MIA,2026-05-08T11:47:00,2026-05-08T13:09:00,DAL391-1777964146-airline-463p,B752 
JBU1698-1778054375-airline-62p,2026-05-08T09:49:00,0.0788256227758007,0,0.1107636017015988,replay_quantile@0.22,B61698,N591JB,B6,FLL,ATL,2026-05-08T11:49:00,2026-05-08T13:14:00,JBU613-1778208896-adhoc-2730p,A320 
FFT4707-1778054671-airline-126p,2026-05-08T09:50:00,0.0872515462679397,0,0.1107636017015988,replay_quantile@0.22,F94707,N660FR,F9,IAD,ATL,2026-05-08T11:50:00,2026-05-08T13:20:00,FFT3692-1777960821-airline-1070p,A21N 
ENY4085-1778045167-airline-1068p,2026-05-08T09:50:00,0.05038602194229989,0,0.1107636017015988,replay_quantile@0.22,MQ4085,N233NN,MQ,ORD,ATL,2026-05-08T11:50:00,2026-05-08T13:29:00,ENY4121-1777872909-airline-1349p,E170 
DAL2853-1778041635-fa-252p,2026-05-08T09:50:00,0.018873720136518772,0,0.1107636017015988,replay_quantile@0.22,DL2853,N959AT,DL,AVL,ATL,2026-05-08T11:50:00,2026-05-08T12:28:00,DAL2015-1777955147-fa-23p,B712 
DAL444-1778041484-fa-174p,2026-05-08T09:55:00,0.1456462741179806,1,0.1107636017015988,replay_quantile@0.22,DL444,N583NW,DL,ATL,SEA,2026-05-08T11:55:00,2026-05-08T16:50:00,DAL562-1777955064-fa-1083p,B753 
DAL3144-1778041677-fa-685p,2026-05-08T09:55:00,0.06233204725946158,0,0.1107636017015988,replay_quantile@0.22,DL3144,N954AT,DL,ATL,CLT,2026-05-08T11:55:00,2026-05-08T12:28:00,DAL3179-1777955136-fa-1310p,B712 
DAL341-1778040387-fa-1678p,2026-05-08T09:55:00,0.05038602194229989,0,0.1107636017015988,replay_quantile@0.22,DL341,N127DN,DL,DEN,ATL,2026-05-08T11:55:00,2026-05-08T14:13:00,DAL746-1777954042-fa-595p,A321 
EJM448-1778185827-sw-4548p,2026-05-08T10:00:00,0.1162886825208741,1,0.1107636017015988,replay_quantile@0.22,,N448QS,,ATL,BCT,2026-05-08T12:00:00,2026-05-08T13:30:00,EJM448-1777840217-sw-2339p,GLF4 
DAL1486-1778040484-fa-41p,2026-05-08T10:00:00,0.05083729067733067,0,0.1107636017015988,replay_quantile@0.22,DL1486,N319DN,DL,TPA,ATL,2026-05-08T12:00:00,2026-05-08T13:11:00,DAL1720-1777954260-fa-305p,A321 
FFT4315-1778054671-airline-74p,2026-05-08T10:01:00,0.2550037570872327,1,0.1107636017015988,replay_quantile@0.22,F94315,N671FR,F9,ATL,LAX,2026-05-08T12:01:00,2026-05-08T16:21:00,FFT1448-1777963115-airline-1370p,A21N 
DAL1085-1778041669-fa-498p,2026-05-08T10:02:00,0.019105026563138536,0,0.1107636017015988,replay_quantile@0.22,DL1085,N960AT,DL,GSO,ATL,2026-05-08T12:02:00,2026-05-08T13:00:00,DAL1473-1777955137-fa-510p,B712 
DAL1396-1778041635-fa-245p,2026-05-08T10:04:00,0.019492293744333634,0,0.1107636017015988,replay_quantile@0.22,DL1396,N989AT,DL,LIT,ATL,2026-05-08T12:04:00,2026-05-08T13:11:00,DAL2083-1777955137-fa-768p,B712 
FFT1596-1778046457-airline-391p,2026-05-08T10:05:00,0.29915460484180867,1,0.1107636017015988,replay_quantile@0.22,F91596,N675FR,F9,ORD,ATL,2026-05-08T12:05:00,2026-05-08T13:35:00,FFT2206-1777958344-airline-297p,A21N 
DAL1909-1778041375-fa-17p,2026-05-08T10:08:00,0.1456462741179806,1,0.1107636017015988,replay_quantile@0.22,DL1909,N503DZ,DL,ATL,AUA,2026-05-08T12:08:00,2026-05-08T15:44:00,DAL905-1777954958-fa-952p,A21N 
DAL2420-1778041291-fa-4424p,2026-05-08T10:09:00,0.09471272171772895,0,0.1107636017015988,replay_quantile@0.22,DL2420,N910DU,DL,ATL,JFK,2026-05-08T12:09:00,2026-05-08T13:48:00,DAL3055-1778041291-fa-4423p,B739 
AAL3190-1778046028-airline-615p,2026-05-08T10:10:00,0.1866118444781072,1,0.1107636017015988,replay_quantile@0.22,AA3190,N927NN,AA,ATL,MIA,2026-05-08T12:10:00,2026-05-08T13:39:00,AAL2749-1777959569-airline-1383p,B738 
UAL1862-1778025793-fa-1343p,2026-05-08T10:10:00,0.12506268806419255,1,0.1107636017015988,replay_quantile@0.22,UA1862,N17331,UA,ATL,ORD,2026-05-08T12:10:00,2026-05-08T13:59:00,UAL2093-1777939520-fa-1120p,B38M 
SWA251-1778055675-airline-1753p,2026-05-08T10:10:00,0.1172872010903234,1,0.1107636017015988,replay_quantile@0.22,WN251,N287WN,WN,ATL,MCO,2026-05-08T12:10:00,2026-05-08T13:06:00,SWA2535-1778048547-schedule-1957p,B737 
AAL1816-1778042851-airline-456p,2026-05-08T10:10:00,0.063874838254323,0,0.1107636017015988,replay_quantile@0.22,AA1816,N981AN,AA,DFW,ATL,2026-05-08T12:10:00,2026-05-08T13:48:00,AAL2454-1777965014-airline-1724p,B738 
UAL2249-1778002343-fa-1105p,2026-05-08T10:11:00,0.04516412427122434,0,0.1107636017015988,replay_quantile@0.22,UA2249,N23707,UA,ORD,ATL,2026-05-08T12:11:00,2026-05-08T13:54:00,UAL697-1777939408-fa-1203p,B737 
DAL3156-1778041658-fa-1152p,2026-05-08T10:11:00,0.019105026563138536,0,0.1107636017015988,replay_quantile@0.22,DL3156,N936AT,DL,CLT,ATL,2026-05-08T12:11:00,2026-05-08T12:58:00,DAL2352-1777955147-fa-1219p,B712 
DAL898-1778040496-fa-881p,2026-05-08T10:15:00,0.203078123124925,1,0.1107636017015988,replay_quantile@0.22,DL898,N327DN,DL,ATL,LAX,2026-05-08T12:15:00,2026-05-08T16:49:00,DAL2891-1777958535-airline-563p,A321 
FFT4473-1778054671-airline-97p,2026-05-08T10:15:00,0.17757594738490443,1,0.1107636017015988,replay_quantile@0.22,F94473,N613FR,F9,ATL,STL,2026-05-08T12:15:00,2026-05-08T13:35:00,FFT4316-1777958344-airline-476p,A21N 
DAL1089-1778041466-fa-302p,2026-05-08T10:15:00,0.1467644845748683,1,0.1107636017015988,replay_quantile@0.22,DL1089,N551NW,DL,ATL,RSW,2026-05-08T12:15:00,2026-05-08T13:33:00,DAL1372-1777955046-fa-3799p,B752 
DAL2343-1778040565-fa-144p,2026-05-08T10:15:00,0.1456462741179806,1,0.1107636017015988,replay_quantile@0.22,DL2343,N340DN,DL,ATL,FLL,2026-05-08T12:15:00,2026-05-08T13:31:00,DAL2330-1778040570-fa-969p,A321 
DAL725-1778041480-fa-317p,2026-05-08T10:15:00,0.13837174940898342,1,0.1107636017015988,replay_quantile@0.22,DL725,N6716C,DL,ATL,SAN,2026-05-08T12:15:00,2026-05-08T16:28:00,DAL796-1777955087-fa-859p,B752 
DAL2976-1778040347-fa-892p,2026-05-08T10:15:00,0.10263351251015122,0,0.1107636017015988,replay_quantile@0.22,DL2976,N106DN,DL,ATL,AUS,2026-05-08T12:15:00,2026-05-08T14:21:00,DAL783-1777960604-airline-1117p,A321 
DAL830-1778041378-fa-744p,2026-05-08T10:15:00,0.0872515462679397,0,0.1107636017015988,replay_quantile@0.22,DL830,N514DE,DL,ATL,SLC,2026-05-08T12:15:00,2026-05-08T16:26:00,DAL471-1777954965-fa-984p,A21N 
DAL2957-1778041095-fa-366p,2026-05-08T10:15:00,0.07195336483736332,0,0.1107636017015988,replay_quantile@0.22,DL2957,N3754A,DL,ATL,YYZ,2026-05-08T12:15:00,2026-05-08T14:03:00,DAL3015-1778041095-fa-365p,B738 
EDV5169-1778045777-airline-1607p,2026-05-08T10:15:00,0.05946357494627077,0,0.1107636017015988,replay_quantile@0.22,9E5169,N147PQ,9E,ATL,HSV,2026-05-08T12:15:00,2026-05-08T12:51:00,EDV5185-1777938902-fa-764p,CRJ9 
DAL3173-1778041647-fa-1314p,2026-05-08T10:15:00,0.0522695476449557,0,0.1107636017015988,replay_quantile@0.22,DL3173,N979AT,DL,ATL,GSO,2026-05-08T12:15:00,2026-05-08T12:59:00,DAL3017-1777955137-fa-770p,B712 
EDV5145-1778043903-airline-829p,2026-05-08T10:15:00,0.05083729067733067,0,0.1107636017015988,replay_quantile@0.22,9E5145,N303PQ,9E,ATL,CAE,2026-05-08T12:15:00,2026-05-08T12:46:00,EDV4691-1777991604-fa-459p,CRJ9 
DAL2232-1778041618-fa-936p,2026-05-08T10:15:00,0.04101666212201668,0,0.1107636017015988,replay_quantile@0.22,DL2232,N948AT,DL,ATL,LEX,2026-05-08T12:15:00,2026-05-08T13:07:00,DAL3186-1778041618-fa-935p,B712 
DAL1536-1778041283-fa-1059p,2026-05-08T10:15:00,0.028611464603857755,0,0.1107636017015988,replay_quantile@0.22,DL1536,N900DU,DL,STL,ATL,2026-05-08T12:15:00,2026-05-08T13:20:00,DAL2833-1777954865-fa-1105p,B739 
DAL2569-1778040450-fa-307p,2026-05-08T10:15:00,0.023605150214592276,0,0.1107636017015988,replay_quantile@0.22,DL2569,N325DN,DL,JAX,ATL,2026-05-08T12:15:00,2026-05-08T13:06:00,DAL2265-1777954094-fa-206p,A321 
DAL2116-1778041668-fa-45p,2026-05-08T10:15:00,0.02076670681563317,0,0.1107636017015988,replay_quantile@0.22,DL2116,N926AT,DL,TLH,ATL,2026-05-08T12:15:00,2026-05-08T13:06:00,DAL1569-1777955150-fa-1507p,B712 
DAL3129-1778041308-fa-136p,2026-05-08T10:15:00,0.013656590455731163,0,0.1107636017015988,replay_quantile@0.22,DL3129,N924DZ,DL,PNS,ATL,2026-05-08T12:15:00,2026-05-08T13:04:00,DAL3086-1777954891-fa-1920p,B739 
DAL2451-1778041350-fa-139p,2026-05-08T10:16:00,0.042102979369667747,0,0.1107636017015988,replay_quantile@0.22,DL2451,N943DZ,DL,VPS,ATL,2026-05-08T12:16:00,2026-05-08T13:07:00,DAL3097-1777954925-fa-1366p,B739 
DAL1247-1778041283-fa-1053p,2026-05-08T10:17:00,0.052474761637689285,0,0.1107636017015988,replay_quantile@0.22,DL1247,N899DN,DL,ORD,ATL,2026-05-08T12:17:00,2026-05-08T13:41:00,DAL1164-1777954864-fa-715p,B739 
DAL3089-1778041368-fa-1209p,2026-05-08T10:17:00,0.042102979369667747,0,0.1107636017015988,replay_quantile@0.22,DL3089,N939DZ,DL,ATL,GSP,2026-05-08T12:17:00,2026-05-08T12:43:00,DAL1552-1778041367-fa-1096p,B739 
DAL348-1778041494-fa-900p,2026-05-08T10:20:00,0.2057850357562173,1,0.1107636017015988,replay_quantile@0.22,DL348,N6704Z,DL,ATL,PHX,2026-05-08T12:20:00,2026-05-08T15:56:00,DAL1733-1777953969-fa-892p,B752 
DAL1311-1778040605-fa-1695p,2026-05-08T10:20:00,0.14021052631578948,1,0.1107636017015988,replay_quantile@0.22,DL1311,N313DN,DL,ATL,PBI,2026-05-08T12:20:00,2026-05-08T13:35:00,DAL1323-1777954108-fa-1538p,A321 
DAL539-1778041306-fa-91p,2026-05-08T10:20:00,0.09804633890368933,0,0.1107636017015988,replay_quantile@0.22,DL539,N921DU,DL,ATL,PDX,2026-05-08T12:20:00,2026-05-08T17:07:00,DAL770-1777960604-airline-1150p,B739 
DAL2999-1778041272-fa-1933p,2026-05-08T10:20:00,0.06654470615138347,0,0.1107636017015988,replay_quantile@0.22,DL2999,N821DN,DL,ATL,MKE,2026-05-08T12:20:00,2026-05-08T13:49:00,DAL687-1777960604-airline-1183p,B739 
DAL3051-1778041628-fa-19p,2026-05-08T10:20:00,0.05448268961376826,0,0.1107636017015988,replay_quantile@0.22,DL3051,N925AT,DL,ATL,VPS,2026-05-08T12:20:00,2026-05-08T13:04:00,DAL3020-1778041628-fa-17p,B712 
DAL3033-1778041635-fa-265p,2026-05-08T10:20:00,0.05349705365131275,0,0.1107636017015988,replay_quantile@0.22,DL3033,N988AT,DL,ATL,LIT,2026-05-08T12:20:00,2026-05-08T13:39:00,DAL2712-1778041635-fa-264p,B712 
DAL1292-1778041651-fa-1386p,2026-05-08T10:20:00,0.0522695476449557,0,0.1107636017015988,replay_quantile@0.22,DL1292,N990AT,DL,ATL,MOB,2026-05-08T12:20:00,2026-05-08T13:09:00,DAL3018-1778041649-fa-612p,B712 
DAL2793-1778041662-fa-796p,2026-05-08T10:20:00,0.03983455719720428,0,0.1107636017015988,replay_quantile@0.22,DL2793,N981AT,DL,ATL,GNV,2026-05-08T12:20:00,2026-05-08T13:02:00,DAL3025-1777955133-fa-668p,B712 
DAL893-1778040576-fa-752p,2026-05-08T10:20:00,0.03983455719720428,0,0.1107636017015988,replay_quantile@0.22,DL893,N365DN,DL,DFW,ATL,2026-05-08T12:20:00,2026-05-08T13:50:00,DAL921-1777954144-fa-892p,A321 
DAL2299-1778041655-fa-1313p,2026-05-08T10:20:00,0.011462667818167545,0,0.1107636017015988,replay_quantile@0.22,DL2299,N938AT,DL,SDF,ATL,2026-05-08T12:20:00,2026-05-08T13:15:00,DAL2842-1777955137-fa-778p,B712 
DAL1760-1778040509-fa-7p,2026-05-08T10:21:00,0.08899350310947436,0,0.1107636017015988,replay_quantile@0.22,DL1760,N312DN,DL,ATL,PUJ,2026-05-08T12:21:00,2026-05-08T15:12:00,DAL1653-1777954213-fa-120p,A321 
DAL686-1778041344-fa-24p,2026-05-08T10:22:00,0.03709898372041161,0,0.1107636017015988,replay_quantile@0.22,DL686,N945DZ,DL,SAV,ATL,2026-05-08T12:22:00,2026-05-08T13:09:00,DAL3168-1777954927-fa-1743p,B739 
DAL2397-1778040603-fa-5229p,2026-05-08T10:24:00,0.1467644845748683,1,0.1107636017015988,replay_quantile@0.22,DL2397,N317DN,DL,ATL,EWR,2026-05-08T12:24:00,2026-05-08T14:03:00,DAL1168-1778040472-fa-58p,A321 
DAL3009-1778041613-fa-464p,2026-05-08T10:24:00,0.011462667818167545,0,0.1107636017015988,replay_quantile@0.22,DL3009,N892AT,DL,HSV,ATL,2026-05-08T12:24:00,2026-05-08T13:09:00,DAL3065-1777955130-fa-856p,B712 
DAL1213-1778041503-fa-699p,2026-05-08T10:25:00,0.203078123124925,1,0.1107636017015988,replay_quantile@0.22,DL1213,N6702,DL,ATL,MCO,2026-05-08T12:25:00,2026-05-08T13:21:00,DAL2375-1778041494-fa-893p,B752 
DAL777-1778040896-fa-1442p,2026-05-08T10:25:00,0.19514215942787372,1,0.1107636017015988,replay_quantile@0.22,DL777,N813NW,DL,ATL,LAS,2026-05-08T12:25:00,2026-05-08T16:22:00,DAL9987-1778142046-fa-1166p,A333 
WJA1593-1778048089-airline-368p,2026-05-08T10:25:00,0.13837174940898342,1,0.1107636017015988,replay_quantile@0.22,WS1593,C-GVWJ,WS,ATL,YYC,2026-05-08T12:25:00,2026-05-08T16:53:00,WJA1992-1778048089-airline-408p,B737 
WJA1601-1778048089-airline-369p,2026-05-08T10:25:00,0.13837174940898342,1,0.1107636017015988,replay_quantile@0.22,WS1601,C-GVWA,WS,ATL,YVR,2026-05-08T12:25:00,2026-05-08T17:54:00,WJA1606-1777966049-airline-1359p,B738 
DAL441-1778041644-fa-699p,2026-05-08T10:25:00,0.08098137900990834,0,0.1107636017015988,replay_quantile@0.22,DL441,N607AT,DL,ATL,DAL,2026-05-08T12:25:00,2026-05-08T14:15:00,DAL2184-1778041644-fa-698p,B712 
EDV5422-1777998354-fa-2722p,2026-05-08T10:25:00,0.07195336483736332,0,0.1107636017015988,replay_quantile@0.22,9E5422,N200PQ,9E,ATL,AGS,2026-05-08T12:25:00,2026-05-08T12:56:00,EDV5440-1777998322-fa-2836p,CRJ9 
DAL1044-1778041671-fa-91p,2026-05-08T10:25:00,0.04516412427122434,0,0.1107636017015988,replay_quantile@0.22,DL1044,N608AT,DL,ATL,ILM,2026-05-08T12:25:00,2026-05-08T13:13:00,DAL1979-1778041464-fa-641p,B712 
DAL2754-1778041644-fa-684p,2026-05-08T10:25:00,0.042102979369667747,0,0.1107636017015988,replay_quantile@0.22,DL2754,N997AT,DL,ATL,TUL,2026-05-08T12:25:00,2026-05-08T14:10:00,DAL3171-1777955147-fa-26p,B712 
EDV5513-1778033570-fa-253p,2026-05-08T10:25:00,0.03407691579047077,0,0.1107636017015988,replay_quantile@0.22,9E5513,N922XJ,9E,ATL,TRI,2026-05-08T12:25:00,2026-05-08T13:17:00,EDV5462-1778033570-fa-24p,CRJ9 
DAL3103-1778041618-fa-925p,2026-05-08T10:26:00,0.05650722331429998,0,0.1107636017015988,replay_quantile@0.22,DL3103,N946AT,DL,ATL,PNS,2026-05-08T12:26:00,2026-05-08T13:14:00,DAL2637-1778041613-fa-481p,B712 
DAL2563-1778041621-fa-486p,2026-05-08T10:26:00,0.03407691579047077,0,0.1107636017015988,replay_quantile@0.22,DL2563,N944AT,DL,ATL,TLH,2026-05-08T12:26:00,2026-05-08T13:07:00,DAL1727-1778041621-fa-485p,B712 
FFT1082-1778047706-airline-1035p,2026-05-08T10:27:00,0.203078123124925,1,0.1107636017015988,replay_quantile@0.22,F91082,N639FR,F9,ATL,IAD,2026-05-08T12:27:00,2026-05-08T13:46:00,FFT2428-1778051081-airline-1867p,A21N 
DAL577-1778041087-fa-728p,2026-05-08T10:29:00,0.07233496018494733,0,0.1107636017015988,replay_quantile@0.22,DL577,N3751B,DL,ATL,MEX,2026-05-08T12:29:00,2026-05-08T15:33:00,DAL3098-1778041091-fa-50p,B738 
DAL1509-1778040855-fa-316p,2026-05-08T10:30:00,0.10165879973027646,0,0.1107636017015988,replay_quantile@0.22,DL1509,N355NW,DL,ATL,HOU,2026-05-08T12:30:00,2026-05-08T14:19:00,DAL1125-1777954519-fa-369p,A320 
DAL1676-1778040858-fa-473p,2026-05-08T10:30:00,0.09016480407412646,0,0.1107636017015988,replay_quantile@0.22,DL1676,N363NW,DL,ATL,SAT,2026-05-08T12:30:00,2026-05-08T14:37:00,DAL3038-1778040858-fa-475p,A320 
DAL2471-1778041351-fa-193p,2026-05-08T10:30:00,0.08098137900990834,0,0.1107636017015988,replay_quantile@0.22,DL2471,N949DZ,DL,ATL,MCI,2026-05-08T12:30:00,2026-05-08T14:17:00,DAL1568-1777954931-fa-595p,B739 
EDV5309-1778011679-fa-771p,2026-05-08T10:30:00,0.05650722331429998,0,0.1107636017015988,replay_quantile@0.22,9E5309,N924XJ,9E,ATL,CHA,2026-05-08T12:30:00,2026-05-08T12:53:00,EDV5349-1778011676-fa-1033p,CRJ9 
EDV5339-1778043949-airline-1529p,2026-05-08T10:30:00,0.042102979369667747,0,0.1107636017015988,replay_quantile@0.22,9E5339,N181GJ,9E,ATL,XNA,2026-05-08T12:30:00,2026-05-08T14:06:00,EDV5255-1778043949-airline-1525p,CRJ9 
DAL789-1778041319-fa-756p,2026-05-08T10:30:00,0.02574202688227773,0,0.1107636017015988,replay_quantile@0.22,DL789,N960DZ,DL,CHS,ATL,2026-05-08T12:30:00,2026-05-08T13:23:00,DAL1663-1777954897-fa-1555p,B739 
AAL1567-1778042851-airline-177p,2026-05-08T10:31:00,0.2154495864860109,1,0.1107636017015988,replay_quantile@0.22,AA1567,N545UW,AA,ATL,DFW,2026-05-08T12:31:00,2026-05-08T14:50:00,AAL3212-1777960637-airline-2033p,A321 
DAL3048-1778041628-fa-15p,2026-05-08T10:32:00,0.04696156671356183,0,0.1107636017015988,replay_quantile@0.22,DL3048,N986AT,DL,ATL,ECP,2026-05-08T12:32:00,2026-05-08T13:10:00,DAL512-1777955143-fa-1173p,B712 
DAL693-1778041466-fa-298p,2026-05-08T10:35:00,0.203078123124925,1,0.1107636017015988,replay_quantile@0.22,DL693,N684DA,DL,ATL,SFO,2026-05-08T12:35:00,2026-05-08T17:19:00,DAL2440-1778041464-fa-642p,B752 
DAL1227-1778040556-fa-334p,2026-05-08T10:35:00,0.12616630588937827,1,0.1107636017015988,replay_quantile@0.22,DL1227,N352DN,DL,ATL,TPA,2026-05-08T12:35:00,2026-05-08T13:30:00,DAL1460-1778040565-fa-141p,A321 
DAL3069-1778041339-fa-3883p,2026-05-08T10:35:00,0.0689159398063836,0,0.1107636017015988,replay_quantile@0.22,DL3069,N942DZ,DL,ATL,BNA,2026-05-08T12:35:00,2026-05-08T13:22:00,DAL2441-1778041336-fa-13p,B739 
EDV5067-1777988244-fa-2850p,2026-05-08T10:35:00,0.06302521008403361,0,0.1107636017015988,replay_quantile@0.22,9E5067,N310PQ,9E,ATL,AVL,2026-05-08T12:35:00,2026-05-08T13:12:00,EDV5508-1777956924-airline-751p,CRJ9 
EDV5070-1777987707-fa-1766p,2026-05-08T10:35:00,0.05448268961376826,0,0.1107636017015988,replay_quantile@0.22,9E5070,N153PQ,9E,ATL,JAN,2026-05-08T12:35:00,2026-05-08T13:38:00,EDV4632-1778045830-airline-1231p,CRJ9 
DAL3011-1778041669-fa-503p,2026-05-08T10:37:00,0.04794745484400657,0,0.1107636017015988,replay_quantile@0.22,DL3011,N717JL,DL,ATL,SAV,2026-05-08T12:37:00,2026-05-08T13:09:00,DAL3140-1778041668-fa-50p,B712 
FFT3294-1778046457-airline-747p,2026-05-08T10:40:00,0.1172872010903234,1,0.1107636017015988,replay_quantile@0.22,F93294,N391FR,F9,DEN,ATL,2026-05-08T12:40:00,2026-05-08T15:01:00,FFT4069-1777958344-airline-462p,A20N 
DAL2326-1778041503-fa-706p,2026-05-08T10:40:00,0.10165879973027646,0,0.1107636017015988,replay_quantile@0.22,DL2326,N6714Q,DL,ATL,JAX,2026-05-08T12:40:00,2026-05-08T13:23:00,DAL1153-1777953964-fa-562p,B752 
DAL513-1778040643-fa-103p,2026-05-08T10:40:00,0.0872515462679397,0,0.1107636017015988,replay_quantile@0.22,DL513,N370DN,DL,ATL,LGA,2026-05-08T12:40:00,2026-05-08T14:13:00,DAL1497-1777954015-fa-1442p,A321 
DAL1757-1778041169-fa-472p,2026-05-08T10:40:00,0.0746744847805467,0,0.1107636017015988,replay_quantile@0.22,DL1757,N810DN,DL,ATL,SJU,2026-05-08T12:40:00,2026-05-08T15:47:00,DAL1124-1777954893-fa-786p,B739 
DAL2951-1778041179-fa-819p,2026-05-08T10:42:00,0.1172872010903234,1,0.1107636017015988,replay_quantile@0.22,DL2951,N891DN,DL,ATL,BDL,2026-05-08T12:42:00,2026-05-08T14:34:00,DAL1504-1778041179-fa-817p,B739 
DAL2960-1778041521-fa-79p,2026-05-08T10:42:00,0.11086816081101228,1,0.1107636017015988,replay_quantile@0.22,DL2960,N822DX,DL,ATL,MSP,2026-05-08T12:42:00,2026-05-08T14:58:00,DAL1726-1778041471-fa-1264p,B752 
EDV5143-1777987591-fa-644p,2026-05-08T10:44:00,0.025967908140733107,0,0.1107636017015988,replay_quantile@0.22,9E5143,N316PQ,9E,CHA,ATL,2026-05-08T12:44:00,2026-05-08T13:17:00,EDV5054-1777960264-airline-948p,CRJ9 
DAL3100-1778041357-fa-73p,2026-05-08T10:45:00,0.0872515462679397,0,0.1107636017015988,replay_quantile@0.22,DL3100,N950DZ,DL,ATL,BHM,2026-05-08T12:45:00,2026-05-08T13:17:00,DAL3154-1778041352-fa-448p,B739 
RPA4782-1778051710-airline-203p,2026-05-08T10:45:00,0.053504249686498535,0,0.1107636017015988,replay_quantile@0.22,YX4782,N137HQ,YX,ATL,DCA,2026-05-08T12:45:00,2026-05-08T13:58:00,RPA4782-1778051710-airline-204p,E75L 
DAL1964-1778041288-fa-428p,2026-05-08T10:46:00,0.05946357494627077,0,0.1107636017015988,replay_quantile@0.22,DL1964,N927DZ,DL,ATL,CUN,2026-05-08T12:46:00,2026-05-08T14:55:00,DAL495-1777969157-airline-1115p,B739 
DAL1290-1778041649-fa-610p,2026-05-08T10:47:00,0.03709898372041161,0,0.1107636017015988,replay_quantile@0.22,DL1290,N893AT,DL,ATL,TYS,2026-05-08T12:47:00,2026-05-08T13:21:00,DAL1624-1778041649-fa-611p,B712 
DAL2432-1778040546-fa-1764p,2026-05-08T10:50:00,0.09016480407412646,0,0.1107636017015988,replay_quantile@0.22,DL2432,N356DN,DL,ATL,BOS,2026-05-08T12:50:00,2026-05-08T14:49:00,DAL900-1777954239-fa-1784p,A321 
SWA239-1778055675-airline-1589p,2026-05-08T10:50:00,0.0689159398063836,0,0.1107636017015988,replay_quantile@0.22,WN239,N7886A,WN,ATL,HOU,2026-05-08T12:50:00,2026-05-08T14:57:00,SWA526-1777958094-airline-274p,B737 
DAL2952-1778041320-fa-774p,2026-05-08T10:53:00,0.052474761637689285,0,0.1107636017015988,replay_quantile@0.22,DL2952,N954DZ,DL,ATL,IND,2026-05-08T12:53:00,2026-05-08T13:54:00,DAL2750-1777954954-fa-1625p,B739 
FFT1403-1778046457-airline-344p,2026-05-08T10:55:00,0.448126105838829,1,0.1107636017015988,replay_quantile@0.22,F91403,N385FR,F9,ATL,IAH,2026-05-08T12:55:00,2026-05-08T14:54:00,FFT3216-1778048547-schedule-1956p,A20N 
DAL552-1778040472-fa-59p,2026-05-08T10:55:00,0.19439755646652196,1,0.1107636017015988,replay_quantile@0.22,DL552,N393DN,DL,ATL,MCO,2026-05-08T12:55:00,2026-05-08T13:52:00,DAL1548-1778040603-fa-4136p,A321 
DAL2071-1778041334-fa-154p,2026-05-08T10:55:00,0.06644576982549151,0,0.1107636017015988,replay_quantile@0.22,DL2071,N932DZ,DL,ATL,MEM,2026-05-08T12:55:00,2026-05-08T13:52:00,DAL2711-1777954915-fa-942p,B739 
DAL2632-1778041628-fa-52p,2026-05-08T10:55:00,0.03407691579047077,0,0.1107636017015988,replay_quantile@0.22,DL2632,N966AT,DL,ATL,OMA,2026-05-08T12:55:00,2026-05-08T15:03:00,DAL3039-1778041628-fa-51p,B712 
DAL1281-1778040702-fa-46p,2026-05-08T11:05:00,0.09016480407412646,0,0.1107636017015988,replay_quantile@0.22,DL1281,N325NB,DL,ATL,EYW,2026-05-08T13:05:00,2026-05-08T14:29:00,DAL2818-1778040727-fa-422p,A319 
DAL809-1778041255-fa-712p,2026-05-08T11:05:00,0.0872515462679397,0,0.1107636017015988,replay_quantile@0.22,DL809,N877DN,DL,ATL,SJC,2026-05-08T13:05:00,2026-05-08T17:41:00,DAL2469-1778041255-fa-714p,B739 
DAL801-1778041131-fa-1031p,2026-05-08T11:05:00,0.0689159398063836,0,0.1107636017015988,replay_quantile@0.22,DL801,N906DN,DL,ATL,BWI,2026-05-08T13:05:00,2026-05-08T14:18:00,DAL2124-1778041129-fa-65p,B739 
DAL2490-1778040838-fa-15p,2026-05-08T11:05:00,0.05650722331429998,0,0.1107636017015988,replay_quantile@0.22,DL2490,N353NW,DL,ATL,OKC,2026-05-08T13:05:00,2026-05-08T14:56:00,DAL3105-1778040776-fa-273p,A320 
DAL3118-1778041628-fa-54p,2026-05-08T11:05:00,0.05485232067510549,0,0.1107636017015988,replay_quantile@0.22,DL3118,N935AT,DL,ATL,MLB,2026-05-08T13:05:00,2026-05-08T14:08:00,DAL3181-1778041630-fa-19p,B712 
EDV5039-1777991605-fa-1562p,2026-05-08T11:05:00,0.042102979369667747,0,0.1107636017015988,replay_quantile@0.22,9E5039,N921XJ,9E,ATL,ROA,2026-05-08T13:05:00,2026-05-08T13:56:00,EDV4699-1777987570-fa-2807p,CRJ9 
DAL2270-1778040532-fa-241p,2026-05-08T11:10:00,0.08098137900990834,0,0.1107636017015988,replay_quantile@0.22,DL2270,N364DX,DL,ATL,PHL,2026-05-08T13:10:00,2026-05-08T14:30:00,DAL1376-1778040534-fa-859p,A321 
DAL3035-1778041672-fa-559p,2026-05-08T11:10:00,0.08003691700113763,0,0.1107636017015988,replay_quantile@0.22,DL3035,N929AT,DL,ATL,DAB,2026-05-08T13:10:00,2026-05-08T13:56:00,DAL1255-1778041673-fa-736p,B712 
DAL3199-1778041662-fa-806p,2026-05-08T11:10:00,0.042102979369667747,0,0.1107636017015988,replay_quantile@0.22,DL3199,N983AT,DL,ATL,GPT,2026-05-08T13:10:00,2026-05-08T14:14:00,DAL3061-1778041662-fa-804p,B712 
DAL3108-1778041635-fa-246p,2026-05-08T11:10:00,0.04101666212201668,0,0.1107636017015988,replay_quantile@0.22,DL3108,N924AT,DL,ATL,DAY,2026-05-08T13:10:00,2026-05-08T14:16:00,DAL3004-1778041630-fa-29p,B712 
DAL1374-1778041676-fa-413p,2026-05-08T11:15:00,0.05946357494627077,0,0.1107636017015988,replay_quantile@0.22,DL1374,N937AT,DL,ATL,SDF,2026-05-08T13:15:00,2026-05-08T14:01:00,DAL3041-1778041676-fa-410p,B712 
DAL431-1778040633-fa-159p,2026-05-08T11:15:00,0.051484609098338324,0,0.1107636017015988,replay_quantile@0.22,DL431,N307DX,DL,DEN,ATL,2026-05-08T13:15:00,2026-05-08T15:31:00,DAL2931-1777954012-fa-260p,A321 
