fa_flight_id,predicted_at_utc,proba_delay,predicted_delay,threshold_used,threshold_strategy,ident_iata,tail_num,op_carrier,origin,dest,scheduled_off_utc,scheduled_on_utc,inbound_fa_flight_id,aircraft_type
DAL2928-1777694983-fa-242p,2026-05-04T22:16:38.676026+00:00,0.7257769652650823,1,0.29,artifact,DL2928,N303DN,DL,ATL,BWI,2026-05-04T22:41:00,2026-05-05T00:00:00,DAL1579-1777694981-fa-1142p,A321 
JBU1697-1777704754-airline-1096p,2026-05-04T22:16:38.676026+00:00,0.4227405247813411,1,0.29,artifact,B61697,N3255J,B6,ATL,FLL,2026-05-04T22:16:00,2026-05-04T23:35:00,JBU2098-1777704754-airline-1216p,BCS3 
DAL2035-1777695867-fa-847p,2026-05-04T22:16:38.676026+00:00,0.4150537634408602,1,0.29,artifact,DL2035,N554NW,DL,ATL,MCO,2026-05-04T22:25:00,2026-05-04T23:31:00,DAL2990-1777695868-fa-1370p,B752 
SWA3053-1777709839-airline-1072p,2026-05-04T22:16:38.676026+00:00,0.3219178082191781,1,0.29,artifact,WN3053,N8815L,WN,ATL,MCO,2026-05-04T22:40:00,2026-05-04T23:53:00,SWA3001-1777709839-airline-1027p,B38M 
FFT3458-1777702820-airline-1169p,2026-05-04T22:23:00.510459+00:00,0.9224137931034483,1,0.6475237079459297,quantile@0.26,F93458,N675FR,F9,ATL,LGA,2026-05-04T22:50:00,2026-05-05T00:35:00,FFT3600-1777702820-airline-1183p,A21N 
DAL468-1777694837-fa-212p,2026-05-04T22:23:00.510459+00:00,0.7439446366782007,1,0.6475237079459297,quantile@0.26,DL468,N392DN,DL,ATL,LGA,2026-05-04T23:26:00,2026-05-05T01:03:00,DAL1572-1777694835-fa-2927p,A321 
SWA1472-1777701030-airline-1979p,2026-05-04T22:23:00.510459+00:00,0.7257769652650823,1,0.6475237079459297,quantile@0.26,WN1472,N7747C,WN,ATL,BWI,2026-05-04T23:00:00,2026-05-05T00:22:00,SWA1472-1777701030-airline-1980p,B737 
SWA660-1777704167-airline-3049p,2026-05-04T22:23:00.510459+00:00,0.7257769652650823,1,0.6475237079459297,quantile@0.26,WN660,N8536Z,WN,ATL,LAS,2026-05-04T23:10:00,2026-05-05T03:11:00,SWA4529-1777704167-airline-2799p,B738 
AAL1045-1777708252-airline-445p,2026-05-04T22:23:00.510459+00:00,0.6872682323856613,1,0.6475237079459297,quantile@0.26,AA1045,N838AW,AA,MIA,ATL,2026-05-04T21:21:00,2026-05-04T23:06:00,AAL1516-1777705939-airline-777p,A319 
JIA5313-1777701898-airline-1317p,2026-05-04T22:23:00.510459+00:00,0.6872682323856613,1,0.6475237079459297,quantile@0.26,OH5313,N613NN,OH,ATL,PHL,2026-05-04T23:05:00,2026-05-05T00:59:00,JIA5026-1777703038-airline-1580p,CRJ9 
DAL1588-1777695900-fa-1904p,2026-05-04T22:23:00.510459+00:00,0.6660019940179462,1,0.6475237079459297,quantile@0.26,DL1588,N900PC,DL,ATL,MIA,2026-05-04T23:07:00,2026-05-05T00:32:00,DAL725-1777694807-fa-472p,B752 
FFT1158-1777705129-airline-1438p,2026-05-04T22:23:00.510459+00:00,0.6660019940179462,1,0.6475237079459297,quantile@0.26,F91158,N702FR,F9,ATL,EWR,2026-05-04T22:57:00,2026-05-05T00:38:00,FFT2171-1777702820-airline-929p,A321 
DAL746-1777695027-fa-756p,2026-05-04T22:23:00.510459+00:00,0.6317829457364341,0,0.6475237079459297,quantile@0.26,DL746,N377DN,DL,ATL,DEN,2026-05-04T23:09:00,2026-05-05T02:03:00,DAL974-1777695027-fa-757p,A321 
RPA4582-1777699644-airline-537p,2026-05-04T22:23:00.510459+00:00,0.5678059536934951,0,0.6475237079459297,quantile@0.26,YX4582,N105HQ,YX,ATL,LGA,2026-05-04T23:14:00,2026-05-05T01:11:00,RPA4582-1777699644-airline-538p,E170 
DAL500-1777695405-fa-831p,2026-05-04T22:23:00.510459+00:00,0.4567940893029232,0,0.6475237079459297,quantile@0.26,DL500,N523DN,DL,ATL,LAX,2026-05-04T23:05:00,2026-05-05T03:49:00,DAL201-1777608920-fa-241p,A359 
AAL1811-1777701683-airline-1446p,2026-05-04T22:23:00.510459+00:00,0.4227405247813411,0,0.6475237079459297,quantile@0.26,AA1811,N801NN,AA,ATL,DFW,2026-05-04T22:50:00,2026-05-05T00:53:00,AAL1811-1777701683-airline-1447p,B738 
DAL2498-1777695581-fa-1261p,2026-05-04T22:23:00.510459+00:00,0.4150537634408602,0,0.6475237079459297,quantile@0.26,DL2498,N892DN,DL,ATL,EWR,2026-05-04T23:00:00,2026-05-05T00:35:00,DAL1872-1777695643-fa-926p,B739 
DAL325-1777695246-fa-680p,2026-05-04T22:23:00.510459+00:00,0.3645364536453644,0,0.6475237079459297,quantile@0.26,DL325,N348NW,DL,ATL,DCA,2026-05-04T23:03:00,2026-05-05T00:14:00,DAL1866-1777695245-fa-550p,A320 
DAL2035-1777695867-fa-847p,2026-05-04T22:23:00.510459+00:00,0.34657039711191334,0,0.6475237079459297,quantile@0.26,DL2035,N554NW,DL,ATL,MCO,2026-05-04T22:25:00,2026-05-04T23:31:00,DAL2990-1777695868-fa-1370p,B752 
DAL919-1777695358-fa-1373p,2026-05-04T22:23:00.510459+00:00,0.314540059347181,0,0.6475237079459297,quantile@0.26,DL919,N818NW,DL,ATL,LAS,2026-05-04T22:45:00,2026-05-05T02:41:00,DAL75-1777695352-fa-465p,A333 
SWA3053-1777709839-airline-1072p,2026-05-04T22:23:00.510459+00:00,0.2964071856287426,0,0.6475237079459297,quantile@0.26,WN3053,N8815L,WN,ATL,MCO,2026-05-04T22:40:00,2026-05-04T23:53:00,SWA3001-1777709839-airline-1027p,B38M 
DAL2928-1777694983-fa-242p,2026-05-04T22:23:00.510459+00:00,0.24591156874621442,0,0.6475237079459297,quantile@0.26,DL2928,N303DN,DL,ATL,BWI,2026-05-04T22:41:00,2026-05-05T00:00:00,DAL1579-1777694981-fa-1142p,A321 
DAL446-1777694762-fa-860p,2026-05-04T22:23:00.510459+00:00,0.22489626556016598,0,0.6475237079459297,quantile@0.26,DL446,N1200K,DL,LAX,ATL,2026-05-04T19:40:00,2026-05-04T23:03:00,DAL898-1777694759-fa-241p,B763 
DAL2065-1777694909-fa-554p,2026-05-04T22:23:00.510459+00:00,0.2066365007541478,0,0.6475237079459297,quantile@0.26,DL2065,N365DN,DL,ATL,PHL,2026-05-04T23:09:00,2026-05-05T00:34:00,DAL638-1777694909-fa-858p,A321 
DAL1292-1777694944-fa-1679p,2026-05-04T22:23:00.510459+00:00,0.1295171090502078,0,0.6475237079459297,quantile@0.26,DL1292,N352DN,DL,FLL,ATL,2026-05-04T21:32:00,2026-05-04T22:54:00,DAL1292-1777694945-fa-1019p,A321 
FFT1116-1777705129-airline-1432p,2026-05-04T22:23:00.510459+00:00,0.1295171090502078,0,0.6475237079459297,quantile@0.26,F91116,N654FR,F9,LAS,ATL,2026-05-04T19:19:00,2026-05-04T22:28:00,FFT3231-1777699828-airline-615p,A21N 
SWA1445-1777701030-airline-1949p,2026-05-04T22:23:00.510459+00:00,0.11714770797962648,0,0.6475237079459297,quantile@0.26,WN1445,N8318F,WN,BWI,ATL,2026-05-04T21:10:00,2026-05-04T22:44:00,SWA464-1777704167-airline-2857p,B738 
AAL3330-1777709994-airline-1762p,2026-05-04T22:23:00.510459+00:00,0.1001700417375174,0,0.6475237079459297,quantile@0.26,AA3330,N149AN,AA,MIA,ATL,2026-05-04T16:20:00,2026-05-04T18:06:00,AAL1286-1777705939-airline-524p,A321 
DAL2312-1777695594-fa-133p,2026-05-04T22:23:00.510459+00:00,0.059004203039120594,0,0.6475237079459297,quantile@0.26,DL2312,N930DZ,DL,EWR,ATL,2026-05-04T20:39:00,2026-05-04T22:26:00,DAL2312-1777695595-fa-345p,B739 
DAL399-1777694917-fa-1166p,2026-05-04T22:23:00.510459+00:00,0.059004203039120594,0,0.6475237079459297,quantile@0.26,DL399,N354DN,DL,BOS,ATL,2026-05-04T20:10:00,2026-05-04T22:30:00,DAL350-1777694917-fa-1164p,A321 
DAL1323-1777695895-fa-330p,2026-05-04T22:23:00.510459+00:00,0.05149617258176757,0,0.6475237079459297,quantile@0.26,DL1323,N6716C,DL,MIA,ATL,2026-05-04T20:53:00,2026-05-04T22:26:00,DAL1323-1777695894-fa-966p,B752 
DAL759-1777694996-fa-1162p,2026-05-04T22:23:00.510459+00:00,0.03428239395700175,0,0.6475237079459297,quantile@0.26,DL759,N353DN,DL,TPA,ATL,2026-05-04T22:05:00,2026-05-04T23:06:00,DAL759-1777694996-fa-1160p,A321 
SWA4529-1777704167-airline-2799p,2026-05-04T22:23:00.510459+00:00,0.03428239395700175,0,0.6475237079459297,quantile@0.26,WN4529,N8536Z,WN,TPA,ATL,2026-05-04T20:55:00,2026-05-04T22:08:00,SWA2105-1777698769-airline-1083p,B738 
RPA4582-1777699644-airline-538p,2026-05-04T22:23:00.510459+00:00,0.031007751937984496,0,0.6475237079459297,quantile@0.26,YX4582,N105HQ,YX,LGA,ATL,2026-05-04T20:06:00,2026-05-04T21:50:00,RPA4407-1777699644-airline-330p,E75S 
FFT3458-1777702820-airline-1169p,2026-05-04T22:30:02.506672+00:00,0.9224137931034483,1,0.6660019940179462,quantile@0.26,F93458,N675FR,F9,ATL,LGA,2026-05-04T22:50:00,2026-05-05T00:35:00,FFT3600-1777702820-airline-1183p,A21N 
SWA1472-1777701030-airline-1979p,2026-05-04T22:30:02.506672+00:00,0.7257769652650823,1,0.6660019940179462,quantile@0.26,WN1472,N7747C,WN,ATL,BWI,2026-05-04T23:00:00,2026-05-05T00:22:00,SWA1472-1777701030-airline-1980p,B737 
JIA5313-1777701898-airline-1317p,2026-05-04T22:30:02.506672+00:00,0.6872682323856613,1,0.6660019940179462,quantile@0.26,OH5313,N613NN,OH,ATL,PHL,2026-05-04T23:05:00,2026-05-05T00:59:00,JIA5026-1777703038-airline-1580p,CRJ9 
DAL1588-1777695900-fa-1904p,2026-05-04T22:30:02.506672+00:00,0.6660019940179462,1,0.6660019940179462,quantile@0.26,DL1588,N900PC,DL,ATL,MIA,2026-05-04T23:07:00,2026-05-05T00:32:00,DAL725-1777694807-fa-472p,B752 
FFT1158-1777705129-airline-1438p,2026-05-04T22:30:02.506672+00:00,0.6660019940179462,1,0.6660019940179462,quantile@0.26,F91158,N702FR,F9,ATL,EWR,2026-05-04T22:57:00,2026-05-05T00:38:00,FFT2171-1777702820-airline-929p,A321 
DAL500-1777695405-fa-831p,2026-05-04T22:30:02.506672+00:00,0.4567940893029232,0,0.6660019940179462,quantile@0.26,DL500,N523DN,DL,ATL,LAX,2026-05-04T23:05:00,2026-05-05T03:49:00,DAL201-1777608920-fa-241p,A359 
AAL1811-1777701683-airline-1446p,2026-05-04T22:30:02.506672+00:00,0.4227405247813411,0,0.6660019940179462,quantile@0.26,AA1811,N801NN,AA,ATL,DFW,2026-05-04T22:50:00,2026-05-05T00:53:00,AAL1811-1777701683-airline-1447p,B738 
DAL2498-1777695581-fa-1261p,2026-05-04T22:30:02.506672+00:00,0.40625,0,0.6660019940179462,quantile@0.26,DL2498,N892DN,DL,ATL,EWR,2026-05-04T23:00:00,2026-05-05T00:35:00,DAL1872-1777695643-fa-926p,B739 
DAL325-1777695246-fa-680p,2026-05-04T22:30:02.506672+00:00,0.3645364536453644,0,0.6660019940179462,quantile@0.26,DL325,N348NW,DL,ATL,DCA,2026-05-04T23:03:00,2026-05-05T00:14:00,DAL1866-1777695245-fa-550p,A320 
DAL746-1777695027-fa-756p,2026-05-04T22:30:02.506672+00:00,0.2964071856287426,0,0.6660019940179462,quantile@0.26,DL746,N377DN,DL,ATL,DEN,2026-05-04T23:09:00,2026-05-05T02:03:00,DAL974-1777695027-fa-757p,A321 
DAL919-1777695358-fa-1373p,2026-05-04T22:30:02.506672+00:00,0.2964071856287426,0,0.6660019940179462,quantile@0.26,DL919,N818NW,DL,ATL,LAS,2026-05-04T22:45:00,2026-05-05T02:41:00,DAL75-1777695352-fa-465p,A333 
SWA3053-1777709839-airline-1072p,2026-05-04T22:30:02.506672+00:00,0.2964071856287426,0,0.6660019940179462,quantile@0.26,WN3053,N8815L,WN,ATL,MCO,2026-05-04T22:40:00,2026-05-04T23:53:00,SWA3001-1777709839-airline-1027p,B38M 
RPA4582-1777699644-airline-537p,2026-05-04T22:30:02.506672+00:00,0.28205128205128194,0,0.6660019940179462,quantile@0.26,YX4582,N105HQ,YX,ATL,LGA,2026-05-04T23:14:00,2026-05-05T01:11:00,RPA4582-1777699644-airline-538p,E170 
DAL2928-1777694983-fa-242p,2026-05-04T22:30:02.506672+00:00,0.24591156874621442,0,0.6660019940179462,quantile@0.26,DL2928,N303DN,DL,ATL,BWI,2026-05-04T22:41:00,2026-05-05T00:00:00,DAL1579-1777694981-fa-1142p,A321 
DAL2065-1777694909-fa-554p,2026-05-04T22:30:02.506672+00:00,0.20079787234042554,0,0.6660019940179462,quantile@0.26,DL2065,N365DN,DL,ATL,PHL,2026-05-04T23:09:00,2026-05-05T00:34:00,DAL638-1777694909-fa-858p,A321 
SWA3745-1777786296-airline-1543p,2026-05-05T22:05:00,0.901036084315827,1,0.262444755672171,replay_quantile@0.22,WN3745,N8732S,WN,DEN,ATL,2026-05-06T00:05:00,2026-05-06T02:17:00,SWA3432-1777704104-airline-1748p,B38M 
DAL1594-1777781274-fa-1077p,2026-05-05T22:05:00,0.09863013698630135,0,0.262444755672171,replay_quantile@0.22,DL1594,N306DN,DL,TPA,ATL,2026-05-06T00:05:00,2026-05-06T01:09:00,DAL1594-1777781274-fa-899p,A321
DAL900-1777781548-fa-1075p,2026-05-05T22:55:00,0.08820852296235003,0,0.262444755672171,replay_quantile@0.22,DL900,N316NB,DL,BOS,ATL,2026-05-06T00:55:00,2026-05-06T03:25:00,DAL2816-1777781546-fa-1157p,A319 
DAL1174-1777781362-fa-554p,2026-05-05T23:04:00,0.15437487112516324,0,0.262444755672171,replay_quantile@0.22,DL1174,N353DN,DL,ATL,PHL,2026-05-06T01:04:00,2026-05-06T02:26:00,DAL2131-1777781365-fa-5035p,A321
JIA5560-1777783643-airline-681p,2026-05-05T23:05:00,0.16966426858513187,0,0.262444755672171,replay_quantile@0.22,OH5560,N612NN,OH,DCA,ATL,2026-05-06T01:05:00,2026-05-06T02:46:00,JIA5132-1777783643-airline-240p,CRJ9 
DAL436-1777781637-fa-3912p,2026-05-05T23:09:00,0.10734022955930282,0,0.262444755672171,replay_quantile@0.22,DL436,N328NW,DL,DFW,ATL,2026-05-06T01:09:00,2026-05-06T02:44:00,DAL436-1777781635-fa-912p,A320 
FFT2509-1777794175-airline-1692p,2026-05-05T23:23:00,0.41323216995447654,1,0.262444755672171,replay_quantile@0.22,F92509,N656FR,F9,BWI,ATL,2026-05-06T01:23:00,2026-05-06T02:53:00,FFT3068-1777784511-airline-1272p,A21N 
UAL1287-1777784358-airline-626p,2026-05-05T23:24:00,0.08673129578923999,0,0.262444755672171,replay_quantile@0.22,UA1287,N17417,UA,EWR,ATL,2026-05-06T01:24:00,2026-05-06T03:14:00,UAL620-1777788165-airline-1005p,B39M 
AAL659-1777795705-airline-1677p,2026-05-06T00:05:00,0.27766209868771496,1,0.262444755672171,replay_quantile@0.22,AA659,N921NN,AA,MIA,ATL,2026-05-06T02:05:00,2026-05-06T03:41:00,AAL1884-1777792886-airline-5111p,B738 
FFT4347-1777794329-airline-153p,2026-05-06T00:10:00,0.7306846999154688,1,0.262444755672171,replay_quantile@0.22,F94347,N714FR,F9,LGA,ATL,2026-05-06T02:10:00,2026-05-06T04:08:00,FFT3458-1777794329-airline-96p,A321 
UPS1307-1777981256-sw-337p,2026-05-06T00:36:00,0.30656846895395484,1,0.262444755672171,replay_quantile@0.22,5X1307,N137UP,5X,ATL,PHL,2026-05-06T02:36:00,2026-05-06T04:08:00,UPS2308-1777959058-sw-278p,A306 
FFT1157-1777794175-airline-1525p,2026-05-06T00:39:00,0.03760580411124546,0,0.262444755672171,replay_quantile@0.22,F91157,N393FR,F9,EWR,ATL,2026-05-06T02:39:00,2026-05-06T04:32:00,FFT1158-1777794175-airline-1526p,A20N 
FFT3086-1777794175-airline-1754p,2026-05-06T00:50:00,0.6630434782608694,1,0.262444755672171,replay_quantile@0.22,F93086,N664FR,F9,ATL,BOS,2026-05-06T02:50:00,2026-05-06T05:01:00,FFT2871-1777794175-airline-1732p,A21N 
DAL1162-1777782228-fa-3404p,2026-05-06T00:50:00,0.2474381030742763,0,0.262444755672171,replay_quantile@0.22,DL1162,N689DL,DL,ATL,MCO,2026-05-06T02:50:00,2026-05-06T03:51:00,DAL1742-1777782210-fa-1675p,B752 
DAL865-1777782135-fa-608p,2026-05-06T00:50:00,0.2293706797235023,0,0.262444755672171,replay_quantile@0.22,DL865,N539DN,DL,ATL,BOS,2026-05-06T02:50:00,2026-05-06T04:58:00,DAL2294-1777782093-fa-473p,A21N 
DAL1229-1777781265-fa-797p,2026-05-06T00:57:00,0.15437487112516324,0,0.262444755672171,replay_quantile@0.22,DL1229,N357DN,DL,ATL,FLL,2026-05-06T02:57:00,2026-05-06T04:10:00,DAL959-1777781264-fa-989p,A321 
FFT2174-1777794175-airline-1652p,2026-05-06T00:58:00,0.901036084315827,1,0.262444755672171,replay_quantile@0.22,F92174,N673FR,F9,ATL,FLL,2026-05-06T02:58:00,2026-05-06T04:17:00,FFT4702-1777794329-airline-185p,A21N 
DAL2590-1777782015-fa-1765p,2026-05-06T01:00:00,0.15437487112516324,0,0.262444755672171,replay_quantile@0.22,DL2590,N870DN,DL,ATL,BWI,2026-05-06T03:00:00,2026-05-06T04:24:00,DAL349-1777781914-fa-1901p,B739 
DAL1560-1777782246-fa-1666p,2026-05-06T01:09:00,0.28001446916259726,1,0.262444755672171,replay_quantile@0.22,DL1560,N819DX,DL,ATL,TPA,2026-05-06T03:09:00,2026-05-06T04:09:00,DAL929-1777708222-airline-1360p,B752 
FFT3453-1777794329-airline-94p,2026-05-06T02:34:04.166174+00:00,0.901036084315827,1,0.5333271589510724,quantile@0.22,F93453,N374FR,F9,LGA,ATL,2026-05-05T22:58:00,2026-05-06T00:43:00,FFT3454-1777794329-airline-95p,A20N 
SWA3745-1777786296-airline-1543p,2026-05-06T02:34:04.166174+00:00,0.8289076644538322,1,0.5333271589510724,quantile@0.22,WN3745,N8732S,WN,DEN,ATL,2026-05-06T00:05:00,2026-05-06T02:17:00,SWA3432-1777704104-airline-1748p,B38M 
UAL1305-1777766707-fa-1493p,2026-05-06T02:34:04.166174+00:00,0.778021978021978,1,0.5333271589510724,quantile@0.22,UA1305,N62849,UA,DEN,ATL,2026-05-05T23:49:00,2026-05-06T02:09:00,UAL2448-1777753017-fa-3986p,B739 
FFT1157-1777794175-airline-1525p,2026-05-06T02:34:04.166174+00:00,0.7136901559978484,1,0.5333271589510724,quantile@0.22,F91157,N393FR,F9,EWR,ATL,2026-05-06T02:39:00,2026-05-06T04:32:00,FFT1158-1777794175-airline-1526p,A20N 
FFT3086-1777794175-airline-1754p,2026-05-06T02:34:04.166174+00:00,0.5567805953693497,1,0.5333271589510724,quantile@0.22,F93086,N664FR,F9,ATL,BOS,2026-05-06T02:50:00,2026-05-06T05:01:00,FFT2871-1777794175-airline-1732p,A21N 
FFT4347-1777794329-airline-153p,2026-05-06T02:34:04.166174+00:00,0.4981470043236564,0,0.5333271589510724,quantile@0.22,F94347,N714FR,F9,LGA,ATL,2026-05-06T02:10:00,2026-05-06T04:08:00,FFT3458-1777794329-airline-96p,A321 
FFT4316-1777784511-airline-1341p,2026-05-06T02:34:04.166174+00:00,0.3974970202622169,0,0.5333271589510724,quantile@0.22,F94316,N671FR,F9,LAX,ATL,2026-05-05T22:38:00,2026-05-06T02:16:00,FFT1178-1777784511-airline-1134p,A21N 
AAL3212-1777794646-airline-2346p,2026-05-06T02:34:04.166174+00:00,0.3914621500172832,0,0.5333271589510724,quantile@0.22,AA3212,N915US,AA,DFW,ATL,2026-05-05T23:57:00,2026-05-06T01:39:00,AAL2860-1777784923-airline-1545p,A321 
AAL659-1777795705-airline-1677p,2026-05-06T02:34:04.166174+00:00,0.3331573854139174,0,0.5333271589510724,quantile@0.22,AA659,N921NN,AA,MIA,ATL,2026-05-06T02:05:00,2026-05-06T03:41:00,AAL1884-1777792886-airline-5111p,B738 
UPS1307-1777981256-sw-337p,2026-05-06T02:34:04.166174+00:00,0.29853554773787117,0,0.5333271589510724,quantile@0.22,5X1307,N137UP,5X,ATL,PHL,2026-05-06T02:36:00,2026-05-06T04:08:00,UPS2308-1777959058-sw-278p,A306 
DAL436-1777781637-fa-3912p,2026-05-06T02:34:04.166174+00:00,0.26352206231219366,0,0.5333271589510724,quantile@0.22,DL436,N328NW,DL,DFW,ATL,2026-05-06T01:09:00,2026-05-06T02:44:00,DAL436-1777781635-fa-912p,A320 
DAL865-1777782135-fa-608p,2026-05-06T02:34:04.166174+00:00,0.26352206231219366,0,0.5333271589510724,quantile@0.22,DL865,N539DN,DL,ATL,BOS,2026-05-06T02:50:00,2026-05-06T04:58:00,DAL2294-1777782093-fa-473p,A21N 
FFT2174-1777794175-airline-1652p,2026-05-06T02:34:04.166174+00:00,0.26352206231219366,0,0.5333271589510724,quantile@0.22,F92174,N673FR,F9,ATL,FLL,2026-05-06T02:58:00,2026-05-06T04:17:00,FFT4702-1777794329-airline-185p,A21N 
DAL1560-1777782246-fa-1666p,2026-05-06T02:34:04.166174+00:00,0.2293706797235023,0,0.5333271589510724,quantile@0.22,DL1560,N819DX,DL,ATL,TPA,2026-05-06T03:09:00,2026-05-06T04:09:00,DAL929-1777708222-airline-1360p,B752 
DAL1162-1777782228-fa-3404p,2026-05-06T02:34:04.166174+00:00,0.2034157472535228,0,0.5333271589510724,quantile@0.22,DL1162,N689DL,DL,ATL,MCO,2026-05-06T02:50:00,2026-05-06T03:51:00,DAL1742-1777782210-fa-1675p,B752 
FFT2509-1777794175-airline-1692p,2026-05-06T02:34:04.166174+00:00,0.1442965731457866,0,0.5333271589510724,quantile@0.22,F92509,N656FR,F9,BWI,ATL,2026-05-06T01:23:00,2026-05-06T02:53:00,FFT3068-1777784511-airline-1272p,A21N 
UAL1287-1777784358-airline-626p,2026-05-06T02:34:04.166174+00:00,0.10734022955930282,0,0.5333271589510724,quantile@0.22,UA1287,N17417,UA,EWR,ATL,2026-05-06T01:24:00,2026-05-06T03:14:00,UAL620-1777788165-airline-1005p,B39M 
DAL1229-1777781265-fa-797p,2026-05-06T02:34:04.166174+00:00,0.10368766462788517,0,0.5333271589510724,quantile@0.22,DL1229,N357DN,DL,ATL,FLL,2026-05-06T02:57:00,2026-05-06T04:10:00,DAL959-1777781264-fa-989p,A321 
JIA5560-1777783643-airline-681p,2026-05-06T02:34:04.166174+00:00,0.09637679462257297,0,0.5333271589510724,quantile@0.22,OH5560,N612NN,OH,DCA,ATL,2026-05-06T01:05:00,2026-05-06T02:46:00,JIA5132-1777783643-airline-240p,CRJ9 
DAL2590-1777782015-fa-1765p,2026-05-06T02:34:04.166174+00:00,0.08124452234881684,0,0.5333271589510724,quantile@0.22,DL2590,N870DN,DL,ATL,BWI,2026-05-06T03:00:00,2026-05-06T04:24:00,DAL349-1777781914-fa-1901p,B739 
DAL900-1777781548-fa-1075p,2026-05-06T02:34:04.166174+00:00,0.06215884349880825,0,0.5333271589510724,quantile@0.22,DL900,N316NB,DL,BOS,ATL,2026-05-06T00:55:00,2026-05-06T03:25:00,DAL2816-1777781546-fa-1157p,A319 
DAL447-1777788227-airline-1090p,2026-05-06T03:25:00,0.041698101006617375,0,0.262444755672171,replay_quantile@0.22,DL447,N341DN,DL,ONT,ATL,2026-05-06T05:25:00,2026-05-06T08:54:00,DAL779-1777781267-fa-733p,A321
ETD13-1777872375-airline-4251p,2026-05-06T03:30:00,0.31634153514361335,1,0.262444755672171,replay_quantile@0.22,EY13,A6-BNE,EY,AUH,ATL,2026-05-06T05:30:00,2026-05-06T21:02:00,ETD871-1777791251-airline-995p,B789 
DAL912-1777788227-airline-1215p,2026-05-06T03:35:00,0.03426165017416769,0,0.262444755672171,replay_quantile@0.22,DL912,N354DN,DL,SLC,ATL,2026-05-06T05:35:00,2026-05-06T08:46:00,DAL660-1777781304-fa-503p,A321
DAL188-1777868128-fa-61p,2026-05-06T05:35:00,0.04460940752046621,0,0.262444755672171,replay_quantile@0.22,DL188,N521DN,DL,ICN,ATL,2026-05-06T07:35:00,2026-05-06T20:43:00,DAL189-1777781711-fa-675p,A359 
DAL1168-1777867703-fa-470p,2026-05-06T07:35:00,0.022552415197102292,0,0.262444755672171,replay_quantile@0.22,DL1168,N357DN,DL,FLL,ATL,2026-05-06T09:35:00,2026-05-06T11:04:00,DAL1229-1777781265-fa-797p,A321 
DAL1269-1777867686-fa-1078p,2026-05-06T07:40:00,0.04105166948641657,0,0.262444755672171,replay_quantile@0.22,DL1269,N353DN,DL,PHL,ATL,2026-05-06T09:40:00,2026-05-06T11:18:00,DAL1174-1777781362-fa-554p,A321 
DAL26-1777868130-fa-875p,2026-05-06T08:00:00,0.048215848823438545,0,0.262444755672171,replay_quantile@0.22,DL26,N527DN,DL,ICN,ATL,2026-05-06T10:00:00,2026-05-06T23:55:00,DAL159-1777781720-fa-332p,A359 
DAL410-1777867944-fa-667p,2026-05-06T08:10:00,0.07200967458223397,0,0.262444755672171,replay_quantile@0.22,DL410,N361NW,DL,DCA,ATL,2026-05-06T10:10:00,2026-05-06T11:28:00,DAL537-1777781598-fa-646p,A320 
DAL1494-1777868674-fa-1275p,2026-05-06T08:25:00,0.039195916566891434,0,0.262444755672171,replay_quantile@0.22,DL1494,N698DL,DL,MCO,ATL,2026-05-06T10:25:00,2026-05-06T11:29:00,DAL2035-1777782231-fa-1313p,B752 
DAL1456-1777868699-fa-227p,2026-05-06T08:30:00,0.01636048253567767,0,0.262444755672171,replay_quantile@0.22,DL1456,N819DX,DL,TPA,ATL,2026-05-06T10:30:00,2026-05-06T11:33:00,DAL1560-1777782246-fa-1666p,B752 
DAL55-1777868070-fa-907p,2026-05-06T08:55:00,0.10368766462788517,0,0.262444755672171,replay_quantile@0.22,DL55,N853NW,DL,LOS,ATL,2026-05-06T10:55:00,2026-05-06T22:51:00,DAL54-1777781674-fa-791p,A332 
SWA2647-1777876911-airline-925p,2026-05-06T09:00:00,0.15736243263024813,0,0.262444755672171,replay_quantile@0.22,WN2647,N8788L,WN,ATL,DEN,2026-05-06T11:00:00,2026-05-06T14:19:00,SWA1777-1777795268-airline-1439p,B38M 
DAL987-1777868700-fa-222p,2026-05-06T09:10:00,0.09136883740641334,0,0.262444755672171,replay_quantile@0.22,DL987,N722TW,DL,ATL,BOS,2026-05-06T11:10:00,2026-05-06T13:13:00,DAL327-1777782242-fa-891p,B752 
JBU1797-1777872124-airline-165p,2026-05-06T09:10:00,0.08673129578923999,0,0.262444755672171,replay_quantile@0.22,B61797,N828JB,B6,ATL,FLL,2026-05-06T11:10:00,2026-05-06T12:34:00,JBU1798-1777786731-airline-1966p,A320 
SWA207-1777880845-airline-1172p,2026-05-06T09:20:00,0.0799474030243261,0,0.262444755672171,replay_quantile@0.22,WN207,N486WN,WN,ATL,BWI,2026-05-06T11:20:00,2026-05-06T12:39:00,SWA2535-1777875775-airline-1433p,B737 
DAL67-1777868078-fa-843p,2026-05-06T09:20:00,0.059847474436578764,0,0.262444755672171,replay_quantile@0.22,DL67,N419DX,DL,FCO,ATL,2026-05-06T11:20:00,2026-05-06T21:48:00,DAL206-1777781676-fa-1159p,A339 
DAL2204-1777868694-fa-614p,2026-05-06T09:25:00,0.15022288261515604,0,0.262444755672171,replay_quantile@0.22,DL2204,N6716C,DL,ATL,MCO,2026-05-06T11:25:00,2026-05-06T12:21:00,DAL1946-1777781164-fa-179p,B752 
DAL2325-1777868477-fa-194p,2026-05-06T09:30:00,0.11685538815852606,0,0.262444755672171,replay_quantile@0.22,DL2325,N864DN,DL,ATL,EWR,2026-05-06T11:30:00,2026-05-06T13:06:00,DAL1804-1777781958-fa-901p,B739 
DAL75-1777868083-fa-923p,2026-05-06T09:30:00,0.07881635049914468,0,0.262444755672171,replay_quantile@0.22,DL75,N417DX,DL,AMS,ATL,2026-05-06T11:30:00,2026-05-06T20:44:00,DAL162-1777781698-fa-1596p,A339 
DAL839-1777867775-fa-613p,2026-05-06T09:35:00,0.14789807421324566,0,0.262444755672171,replay_quantile@0.22,DL839,N127DN,DL,ATL,DFW,2026-05-06T11:35:00,2026-05-06T13:33:00,DAL957-1777781419-fa-57p,A321 
DAL926-1777868007-fa-1189p,2026-05-06T09:35:00,0.12861210197336137,0,0.262444755672171,replay_quantile@0.22,DL926,N355NW,DL,ATL,DCA,2026-05-06T11:35:00,2026-05-06T12:48:00,DAL2047-1777781566-fa-162p,A320 
DAL1334-1777867270-fa-175p,2026-05-06T09:35:00,0.12064574912973387,0,0.262444755672171,replay_quantile@0.22,DL1334,N354DN,DL,ATL,FLL,2026-05-06T11:35:00,2026-05-06T12:53:00,DAL912-1777788227-airline-1215p,A321 
DAL2605-1777868690-fa-936p,2026-05-06T09:35:00,0.09863013698630135,0,0.262444755672171,replay_quantile@0.22,DL2605,N696DL,DL,ATL,TPA,2026-05-06T11:35:00,2026-05-06T12:33:00,DAL365-1777789009-airline-1649p,B752 
DAL1327-1777868692-fa-3033p,2026-05-06T09:40:00,0.1758076291294032,0,0.262444755672171,replay_quantile@0.22,DL1327,N6705Y,DL,ATL,LAS,2026-05-06T11:40:00,2026-05-06T15:50:00,DAL1028-1777782213-fa-4251p,B752 
DAL2836-1777867537-fa-823p,2026-05-06T09:40:00,0.15736243263024813,0,0.262444755672171,replay_quantile@0.22,DL2836,N554NW,DL,ATL,MIA,2026-05-06T11:40:00,2026-05-06T13:03:00,DAL1372-1777782186-fa-1877p,B752 
DAL1178-1777867658-fa-313p,2026-05-06T09:40:00,0.11126441312703263,0,0.262444755672171,replay_quantile@0.22,DL1178,N341DN,DL,ATL,ORD,2026-05-06T11:40:00,2026-05-06T13:18:00,DAL447-1777788227-airline-1090p,A321 
DAL323-1777867733-fa-1439p,2026-05-06T09:40:00,0.09498473615351069,0,0.262444755672171,replay_quantile@0.22,DL323,N387DN,DL,ATL,LGA,2026-05-06T11:40:00,2026-05-06T13:31:00,DAL302-1777867734-fa-1075p,A321 
DAL2153-1777867595-fa-1093p,2026-05-06T09:40:00,0.07200967458223397,0,0.262444755672171,replay_quantile@0.22,DL2153,N306DN,DL,ATL,PHL,2026-05-06T11:40:00,2026-05-06T13:06:00,DAL1594-1777781274-fa-1077p,A321 
AAL3222-1777876411-airline-266p,2026-05-06T09:42:00,0.09863013698630135,0,0.262444755672171,replay_quantile@0.22,AA3222,N9002U,AA,ATL,PHL,2026-05-06T11:42:00,2026-05-06T13:27:00,AAL2779-1777784923-airline-1454p,A319 
JIA3222-1777880750-airline-797p,2026-05-06T09:42:00,0.08371181484477073,0,0.262444755672171,replay_quantile@0.22,OH3222,N9002U,OH,ATL,PHL,2026-05-06T11:42:00,2026-05-06T13:30:00,AAL2779-1777784923-airline-1454p,A319 
DAL996-1777867531-fa-706p,2026-05-06T09:45:00,0.15736243263024813,0,0.262444755672171,replay_quantile@0.22,DL996,N6715C,DL,ATL,LAX,2026-05-06T11:45:00,2026-05-06T16:19:00,DAL722-1777793156-fa-1581p,B752 
DAL1592-1777868435-fa-1680p,2026-05-06T10:00:00,0.08820852296235003,0,0.262444755672171,replay_quantile@0.22,DL1592,N838DN,DL,ATL,BWI,2026-05-06T12:00:00,2026-05-06T13:20:00,DAL654-1777792131-airline-1568p,B739 
AFR32-1777876875-airline-1142p,2026-05-06T10:10:00,0.050680169935201476,0,0.262444755672171,replay_quantile@0.22,AF32,F-GSPU,AF,CDG,ATL,2026-05-06T12:10:00,2026-05-06T20:57:00,AFR33-1777788009-airline-1458p,B772 
SKW3744-1777814942-fa-2024p,2026-05-06T10:15:00,0.08371181484477073,0,0.262444755672171,replay_quantile@0.22,OO3744,N265SY,OO,ATL,XNA,2026-05-06T12:15:00,2026-05-06T13:47:00,SKW3804-1777786044-airline-65p,E75L 
DAL31-1777867580-fa-1456p,2026-05-06T10:35:00,0.06215884349880825,0,0.262444755672171,replay_quantile@0.22,DL31,N825MH,DL,LHR,ATL,2026-05-06T12:35:00,2026-05-06T21:37:00,DAL32-1777781235-fa-1328p,B764 
DAL2836-1777867537-fa-823p,2026-05-06T11:02:06.094700+00:00,0.16010032890844986,1,0.09136883740641334,quantile@0.22,DL2836,N554NW,DL,ATL,MIA,2026-05-06T11:40:00,2026-05-06T13:03:00,DAL1372-1777782186-fa-1877p,B752 
DAL1327-1777868692-fa-3033p,2026-05-06T11:02:06.094700+00:00,0.11685538815852606,1,0.09136883740641334,quantile@0.22,DL1327,N6705Y,DL,ATL,LAS,2026-05-06T11:40:00,2026-05-06T15:50:00,DAL1028-1777782213-fa-4251p,B752 
DAL1334-1777867270-fa-175p,2026-05-06T11:02:06.094700+00:00,0.11685538815852606,1,0.09136883740641334,quantile@0.22,DL1334,N354DN,DL,ATL,FLL,2026-05-06T11:35:00,2026-05-06T12:53:00,DAL912-1777788227-airline-1215p,A321 
DAL996-1777867531-fa-706p,2026-05-06T11:02:06.094700+00:00,0.10360426447574338,1,0.09136883740641334,quantile@0.22,DL996,N6715C,DL,ATL,LAX,2026-05-06T11:45:00,2026-05-06T16:19:00,DAL722-1777793156-fa-1581p,B752 
JBU1797-1777872124-airline-165p,2026-05-06T11:02:06.094700+00:00,0.09863013698630135,1,0.09136883740641334,quantile@0.22,B61797,N828JB,B6,ATL,FLL,2026-05-06T11:10:00,2026-05-06T12:34:00,JBU1798-1777786731-airline-1966p,A320 
DAL2204-1777868694-fa-614p,2026-05-06T11:02:06.094700+00:00,0.09136883740641334,1,0.09136883740641334,quantile@0.22,DL2204,N6716C,DL,ATL,MCO,2026-05-06T11:25:00,2026-05-06T12:21:00,DAL1946-1777781164-fa-179p,B752 
DAL926-1777868007-fa-1189p,2026-05-06T11:02:06.094700+00:00,0.09136883740641334,1,0.09136883740641334,quantile@0.22,DL926,N355NW,DL,ATL,DCA,2026-05-06T11:35:00,2026-05-06T12:48:00,DAL2047-1777781566-fa-162p,A320 
AAL3222-1777876411-airline-266p,2026-05-06T11:02:06.094700+00:00,0.08673129578923999,0,0.09136883740641334,quantile@0.22,AA3222,N9002U,AA,ATL,PHL,2026-05-06T11:42:00,2026-05-06T13:27:00,AAL2779-1777784923-airline-1454p,A319 
DAL839-1777867775-fa-613p,2026-05-06T11:02:06.094700+00:00,0.0837847967562779,0,0.09136883740641334,quantile@0.22,DL839,N127DN,DL,ATL,DFW,2026-05-06T11:35:00,2026-05-06T13:33:00,DAL957-1777781419-fa-57p,A321 
SWA2647-1777876911-airline-925p,2026-05-06T11:02:06.094700+00:00,0.07042585820455347,0,0.09136883740641334,quantile@0.22,WN2647,N8788L,WN,ATL,DEN,2026-05-06T11:00:00,2026-05-06T14:19:00,SWA1777-1777795268-airline-1439p,B38M 
DAL2325-1777868477-fa-194p,2026-05-06T11:02:06.094700+00:00,0.06623101740542095,0,0.09136883740641334,quantile@0.22,DL2325,N864DN,DL,ATL,EWR,2026-05-06T11:30:00,2026-05-06T13:06:00,DAL1804-1777781958-fa-901p,B739 
DAL1178-1777867658-fa-313p,2026-05-06T11:02:06.094700+00:00,0.06498021545710299,0,0.09136883740641334,quantile@0.22,DL1178,N341DN,DL,ATL,ORD,2026-05-06T11:40:00,2026-05-06T13:18:00,DAL447-1777788227-airline-1090p,A321 
DAL2605-1777868690-fa-936p,2026-05-06T11:02:06.094700+00:00,0.06498021545710299,0,0.09136883740641334,quantile@0.22,DL2605,N696DL,DL,ATL,TPA,2026-05-06T11:35:00,2026-05-06T12:33:00,DAL365-1777789009-airline-1649p,B752 
JIA3222-1777880750-airline-797p,2026-05-06T11:02:06.094700+00:00,0.052794790293821225,0,0.09136883740641334,quantile@0.22,OH3222,N9002U,OH,ATL,PHL,2026-05-06T11:42:00,2026-05-06T13:30:00,AAL2779-1777784923-airline-1454p,A319 
DAL987-1777868700-fa-222p,2026-05-06T11:02:06.094700+00:00,0.048215848823438545,0,0.09136883740641334,quantile@0.22,DL987,N722TW,DL,ATL,BOS,2026-05-06T11:10:00,2026-05-06T13:13:00,DAL327-1777782242-fa-891p,B752 
DAL323-1777867733-fa-1439p,2026-05-06T11:02:06.094700+00:00,0.046833656729581924,0,0.09136883740641334,quantile@0.22,DL323,N387DN,DL,ATL,LGA,2026-05-06T11:40:00,2026-05-06T13:31:00,DAL302-1777867734-fa-1075p,A321 
DAL1592-1777868435-fa-1680p,2026-05-06T11:02:06.094700+00:00,0.04460940752046621,0,0.09136883740641334,quantile@0.22,DL1592,N838DN,DL,ATL,BWI,2026-05-06T12:00:00,2026-05-06T13:20:00,DAL654-1777792131-airline-1568p,B739 
DAL2153-1777867595-fa-1093p,2026-05-06T11:02:06.094700+00:00,0.03760580411124546,0,0.09136883740641334,quantile@0.22,DL2153,N306DN,DL,ATL,PHL,2026-05-06T11:40:00,2026-05-06T13:06:00,DAL1594-1777781274-fa-1077p,A321 
DAL410-1777867944-fa-667p,2026-05-06T11:02:06.094700+00:00,0.03426165017416769,0,0.09136883740641334,quantile@0.22,DL410,N361NW,DL,DCA,ATL,2026-05-06T10:10:00,2026-05-06T11:28:00,DAL537-1777781598-fa-646p,A320 
DAL1269-1777867686-fa-1078p,2026-05-06T11:02:06.094700+00:00,0.03386761287165057,0,0.09136883740641334,quantile@0.22,DL1269,N353DN,DL,PHL,ATL,2026-05-06T09:40:00,2026-05-06T11:18:00,DAL1174-1777781362-fa-554p,A321 
SWA207-1777880845-airline-1172p,2026-05-06T11:02:06.094700+00:00,0.025932263393910786,0,0.09136883740641334,quantile@0.22,WN207,N486WN,WN,ATL,BWI,2026-05-06T11:20:00,2026-05-06T12:39:00,SWA2535-1777875775-airline-1433p,B737 
DAL1494-1777868674-fa-1275p,2026-05-06T11:02:06.094700+00:00,0.020823069596347752,0,0.09136883740641334,quantile@0.22,DL1494,N698DL,DL,MCO,ATL,2026-05-06T10:25:00,2026-05-06T11:29:00,DAL2035-1777782231-fa-1313p,B752 
DAL1168-1777867703-fa-470p,2026-05-06T11:02:06.094700+00:00,0.015702695629416383,0,0.09136883740641334,quantile@0.22,DL1168,N357DN,DL,FLL,ATL,2026-05-06T09:35:00,2026-05-06T11:04:00,DAL1229-1777781265-fa-797p,A321 
DAL1456-1777868699-fa-227p,2026-05-06T11:02:06.094700+00:00,0.012736149437486733,0,0.09136883740641334,quantile@0.22,DL1456,N819DX,DL,TPA,ATL,2026-05-06T10:30:00,2026-05-06T11:33:00,DAL1560-1777782246-fa-1666p,B752 
DAL85-1777868040-fa-125p,2026-05-06T11:50:00,0.06498021545710299,0,0.262444755672171,replay_quantile@0.22,DL85,N807NW,DL,CDG,ATL,2026-05-06T13:50:00,2026-05-06T23:03:00,DAL264-1777781652-fa-663p,A333 
DAL37-1777867588-fa-3624p,2026-05-06T12:25:00,0.08673129578923999,0,0.262444755672171,replay_quantile@0.22,DL37,N844MH,DL,LHR,ATL,2026-05-06T14:25:00,2026-05-06T23:20:00,DAL36-1777781245-fa-1186p,B764 
N147QS-1778016638-sw-120p,2026-05-06T13:30:00,0.23809523809523808,0,0.262444755672171,replay_quantile@0.22,,N147QS,,ORK,ATL,2026-05-06T15:30:00,2026-05-06T23:24:00,N147QS-1777831231-sw-326p,GLEX 
RPA5817-1777870516-airline-1399p,2026-05-06T14:18:00,0.023503281840482664,0,0.262444755672171,replay_quantile@0.22,YX5817,N860RW,YX,HHH,ATL,2026-05-06T16:18:00,2026-05-06T16:59:00,RPA5618-1777879470-airline-1735p,E170 
DAL1757-1777867245-fa-925p,2026-05-06T15:05:00,0.05580033208257612,0,0.262444755672171,replay_quantile@0.22,DL1757,N687DL,DL,SJU,ATL,2026-05-06T17:05:00,2026-05-06T20:42:00,DAL1757-1777867245-fa-923p,B752 
DAL885-1777868654-fa-8p,2026-05-06T15:05:00,0.053686380212462345,0,0.262444755672171,replay_quantile@0.22,DL885,N586DT,DL,SLC,ATL,2026-05-06T17:05:00,2026-05-06T20:07:00,DAL859-1777868654-fa-7p,A21N 
DAL1755-1777867614-fa-1728p,2026-05-06T15:10:00,0.12064574912973387,0,0.262444755672171,replay_quantile@0.22,DL1755,N321DH,DL,PUJ,ATL,2026-05-06T17:10:00,2026-05-06T20:36:00,DAL1760-1777867614-fa-1727p,A321 
DAL927-1777868693-fa-1780p,2026-05-06T15:13:00,0.07042585820455347,0,0.262444755672171,replay_quantile@0.22,DL927,N6705Y,DL,LAS,ATL,2026-05-06T17:13:00,2026-05-06T20:27:00,DAL1327-1777868692-fa-3033p,B752 
DAL1752-1777868367-fa-1689p,2026-05-06T15:20:00,0.0497826768830936,0,0.262444755672171,replay_quantile@0.22,DL1752,N871DN,DL,AUA,ATL,2026-05-06T17:20:00,2026-05-06T21:10:00,DAL1751-1777868369-fa-1065p,B739 
UAL702-1777840155-fa-395p,2026-05-06T15:25:00,0.07042585820455347,0,0.262444755672171,replay_quantile@0.22,UA702,N27323,UA,SFO,ATL,2026-05-06T17:25:00,2026-05-06T21:47:00,UAL1604-1777840155-fa-2499p,B38M 
DAL1823-1777867536-fa-955p,2026-05-06T15:32:00,0.23554950751684814,0,0.262444755672171,replay_quantile@0.22,DL1823,N690DL,DL,STT,ATL,2026-05-06T17:32:00,2026-05-06T21:10:00,DAL1930-1777867536-fa-959p,B752 
DAL528-1777867532-fa-786p,2026-05-06T15:45:00,0.13564800333646132,0,0.262444755672171,replay_quantile@0.22,DL528,N6715C,DL,LAX,ATL,2026-05-06T17:45:00,2026-05-06T21:48:00,DAL996-1777867531-fa-706p,B752 
DAL1873-1777868696-fa-1317p,2026-05-06T15:45:00,0.07042585820455347,0,0.262444755672171,replay_quantile@0.22,DL1873,N6708D,DL,SXM,ATL,2026-05-06T17:45:00,2026-05-06T21:44:00,DAL1887-1777868696-fa-299p,B752 
DAL2235-1777867976-fa-1270p,2026-05-06T15:53:00,0.12861210197336137,0,0.262444755672171,replay_quantile@0.22,DL2235,N339NW,DL,DEN,ATL,2026-05-06T17:53:00,2026-05-06T20:10:00,DAL2849-1777867973-fa-850p,A320 
DAL1317-1777868070-fa-80p,2026-05-06T16:02:00,0.03158483796105801,0,0.262444755672171,replay_quantile@0.22,DL1317,N860NW,DL,PHX,ATL,2026-05-06T18:02:00,2026-05-06T20:47:00,DAL348-1777868069-fa-2746p,A332 
DAL2571-1777868735-fa-573p,2026-05-06T16:04:00,0.05580033208257612,0,0.262444755672171,replay_quantile@0.22,DL2571,N892AT,DL,ATL,MYR,2026-05-06T18:04:00,2026-05-06T18:53:00,DAL3164-1777868735-fa-575p,B712 
DAL322-1777867589-fa-1254p,2026-05-06T16:10:00,0.06378334680679068,0,0.262444755672171,replay_quantile@0.22,DL322,N335DN,DL,BOS,ATL,2026-05-06T18:10:00,2026-05-06T20:35:00,DAL855-1777867590-fa-894p,A321 
DAL725-1777868688-fa-1458p,2026-05-06T16:12:00,0.05175257731958763,0,0.262444755672171,replay_quantile@0.22,DL725,N692DL,DL,SAN,ATL,2026-05-06T18:12:00,2026-05-06T21:55:00,DAL725-1777868688-fa-1457p,B752 
DAL1872-1777868172-fa-1112p,2026-05-06T16:15:00,0.12013910844135314,0,0.262444755672171,replay_quantile@0.22,DL1872,N381DN,DL,PLS,ATL,2026-05-06T18:15:00,2026-05-06T20:54:00,DAL1869-1777868171-fa-213p,B738 
RPA5830-1777879471-airline-33p,2026-05-06T16:16:00,0.05199379649344164,0,0.262444755672171,replay_quantile@0.22,YX5830,N860RW,YX,ATL,HHH,2026-05-06T18:16:00,2026-05-06T19:01:00,,E170 
DAL554-1777868662-fa-182p,2026-05-06T16:22:00,0.1442965731457866,0,0.262444755672171,replay_quantile@0.22,DL554,N593DX,DL,SEA,ATL,2026-05-06T18:22:00,2026-05-06T22:29:00,DAL444-1777868660-fa-3840p,A21N 
SKW3869-1777873157-airline-1190p,2026-05-06T16:30:00,0.10734022955930282,0,0.262444755672171,replay_quantile@0.22,OO3869,N304SY,OO,OAJ,ATL,2026-05-06T18:30:00,2026-05-06T19:42:00,SKW3869-1777870954-airline-631p,E75L 
DAL1082-1777867594-fa-1216p,2026-05-06T16:31:00,0.0740344495560073,0,0.262444755672171,replay_quantile@0.22,DL1082,N323DN,DL,BDL,ATL,2026-05-06T18:31:00,2026-05-06T20:37:00,DAL1082-1777867592-fa-1311p,A321 
DAL1870-1777868468-fa-896p,2026-05-06T16:35:00,0.09863013698630135,0,0.262444755672171,replay_quantile@0.22,DL1870,N883DN,DL,GCM,ATL,2026-05-06T18:35:00,2026-05-06T21:00:00,DAL600-1777868467-fa-718p,B739 
DAL1195-1777868739-fa-1622p,2026-05-06T16:41:00,0.03760580411124546,0,0.262444755672171,replay_quantile@0.22,DL1195,N929AT,DL,HOU,ATL,2026-05-06T18:41:00,2026-05-06T20:15:00,DAL1195-1777868739-fa-216p,B712 
SWA279-1777876911-airline-1106p,2026-05-06T16:45:00,0.08673129578923999,0,0.262444755672171,replay_quantile@0.22,WN279,N927WN,WN,AUS,ATL,2026-05-06T18:45:00,2026-05-06T20:32:00,SWA3391-1777871111-airline-790p,B737 
DAL1805-1777868184-fa-281p,2026-05-06T16:45:00,0.05580033208257612,0,0.262444755672171,replay_quantile@0.22,DL1805,N3755D,DL,SAP,ATL,2026-05-06T18:45:00,2026-05-06T21:21:00,DAL1782-1777868185-fa-396p,B738 
DAL1803-1777868472-fa-140p,2026-05-06T16:47:00,0.0799474030243261,0,0.262444755672171,replay_quantile@0.22,DL1803,N884DN,DL,SDQ,ATL,2026-05-06T18:47:00,2026-05-06T21:59:00,DAL1958-1777868472-fa-141p,B739 
JIA5049-1777872223-airline-237p,2026-05-06T16:48:00,0.12064574912973387,0,0.262444755672171,replay_quantile@0.22,OH5049,N550NN,OH,CLT,ATL,2026-05-06T18:48:00,2026-05-06T19:35:00,JIA5587-1777872033-airline-908p,CRJ9 
DAL1802-1777867661-fa-1303p,2026-05-06T16:51:00,0.09637679462257297,0,0.262444755672171,replay_quantile@0.22,DL1802,N343DN,DL,BZE,ATL,2026-05-06T18:51:00,2026-05-06T21:28:00,DAL1656-1777867669-fa-924p,A321 
DAL583-1777867879-fa-170p,2026-05-06T16:55:00,0.11685538815852606,0,0.262444755672171,replay_quantile@0.22,DL583,N346NB,DL,BDA,ATL,2026-05-06T18:55:00,2026-05-06T21:40:00,DAL584-1777867878-fa-520p,A319 
AAL2737-1777871343-airline-764p,2026-05-06T16:55:00,0.07427354709418839,0,0.262444755672171,replay_quantile@0.22,AA2737,N4005X,AA,ORD,ATL,2026-05-06T18:55:00,2026-05-06T20:29:00,AAL349-1777876411-airline-576p,A319 
DAL1882-1777867568-fa-450p,2026-05-06T16:55:00,0.06623101740542095,0,0.262444755672171,replay_quantile@0.22,DL1882,N199DN,DL,SJU,ATL,2026-05-06T18:55:00,2026-05-06T22:35:00,DAL1882-1777867568-fa-1268p,B763 
DAL1555-1777867260-fa-931p,2026-05-06T16:55:00,0.05815146427905241,0,0.262444755672171,replay_quantile@0.22,DL1555,N361DN,DL,TPA,ATL,2026-05-06T18:55:00,2026-05-06T19:59:00,DAL2264-1777694876-fa-165p,A321 
DAL1919-1777867627-fa-959p,2026-05-06T16:56:00,0.05580033208257612,0,0.262444755672171,replay_quantile@0.22,DL1919,N362DN,DL,PUJ,ATL,2026-05-06T18:56:00,2026-05-06T22:24:00,DAL1796-1777867628-fa-996p,A321 
FFT1407-1777880967-airline-1292p,2026-05-06T16:59:00,0.335723598435463,1,0.262444755672171,replay_quantile@0.22,F91407,N634FR,F9,BUF,ATL,2026-05-06T18:59:00,2026-05-06T20:59:00,FFT1408-1777880967-airline-1293p,A21N 
DAL597-1777867719-fa-317p,2026-05-06T17:00:00,0.08673129578923999,0,0.262444755672171,replay_quantile@0.22,DL597,N365DN,DL,CUN,ATL,2026-05-06T19:00:00,2026-05-06T21:11:00,DAL598-1777867723-fa-159p,A321 
DAL879-1777868434-fa-747p,2026-05-06T17:01:00,0.041698101006617375,0,0.262444755672171,replay_quantile@0.22,DL879,N867DN,DL,PDX,ATL,2026-05-06T19:01:00,2026-05-06T23:06:00,DAL539-1777868433-fa-522p,B739 
DAL327-1777868700-fa-225p,2026-05-06T17:04:00,0.15736243263024813,0,0.262444755672171,replay_quantile@0.22,DL327,N723TW,DL,SNA,ATL,2026-05-06T19:04:00,2026-05-06T23:21:00,DAL1857-1777868700-fa-224p,B752 
DAL2011-1777867653-fa-42p,2026-05-06T17:05:00,0.036190378342280324,0,0.262444755672171,replay_quantile@0.22,DL2011,N330DX,DL,AUS,ATL,2026-05-06T19:05:00,2026-05-06T20:47:00,DAL2011-1777867650-fa-979p,A321 
DAL2620-1777868728-fa-118p,2026-05-06T17:05:00,0.009287925696594427,0,0.262444755672171,replay_quantile@0.22,DL2620,N965AT,DL,TUL,ATL,2026-05-06T19:05:00,2026-05-06T20:27:00,DAL2620-1777868728-fa-115p,B712 
DAL1866-1777868003-fa-425p,2026-05-06T17:06:00,0.17018023580606276,0,0.262444755672171,replay_quantile@0.22,DL1866,N378NW,DL,MTY,ATL,2026-05-06T19:06:00,2026-05-06T21:22:00,DAL1929-1777867998-fa-665p,A320 
FFT2198-1777870984-airline-556p,2026-05-06T17:09:00,0.6218974715843191,1,0.262444755672171,replay_quantile@0.22,F92198,N655FR,F9,ORD,ATL,2026-05-06T19:09:00,2026-05-06T20:37:00,FFT1441-1777784511-airline-1164p,A21N 
DAL945-1777867580-fa-1455p,2026-05-06T17:10:00,0.15437487112516324,0,0.262444755672171,replay_quantile@0.22,DL945,N828MH,DL,LAS,ATL,2026-05-06T19:10:00,2026-05-06T22:31:00,DAL945-1777867581-fa-1150p,B764 
DAL974-1777867761-fa-166p,2026-05-06T17:10:00,0.13564800333646132,0,0.262444755672171,replay_quantile@0.22,DL974,N392DN,DL,LGA,ATL,2026-05-06T19:10:00,2026-05-06T21:08:00,DAL467-1777867760-fa-261p,A321 
DAL638-1777867674-fa-83p,2026-05-06T17:10:00,0.1115602687946241,0,0.262444755672171,replay_quantile@0.22,DL638,N359DN,DL,BOS,ATL,2026-05-06T19:10:00,2026-05-06T21:31:00,DAL862-1777867667-fa-656p,A321 
DAL2135-1777867950-fa-136p,2026-05-06T17:10:00,0.08820852296235003,0,0.262444755672171,replay_quantile@0.22,DL2135,N353NW,DL,IAD,ATL,2026-05-06T19:10:00,2026-05-06T20:45:00,DAL2135-1777867950-fa-135p,A320 
DAL3150-1777868270-fa-894p,2026-05-06T17:10:00,0.07842633067626639,0,0.262444755672171,replay_quantile@0.22,DL3150,N3732J,DL,CVG,ATL,2026-05-06T19:10:00,2026-05-06T20:21:00,DAL1503-1777781784-fa-666p,B738 
DAL1408-1777868033-fa-913p,2026-05-06T17:10:00,0.06215884349880825,0,0.262444755672171,replay_quantile@0.22,DL1408,N366NW,DL,SAT,ATL,2026-05-06T19:10:00,2026-05-06T20:58:00,DAL1408-1777868032-fa-1121p,A320 
EDV5325-1777870516-airline-1488p,2026-05-06T17:11:00,0.020823069596347752,0,0.262444755672171,replay_quantile@0.22,9E5325,N279PQ,9E,TYS,ATL,2026-05-06T19:11:00,2026-05-06T19:51:00,,CRJ9 
SKW3935-1777835841-fa-1925p,2026-05-06T17:12:00,0.19618111878389022,0,0.262444755672171,replay_quantile@0.22,OO3935,N244SY,OO,ATL,MOB,2026-05-06T19:12:00,2026-05-06T20:09:00,SKW4211-1778031046-fa-496p,E75L 
DAL1804-1777868487-fa-2010p,2026-05-06T17:12:00,0.059847474436578764,0,0.262444755672171,replay_quantile@0.22,DL1804,N899DN,DL,GDL,ATL,2026-05-06T19:12:00,2026-05-06T22:06:00,DAL1992-1777868487-fa-2012p,B739 
FFT4702-1777877850-airline-1312p,2026-05-06T17:13:00,0.2065852594853903,0,0.262444755672171,replay_quantile@0.22,F94702,,F9,AUS,ATL,2026-05-06T19:13:00,2026-05-06T20:57:00,,A21N 
DAL1902-1777868696-fa-301p,2026-05-06T17:15:00,0.24437213034369018,0,0.262444755672171,replay_quantile@0.22,DL1902,N693DL,DL,STT,ATL,2026-05-06T19:15:00,2026-05-06T22:56:00,DAL1902-1777868695-fa-124p,B752 
SWA485-1777872785-airline-970p,2026-05-06T17:15:00,0.2034157472535228,0,0.262444755672171,replay_quantile@0.22,WN485,N8613K,WN,BWI,ATL,2026-05-06T19:15:00,2026-05-06T20:52:00,SWA921-1777881901-airline-1814p,B738 
UAL555-1777875348-airline-1147p,2026-05-06T17:16:00,0.5685474189675871,1,0.262444755672171,replay_quantile@0.22,UA555,N66893,UA,ATL,EWR,2026-05-06T19:16:00,2026-05-06T21:01:00,UAL2669-1777853112-fa-454p,B739 
DAL785-1777868577-fa-1121p,2026-05-06T17:16:00,0.0799474030243261,0,0.262444755672171,replay_quantile@0.22,DL785,N514DE,DL,SFO,ATL,2026-05-06T19:16:00,2026-05-06T23:20:00,DAL785-1777868577-fa-433p,A21N 
DAL1816-1777868389-fa-3340p,2026-05-06T17:16:00,0.06215884349880825,0,0.262444755672171,replay_quantile@0.22,DL1816,N875DN,DL,PVR,ATL,2026-05-06T19:16:00,2026-05-06T22:19:00,DAL1941-1777868389-fa-4609p,B739 
FFT3975-1777877850-airline-1250p,2026-05-06T17:20:00,0.5869259606373006,1,0.262444755672171,replay_quantile@0.22,F93975,N349FR,F9,MCO,ATL,2026-05-06T19:20:00,2026-05-06T20:42:00,FFT3976-1777870984-airline-694p,A20N 
DAL1800-1777868277-fa-1392p,2026-05-06T17:20:00,0.11705230410266382,0,0.262444755672171,replay_quantile@0.22,DL1800,N3751B,DL,MBJ,ATL,2026-05-06T19:20:00,2026-05-06T21:58:00,DAL1801-1777868277-fa-1602p,B738 
DAL1554-1777867669-fa-928p,2026-05-06T17:23:00,0.20024067388688327,0,0.262444755672171,replay_quantile@0.22,DL1554,N348DN,DL,FLL,ATL,2026-05-06T19:23:00,2026-05-06T20:49:00,DAL1341-1777867674-fa-85p,A321 
EDV5361-1777877538-airline-544p,2026-05-06T17:23:00,0.048215848823438545,0,0.262444755672171,replay_quantile@0.22,9E5361,N292PQ,9E,CHA,ATL,2026-05-06T19:23:00,2026-05-06T19:54:00,EDV5361-1777873937-airline-754p,CRJ9 
DAL1831-1777867246-fa-1040p,2026-05-06T17:24:00,0.1766678558687121,0,0.262444755672171,replay_quantile@0.22,DL1831,N551NW,DL,GUA,ATL,2026-05-06T19:24:00,2026-05-06T22:25:00,DAL1830-1777867246-fa-1041p,B752 
DAL2427-1777868228-fa-3900p,2026-05-06T17:24:00,0.05199379649344164,0,0.262444755672171,replay_quantile@0.22,DL2427,N399DA,DL,COS,ATL,2026-05-06T19:24:00,2026-05-06T21:17:00,DAL2427-1777868230-fa-1192p,B738 
DAL1579-1777867709-fa-1095p,2026-05-06T17:27:00,0.27766209868771496,1,0.262444755672171,replay_quantile@0.22,DL1579,N360DN,DL,MIA,ATL,2026-05-06T19:27:00,2026-05-06T20:53:00,DAL1579-1777867709-fa-210p,A321 
DAL1002-1777868209-fa-903p,2026-05-06T17:29:00,0.15736243263024813,0,0.262444755672171,replay_quantile@0.22,DL1002,N372DA,DL,ELP,ATL,2026-05-06T19:29:00,2026-05-06T22:01:00,DAL1002-1777868209-fa-289p,B738 
DAL587-1777868175-fa-583p,2026-05-06T17:30:00,0.12064574912973387,0,0.262444755672171,replay_quantile@0.22,DL587,N377DA,DL,MEX,ATL,2026-05-06T19:30:00,2026-05-06T22:19:00,DAL588-1777868175-fa-585p,B738 
DAL906-1777867561-fa-365p,2026-05-06T17:30:00,0.09136883740641334,0,0.262444755672171,replay_quantile@0.22,DL906,N390DN,DL,SLC,ATL,2026-05-06T19:30:00,2026-05-06T22:30:00,DAL387-1777867558-fa-822p,A321 
EDV5163-1777846771-fa-1011p,2026-05-06T17:32:00,0.11685538815852606,0,0.262444755672171,replay_quantile@0.22,9E5163,N901XJ,9E,CRW,ATL,2026-05-06T19:32:00,2026-05-06T20:47:00,EDV5209-1777846770-fa-1004p,CRJ9 
DAL2827-1777868561-fa-270p,2026-05-06T17:32:00,0.039195916566891434,0,0.262444755672171,replay_quantile@0.22,DL2827,N822DN,DL,DAB,ATL,2026-05-06T19:32:00,2026-05-06T20:26:00,DAL2827-1777868561-fa-267p,B739 
DAL409-1777868571-fa-2018p,2026-05-06T17:33:00,0.05580033208257612,0,0.262444755672171,replay_quantile@0.22,DL409,N932DZ,DL,MSY,ATL,2026-05-06T19:33:00,2026-05-06T20:34:00,DAL409-1777868571-fa-2015p,B739 
EDV4958-1777869347-fa-526p,2026-05-06T17:34:00,0.07881635049914468,0,0.262444755672171,replay_quantile@0.22,9E4958,N195PQ,9E,ATL,MLI,2026-05-06T19:34:00,2026-05-06T21:43:00,EDV5241-1777870860-airline-532p,CRJ9 
DAL904-1777868483-fa-168p,2026-05-06T17:34:00,0.04950132674535639,0,0.262444755672171,replay_quantile@0.22,DL904,N894DN,DL,SMF,ATL,2026-05-06T19:34:00,2026-05-06T23:29:00,DAL904-1777868481-fa-661p,B739 
DAL2438-1777868564-fa-995p,2026-05-06T17:34:00,0.02512493695841548,0,0.262444755672171,replay_quantile@0.22,DL2438,N955DZ,DL,SRQ,ATL,2026-05-06T19:34:00,2026-05-06T20:47:00,,B739 
AAL1811-1777875601-airline-1754p,2026-05-06T17:35:00,0.24437213034369018,0,0.262444755672171,replay_quantile@0.22,AA1811,N343SY,AA,DFW,ATL,2026-05-06T19:35:00,2026-05-06T21:19:00,AAL1239-1777787792-airline-964p,B38M 
DAL1959-1777868194-fa-158p,2026-05-06T17:35:00,0.12485612164536251,0,0.262444755672171,replay_quantile@0.22,DL1959,N3763D,DL,PLS,ATL,2026-05-06T19:35:00,2026-05-06T22:15:00,DAL1996-1777868194-fa-157p,B738 
DAL581-1777868561-fa-889p,2026-05-06T17:35:00,0.11303068000630771,0,0.262444755672171,replay_quantile@0.22,DL581,N870DN,DL,AUA,ATL,2026-05-06T19:35:00,2026-05-06T23:29:00,DAL582-1777868561-fa-273p,B739 
DAL1884-1777868293-fa-1491p,2026-05-06T17:35:00,0.08820852296235003,0,0.262444755672171,replay_quantile@0.22,DL1884,N3760C,DL,ORD,ATL,2026-05-06T19:35:00,2026-05-06T21:01:00,DAL2055-1777868293-fa-1490p,B738 
DAL995-1777867770-fa-938p,2026-05-06T17:35:00,0.08518762800708161,0,0.262444755672171,replay_quantile@0.22,DL995,N370DN,DL,DEN,ATL,2026-05-06T19:35:00,2026-05-06T21:46:00,DAL995-1777867769-fa-1407p,A321 
DAL1820-1777867255-fa-963p,2026-05-06T17:35:00,0.07842633067626639,0,0.262444755672171,replay_quantile@0.22,DL1820,N123DW,DL,LIR,ATL,2026-05-06T19:35:00,2026-05-06T22:50:00,DAL1898-1777867256-fa-711p,A321 
DAL2340-1777867697-fa-326p,2026-05-06T17:36:00,0.4694799127997509,1,0.262444755672171,replay_quantile@0.22,DL2340,N353DN,DL,ATL,EWR,2026-05-06T19:36:00,2026-05-06T21:11:00,DAL1384-1777867695-fa-655p,A321 
DAL2322-1777868272-fa-744p,2026-05-06T17:36:00,0.38010752688172045,1,0.262444755672171,replay_quantile@0.22,DL2322,N3737C,DL,EWR,ATL,2026-05-06T19:36:00,2026-05-06T21:25:00,DAL2322-1777868271-fa-595p,B738 
DAL1772-1777868382-fa-2p,2026-05-06T17:36:00,0.09863013698630135,0,0.262444755672171,replay_quantile@0.22,DL1772,N923DZ,DL,TQO,ATL,2026-05-06T19:36:00,2026-05-06T21:58:00,DAL1773-1777868381-fa-868p,B739 
DAL1758-1777868373-fa-340p,2026-05-06T17:37:00,0.09906334338783934,0,0.262444755672171,replay_quantile@0.22,DL1758,N826DN,DL,PTY,ATL,2026-05-06T19:37:00,2026-05-06T23:25:00,DAL1759-1777868373-fa-341p,B739 
DAL1976-1777867608-fa-1337p,2026-05-06T17:38:00,0.12861210197336137,0,0.262444755672171,replay_quantile@0.22,DL1976,N317DN,DL,NAS,ATL,2026-05-06T19:38:00,2026-05-06T21:29:00,DAL1938-1777867607-fa-403p,A321 
SKW3890-1777873157-airline-1209p,2026-05-06T17:38:00,0.10734022955930282,0,0.262444755672171,replay_quantile@0.22,OO3890,N264SY,OO,ROA,ATL,2026-05-06T19:38:00,2026-05-06T20:38:00,SKW3890-1777784077-airline-1155p,E75L 
SWA1275-1777873095-airline-1177p,2026-05-06T17:40:00,0.13438696377736328,0,0.262444755672171,replay_quantile@0.22,WN1275,N7738A,WN,DAL,ATL,2026-05-06T19:40:00,2026-05-06T21:11:00,SWA2591-1777876911-airline-870p,B737 
DAL2692-1777868561-fa-891p,2026-05-06T17:44:00,0.03216256899147015,0,0.262444755672171,replay_quantile@0.22,DL2692,N950DZ,DL,BNA,ATL,2026-05-06T19:44:00,2026-05-06T20:23:00,DAL3130-1777868561-fa-264p,B739 
SWA3453-1777871111-airline-842p,2026-05-06T17:45:00,0.21897313838830326,0,0.262444755672171,replay_quantile@0.22,WN3453,N8769Q,WN,MDW,ATL,2026-05-06T19:45:00,2026-05-06T21:27:00,SWA202-1777880845-airline-1107p,B38M 
DAL1848-1777868525-fa-476p,2026-05-06T17:46:00,0.10368766462788517,0,0.262444755672171,replay_quantile@0.22,DL1848,N902DN,DL,SJD,ATL,2026-05-06T19:46:00,2026-05-06T22:59:00,DAL1815-1777868525-fa-478p,B739 
EDV5245-1777871014-airline-309p,2026-05-06T17:49:00,0.08518762800708161,0,0.262444755672171,replay_quantile@0.22,9E5245,N354CA,9E,ATL,BQK,2026-05-06T19:49:00,2026-05-06T20:31:00,EDV5304-1777821080-fa-756p,CRJ7 
DAL2718-1777868734-fa-2032p,2026-05-06T17:50:00,0.025932263393910786,0,0.262444755672171,replay_quantile@0.22,DL2718,N607AT,DL,GPT,ATL,2026-05-06T19:50:00,2026-05-06T20:48:00,,B712 
JBU220-1777872124-airline-244p,2026-05-06T17:51:00,0.3331573854139174,1,0.262444755672171,replay_quantile@0.22,B6220,N615JB,B6,JFK,ATL,2026-05-06T19:51:00,2026-05-06T21:44:00,JBU1730-1777871714-airline-1685p,A320 
EDV5185-1777851018-fa-1524p,2026-05-06T17:51:00,0.09136883740641334,0,0.262444755672171,replay_quantile@0.22,9E5185,N669CA,9E,ATL,MLU,2026-05-06T19:51:00,2026-05-06T20:58:00,EDV4989-1777832133-fa-2049p,CRJ7 
DAL2314-1777867832-fa-344p,2026-05-06T17:51:00,0.03229695663293266,0,0.262444755672171,replay_quantile@0.22,DL2314,N352NB,DL,PVD,ATL,2026-05-06T19:51:00,2026-05-06T22:08:00,DAL2314-1777867831-fa-358p,A319 
DAL2279-1777867721-fa-321p,2026-05-06T17:52:00,0.04950132674535639,0,0.262444755672171,replay_quantile@0.22,DL2279,N334DN,DL,PHL,ATL,2026-05-06T19:52:00,2026-05-06T21:36:00,DAL2279-1777867715-fa-1262p,A321 
DAL1266-1777867600-fa-676p,2026-05-06T17:53:00,0.05815146427905241,0,0.262444755672171,replay_quantile@0.22,DL1266,N346DN,DL,PBI,ATL,2026-05-06T19:53:00,2026-05-06T21:13:00,DAL1266-1777867600-fa-677p,A321 
UAL462-1777853112-fa-462p,2026-05-06T17:55:00,0.15437487112516324,0,0.262444755672171,replay_quantile@0.22,UA462,N14704,UA,IAH,ATL,2026-05-06T19:55:00,2026-05-06T21:30:00,UAL425-1777853034-fa-809p,B737 
SWA799-1777881901-airline-1714p,2026-05-06T17:55:00,0.05065173831312359,0,0.262444755672171,replay_quantile@0.22,WN799,N431WN,WN,BNA,ATL,2026-05-06T19:55:00,2026-05-06T20:55:00,SWA1369-1777873095-airline-1277p,B737 
DAL1549-1777868726-fa-305p,2026-05-06T17:56:00,0.01822642832106555,0,0.262444755672171,replay_quantile@0.22,DL1549,N967AT,DL,TLH,ATL,2026-05-06T19:56:00,2026-05-06T20:46:00,DAL1549-1777868726-fa-303p,B712 
RPA4611-1777871812-airline-502p,2026-05-06T17:58:00,0.09863013698630135,0,0.262444755672171,replay_quantile@0.22,YX4611,N137HQ,YX,ATL,LGA,2026-05-06T19:58:00,2026-05-06T21:53:00,RPA4592-1777871812-airline-485p,E75S 
DAL1246-1777868253-fa-944p,2026-05-06T18:00:00,0.036190378342280324,0,0.262444755672171,replay_quantile@0.22,DL1246,N3752,DL,MKE,ATL,2026-05-06T20:00:00,2026-05-06T21:48:00,DAL1246-1777868252-fa-512p,B738 
DAL796-1777867245-fa-1989p,2026-05-06T18:01:00,0.048215848823438545,0,0.262444755672171,replay_quantile@0.22,DL796,N822DX,DL,PHX,ATL,2026-05-06T20:01:00,2026-05-06T23:24:00,DAL1053-1777867245-fa-1987p,B752 
DAL937-1777868449-fa-1190p,2026-05-06T18:01:00,0.03229695663293266,0,0.262444755672171,replay_quantile@0.22,DL937,N908DN,DL,TUS,ATL,2026-05-06T20:01:00,2026-05-06T23:02:00,DAL937-1777868448-fa-315p,B739 
SWA2088-1777880845-airline-1192p,2026-05-06T18:05:00,0.3557278934502232,1,0.262444755672171,replay_quantile@0.22,WN2088,N8716B,WN,MCO,ATL,2026-05-06T20:05:00,2026-05-06T21:09:00,SWA182-1777880845-airline-917p,B38M 
DAL1720-1777868698-fa-460p,2026-05-06T18:05:00,0.12064574912973387,0,0.262444755672171,replay_quantile@0.22,DL1720,N6716C,DL,TPA,ATL,2026-05-06T20:05:00,2026-05-06T21:07:00,DAL1720-1777868698-fa-457p,B752 
DAL1029-1777868354-fa-1375p,2026-05-06T18:05:00,0.10734022955930282,0,0.262444755672171,replay_quantile@0.22,DL1029,N833DN,DL,JFK,ATL,2026-05-06T20:05:00,2026-05-06T22:22:00,DAL2380-1777868354-fa-1376p,B739 
SWA3001-1777871111-airline-431p,2026-05-06T18:05:00,0.059847474436578764,0,0.262444755672171,replay_quantile@0.22,WN3001,N8685B,WN,MCI,ATL,2026-05-06T20:05:00,2026-05-06T21:52:00,SWA3140-1777871111-airline-549p,B738 
RPA4582-1777871812-airline-474p,2026-05-06T18:06:00,0.07881635049914468,0,0.262444755672171,replay_quantile@0.22,YX4582,N406YX,YX,LGA,ATL,2026-05-06T20:06:00,2026-05-06T22:11:00,RPA4695-1777871812-airline-584p,E75S 
DAL1836-1777867600-fa-1238p,2026-05-06T18:07:00,0.11303068000630771,0,0.262444755672171,replay_quantile@0.22,DL1836,N336DX,DL,PUJ,ATL,2026-05-06T20:07:00,2026-05-06T23:34:00,DAL1916-1777867599-fa-1560p,A321 
DAL2990-1777868690-fa-935p,2026-05-06T18:07:00,0.05199379649344164,0,0.262444755672171,replay_quantile@0.22,DL2990,N900PC,DL,JAX,ATL,2026-05-06T20:07:00,2026-05-06T20:55:00,DAL2990-1777868690-fa-934p,B752 
DAL2020-1777868454-fa-618p,2026-05-06T18:07:00,0.018662771827328787,0,0.262444755672171,replay_quantile@0.22,DL2020,N821DN,DL,OKC,ATL,2026-05-06T20:07:00,2026-05-06T21:48:00,DAL2020-1777868453-fa-45p,B739 
DAL3032-1777868743-fa-881p,2026-05-06T18:08:00,0.039195916566891434,0,0.262444755672171,replay_quantile@0.22,DL3032,N603AT,DL,ATL,CAE,2026-05-06T20:08:00,2026-05-06T20:45:00,DAL3012-1777868743-fa-876p,B712 
DAL1572-1777867778-fa-78p,2026-05-06T18:09:00,0.17018023580606276,0,0.262444755672171,replay_quantile@0.22,DL1572,N383DZ,DL,IAH,ATL,2026-05-06T20:09:00,2026-05-06T21:36:00,DAL2890-1777867778-fa-98p,A321 
DAL3189-1777868723-fa-738p,2026-05-06T18:09:00,0.11303068000630771,0,0.262444755672171,replay_quantile@0.22,DL3189,N953AT,DL,ATL,CHS,2026-05-06T20:09:00,2026-05-06T20:49:00,DAL3151-1777868723-fa-744p,B712 
EDV5263-1777870860-airline-593p,2026-05-06T18:09:00,0.059847474436578764,0,0.262444755672171,replay_quantile@0.22,9E5263,N678CA,9E,AGS,ATL,2026-05-06T20:09:00,2026-05-06T20:46:00,EDV5263-1777877538-airline-582p,CRJ9 
DAL1036-1777868433-fa-520p,2026-05-06T18:09:00,0.039195916566891434,0,0.262444755672171,replay_quantile@0.22,DL1036,N921DU,DL,MSP,ATL,2026-05-06T20:09:00,2026-05-06T22:05:00,DAL799-1777868433-fa-518p,B739 
DAL3083-1777868741-fa-4451p,2026-05-06T18:09:00,0.01636048253567767,0,0.262444755672171,replay_quantile@0.22,DL3083,N922AT,DL,VPS,ATL,2026-05-06T20:09:00,2026-05-06T20:56:00,DAL3083-1777868741-fa-4448p,B712 
SWA1777-1777880845-airline-877p,2026-05-06T18:10:00,0.42357274401473294,1,0.262444755672171,replay_quantile@0.22,WN1777,N8855Q,WN,DEN,ATL,2026-05-06T20:10:00,2026-05-06T22:22:00,SWA1219-1777873095-airline-1122p,B38M 
DAL969-1777867556-fa-1958p,2026-05-06T18:10:00,0.1766678558687121,0,0.262444755672171,replay_quantile@0.22,DL969,N386DN,DL,LGA,ATL,2026-05-06T20:10:00,2026-05-06T22:04:00,DAL1511-1777867555-fa-420p,A321 
DAL399-1777867623-fa-849p,2026-05-06T18:10:00,0.16010032890844986,0,0.262444755672171,replay_quantile@0.22,DL399,N327DN,DL,BOS,ATL,2026-05-06T20:10:00,2026-05-06T22:35:00,DAL350-1777867624-fa-502p,A321 
DAL1020-1777868009-fa-921p,2026-05-06T18:10:00,0.09637679462257297,0,0.262444755672171,replay_quantile@0.22,DL1020,N355NW,DL,DCA,ATL,2026-05-06T20:10:00,2026-05-06T21:46:00,DAL360-1777868011-fa-1067p,A320 
EDV5194-1777850410-fa-1755p,2026-05-06T18:10:00,0.03426165017416769,0,0.262444755672171,replay_quantile@0.22,9E5194,N313PQ,9E,JAN,ATL,2026-05-06T20:10:00,2026-05-06T21:05:00,EDV5194-1777850410-fa-1749p,CRJ9 
DAL1013-1777868742-fa-420p,2026-05-06T18:10:00,0.021946440235140433,0,0.262444755672171,replay_quantile@0.22,DL1013,N937AT,DL,PNS,ATL,2026-05-06T20:10:00,2026-05-06T21:04:00,DAL1013-1777868742-fa-421p,B712 
DAL2812-1777868730-fa-243p,2026-05-06T18:11:00,0.059847474436578764,0,0.262444755672171,replay_quantile@0.22,DL2812,N717JL,DL,ATL,GSO,2026-05-06T20:11:00,2026-05-06T20:53:00,DAL3176-1777868730-fa-244p,B712 
DAL3193-1777868741-fa-3978p,2026-05-06T18:11:00,0.03158483796105801,0,0.262444755672171,replay_quantile@0.22,DL3193,N926AT,DL,CAE,ATL,2026-05-06T20:11:00,2026-05-06T20:53:00,DAL3193-1777868741-fa-3977p,B712 
JIA5026-1777872223-airline-212p,2026-05-06T18:12:00,0.12064574912973387,0,0.262444755672171,replay_quantile@0.22,OH5026,N630NN,OH,PHL,ATL,2026-05-06T20:12:00,2026-05-06T22:23:00,JIA5177-1777871933-airline-800p,CRJ9 
DAL2747-1777868551-fa-184p,2026-05-06T18:13:00,0.025932263393910786,0,0.262444755672171,replay_quantile@0.22,DL2747,N942DZ,DL,MCI,ATL,2026-05-06T20:13:00,2026-05-06T21:45:00,DAL2747-1777868549-fa-4204p,B739 
DAL1978-1777867535-fa-1190p,2026-05-06T18:14:00,0.09498473615351069,0,0.262444755672171,replay_quantile@0.22,DL1978,N689DL,DL,SAL,ATL,2026-05-06T20:14:00,2026-05-06T23:15:00,DAL1910-1777867535-fa-1188p,B752 
DAL9768-1777867792-fa-1581p,2026-05-06T18:14:00,0.05580033208257612,0,0.262444755672171,replay_quantile@0.22,DL9768,N393DN,DL,MSP,ATL,2026-05-06T20:14:00,2026-05-06T22:20:00,DAL2847-1777867793-fa-1032p,A321 
EDV5519-1777840105-fa-640p,2026-05-06T18:14:00,0.04495685771068127,0,0.262444755672171,replay_quantile@0.22,9E5519,N324PQ,9E,TRI,ATL,2026-05-06T20:14:00,2026-05-06T21:02:00,EDV5519-1777838305-fa-1229p,CRJ9 
EDV5364-1777870954-airline-592p,2026-05-06T18:14:00,0.03158483796105801,0,0.262444755672171,replay_quantile@0.22,9E5364,N293PQ,9E,HSV,ATL,2026-05-06T20:14:00,2026-05-06T21:10:00,EDV5344-1777871014-airline-349p,CRJ9 
DAL151-1777868040-fa-912p,2026-05-06T18:20:00,0.2293706797235023,0,0.262444755672171,replay_quantile@0.22,DL151,N815NW,DL,ATL,LIM,2026-05-06T20:20:00,2026-05-07T02:29:00,DAL83-1777868046-fa-687p,A333 
XSR362-1778050820-sw-242p,2026-05-06T18:20:00,0.12485612164536251,0,0.262444755672171,replay_quantile@0.22,,N362AS,,CLL,ATL,2026-05-06T20:20:00,2026-05-06T22:11:00,,E55P 
SWA461-1777872785-airline-912p,2026-05-06T18:20:00,0.07881635049914468,0,0.262444755672171,replay_quantile@0.22,WN461,N932WN,WN,STL,ATL,2026-05-06T20:20:00,2026-05-06T21:42:00,SWA461-1777872785-airline-911p,B737 
DAL3027-1777868739-fa-1627p,2026-05-06T18:21:00,0.022552415197102292,0,0.262444755672171,replay_quantile@0.22,DL3027,N950AT,DL,LIT,ATL,2026-05-06T20:21:00,2026-05-06T21:28:00,,B712 
FFT3499-1777877850-airline-1219p,2026-05-06T18:22:00,0.3974970202622169,1,0.262444755672171,replay_quantile@0.22,F93499,N656FR,F9,ATL,MCI,2026-05-06T20:22:00,2026-05-06T22:18:00,FFT3511-1777877850-airline-1221p,A21N 
EDV5055-1777870860-airline-585p,2026-05-06T18:22:00,0.13730125787298544,0,0.262444755672171,replay_quantile@0.22,9E5055,N316PQ,9E,ATL,FWA,2026-05-06T20:22:00,2026-05-06T21:53:00,EDV5292-1777877538-airline-536p,CRJ9 
DAL3126-1777868395-fa-374p,2026-05-06T18:23:00,0.10360426447574338,0,0.262444755672171,replay_quantile@0.22,DL3126,N841DN,DL,ATL,IND,2026-05-06T20:23:00,2026-05-06T21:47:00,DAL741-1777868394-fa-573p,B739 
DAL1347-1777868741-fa-3847p,2026-05-06T18:23:00,0.07042585820455347,0,0.262444755672171,replay_quantile@0.22,DL1347,N954AT,DL,ATL,LIT,2026-05-06T20:23:00,2026-05-06T21:40:00,DAL3060-1777868724-fa-178p,B712 
DAL2252-1777868738-fa-1064p,2026-05-06T18:23:00,0.03760580411124546,0,0.262444755672171,replay_quantile@0.22,DL2252,N930AT,DL,MEM,ATL,2026-05-06T20:23:00,2026-05-06T21:11:00,DAL1681-1777868738-fa-1065p,B712 
DAL1834-1777868730-fa-1174p,2026-05-06T18:24:00,0.11756885090218423,0,0.262444755672171,replay_quantile@0.22,DL1834,N894AT,DL,ATL,TYS,2026-05-06T20:24:00,2026-05-06T21:20:00,DAL3182-1777868731-fa-448p,B712 
DAL1742-1777868361-fa-924p,2026-05-06T18:25:00,0.3974970202622169,1,0.262444755672171,replay_quantile@0.22,DL1742,N940DU,DL,ATL,MCO,2026-05-06T20:25:00,2026-05-06T21:31:00,DAL1155-1777868343-fa-1524p,B739 
UPS2308-1778045159-sw-1353p,2026-05-06T18:25:00,0.15437487112516324,0,0.262444755672171,replay_quantile@0.22,5X2308,N173UP,5X,DFW,ATL,2026-05-06T20:25:00,2026-05-06T22:03:00,UPS9873-1778010370-sw-564p,A306 
DAL1962-1777867621-fa-155p,2026-05-06T18:25:00,0.06818409037891161,0,0.262444755672171,replay_quantile@0.22,DL1962,N301DV,DL,CUN,ATL,2026-05-06T20:25:00,2026-05-06T22:28:00,DAL592-1777867622-fa-1234p,A321 
EDV5308-1777840102-fa-1921p,2026-05-06T18:25:00,0.03426165017416769,0,0.262444755672171,replay_quantile@0.22,9E5308,N297PQ,9E,LFT,ATL,2026-05-06T20:25:00,2026-05-06T21:31:00,EDV5308-1777838303-fa-2378p,CRJ9 
DAL3101-1777868742-fa-219p,2026-05-06T18:26:00,0.10360426447574338,0,0.262444755672171,replay_quantile@0.22,DL3101,N906AT,DL,ATL,AVL,2026-05-06T20:26:00,2026-05-06T20:55:00,DAL2778-1777868742-fa-264p,B712 
DAL874-1777868464-fa-1502p,2026-05-06T18:28:00,0.1115602687946241,0,0.262444755672171,replay_quantile@0.22,DL874,N861DN,DL,BOI,ATL,2026-05-06T20:28:00,2026-05-06T23:57:00,DAL874-1777868463-fa-227p,B739 
FFT1550-1777880967-airline-1312p,2026-05-06T18:30:00,0.4403878381613599,1,0.262444755672171,replay_quantile@0.22,F91550,N630FR,F9,ATL,JAX,2026-05-06T20:30:00,2026-05-06T21:15:00,FFT4700-1777877850-airline-1311p,A21N 
SWA1473-1777873095-airline-1366p,2026-05-06T18:30:00,0.4019941784851675,1,0.262444755672171,replay_quantile@0.22,WN1473,N8662F,WN,ATL,DAL,2026-05-06T20:30:00,2026-05-06T22:37:00,SWA786-1777872785-airline-1215p,B738 
DAL1372-1777867241-fa-1209p,2026-05-06T18:30:00,0.335723598435463,1,0.262444755672171,replay_quantile@0.22,DL1372,N699DL,DL,MCO,ATL,2026-05-06T20:30:00,2026-05-06T21:39:00,DAL1372-1777867241-fa-29p,B752 
DAL1613-1777867701-fa-1498p,2026-05-06T18:30:00,0.18450508449776867,0,0.262444755672171,replay_quantile@0.22,DL1613,N344DN,DL,FLL,ATL,2026-05-06T20:30:00,2026-05-06T21:56:00,DAL1294-1777867700-fa-4574p,A321 
SWA4529-1777872785-airline-862p,2026-05-06T18:30:00,0.08673129578923999,0,0.262444755672171,replay_quantile@0.22,WN4529,N8915Q,WN,TPA,ATL,2026-05-06T20:30:00,2026-05-06T21:33:00,SWA3953-1777870925-airline-804p,B38M 
UPS5306-1778045755-sw-1366p,2026-05-06T18:30:00,0.07042585820455347,0,0.262444755672171,replay_quantile@0.22,5X5306,N389UP,5X,SDF,ATL,2026-05-06T20:30:00,2026-05-06T21:30:00,UPS5233-1778013065-sw-2018p,B763 
DAL3169-1777868444-fa-72p,2026-05-06T18:32:00,0.03216256899147015,0,0.262444755672171,replay_quantile@0.22,DL3169,N838DN,DL,CVG,ATL,2026-05-06T20:32:00,2026-05-06T21:41:00,DAL3169-1777868443-fa-100p,B739 
ASA263-1777878069-airline-551p,2026-05-06T18:33:00,0.08673129578923999,0,0.262444755672171,replay_quantile@0.22,AS263,N268AK,AS,ATL,SEA,2026-05-06T20:33:00,2026-05-07T01:55:00,ASA784-1777874812-airline-1170p,B739 
EDV5503-1777846779-fa-500p,2026-05-06T18:33:00,0.0799474030243261,0,0.262444755672171,replay_quantile@0.22,9E5503,N601LR,9E,XNA,ATL,2026-05-06T20:33:00,2026-05-06T21:57:00,EDV5503-1777833291-fa-1649p,CRJ9 
ENY4087-1777872909-airline-1296p,2026-05-06T18:34:00,0.27766209868771496,1,0.262444755672171,replay_quantile@0.22,MQ4087,N276NN,MQ,ATL,DCA,2026-05-06T20:34:00,2026-05-06T21:50:00,ENY4087-1777872909-airline-1297p,E170 
SWA232-1777876911-airline-607p,2026-05-06T18:35:00,0.31634153514361335,1,0.262444755672171,replay_quantile@0.22,WN232,N8719Q,WN,ATL,DCA,2026-05-06T20:35:00,2026-05-06T21:49:00,SWA3217-1777871111-airline-618p,B38M 
DAL1425-1777868697-fa-456p,2026-05-06T18:35:00,0.284478875776957,1,0.262444755672171,replay_quantile@0.22,DL1425,N659DL,DL,ATL,TPA,2026-05-06T20:35:00,2026-05-06T21:30:00,DAL2188-1777868698-fa-451p,B752 
SWA3331-1777871111-airline-738p,2026-05-06T18:35:00,0.27766209868771496,1,0.262444755672171,replay_quantile@0.22,WN3331,N462WN,WN,ATL,BWI,2026-05-06T20:35:00,2026-05-06T21:51:00,SWA485-1777704167-airline-2901p,B737 
DAL1329-1777867637-fa-618p,2026-05-06T18:35:00,0.26352206231219366,1,0.262444755672171,replay_quantile@0.22,DL1329,N117DX,DL,ATL,PHL,2026-05-06T20:35:00,2026-05-06T21:57:00,DAL1099-1777867638-fa-256p,A321 
SWA2604-1777876911-airline-883p,2026-05-06T18:35:00,0.23414191205084967,0,0.262444755672171,replay_quantile@0.22,WN2604,N8566Z,WN,ATL,PHX,2026-05-06T20:35:00,2026-05-07T00:35:00,SWA3237-1777871111-airline-640p,B738 
DAL714-1777868522-fa-969p,2026-05-06T18:35:00,0.1442965731457866,0,0.262444755672171,replay_quantile@0.22,DL714,N814DN,DL,ATL,SEA,2026-05-06T20:35:00,2026-05-07T01:47:00,DAL3148-1777868518-fa-2304p,B739 
DAL2364-1777868742-fa-225p,2026-05-06T18:35:00,0.08673129578923999,0,0.262444755672171,replay_quantile@0.22,DL2364,N919AT,DL,ATL,OMA,2026-05-06T20:35:00,2026-05-06T22:34:00,DAL3159-1777868742-fa-256p,B712 
EDV5287-1777871014-airline-335p,2026-05-06T18:36:00,0.10368766462788517,0,0.262444755672171,replay_quantile@0.22,9E5287,N272PQ,9E,ATL,ABY,2026-05-06T20:36:00,2026-05-06T21:08:00,EDV5082-1777873157-airline-1114p,CRJ9 
DAL1467-1777868349-fa-1526p,2026-05-06T18:36:00,0.03911810349440787,0,0.262444755672171,replay_quantile@0.22,DL1467,N897DN,DL,DTW,ATL,2026-05-06T20:36:00,2026-05-06T22:23:00,DAL2236-1777868349-fa-570p,B739 
DAL2799-1777868500-fa-1747p,2026-05-06T18:38:00,0.26352206231219366,1,0.262444755672171,replay_quantile@0.22,DL2799,N803DN,DL,ATL,BWI,2026-05-06T20:38:00,2026-05-06T21:58:00,DAL562-1777868500-fa-1753p,B739 
DAL3112-1777868557-fa-336p,2026-05-06T18:39:00,0.24437213034369018,0,0.262444755672171,replay_quantile@0.22,DL3112,N946DZ,DL,ATL,SAV,2026-05-06T20:39:00,2026-05-06T21:19:00,DAL1640-1777868556-fa-338p,B739 
DAL836-1777867562-fa-872p,2026-05-06T18:39:00,0.1661470298654414,0,0.262444755672171,replay_quantile@0.22,DL836,N118DY,DL,ATL,PHX,2026-05-06T20:39:00,2026-05-07T00:41:00,DAL1179-1777867562-fa-873p,A321 
DAL3088-1777868735-fa-564p,2026-05-06T18:39:00,0.07427354709418839,0,0.262444755672171,replay_quantile@0.22,DL3088,N982AT,DL,ATL,DAY,2026-05-06T20:39:00,2026-05-06T22:00:00,DAL2394-1777868735-fa-562p,B712 
DAL3157-1777868515-fa-95p,2026-05-06T18:39:00,0.04495685771068127,0,0.262444755672171,replay_quantile@0.22,DL3157,N891DN,DL,MSY,ATL,2026-05-06T20:39:00,2026-05-06T21:39:00,DAL3157-1777868514-fa-114p,B739 
FFT4210-1777877850-airline-1272p,2026-05-06T18:40:00,0.38640858999717437,1,0.262444755672171,replay_quantile@0.22,F94210,N374FR,F9,ATL,CLE,2026-05-06T20:40:00,2026-05-06T22:11:00,FFT2780-1777877850-airline-1124p,A20N 
SWA286-1777876911-airline-1160p,2026-05-06T18:40:00,0.272867737948084,1,0.262444755672171,replay_quantile@0.22,WN286,N7732A,WN,ATL,TPA,2026-05-06T20:40:00,2026-05-06T21:49:00,SWA853-1777881901-airline-1761p,B737 
DAL997-1777867764-fa-5230p,2026-05-06T18:40:00,0.21286398820493918,0,0.262444755672171,replay_quantile@0.22,DL997,N396DN,DL,ATL,LGA,2026-05-06T20:40:00,2026-05-06T22:10:00,DAL346-1777867765-fa-905p,A321 
EDV5558-1777846310-fa-540p,2026-05-06T18:40:00,0.16966426858513187,0,0.262444755672171,replay_quantile@0.22,9E5558,N376CA,9E,ATL,MSP,2026-05-06T20:40:00,2026-05-06T23:20:00,EDV5157-1777832178-fa-1374p,CRJ7 
DAL3043-1777868738-fa-161p,2026-05-06T18:40:00,0.14154376556215284,0,0.262444755672171,replay_quantile@0.22,DL3043,N974AT,DL,ATL,MLB,2026-05-06T20:40:00,2026-05-06T21:35:00,DAL1359-1777868738-fa-157p,B712 
DAL1470-1777868558-fa-249p,2026-05-06T18:40:00,0.12064574912973387,0,0.262444755672171,replay_quantile@0.22,DL1470,N947DZ,DL,ATL,MCI,2026-05-06T20:40:00,2026-05-06T22:29:00,DAL3013-1777868561-fa-266p,B739 
DAL2211-1777868723-fa-714p,2026-05-06T18:40:00,0.11705230410266382,0,0.262444755672171,replay_quantile@0.22,DL2211,N948AT,DL,ATL,PNS,2026-05-06T20:40:00,2026-05-06T21:26:00,DAL3078-1777868723-fa-712p,B712 
AFR31-1777876875-airline-1141p,2026-05-06T18:40:00,0.10734022955930282,0,0.262444755672171,replay_quantile@0.22,AF31,F-GSQG,AF,ATL,CDG,2026-05-06T20:40:00,2026-05-07T04:26:00,AFR30-1777876875-airline-1140p,B77W 
SLI979-1777877126-airline-1671p,2026-05-06T18:40:00,0.09136883740641334,0,0.262444755672171,replay_quantile@0.22,5D979,XA-FAC,5D,ATL,MTY,2026-05-06T20:40:00,2026-05-07T00:13:00,SLI2708-1777874213-airline-43p,E190 
JIA5049-1777872223-airline-236p,2026-05-06T18:43:00,0.1766678558687121,0,0.262444755672171,replay_quantile@0.22,OH5049,N550NN,OH,ATL,CLT,2026-05-06T20:43:00,2026-05-06T21:36:00,JIA5587-1777872033-airline-909p,CRJ9 
DAL1700-1777868556-fa-334p,2026-05-06T18:44:00,0.19383019383019384,0,0.262444755672171,replay_quantile@0.22,DL1700,N956DZ,DL,ATL,MEM,2026-05-06T20:44:00,2026-05-06T21:46:00,DAL2908-1777868555-fa-27p,B739 
DAL2104-1777867636-fa-115p,2026-05-06T18:44:00,0.03426165017416769,0,0.262444755672171,replay_quantile@0.22,DL2104,N351DN,DL,AUS,ATL,2026-05-06T20:44:00,2026-05-06T22:27:00,DAL2104-1777867635-fa-22p,A321 
UAL235-1777853074-fa-835p,2026-05-06T18:45:00,0.30656846895395484,1,0.262444755672171,replay_quantile@0.22,UA235,N850UA,UA,ATL,DEN,2026-05-06T20:45:00,2026-05-07T00:03:00,UAL2424-1777853112-fa-455p,A319 
DAL1465-1777867784-fa-1526p,2026-05-06T18:45:00,0.1442965731457866,0,0.262444755672171,replay_quantile@0.22,DL1465,N114DN,DL,ATL,SAT,2026-05-06T20:45:00,2026-05-06T22:59:00,DAL835-1777867784-fa-335p,A321 
DAL2006-1777868742-fa-263p,2026-05-06T18:45:00,0.10734022955930282,0,0.262444755672171,replay_quantile@0.22,DL2006,N978AT,DL,ATL,DSM,2026-05-06T20:45:00,2026-05-06T22:38:00,DAL2158-1777868726-fa-1603p,B712 
DAL2484-1777868734-fa-317p,2026-05-06T18:45:00,0.10368766462788517,0,0.262444755672171,replay_quantile@0.22,DL2484,N998AT,DL,ATL,BHM,2026-05-06T20:45:00,2026-05-06T21:17:00,DAL2179-1777868734-fa-314p,B712 
DAL1302-1777868721-fa-491p,2026-05-06T18:45:00,0.06215884349880825,0,0.262444755672171,replay_quantile@0.22,DL1302,N945AT,DL,CHA,ATL,2026-05-06T20:45:00,2026-05-06T21:20:00,DAL1539-1777868723-fa-681p,B712 
DAL1381-1777868568-fa-794p,2026-05-06T18:45:00,0.03158483796105801,0,0.262444755672171,replay_quantile@0.22,DL1381,N959DZ,DL,CHS,ATL,2026-05-06T20:45:00,2026-05-06T21:29:00,DAL1381-1777868567-fa-731p,B739 
AAL1810-1777875601-airline-1751p,2026-05-06T18:46:00,0.28001446916259726,1,0.262444755672171,replay_quantile@0.22,AA1810,N162UW,AA,ATL,DFW,2026-05-06T20:46:00,2026-05-06T22:48:00,AAL1810-1777875601-airline-1752p,A321 
DAL1960-1777867942-fa-786p,2026-05-06T18:46:00,0.22797527047913446,0,0.262444755672171,replay_quantile@0.22,DL1960,N366NW,DL,ATL,IAH,2026-05-06T20:46:00,2026-05-06T22:37:00,DAL1157-1777868031-fa-851p,A320 
DAL2780-1777868732-fa-540p,2026-05-06T18:46:00,0.09929572014549957,0,0.262444755672171,replay_quantile@0.22,DL2780,N985AT,DL,ATL,DAL,2026-05-06T20:46:00,2026-05-06T22:45:00,DAL2681-1777868743-fa-85p,B712 
EDV5339-1777850062-fa-612p,2026-05-06T18:46:00,0.03158483796105801,0,0.262444755672171,replay_quantile@0.22,9E5339,N302PQ,9E,AVL,ATL,2026-05-06T20:46:00,2026-05-06T21:29:00,EDV5339-1777850060-fa-1651p,CRJ9 
DAL2902-1777867842-fa-1713p,2026-05-06T18:47:00,0.2065852594853903,0,0.262444755672171,replay_quantile@0.22,DL2902,N333NB,DL,ATL,IAD,2026-05-06T20:47:00,2026-05-06T21:59:00,DAL2147-1777867842-fa-1711p,A319 
DAL2050-1777867774-fa-708p,2026-05-06T18:47:00,0.1758076291294032,0,0.262444755672171,replay_quantile@0.22,DL2050,N375DN,DL,ATL,BUF,2026-05-06T20:47:00,2026-05-06T22:20:00,DAL994-1777867774-fa-905p,A321 
DAL1437-1777868532-fa-544p,2026-05-06T18:48:00,0.027782647825426318,0,0.262444755672171,replay_quantile@0.22,DL1437,N920DU,DL,RIC,ATL,2026-05-06T20:48:00,2026-05-06T22:07:00,DAL1437-1777868532-fa-1346p,B739 
DAL1148-1777868721-fa-488p,2026-05-06T18:48:00,0.010437648782274309,0,0.262444755672171,replay_quantile@0.22,DL1148,N944AT,DL,TYS,ATL,2026-05-06T20:48:00,2026-05-06T21:50:00,DAL2496-1777868721-fa-489p,B712 
DAL1295-1777867641-fa-829p,2026-05-06T18:49:00,0.26352206231219366,1,0.262444755672171,replay_quantile@0.22,DL1295,N356DN,DL,ATL,FLL,2026-05-06T20:49:00,2026-05-06T22:05:00,DAL2270-1777867642-fa-156p,A321 
SKW3843-1777875506-airline-1345p,2026-05-06T18:50:00,0.7234770704996579,1,0.262444755672171,replay_quantile@0.22,OO3843,N304SY,OO,ATL,OAJ,2026-05-06T20:50:00,2026-05-06T21:39:00,SKW3869-1777873157-airline-1190p,E75L 
DAL1328-1777867534-fa-808p,2026-05-06T18:50:00,0.4704544057062043,1,0.262444755672171,replay_quantile@0.22,DL1328,N6714Q,DL,ATL,MIA,2026-05-06T20:50:00,2026-05-06T22:22:00,DAL1153-1777867536-fa-89p,B752 
AAL1256-1777870047-airline-1152p,2026-05-06T18:50:00,0.42357274401473294,1,0.262444755672171,replay_quantile@0.22,AA1256,N144AN,AA,ATL,LAX,2026-05-06T20:50:00,2026-05-07T01:20:00,AAL3295-1777876411-airline-348p,A321 
SWA2291-1777876911-airline-581p,2026-05-06T18:50:00,0.13438696377736328,0,0.262444755672171,replay_quantile@0.22,WN2291,N489WN,WN,HOU,ATL,2026-05-06T20:50:00,2026-05-06T22:28:00,SWA3949-1777870925-airline-801p,B737 
EDV5537-1777861715-fa-3238p,2026-05-06T18:50:00,0.06215884349880825,0,0.262444755672171,replay_quantile@0.22,9E5537,N582CA,9E,ATL,AGS,2026-05-06T20:50:00,2026-05-06T21:13:00,EDV5288-1777835126-fa-2298p,CRJ9 
DAL959-1777867694-fa-438p,2026-05-06T18:51:00,0.272867737948084,1,0.262444755672171,replay_quantile@0.22,DL959,N364DX,DL,ATL,PBI,2026-05-06T20:51:00,2026-05-06T22:06:00,DAL2779-1777867689-fa-511p,A321 
DAL1693-1777868534-fa-369p,2026-05-06T18:51:00,0.11756885090218423,0,0.262444755672171,replay_quantile@0.22,DL1693,N931DQ,DL,ATL,BNA,2026-05-06T20:51:00,2026-05-06T21:29:00,DAL566-1777868533-fa-2527p,B739 
DAL2067-1777868579-fa-297p,2026-05-06T18:52:00,0.23554950751684814,0,0.262444755672171,replay_quantile@0.22,DL2067,N504DZ,DL,ATL,DTW,2026-05-06T20:52:00,2026-05-06T22:26:00,DAL782-1777868578-fa-413p,A21N 
DAL1323-1777867530-fa-371p,2026-05-06T18:53:00,0.5869353266168347,1,0.262444755672171,replay_quantile@0.22,DL1323,N556NW,DL,MIA,ATL,2026-05-06T20:53:00,2026-05-06T22:24:00,DAL1323-1777867530-fa-365p,B752 
DAL2627-1777868702-fa-1140p,2026-05-06T18:55:00,0.2034157472535228,0,0.262444755672171,replay_quantile@0.22,DL2627,N821DX,DL,ATL,JAX,2026-05-06T20:55:00,2026-05-06T21:37:00,DAL1030-1777868702-fa-1049p,B752 
DAL3026-1777868738-fa-1052p,2026-05-06T18:55:00,0.05199379649344164,0,0.262444755672171,replay_quantile@0.22,DL3026,N992AT,DL,ATL,HSV,2026-05-06T20:55:00,2026-05-06T21:23:00,DAL2157-1777868737-fa-133p,B712 
EDV5376-1777873906-airline-1675p,2026-05-06T18:55:40,0.06215884349880825,0,0.262444755672171,replay_quantile@0.22,9E5376,N928XJ,9E,ATL,CHA,2026-05-06T20:55:40,2026-05-06T21:30:40,EDV5468-1777870516-airline-1424p,CRJ9 
DAL3063-1777868732-fa-1920p,2026-05-06T18:57:00,0.06215884349880825,0,0.262444755672171,replay_quantile@0.22,DL3063,N994AT,DL,ATL,GPT,2026-05-06T20:57:00,2026-05-06T21:54:00,DAL876-1777868732-fa-1921p,B712 
AAL1796-1777875601-airline-1737p,2026-05-06T18:59:00,0.9622963041857493,1,0.262444755672171,replay_quantile@0.22,AA1796,N4032T,AA,ATL,MIA,2026-05-06T20:59:00,2026-05-06T22:42:00,AAL1796-1777875601-airline-1738p,A319 
EDV5144-1777877538-airline-484p,2026-05-06T18:59:00,0.03464523281596453,0,0.262444755672171,replay_quantile@0.22,9E5144,N279PQ,9E,ATL,EVV,2026-05-06T20:59:00,2026-05-06T21:58:00,EDV5555-1778019638-fa-761p,CRJ9 
DAL1346-1777867532-fa-195p,2026-05-06T19:00:00,0.1826449728827701,0,0.262444755672171,replay_quantile@0.22,DL1346,N67171,DL,ATL,ORF,2026-05-06T21:00:00,2026-05-06T22:08:00,DAL1332-1777867535-fa-1189p,B752 
DAL3056-1777868475-fa-777p,2026-05-06T19:00:00,0.09637679462257297,0,0.262444755672171,replay_quantile@0.22,DL3056,N924DZ,DL,ATL,DAB,2026-05-06T21:00:00,2026-05-06T21:54:00,DAL2650-1777868474-fa-1799p,B739 
DAL503-1777868483-fa-177p,2026-05-06T19:01:00,0.09863013698630135,0,0.262444755672171,replay_quantile@0.22,DL503,N839DN,DL,ATL,PDX,2026-05-06T21:01:00,2026-05-07T01:48:00,DAL1271-1777868386-fa-1954p,B739 
DAL838-1777867683-fa-938p,2026-05-06T19:02:00,0.06019719771665801,0,0.262444755672171,replay_quantile@0.22,DL838,N331DN,DL,PBI,ATL,2026-05-06T21:02:00,2026-05-06T22:28:00,DAL838-1777867684-fa-502p,A321 
DAL950-1777867996-fa-1349p,2026-05-06T19:03:00,0.2034157472535228,0,0.262444755672171,replay_quantile@0.22,DL950,N350NA,DL,ATL,DCA,2026-05-06T21:03:00,2026-05-06T22:12:00,DAL2885-1777867993-fa-801p,A320 
DAL512-1777868728-fa-2771p,2026-05-06T19:03:00,0.13969868910193706,0,0.262444755672171,replay_quantile@0.22,DL512,N608AT,DL,DAL,ATL,2026-05-06T21:03:00,2026-05-06T22:32:00,DAL512-1777868728-fa-2889p,B712 
DAL2891-1777867680-fa-1006p,2026-05-06T19:03:00,0.11756885090218423,0,0.262444755672171,replay_quantile@0.22,DL2891,N349DX,DL,ATL,ONT,2026-05-06T21:03:00,2026-05-07T01:20:00,DAL1121-1777867680-fa-1005p,A321 
DAL743-1777868370-fa-623p,2026-05-06T19:03:00,0.0799474030243261,0,0.262444755672171,replay_quantile@0.22,DL743,N919DU,DL,ATL,SMF,2026-05-06T21:03:00,2026-05-07T01:35:00,DAL1159-1777868370-fa-701p,B739 
FDX302-1778019034-sw-5p,2026-05-06T19:03:00,0.07881635049914468,0,0.262444755672171,replay_quantile@0.22,FX302,N924FD,FX,MEM,ATL,2026-05-06T21:03:00,2026-05-06T21:54:00,FDX800-1777982894-sw-467p,B752 
DAL3143-1777868720-fa-1126p,2026-05-06T19:03:00,0.014828544949026877,0,0.262444755672171,replay_quantile@0.22,DL3143,N955AT,DL,LEX,ATL,2026-05-06T21:03:00,2026-05-06T22:12:00,DAL3143-1777868720-fa-1125p,B712 
EDV5374-1777871079-airline-566p,2026-05-06T19:04:30,0.08518762800708161,0,0.262444755672171,replay_quantile@0.22,9E5374,N292PQ,9E,ATL,CSG,2026-05-06T21:04:30,2026-05-06T21:40:30,EDV5361-1777877538-airline-544p,CRJ9 
FFT1949-1777880967-airline-1348p,2026-05-06T19:05:00,0.4704544057062043,1,0.262444755672171,replay_quantile@0.22,F91949,N614FR,F9,ATL,SFO,2026-05-06T21:05:00,2026-05-07T02:10:00,FFT4731-1777877850-airline-1317p,A21N 
DAL2735-1777867670-fa-698p,2026-05-06T19:05:00,0.2293706797235023,0,0.262444755672171,replay_quantile@0.22,DL2735,N347DN,DL,ATL,BDL,2026-05-06T21:05:00,2026-05-06T22:49:00,DAL1965-1777867673-fa-190p,A321 
DAL1093-1777867928-fa-218p,2026-05-06T19:05:00,0.15736243263024813,0,0.262444755672171,replay_quantile@0.22,DL1093,N349NW,DL,ATL,MYR,2026-05-06T21:05:00,2026-05-06T21:52:00,DAL737-1777867944-fa-286p,A320 
DAL1167-1777868673-fa-966p,2026-05-06T19:05:00,0.07881635049914468,0,0.262444755672171,replay_quantile@0.22,DL1167,N6703D,DL,TPA,ATL,2026-05-06T21:05:00,2026-05-06T22:13:00,DAL1167-1777868673-fa-10p,B752 
DAL693-1777868240-fa-531p,2026-05-06T19:05:00,0.059847474436578764,0,0.262444755672171,replay_quantile@0.22,DL693,N775DE,DL,ATL,CMH,2026-05-06T21:05:00,2026-05-06T22:16:00,DAL1324-1777868241-fa-1074p,B738 
DAL2539-1777868735-fa-568p,2026-05-06T19:05:00,0.020823069596347752,0,0.262444755672171,replay_quantile@0.22,DL2539,N959AT,DL,GSO,ATL,2026-05-06T21:05:00,2026-05-06T22:03:00,DAL2539-1777868735-fa-571p,B712 
DAL517-1777868678-fa-1144p,2026-05-06T19:06:00,0.29853554773787117,1,0.262444755672171,replay_quantile@0.22,DL517,N557NW,DL,ATL,SFO,2026-05-06T21:06:00,2026-05-07T01:51:00,DAL1963-1777868678-fa-1145p,B752 
DAL1550-1777868559-fa-1021p,2026-05-06T19:06:00,0.03216256899147015,0,0.262444755672171,replay_quantile@0.22,DL1550,N949DZ,DL,RDU,ATL,2026-05-06T21:06:00,2026-05-06T22:08:00,DAL1550-1777868559-fa-302p,B739 
EDV5002-1777870954-airline-630p,2026-05-06T19:08:00,0.1766678558687121,0,0.262444755672171,replay_quantile@0.22,9E5002,N607LR,9E,ATL,FAY,2026-05-06T21:08:00,2026-05-06T21:53:00,EDV5423-1777846254-fa-2155p,CRJ9 
DAL1791-1777868495-fa-844p,2026-05-06T19:09:00,0.26352206231219366,1,0.262444755672171,replay_quantile@0.22,DL1791,N910DU,DL,ATL,SJU,2026-05-06T21:09:00,2026-05-07T00:07:00,DAL2401-1777868495-fa-845p,B739 
DAL712-1777867750-fa-1049p,2026-05-06T19:09:00,0.22797527047913446,0,0.262444755672171,replay_quantile@0.22,DL712,N108DN,DL,ATL,SAN,2026-05-06T21:09:00,2026-05-07T01:34:00,DAL1682-1777867752-fa-1749p,A321 
DAL711-1777867535-fa-1191p,2026-05-06T19:09:00,0.19758143163643455,0,0.262444755672171,replay_quantile@0.22,DL711,N544US,DL,ATL,LAS,2026-05-06T21:09:00,2026-05-07T01:07:00,DAL980-1777868697-fa-457p,B752 
EDV5105-1777855121-fa-1486p,2026-05-06T19:09:00,0.17018023580606276,0,0.262444755672171,replay_quantile@0.22,9E5105,N690CA,9E,ATL,CRW,2026-05-06T21:09:00,2026-05-06T22:01:00,EDV4953-1777855117-fa-1248p,CRJ7 
DAL2750-1777868169-fa-1506p,2026-05-06T19:09:00,0.15437487112516324,0,0.262444755672171,replay_quantile@0.22,DL2750,N376DA,DL,ATL,CLE,2026-05-06T21:09:00,2026-05-06T22:23:00,DAL2710-1777868155-fa-975p,B738 
DAL942-1777868726-fa-1600p,2026-05-06T19:09:00,0.1442965731457866,0,0.262444755672171,replay_quantile@0.22,DL942,N920AT,DL,SGF,ATL,2026-05-06T21:09:00,2026-05-06T22:20:00,DAL872-1777868726-fa-1601p,B712 
EDV5539-1778067882-fa-1113p,2026-05-06T19:09:00,0.08820852296235003,0,0.262444755672171,replay_quantile@0.22,9E5539,N390CA,9E,SBN,ATL,2026-05-06T21:09:00,2026-05-06T22:35:00,EDV5538-1778067674-fa-437p,CRJ7 
DAL3014-1777868422-fa-830p,2026-05-06T19:09:00,0.07042585820455347,0,0.262444755672171,replay_quantile@0.22,DL3014,N855DN,DL,SAV,ATL,2026-05-06T21:09:00,2026-05-06T21:48:00,DAL3014-1777868422-fa-833p,B739 
DAL2266-1777867659-fa-1573p,2026-05-06T19:09:00,0.06498021545710299,0,0.262444755672171,replay_quantile@0.22,DL2266,N341DN,DL,BUF,ATL,2026-05-06T21:09:00,2026-05-06T23:03:00,DAL2266-1777867659-fa-210p,A321 
DAL3133-1777868726-fa-1607p,2026-05-06T19:09:00,0.033461673083654185,0,0.262444755672171,replay_quantile@0.22,DL3133,N991AT,DL,GNV,ATL,2026-05-06T21:09:00,2026-05-06T22:06:00,DAL3133-1777868726-fa-1610p,B712 
DAL1125-1777868727-fa-823p,2026-05-06T19:09:00,0.025932263393910786,0,0.262444755672171,replay_quantile@0.22,DL1125,N961AT,DL,OMA,ATL,2026-05-06T21:09:00,2026-05-06T22:57:00,DAL1125-1777868727-fa-822p,B712 
JBU696-1777871714-airline-1692p,2026-05-06T19:10:00,0.21792673421667966,0,0.262444755672171,replay_quantile@0.22,B6696,N746JB,B6,ATL,BOS,2026-05-06T21:10:00,2026-05-06T23:06:00,JBU697-1777788350-airline-1511p,A320 
DAL30-1777867574-fa-957p,2026-05-06T19:10:00,0.1766678558687121,0,0.262444755672171,replay_quantile@0.22,DL30,N842MH,DL,ATL,LHR,2026-05-06T21:10:00,2026-05-07T04:52:00,DAL91-1777867585-fa-92p,B764 
DAL72-1777868035-fa-80p,2026-05-06T19:10:00,0.1766678558687121,0,0.262444755672171,replay_quantile@0.22,DL72,N829NW,DL,ATL,AMS,2026-05-06T21:10:00,2026-05-07T05:09:00,DAL195-1777868061-fa-368p,A333 
DAL140-1777867574-fa-1163p,2026-05-06T19:10:00,0.15736243263024813,0,0.262444755672171,replay_quantile@0.22,DL140,N826MH,DL,ATL,BRU,2026-05-06T21:10:00,2026-05-07T05:22:00,DAL131-1777867574-fa-1162p,B764 
DAL1186-1777868726-fa-1596p,2026-05-06T19:10:00,0.12861210197336137,0,0.262444755672171,replay_quantile@0.22,DL1186,N915AT,DL,ATL,TUL,2026-05-06T21:10:00,2026-05-06T23:01:00,DAL3030-1777868742-fa-220p,B712 
DAL715-1777867517-fa-552p,2026-05-06T19:10:00,0.12064574912973387,0,0.262444755672171,replay_quantile@0.22,DL715,N177DN,DL,SFO,ATL,2026-05-06T21:10:00,2026-05-07T01:12:00,DAL669-1777867517-fa-551p,B763
DAL3158-1777868732-fa-1915p,2026-05-06T19:10:00,0.11705230410266382,0,0.262444755672171,replay_quantile@0.22,DL3158,N938AT,DL,ATL,CLT,2026-05-06T21:10:00,2026-05-06T21:45:00,DAL1420-1777868732-fa-1916p,B712 
DAL3122-1777868567-fa-125p,2026-05-06T19:10:00,0.11685538815852606,0,0.262444755672171,replay_quantile@0.22,DL3122,N958DZ,DL,ATL,PIT,2026-05-06T21:10:00,2026-05-06T22:23:00,DAL2542-1777868566-fa-616p,B739 
EDV5561-1777969543-fa-936p,2026-05-06T19:10:00,0.10368766462788517,0,0.262444755672171,replay_quantile@0.22,9E5561,N303PQ,9E,MSP,ATL,2026-05-06T21:10:00,2026-05-06T23:09:00,EDV4974-1777870860-airline-504p,CRJ9 
DAL3037-1777868723-fa-705p,2026-05-06T19:10:00,0.09136883740641334,0,0.262444755672171,replay_quantile@0.22,DL3037,N946AT,DL,CLT,ATL,2026-05-06T21:10:00,2026-05-06T21:59:00,DAL1429-1777868723-fa-703p,B712 
DAL968-1777867781-fa-214p,2026-05-06T19:10:00,0.0837847967562779,0,0.262444755672171,replay_quantile@0.22,DL968,N394DX,DL,LGA,ATL,2026-05-06T21:10:00,2026-05-06T23:14:00,DAL460-1777867779-fa-4449p,A321 
JZA8508-1777873561-airline-850p,2026-05-06T19:10:00,0.07042585820455347,0,0.262444755672171,replay_quantile@0.22,QK8508,C-FJGZ,QK,ATL,YYZ,2026-05-06T21:10:00,2026-05-06T22:45:00,JZA8503-1777874593-airline-506p,CRJ9 
DAL2730-1777868733-fa-237p,2026-05-06T19:10:00,0.03760580411124546,0,0.262444755672171,replay_quantile@0.22,DL2730,N980AT,DL,BTR,ATL,2026-05-06T21:10:00,2026-05-06T22:20:00,DAL2730-1777868734-fa-310p,B712 
DAL2892-1777868199-fa-400p,2026-05-06T19:10:00,0.03159507244526712,0,0.262444755672171,replay_quantile@0.22,DL2892,N3754A,DL,CMH,ATL,2026-05-06T21:10:00,2026-05-06T22:36:00,DAL2892-1777868198-fa-11p,B738 
DAL3134-1777868570-fa-893p,2026-05-06T19:10:00,0.03158483796105801,0,0.262444755672171,replay_quantile@0.22,DL3134,N962DZ,DL,IND,ATL,2026-05-06T21:10:00,2026-05-06T22:34:00,DAL3134-1777868570-fa-1651p,B739 
FFT3053-1777877850-airline-1147p,2026-05-06T19:14:00,0.3974970202622169,1,0.262444755672171,replay_quantile@0.22,F93053,N337FR,F9,TPA,ATL,2026-05-06T21:14:00,2026-05-06T22:20:00,FFT1304-1777880967-airline-1277p,A20N 
SKW3935-1777849946-fa-972p,2026-05-06T19:14:00,0.28001446916259726,1,0.262444755672171,replay_quantile@0.22,OO3935,N244SY,OO,MOB,ATL,2026-05-06T21:14:00,2026-05-06T22:06:00,,E75L 
DAL1393-1777868574-fa-505p,2026-05-06T19:14:00,0.16010032890844986,0,0.262444755672171,replay_quantile@0.22,DL1393,N963DZ,DL,ATL,STL,2026-05-06T21:14:00,2026-05-06T22:40:00,DAL2925-1777868576-fa-247p,B739 
DAL90-1777867518-fa-825p,2026-05-06T19:15:00,0.17018023580606276,0,0.262444755672171,replay_quantile@0.22,DL90,N180DN,DL,ATL,ZRH,2026-05-06T21:15:00,2026-05-07T05:51:00,DAL907-1777867518-fa-826p,B763 
DAL2220-1777868724-fa-177p,2026-05-06T19:16:00,0.09637679462257297,0,0.262444755672171,replay_quantile@0.22,DL2220,N957AT,DL,ATL,GNV,2026-05-06T21:16:00,2026-05-06T22:02:00,DAL2763-1777868732-fa-1597p,B712 
FFT4025-1777870984-airline-703p,2026-05-06T19:20:00,0.880736029077692,1,0.262444755672171,replay_quantile@0.22,F94025,N236FR,F9,MCO,ATL,2026-05-06T21:20:00,2026-05-06T22:17:00,FFT4524-1777874685-airline-719p,A320 
DAL222-1777868094-fa-563p,2026-05-06T19:20:00,0.18022657054582902,0,0.262444755672171,replay_quantile@0.22,DL222,N423DX,DL,ATL,ATH,2026-05-06T21:20:00,2026-05-07T07:29:00,DAL71-1777868089-fa-279p,A339 
ACA1573-1777873842-airline-1866p,2026-05-06T19:20:00,0.036190378342280324,0,0.262444755672171,replay_quantile@0.22,AC1573,C-GROV,AC,YUL,ATL,2026-05-06T21:20:00,2026-05-06T23:55:00,ACA1570-1777873842-airline-1865p,BCS3 
AAL1045-1777882835-airline-837p,2026-05-06T19:21:00,0.19618111878389022,0,0.262444755672171,replay_quantile@0.22,AA1045,N756US,AA,MIA,ATL,2026-05-06T21:21:00,2026-05-06T23:12:00,AAL2706-1777871343-airline-727p,A319 
UAL2247-1777871746-fa-752p,2026-05-06T19:22:00,0.37632942459776375,1,0.262444755672171,replay_quantile@0.22,UA2247,N816UA,UA,ATL,EWR,2026-05-06T21:22:00,2026-05-06T23:24:00,UAL2345-1777853112-fa-453p,A319 
DAL3142-1777868186-fa-1029p,2026-05-06T19:23:00,0.025932263393910786,0,0.262444755672171,replay_quantile@0.22,DL3142,N3773D,DL,BNA,ATL,2026-05-06T21:23:00,2026-05-06T22:16:00,DAL3142-1777868186-fa-150p,B738 
DAL1497-1777868700-fa-1410p,2026-05-06T19:25:00,0.5287702395289708,1,0.262444755672171,replay_quantile@0.22,DL1497,N823DX,DL,ATL,MCO,2026-05-06T21:25:00,2026-05-06T22:26:00,DAL664-1777868700-fa-1417p,B752 
DAL130-1777867582-fa-781p,2026-05-06T19:25:00,0.17862821426613298,0,0.262444755672171,replay_quantile@0.22,DL130,N837MH,DL,ATL,MUC,2026-05-06T21:25:00,2026-05-07T06:12:00,DAL33-1777867584-fa-214p,B764 
EDV5559-1777931418-fa-825p,2026-05-06T19:25:00,0.08820852296235003,0,0.262444755672171,replay_quantile@0.22,9E5559,N317CA,9E,ATL,MSP,2026-05-06T21:25:00,2026-05-06T23:41:00,EDV4920-1777878038-airline-1105p,CRJ7 
DAL1545-1777868741-fa-4444p,2026-05-06T19:25:00,0.02512493695841548,0,0.262444755672171,replay_quantile@0.22,DL1545,N927AT,DL,TLH,ATL,2026-05-06T21:25:00,2026-05-06T22:24:00,DAL1545-1777868741-fa-4442p,B712 
DAL540-1777868732-fa-1593p,2026-05-06T19:26:00,0.0740344495560073,0,0.262444755672171,replay_quantile@0.22,DL540,N981AT,DL,ATL,TLH,2026-05-06T21:26:00,2026-05-06T22:01:00,DAL1273-1777868726-fa-313p,B712 
DAL1348-1777868700-fa-1416p,2026-05-06T19:28:00,0.26352206231219366,1,0.262444755672171,replay_quantile@0.22,DL1348,N820DX,DL,ATL,RIC,2026-05-06T21:28:00,2026-05-06T22:36:00,DAL1048-1777868700-fa-1415p,B752 
AAL1855-1777875601-airline-1813p,2026-05-06T19:29:00,0.06017889492753622,0,0.262444755672171,replay_quantile@0.22,AA1855,N764US,AA,ORD,ATL,2026-05-06T21:29:00,2026-05-06T23:18:00,AAL3015-1777871343-airline-1117p,A319 
DAL2131-1777867663-fa-892p,2026-05-06T19:29:00,0.05580033208257612,0,0.262444755672171,replay_quantile@0.22,DL2131,N342DN,DL,PHL,ATL,2026-05-06T21:29:00,2026-05-06T23:18:00,DAL2131-1777867662-fa-408p,A321 
DAL3163-1777868564-fa-999p,2026-05-06T19:29:00,0.02512493695841548,0,0.262444755672171,replay_quantile@0.22,DL3163,N945DZ,DL,BHM,ATL,2026-05-06T21:29:00,2026-05-06T22:05:00,DAL3163-1777868564-fa-1001p,B739 
SWA3933-1777870925-airline-787p,2026-05-06T19:30:00,0.3914621500172832,1,0.262444755672171,replay_quantile@0.22,WN3933,N927WN,WN,ATL,MSY,2026-05-06T21:30:00,2026-05-06T22:54:00,SWA279-1777876911-airline-1106p,B737 
SWA258-1777876911-airline-856p,2026-05-06T19:30:00,0.35576552256074057,1,0.262444755672171,replay_quantile@0.22,WN258,N8866H,WN,ATL,MDW,2026-05-06T21:30:00,2026-05-06T23:18:00,SWA3462-1777871111-airline-850p,B38M 
UAL2081-1777853112-fa-1087p,2026-05-06T19:30:00,0.28001446916259726,1,0.262444755672171,replay_quantile@0.22,UA2081,N61886,UA,IAD,ATL,2026-05-06T21:30:00,2026-05-06T23:19:00,UAL2497-1777853048-fa-1054p,B739 
DAL32-1777867596-fa-939p,2026-05-06T19:30:00,0.1661470298654414,0,0.262444755672171,replay_quantile@0.22,DL32,N306DN,DL,DFW,ATL,2026-05-06T21:30:00,2026-05-06T23:25:00,DAL921-1777867596-fa-942p,A321 
EDV5389-1777871079-airline-536p,2026-05-06T19:30:00,0.033461673083654185,0,0.262444755672171,replay_quantile@0.22,9E5389,N929XJ,9E,BMI,ATL,2026-05-06T21:30:00,2026-05-06T22:51:00,EDV5389-1777870860-airline-544p,CRJ9 
FFT4405-1777870984-airline-716p,2026-05-06T19:32:00,0.41323216995447654,1,0.262444755672171,replay_quantile@0.22,F94405,N332FR,F9,MIA,ATL,2026-05-06T21:32:00,2026-05-06T23:11:00,FFT2272-1777880967-airline-1386p,A20N 
DAL1292-1777867706-fa-1996p,2026-05-06T19:32:00,0.1838216060685326,0,0.262444755672171,replay_quantile@0.22,DL1292,N357DN,DL,FLL,ATL,2026-05-06T21:32:00,2026-05-06T22:58:00,DAL1292-1777867703-fa-472p,A321 
DAL3115-1777868558-fa-245p,2026-05-06T19:32:00,0.16010032890844986,0,0.262444755672171,replay_quantile@0.22,DL3115,N948DZ,DL,ATL,SRQ,2026-05-06T21:32:00,2026-05-06T22:32:00,DAL3092-1777868558-fa-246p,B739 
DAL1594-1777867656-fa-2022p,2026-05-06T19:35:00,0.3331573854139174,1,0.262444755672171,replay_quantile@0.22,DL1594,N339DN,DL,ATL,TPA,2026-05-06T21:35:00,2026-05-06T22:32:00,DAL1190-1777867658-fa-312p,A321 
DAL192-1777868061-fa-367p,2026-05-06T19:35:00,0.26352206231219366,1,0.262444755672171,replay_quantile@0.22,DL192,N803NW,DL,ATL,VCE,2026-05-06T21:35:00,2026-05-07T06:34:00,DAL195-1777781650-fa-841p,A333 
DAL2654-1777868458-fa-812p,2026-05-06T19:35:00,0.17018023580606276,0,0.262444755672171,replay_quantile@0.22,DL2654,N888DU,DL,ATL,MSP,2026-05-06T21:35:00,2026-05-06T23:51:00,DAL1004-1777868423-fa-1639p,B739 
DAL1353-1777867737-fa-1092p,2026-05-06T19:35:00,0.06215884349880825,0,0.262444755672171,replay_quantile@0.22,DL1353,N387DN,DL,PIT,ATL,2026-05-06T21:35:00,2026-05-06T23:05:00,DAL1353-1777867737-fa-1090p,A321 
DAL1695-1777868311-fa-1960p,2026-05-06T19:37:00,0.16484716157205243,0,0.262444755672171,replay_quantile@0.22,DL1695,N3772H,DL,IAD,ATL,2026-05-06T21:37:00,2026-05-06T23:18:00,DAL1695-1777868309-fa-5516p,B738 
AAL1812-1777875601-airline-1756p,2026-05-06T19:38:00,0.4523809523809524,1,0.262444755672171,replay_quantile@0.22,AA1812,N653AW,AA,DFW,ATL,2026-05-06T21:38:00,2026-05-06T23:12:00,AAL2942-1777871343-airline-1026p,A320 
EDV5508-1777850069-fa-1819p,2026-05-06T19:38:00,0.07200967458223397,0,0.262444755672171,replay_quantile@0.22,9E5508,N138EV,9E,ATL,TRI,2026-05-06T21:38:00,2026-05-06T22:18:00,EDV5281-1777763304-fa-1173p,CRJ9 
DAL1379-1777868699-fa-231p,2026-05-06T19:40:00,0.28001446916259726,1,0.262444755672171,replay_quantile@0.22,DL1379,N819DX,DL,RSW,ATL,2026-05-06T21:40:00,2026-05-06T22:57:00,DAL1379-1777868698-fa-1630p,B752 
DAL2329-1777868549-fa-2896p,2026-05-06T19:40:00,0.048215848823438545,0,0.262444755672171,replay_quantile@0.22,DL2329,N939DZ,DL,ORF,ATL,2026-05-06T21:40:00,2026-05-06T23:06:00,DAL2329-1777868547-fa-2463p,B739 
DAL1097-1777867540-fa-995p,2026-05-06T19:41:00,0.26352206231219366,1,0.262444755672171,replay_quantile@0.22,DL1097,N318DX,DL,ATL,RDU,2026-05-06T21:41:00,2026-05-06T22:37:00,DAL1345-1777867539-fa-4282p,A321 
EDV5247-1777846772-fa-2821p,2026-05-06T19:44:00,0.12453825857519794,0,0.262444755672171,replay_quantile@0.22,9E5247,N901XJ,9E,ATL,ROA,2026-05-06T21:44:00,2026-05-06T22:50:00,EDV5163-1777846771-fa-1011p,CRJ9 
DAL54-1777868060-fa-138p,2026-05-06T19:45:00,0.28001446916259726,1,0.262444755672171,replay_quantile@0.22,DL54,N407DX,DL,ATL,LOS,2026-05-06T21:45:00,2026-05-07T08:19:00,DAL9976-1777867887-fa-903p,A339 
DAL436-1777867933-fa-671p,2026-05-06T19:46:00,0.5287702395289708,1,0.262444755672171,replay_quantile@0.22,DL436,N360NW,DL,ATL,DFW,2026-05-06T21:46:00,2026-05-06T23:37:00,DAL414-1777867933-fa-669p,A320 
DAL2879-1777868541-fa-1110p,2026-05-06T19:46:00,0.4981470043236564,1,0.262444755672171,replay_quantile@0.22,DL2879,N879DN,DL,ATL,ORD,2026-05-06T21:46:00,2026-05-06T23:31:00,DAL1067-1777868540-fa-200p,B739 
AAL2737-1777871343-airline-763p,2026-05-06T19:48:00,0.7819924968736973,1,0.262444755672171,replay_quantile@0.22,AA2737,N4005X,AA,ATL,ORD,2026-05-06T21:48:00,2026-05-06T23:27:00,AAL2737-1777871343-airline-764p,A319 
DAL2720-1777867597-fa-948p,2026-05-06T19:49:00,0.11126441312703263,0,0.262444755672171,replay_quantile@0.22,DL2720,N325DN,DL,JAX,ATL,2026-05-06T21:49:00,2026-05-06T22:32:00,DAL2720-1777867596-fa-1281p,A321 
SWA569-1777872785-airline-1043p,2026-05-06T19:50:00,0.27798570942497447,1,0.262444755672171,replay_quantile@0.22,WN569,N8613K,WN,ATL,LAS,2026-05-06T21:50:00,2026-05-07T02:09:00,SWA485-1777872785-airline-970p,B738 
EDV5377-1777871079-airline-529p,2026-05-06T19:51:00,0.17862821426613298,0,0.262444755672171,replay_quantile@0.22,9E5377,N133EV,9E,ATL,DHN,2026-05-06T21:51:00,2026-05-06T22:34:00,EDV5466-1777873157-airline-1195p,CRJ9 
DAL543-1777868565-fa-848p,2026-05-06T19:51:00,0.02864437883986276,0,0.262444755672171,replay_quantile@0.22,DL543,N957DZ,DL,STL,ATL,2026-05-06T21:51:00,2026-05-06T22:54:00,DAL1485-1777868564-fa-1004p,B739 
DAL1670-1777867655-fa-505p,2026-05-06T19:55:00,0.38010752688172045,1,0.262444755672171,replay_quantile@0.22,DL1670,N338DN,DL,ATL,FLL,2026-05-06T21:55:00,2026-05-06T23:11:00,DAL2200-1777867653-fa-356p,A321 
SKW3753-1777875506-airline-1201p,2026-05-06T19:55:00,0.3529411764705882,1,0.262444755672171,replay_quantile@0.22,OO3753,N264SY,OO,ATL,XNA,2026-05-06T21:55:00,2026-05-06T23:31:00,SKW3875-1777834049-fa-1217p,E75L 
SWA4636-1777872785-airline-926p,2026-05-06T19:55:00,0.32864587641657705,1,0.262444755672171,replay_quantile@0.22,WN4636,N431WN,WN,ATL,AUS,2026-05-06T21:55:00,2026-05-07T00:16:00,SWA799-1777881901-airline-1714p,B737 
DAL301-1777868634-fa-655p,2026-05-06T19:55:00,0.31634153514361335,1,0.262444755672171,replay_quantile@0.22,DL301,N502DX,DL,ATL,LAX,2026-05-06T21:55:00,2026-05-07T02:39:00,DAL988-1777868635-fa-378p,A21N 
DAL3179-1777868538-fa-949p,2026-05-06T19:55:00,0.2034157472535228,0,0.262444755672171,replay_quantile@0.22,DL3179,N960DZ,DL,ATL,CHS,2026-05-06T21:55:00,2026-05-06T22:36:00,DAL775-1777868538-fa-948p,B739 
EDV5161-1777870860-airline-539p,2026-05-06T19:55:00,0.2034157472535228,0,0.262444755672171,replay_quantile@0.22,9E5161,N678CA,9E,ATL,MGM,2026-05-06T21:55:00,2026-05-06T22:33:00,EDV5263-1777870860-airline-593p,CRJ9 
DAL1150-1777868694-fa-611p,2026-05-06T19:55:00,0.17018023580606276,0,0.262444755672171,replay_quantile@0.22,DL1150,N553NW,DL,MCO,ATL,2026-05-06T21:55:00,2026-05-06T23:12:00,DAL1150-1777868694-fa-610p,B752 
EDV4993-1777861598-fa-13p,2026-05-06T19:55:00,0.05580033208257612,0,0.262444755672171,replay_quantile@0.22,9E4993,N340CA,9E,VLD,ATL,2026-05-06T21:55:00,2026-05-06T22:41:00,EDV4993-1777861599-fa-3p,CRJ7 
DAL3025-1777868728-fa-117p,2026-05-06T19:55:00,0.048215848823438545,0,0.262444755672171,replay_quantile@0.22,DL3025,N965AT,DL,ATL,LIT,2026-05-06T21:55:00,2026-05-06T23:10:00,DAL2620-1777868728-fa-118p,B712 
DAL1132-1777868726-fa-302p,2026-05-06T19:56:00,0.14789807421324566,0,0.262444755672171,replay_quantile@0.22,DL1132,N967AT,DL,ATL,BHM,2026-05-06T21:56:00,2026-05-06T22:21:00,DAL1549-1777868726-fa-305p,B712 
DAL653-1777868654-fa-6p,2026-05-06T19:58:00,0.1766678558687121,0,0.262444755672171,replay_quantile@0.22,DL653,N586DT,DL,ATL,SLC,2026-05-06T21:58:00,2026-05-07T01:43:00,DAL885-1777868654-fa-8p,A21N 
EDV5059-1777873937-airline-751p,2026-05-06T19:58:00,0.12064574912973387,0,0.262444755672171,replay_quantile@0.22,9E5059,N293PQ,9E,ATL,BTR,2026-05-06T21:58:00,2026-05-06T23:12:00,EDV5364-1777870954-airline-592p,CRJ9 
DAL1126-1777868473-fa-1336p,2026-05-06T19:58:00,0.036190378342280324,0,0.262444755672171,replay_quantile@0.22,DL1126,N830DN,DL,SDF,ATL,2026-05-06T21:58:00,2026-05-06T23:07:00,DAL1126-1777868477-fa-118p,B739 
DAL1325-1777868731-fa-442p,2026-05-06T19:59:00,0.023503281840482664,0,0.262444755672171,replay_quantile@0.22,DL1325,N896AT,DL,TUL,ATL,2026-05-06T21:59:00,2026-05-06T23:19:00,DAL1325-1777868732-fa-537p,B712 
N111M-1778036425-sw-1884p,2026-05-06T20:00:00,0.272867737948084,1,0.262444755672171,replay_quantile@0.22,,N111M,,ATL,BNA,2026-05-06T22:00:00,2026-05-06T22:50:00,N111M-1778091529-sw-478p,B350 
DAL2815-1777867849-fa-1088p,2026-05-06T20:00:00,0.26352206231219366,1,0.262444755672171,replay_quantile@0.22,DL2815,N301NB,DL,ATL,EYW,2026-05-06T22:00:00,2026-05-06T23:22:00,DAL1472-1777867848-fa-623p,A319 
DAL3095-1777868485-fa-1774p,2026-05-06T20:00:00,0.018662771827328787,0,0.262444755672171,replay_quantile@0.22,DL3095,N928DU,DL,GSP,ATL,2026-05-06T22:00:00,2026-05-06T22:38:00,DAL3095-1777868484-fa-3160p,B739 
DAL527-1777868561-fa-265p,2026-05-06T20:02:00,0.2034157472535228,0,0.262444755672171,replay_quantile@0.22,DL527,N950DZ,DL,ATL,SAV,2026-05-06T22:02:00,2026-05-06T22:34:00,DAL2692-1777868561-fa-891p,B739 
FFT2050-1777880967-airline-1360p,2026-05-06T20:03:00,0.5287702395289708,1,0.262444755672171,replay_quantile@0.22,F92050,N349FR,F9,ATL,MCO,2026-05-06T22:03:00,2026-05-06T23:03:00,FFT3975-1777877850-airline-1250p,A20N 
DAL832-1777867949-fa-75p,2026-05-06T20:03:00,0.3689666003559837,1,0.262444755672171,replay_quantile@0.22,DL832,N353NW,DL,ATL,DCA,2026-05-06T22:03:00,2026-05-06T23:13:00,DAL2135-1777867950-fa-136p,A320 
EDV5266-1777869362-fa-669p,2026-05-06T20:04:00,0.10360426447574338,0,0.262444755672171,replay_quantile@0.22,9E5266,N181GJ,9E,CHO,ATL,2026-05-06T22:04:00,2026-05-06T23:41:00,EDV5266-1777869363-fa-674p,CRJ9 
DAL1729-1777868730-fa-1173p,2026-05-06T20:04:00,0.027782647825426318,0,0.262444755672171,replay_quantile@0.22,DL1729,N894AT,DL,TYS,ATL,2026-05-06T22:04:00,2026-05-06T22:43:00,DAL1834-1777868730-fa-1174p,B712 
DAL14-1777868068-fa-3050p,2026-05-06T20:05:00,0.28001446916259726,1,0.262444755672171,replay_quantile@0.22,DL14,N858NW,DL,ATL,FRA,2026-05-06T22:05:00,2026-05-07T06:37:00,DAL110-1777781670-fa-1078p,A332 
DAL100-1777867576-fa-2035p,2026-05-06T20:05:00,0.21755402631896656,0,0.262444755672171,replay_quantile@0.22,DL100,N836MH,DL,ATL,CDG,2026-05-06T22:05:00,2026-05-07T06:14:00,DAL193-1777867576-fa-2036p,B764 
EDV5051-1777870516-airline-1386p,2026-05-06T20:05:00,0.2034157472535228,0,0.262444755672171,replay_quantile@0.22,9E5051,N355CA,9E,ATL,SGF,2026-05-06T22:05:00,2026-05-06T23:38:00,EDV5327-1777833255-fa-1905p,CRJ7 
DAL2939-1777868739-fa-217p,2026-05-06T20:07:00,0.24437213034369018,0,0.262444755672171,replay_quantile@0.22,DL2939,N960AT,DL,ATL,MEM,2026-05-06T22:07:00,2026-05-06T22:57:00,DAL2417-1777868732-fa-543p,B712 
DAL2174-1777868723-fa-741p,2026-05-06T20:07:00,0.024190800681431004,0,0.262444755672171,replay_quantile@0.22,DL2174,N953AT,DL,CHS,ATL,2026-05-06T22:07:00,2026-05-06T22:52:00,DAL3189-1777868723-fa-738p,B712 
DAL1956-1777868500-fa-1746p,2026-05-06T20:08:00,0.04495685771068127,0,0.262444755672171,replay_quantile@0.22,DL1956,N810DN,DL,NAS,ATL,2026-05-06T22:08:00,2026-05-07T00:03:00,DAL1947-1777868498-fa-1698p,B739 
DAL1661-1777867665-fa-361p,2026-05-06T20:09:00,0.452724511106892,1,0.262444755672171,replay_quantile@0.22,DL1661,N323DN,DL,ATL,PHX,2026-05-06T22:09:00,2026-05-07T02:09:00,DAL1082-1777867594-fa-1216p,A321 
DAL2378-1777868692-fa-3031p,2026-05-06T20:09:00,0.35700884481372286,1,0.262444755672171,replay_quantile@0.22,DL2378,N687DL,DL,ATL,JFK,2026-05-06T22:09:00,2026-05-06T23:54:00,DAL1757-1777867245-fa-925p,B752 
DAL826-1777868699-fa-240p,2026-05-06T20:09:00,0.21334079932806047,0,0.262444755672171,replay_quantile@0.22,DL826,N721TW,DL,ATL,SNA,2026-05-06T22:09:00,2026-05-07T02:51:00,DAL1488-1777868699-fa-842p,B752 
DAL585-1777868164-fa-439p,2026-05-06T20:09:00,0.19138877163360063,0,0.262444755672171,replay_quantile@0.22,DL585,N3757D,DL,ATL,MEX,2026-05-06T22:09:00,2026-05-07T01:46:00,DAL1928-1777868289-fa-1688p,B738 
EDV5112-1777850409-fa-1678p,2026-05-06T20:09:00,0.1661470298654414,0,0.262444755672171,replay_quantile@0.22,9E5112,N324PQ,9E,ATL,TYS,2026-05-06T22:09:00,2026-05-06T23:00:00,EDV5519-1777840105-fa-640p,CRJ9 
AAL1805-1777875601-airline-1748p,2026-05-06T20:09:00,0.15736243263024813,0,0.262444755672171,replay_quantile@0.22,AA1805,N583UW,AA,ATL,PHX,2026-05-06T22:09:00,2026-05-07T02:20:00,AAL1802-1777875601-airline-1745p,A321 
DAL1235-1777868742-fa-424p,2026-05-06T20:09:00,0.1115602687946241,0,0.262444755672171,replay_quantile@0.22,DL1235,N937AT,DL,ATL,LEX,2026-05-06T22:09:00,2026-05-06T23:16:00,DAL1013-1777868742-fa-420p,B712 
DAL434-1777867958-fa-947p,2026-05-06T20:10:00,0.42357274401473294,1,0.262444755672171,replay_quantile@0.22,DL434,N361NW,DL,ATL,LGA,2026-05-06T22:10:00,2026-05-06T23:39:00,DAL2629-1777867949-fa-71p,A320 
DAL3017-1777868741-fa-3976p,2026-05-06T20:10:00,0.09136883740641334,0,0.262444755672171,replay_quantile@0.22,DL3017,N926AT,DL,ATL,GSO,2026-05-06T22:10:00,2026-05-06T22:56:00,DAL3193-1777868741-fa-3978p,B712 
DAL759-1777867585-fa-1248p,2026-05-06T20:10:00,0.07427354709418839,0,0.262444755672171,replay_quantile@0.22,DL759,N843MH,DL,TPA,ATL,2026-05-06T22:10:00,2026-05-06T23:19:00,DAL759-1777867585-fa-1247p,B764 
DAL2772-1777868730-fa-1164p,2026-05-06T20:10:00,0.015702695629416383,0,0.262444755672171,replay_quantile@0.22,DL2772,N717JL,DL,GSO,ATL,2026-05-06T22:10:00,2026-05-06T23:19:00,DAL2812-1777868730-fa-243p,B712 
EDV5193-1777849060-fa-501p,2026-05-06T20:12:00,0.13438696377736328,0,0.262444755672171,replay_quantile@0.22,9E5193,N313PQ,9E,ATL,MOB,2026-05-06T22:12:00,2026-05-06T23:03:00,EDV5194-1777850410-fa-1755p,CRJ9 
DAL1278-1777868736-fa-216p,2026-05-06T20:12:00,0.020823069596347752,0,0.262444755672171,replay_quantile@0.22,DL1278,N895AT,DL,JAN,ATL,2026-05-06T22:12:00,2026-05-06T23:12:00,DAL1278-1777868736-fa-885p,B712 
DAL2599-1777868742-fa-418p,2026-05-06T20:14:00,0.03158483796105801,0,0.262444755672171,replay_quantile@0.22,DL2599,N925AT,DL,MSN,ATL,2026-05-06T22:14:00,2026-05-06T23:59:00,DAL2599-1777868742-fa-417p,B712 
DAL3109-1777868424-fa-1504p,2026-05-06T20:14:00,0.027782647825426318,0,0.262444755672171,replay_quantile@0.22,DL3109,N856DN,DL,SRQ,ATL,2026-05-06T22:14:00,2026-05-06T23:30:00,DAL3109-1777868424-fa-1503p,B739 
SWA1249-1777873095-airline-1146p,2026-05-06T20:15:00,0.6265419816951852,1,0.262444755672171,replay_quantile@0.22,WN1249,N8769Q,WN,ATL,DEN,2026-05-06T22:15:00,2026-05-07T01:03:00,SWA3453-1777871111-airline-842p,B38M 
DAL1506-1777868282-fa-1194p,2026-05-06T20:15:00,0.06215884349880825,0,0.262444755672171,replay_quantile@0.22,DL1506,N385DN,DL,VPS,ATL,2026-05-06T22:15:00,2026-05-06T23:25:00,DAL1825-1777868282-fa-720p,B738 
JIA5067-1777872223-airline-252p,2026-05-06T20:16:00,0.27766209868771496,1,0.262444755672171,replay_quantile@0.22,OH5067,N595NN,OH,CLT,ATL,2026-05-06T22:16:00,2026-05-06T23:08:00,JIA5396-1777872223-airline-617p,CRJ9 
DAL3101-1777868742-fa-222p,2026-05-06T20:16:00,0.09136883740641334,0,0.262444755672171,replay_quantile@0.22,DL3101,N906AT,DL,AVL,ATL,2026-05-06T22:16:00,2026-05-06T22:51:00,DAL3101-1777868742-fa-219p,B712 
DAL1906-1777868297-fa-794p,2026-05-06T20:19:00,0.23554950751684814,0,0.262444755672171,replay_quantile@0.22,DL1906,N3764D,DL,ATL,KIN,2026-05-06T22:19:00,2026-05-07T00:42:00,DAL576-1777868298-fa-925p,B738 
DAL2600-1777868427-fa-278p,2026-05-06T20:19:00,0.059847474436578764,0,0.262444755672171,replay_quantile@0.22,DL2600,N827DN,DL,RDU,ATL,2026-05-06T22:19:00,2026-05-06T23:24:00,DAL2600-1777868426-fa-346p,B739 
SWA683-1777872785-airline-1123p,2026-05-06T20:20:00,0.38640858999717437,1,0.262444755672171,replay_quantile@0.22,WN683,N8716B,WN,ATL,BWI,2026-05-06T22:20:00,2026-05-06T23:36:00,SWA2088-1777880845-airline-1192p,B38M 
DAL174-1777867574-fa-1166p,2026-05-06T20:20:00,0.31634153514361335,1,0.262444755672171,replay_quantile@0.22,DL174,N827MH,DL,ATL,MXP,2026-05-06T22:20:00,2026-05-07T07:08:00,DAL175-1777867574-fa-1164p,B764 
DAL495-1777868694-fa-608p,2026-05-06T20:20:00,0.28195937873357235,1,0.262444755672171,replay_quantile@0.22,DL495,N6705Y,DL,ATL,SFO,2026-05-06T22:20:00,2026-05-07T02:26:00,DAL927-1777868693-fa-1780p,B752 
SWA1275-1777873095-airline-1176p,2026-05-06T20:20:00,0.28001446916259726,1,0.262444755672171,replay_quantile@0.22,WN1275,N7738A,WN,ATL,MCO,2026-05-06T22:20:00,2026-05-06T23:30:00,SWA1275-1777873095-airline-1177p,B737 
DAL8848-1777914050-fa-1171p,2026-05-06T20:20:00,0.27766209868771496,1,0.262444755672171,replay_quantile@0.22,DL8848,N664DN,DL,ATL,LAS,2026-05-06T22:20:00,2026-05-07T02:10:00,DAL8840-1777706677-fa-275p,B752 
VIR110-1777871402-airline-539p,2026-05-06T20:20:00,0.1661470298654414,0,0.262444755672171,replay_quantile@0.22,VS110,G-VLUV,VS,ATL,MAN,2026-05-06T22:20:00,2026-05-07T05:52:00,VIR109-1777871402-airline-538p,A333 
DAL3094-1777868562-fa-250p,2026-05-06T20:20:00,0.04495685771068127,0,0.262444755672171,replay_quantile@0.22,DL3094,N954DZ,DL,ECP,ATL,2026-05-06T22:20:00,2026-05-06T23:03:00,DAL3094-1777868562-fa-249p,B739 
ASA783-1777874812-airline-1169p,2026-05-06T20:21:00,0.13969868910193706,0,0.262444755672171,replay_quantile@0.22,AS783,N979AK,AS,ATL,PDX,2026-05-06T22:21:00,2026-05-07T03:22:00,ASA334-1777878069-airline-726p,B39M 
DAL1060-1777867603-fa-282p,2026-05-06T20:22:00,0.2456256921373201,0,0.262444755672171,replay_quantile@0.22,DL1060,N314DN,DL,ATL,AUS,2026-05-06T22:22:00,2026-05-07T00:29:00,DAL1196-1777867604-fa-4714p,A321 
DAL1490-1777868271-fa-471p,2026-05-06T20:23:00,0.2034157472535228,0,0.262444755672171,replay_quantile@0.22,DL1490,N3760C,DL,ATL,BNA,2026-05-06T22:23:00,2026-05-06T23:41:00,DAL1884-1777868293-fa-1491p,B738 
DAL2035-1777868690-fa-66p,2026-05-06T20:25:00,0.5287702395289708,1,0.262444755672171,replay_quantile@0.22,DL2035,N6716C,DL,ATL,MCO,2026-05-06T22:25:00,2026-05-06T23:27:00,DAL1720-1777868698-fa-460p,B752 
DAL1124-1777867244-fa-1417p,2026-05-06T20:25:00,0.3689666003559837,1,0.262444755672171,replay_quantile@0.22,DL1124,N684DA,DL,ATL,RSW,2026-05-06T22:25:00,2026-05-06T23:35:00,DAL1576-1777868692-fa-3032p,B752 
VIR104-1777871402-airline-535p,2026-05-06T20:25:00,0.15437487112516324,0,0.262444755672171,replay_quantile@0.22,VS104,G-VPRD,VS,ATL,LHR,2026-05-06T22:25:00,2026-05-07T05:49:00,VIR103-1777871402-airline-534p,A35K 
DAL2784-1777868742-fa-221p,2026-05-06T20:25:00,0.05580033208257612,0,0.262444755672171,replay_quantile@0.22,DL2784,N922AT,DL,ATL,OKC,2026-05-06T22:25:00,2026-05-07T00:19:00,DAL3083-1777868741-fa-4451p,B712 
DAL1516-1777868316-fa-179p,2026-05-06T20:27:00,0.08518762800708161,0,0.262444755672171,replay_quantile@0.22,DL1516,N397DA,DL,CVG,ATL,2026-05-06T22:27:00,2026-05-06T23:38:00,DAL1008-1777868318-fa-203p,B738 
DAL1131-1777867669-fa-927p,2026-05-06T20:28:00,0.5752178855627131,1,0.262444755672171,replay_quantile@0.22,DL1131,N348DN,DL,ATL,IAH,2026-05-06T22:28:00,2026-05-07T00:16:00,DAL1554-1777867669-fa-928p,A321 
DAL1458-1777867682-fa-1341p,2026-05-06T20:29:00,0.12800842358604092,0,0.262444755672171,replay_quantile@0.22,DL1458,N350DN,DL,PBI,ATL,2026-05-06T22:29:00,2026-05-06T23:51:00,DAL1458-1777867682-fa-1342p,A321 
EDV5287-1777871014-airline-327p,2026-05-06T20:29:00,0.10734022955930282,0,0.262444755672171,replay_quantile@0.22,9E5287,N272PQ,9E,ABY,ATL,2026-05-06T22:29:00,2026-05-06T23:06:00,EDV5287-1777871014-airline-335p,CRJ9 
FFT2972-1777877850-airline-1139p,2026-05-06T20:31:00,0.44765865123847404,1,0.262444755672171,replay_quantile@0.22,F92972,N673FR,F9,MSY,ATL,2026-05-06T22:31:00,2026-05-07T00:03:00,FFT1371-1777880967-airline-1286p,A21N 
EDV5537-1777861715-fa-3237p,2026-05-06T20:32:00,0.07427354709418839,0,0.262444755672171,replay_quantile@0.22,9E5537,N582CA,9E,AGS,ATL,2026-05-06T22:32:00,2026-05-06T23:25:00,EDV5537-1777861715-fa-3238p,CRJ9 
DAL3146-1777868357-fa-4573p,2026-05-06T20:32:00,0.059847474436578764,0,0.262444755672171,replay_quantile@0.22,DL3146,N898DN,DL,MSY,ATL,2026-05-06T22:32:00,2026-05-06T23:36:00,DAL3146-1777868357-fa-4572p,B739 
FFT3397-1777870984-airline-667p,2026-05-06T20:35:00,0.976006855184233,1,0.262444755672171,replay_quantile@0.22,F93397,N714FR,F9,ATL,ORD,2026-05-06T22:35:00,2026-05-07T00:19:00,FFT1596-1777870984-airline-494p,A321 
SWA224-1777880845-airline-1420p,2026-05-06T20:35:00,0.3974970202622169,1,0.262444755672171,replay_quantile@0.22,WN224,N932WN,WN,ATL,DAL,2026-05-06T22:35:00,2026-05-07T00:41:00,SWA461-1777872785-airline-912p,B737 
EDV5281-1777870892-airline-1888p,2026-05-06T20:35:00,0.07427354709418839,0,0.262444755672171,replay_quantile@0.22,9E5281,N928XJ,9E,CHA,ATL,2026-05-06T22:35:00,2026-05-06T23:07:00,EDV5376-1777873906-airline-1675p,CRJ9 
DAL3026-1777868737-fa-1760p,2026-05-06T20:38:00,0.009287925696594427,0,0.262444755672171,replay_quantile@0.22,DL3026,N992AT,DL,HSV,ATL,2026-05-06T22:38:00,2026-05-06T23:11:00,DAL3026-1777868738-fa-1052p,B712 
AAL2391-1777880317-airline-506p,2026-05-06T20:39:00,0.24437213034369018,0,0.262444755672171,replay_quantile@0.22,AA2391,N915NN,AA,PHX,ATL,2026-05-06T22:39:00,2026-05-07T01:52:00,AAL1364-1777870047-airline-1268p,B738
EDV5282-1777850061-fa-689p,2026-05-06T20:39:00,0.09136883740641334,0,0.262444755672171,replay_quantile@0.22,9E5282,N297PQ,9E,ATL,AGS,2026-05-06T22:39:00,2026-05-06T23:10:00,EDV5308-1777840102-fa-1921p,CRJ9 
DAL3180-1777868740-fa-211p,2026-05-06T20:40:00,0.24437213034369018,0,0.262444755672171,replay_quantile@0.22,DL3180,N939AT,DL,ATL,JAN,2026-05-06T22:40:00,2026-05-06T23:34:00,DAL1182-1777868739-fa-1623p,B712 
DAL3059-1777868572-fa-782p,2026-05-06T20:40:00,0.2034157472535228,0,0.262444755672171,replay_quantile@0.22,DL3059,N932DZ,DL,ATL,PNS,2026-05-06T22:40:00,2026-05-06T23:26:00,DAL409-1777868571-fa-2018p,B739 
DAL1021-1777868733-fa-233p,2026-05-06T20:40:00,0.08673129578923999,0,0.262444755672171,replay_quantile@0.22,DL1021,N997AT,DL,ATL,GSP,2026-05-06T22:40:00,2026-05-06T23:09:00,DAL3127-1777868733-fa-231p,B712 
DAL2193-1777868723-fa-730p,2026-05-06T20:40:00,0.07042585820455347,0,0.262444755672171,replay_quantile@0.22,DL2193,N966AT,DL,ATL,CAE,2026-05-06T22:40:00,2026-05-06T23:15:00,DAL3195-1777868723-fa-728p,B712 
EDV5374-1777873937-airline-696p,2026-05-06T20:40:00,0.033461673083654185,0,0.262444755672171,replay_quantile@0.22,9E5374,N292PQ,9E,CSG,ATL,2026-05-06T22:40:00,2026-05-06T23:19:00,EDV5374-1777871079-airline-566p,CRJ9 
DAL2928-1777867646-fa-842p,2026-05-06T20:41:00,0.29853554773787117,1,0.262444755672171,replay_quantile@0.22,DL2928,N330DX,DL,ATL,BWI,2026-05-06T22:41:00,2026-05-06T23:59:00,DAL2011-1777867653-fa-42p,A321 
FFT3458-1777877850-airline-1217p,2026-05-06T20:45:00,0.6597051597051596,1,0.262444755672171,replay_quantile@0.22,F93458,N634FR,F9,ATL,LGA,2026-05-06T22:45:00,2026-05-07T00:39:00,FFT1407-1777880967-airline-1292p,A21N 
SWA241-1777876911-airline-698p,2026-05-06T20:45:00,0.3689666003559837,1,0.262444755672171,replay_quantile@0.22,WN241,N8685B,WN,ATL,HOU,2026-05-06T22:45:00,2026-05-07T00:44:00,SWA3001-1777871111-airline-431p,B738 
DAL919-1777868062-fa-1585p,2026-05-06T20:45:00,0.2034157472535228,0,0.262444755672171,replay_quantile@0.22,DL919,N851NW,DL,ATL,LAS,2026-05-06T22:45:00,2026-05-07T02:42:00,DAL15-1777868062-fa-1586p,A332 
AAL1811-1777875601-airline-1753p,2026-05-06T20:50:00,0.19383019383019384,0,0.262444755672171,replay_quantile@0.22,AA1811,N343SY,AA,ATL,DFW,2026-05-06T22:50:00,2026-05-07T00:52:00,AAL1811-1777875601-airline-1754p,B38M 
DAL1939-1777868171-fa-1277p,2026-05-06T20:56:00,0.1442965731457866,0,0.262444755672171,replay_quantile@0.22,DL1939,N381DN,DL,ATL,CUN,2026-05-06T22:56:00,2026-05-07T01:02:00,DAL1872-1777868172-fa-1112p,B738 
FFT1158-1777880967-airline-1253p,2026-05-06T20:59:00,0.9776046738072055,1,0.262444755672171,replay_quantile@0.22,F91158,N341FR,F9,ATL,EWR,2026-05-06T22:59:00,2026-05-07T01:17:00,FFT2633-1777880967-airline-1433p,A20N 
SWA1557-1777873095-airline-1451p,2026-05-06T21:00:00,0.284478875776957,1,0.262444755672171,replay_quantile@0.22,WN1557,N8915Q,WN,ATL,MDW,2026-05-06T23:00:00,2026-05-07T00:54:00,SWA4529-1777872785-airline-862p,B38M 
DAL1058-1777867710-fa-850p,2026-05-06T21:00:00,0.25582701488345955,0,0.262444755672171,replay_quantile@0.22,DL1058,N360DN,DL,ATL,PBI,2026-05-06T23:00:00,2026-05-07T00:20:00,DAL1579-1777867709-fa-1095p,A321 
DAL1503-1777868271-fa-597p,2026-05-06T21:02:00,0.1838216060685326,0,0.262444755672171,replay_quantile@0.22,DL1503,N3749D,DL,ATL,CVG,2026-05-06T23:02:00,2026-05-07T00:26:00,DAL1055-1777868242-fa-1134p,B738 
DAL325-1777867949-fa-72p,2026-05-06T21:03:00,0.31962731962731955,1,0.262444755672171,replay_quantile@0.22,DL325,N339NW,DL,ATL,DCA,2026-05-06T23:03:00,2026-05-07T00:13:00,DAL2235-1777867976-fa-1270p,A320 
JIA5313-1777872223-airline-525p,2026-05-06T21:05:00,0.6081603090294543,1,0.262444755672171,replay_quantile@0.22,OH5313,N630NN,OH,ATL,PHL,2026-05-06T23:05:00,2026-05-07T00:51:00,JIA5026-1777872223-airline-212p,CRJ9 
DAL500-1777868128-fa-63p,2026-05-06T21:05:00,0.32864587641657705,1,0.262444755672171,replay_quantile@0.22,DL500,N523DN,DL,ATL,LAX,2026-05-06T23:05:00,2026-05-07T03:49:00,DAL1502-1777781714-fa-1593p,A359 
DAL1588-1777868561-fa-268p,2026-05-06T21:07:00,0.4019941784851675,1,0.262444755672171,replay_quantile@0.22,DL1588,N822DN,DL,ATL,MIA,2026-05-06T23:07:00,2026-05-07T00:36:00,DAL2827-1777868561-fa-270p,B739 
DAL2893-1777867600-fa-679p,2026-05-06T21:07:00,0.27766209868771496,1,0.262444755672171,replay_quantile@0.22,DL2893,N346DN,DL,ATL,SAT,2026-05-06T23:07:00,2026-05-07T01:26:00,DAL1266-1777867600-fa-676p,A321 
DAL2065-1777867722-fa-265p,2026-05-06T21:09:00,0.31634153514361335,1,0.262444755672171,replay_quantile@0.22,DL2065,N392DN,DL,ATL,PHL,2026-05-06T23:09:00,2026-05-07T00:39:00,DAL974-1777867761-fa-166p,A321 
DAL8818-1777868423-fa-1641p,2026-05-06T21:09:00,0.18510858324715615,0,0.262444755672171,replay_quantile@0.22,DL8818,N821DN,DL,ATL,BDL,2026-05-06T23:09:00,2026-05-07T00:59:00,DAL2020-1777868454-fa-618p,B739 
DAL746-1777867760-fa-753p,2026-05-06T21:09:00,0.1838216060685326,0,0.262444755672171,replay_quantile@0.22,DL746,N365DN,DL,ATL,DEN,2026-05-06T23:09:00,2026-05-07T02:08:00,DAL597-1777867719-fa-317p,A321 
DAL2786-1777868569-fa-340p,2026-05-06T21:09:00,0.13969868910193706,0,0.262444755672171,replay_quantile@0.22,DL2786,N959DZ,DL,ATL,CMH,2026-05-06T23:09:00,2026-05-07T00:20:00,DAL1381-1777868568-fa-794p,B739 
UAL1359-1777853041-fa-1326p,2026-05-06T21:14:00,0.5567805953693497,1,0.262444755672171,replay_quantile@0.22,UA1359,N14704,UA,ATL,IAH,2026-05-06T23:14:00,2026-05-07T01:26:00,UAL462-1777853112-fa-462p,B737 
DAL2894-1777867718-fa-211p,2026-05-06T21:15:00,0.3914621500172832,1,0.262444755672171,replay_quantile@0.22,DL2894,N334DN,DL,ATL,ORD,2026-05-06T23:15:00,2026-05-07T01:23:00,DAL2279-1777867721-fa-321p,A321 
DAL1280-1777868700-fa-1419p,2026-05-06T21:15:00,0.29853554773787117,1,0.262444755672171,replay_quantile@0.22,DL1280,N706TW,DL,ATL,MSP,2026-05-06T23:15:00,2026-05-07T01:15:00,DAL1228-1777868700-fa-1408p,B752 
FFT1099-1777870984-airline-426p,2026-05-06T21:15:00,0.28001446916259726,1,0.262444755672171,replay_quantile@0.22,F91099,,F9,ATL,PHX,2026-05-06T23:15:00,2026-05-07T03:17:00,,A21N 
DAL2265-1777867536-fa-958p,2026-05-06T21:15:00,0.27766209868771496,1,0.262444755672171,replay_quantile@0.22,DL2265,N699DL,DL,ATL,JAX,2026-05-06T23:15:00,2026-05-06T23:52:00,DAL1372-1777867241-fa-1209p,B752 
DAL105-1777868049-fa-972p,2026-05-06T21:15:00,0.2034157472535228,0,0.262444755672171,replay_quantile@0.22,DL105,N805NW,DL,ATL,GRU,2026-05-06T23:15:00,2026-05-07T08:11:00,DAL73-1777781651-fa-666p,A333 
EDV5203-1777871871-airline-1775p,2026-05-06T21:15:00,0.16010032890844986,0,0.262444755672171,replay_quantile@0.22,9E5203,N302PQ,9E,ATL,TYS,2026-05-06T23:15:00,2026-05-07T00:06:00,EDV5339-1777850062-fa-612p,CRJ9 
DAL3044-1777868738-fa-156p,2026-05-06T21:15:00,0.12013910844135314,0,0.262444755672171,replay_quantile@0.22,DL3044,N955AT,DL,ATL,BHM,2026-05-06T23:15:00,2026-05-06T23:40:00,DAL3143-1777868720-fa-1126p,B712 
DAL2707-1777868723-fa-684p,2026-05-06T21:15:00,0.09863013698630135,0,0.262444755672171,replay_quantile@0.22,DL2707,N945AT,DL,ATL,OMA,2026-05-06T23:15:00,2026-05-07T01:15:00,DAL1302-1777868721-fa-491p,B712 
EDV5368-1777851802-fa-2430p,2026-05-06T21:15:00,0.08673129578923999,0,0.262444755672171,replay_quantile@0.22,9E5368,N601LR,9E,ATL,ABY,2026-05-06T23:15:00,2026-05-06T23:45:00,EDV5503-1777846779-fa-500p,CRJ9 
DAL1443-1777868735-fa-569p,2026-05-06T21:17:00,0.15437487112516324,0,0.262444755672171,replay_quantile@0.22,DL1443,N959AT,DL,ATL,MEM,2026-05-06T23:17:00,2026-05-07T00:07:00,DAL2539-1777868735-fa-568p,B712 
DAL8775-1777868070-fa-81p,2026-05-06T21:20:00,0.2293706797235023,0,0.262444755672171,replay_quantile@0.22,DL8775,N860NW,DL,ATL,DTW,2026-05-06T23:20:00,2026-05-07T01:03:00,DAL1317-1777868070-fa-80p,A332 
DAL66-1777868098-fa-1104p,2026-05-06T21:20:00,0.2034157472535228,0,0.262444755672171,replay_quantile@0.22,DL66,N436DX,DL,ATL,FCO,2026-05-06T23:20:00,2026-05-07T08:30:00,DAL223-1777868097-fa-474p,A339 
DAL971-1777868435-fa-1684p,2026-05-06T21:20:00,0.17018023580606276,0,0.262444755672171,replay_quantile@0.22,DL971,N858DZ,DL,ATL,COS,2026-05-06T23:20:00,2026-05-07T02:08:00,DAL2547-1777868483-fa-399p,B739 
FFT3923-1777877850-airline-1247p,2026-05-06T21:21:00,0.21755402631896656,0,0.262444755672171,replay_quantile@0.22,F93923,N655FR,F9,ATL,LAS,2026-05-06T23:21:00,2026-05-07T03:41:00,FFT2198-1777870984-airline-556p,A21N 
JBU819-1777880345-airline-2880p,2026-05-06T21:22:00,0.9135084427767355,1,0.262444755672171,replay_quantile@0.22,B6819,N615JB,B6,ATL,JFK,2026-05-06T23:22:00,2026-05-07T01:01:00,JBU220-1777872124-airline-244p,A320 
DAL1309-1777868183-fa-1680p,2026-05-06T21:22:00,0.28001446916259726,1,0.262444755672171,replay_quantile@0.22,DL1309,N3755D,DL,ATL,IAD,2026-05-06T23:22:00,2026-05-07T00:30:00,DAL1805-1777868184-fa-281p,B738 
DAL2241-1777868741-fa-4446p,2026-05-06T21:22:00,0.0740344495560073,0,0.262444755672171,replay_quantile@0.22,DL2241,N927AT,DL,ATL,TLH,2026-05-06T23:22:00,2026-05-06T23:56:00,DAL1545-1777868741-fa-4444p,B712 
DAL3120-1777868551-fa-1116p,2026-05-06T21:25:00,0.16010032890844986,0,0.262444755672171,replay_quantile@0.22,DL3120,N942DZ,DL,ATL,IND,2026-05-06T23:25:00,2026-05-07T00:06:00,DAL2747-1777868551-fa-184p,B739 
DAL779-1777867609-fa-751p,2026-05-06T21:30:00,0.23554950751684814,0,0.262444755672171,replay_quantile@0.22,DL779,N343DN,DL,ATL,ONT,2026-05-06T23:30:00,2026-05-07T03:48:00,DAL1802-1777867661-fa-1303p,A321 
DAL8785-1777868231-fa-688p,2026-05-06T21:30:00,0.2293706797235023,0,0.262444755672171,replay_quantile@0.22,DL8785,N3737C,DL,ATL,AUS,2026-05-06T23:30:00,2026-05-07T01:37:00,DAL2322-1777868272-fa-744p,B738 
DAL3171-1777868723-fa-707p,2026-05-06T21:30:00,0.09876738305941847,0,0.262444755672171,replay_quantile@0.22,DL3171,N946AT,DL,ATL,HSV,2026-05-06T23:30:00,2026-05-06T23:57:00,DAL3037-1777868723-fa-705p,B712 
DAL1457-1777868698-fa-456p,2026-05-06T21:35:00,0.2474381030742763,0,0.262444755672171,replay_quantile@0.22,DL1457,N900PC,DL,ATL,TPA,2026-05-06T23:35:00,2026-05-07T00:31:00,DAL2990-1777868690-fa-935p,B752 
DAL1489-1777867615-fa-1251p,2026-05-06T21:40:00,0.35576552256074057,1,0.262444755672171,replay_quantile@0.22,DL1489,N321DH,DL,ATL,FLL,2026-05-06T23:40:00,2026-05-07T01:02:00,DAL1755-1777867614-fa-1728p,A321 
DAL2494-1777868561-fa-253p,2026-05-06T21:40:00,0.11303068000630771,0,0.262444755672171,replay_quantile@0.22,DL2494,N949DZ,DL,ATL,ECP,2026-05-06T23:40:00,2026-05-07T00:17:00,DAL1550-1777868559-fa-1021p,B739 
DAL825-1777868514-fa-112p,2026-05-06T21:50:00,0.1761140235910878,0,0.262444755672171,replay_quantile@0.22,DL825,N833DN,DL,ATL,LAS,2026-05-06T23:50:00,2026-05-07T04:05:00,DAL1029-1777868354-fa-1375p,B739 
DAL731-1777868673-fa-965p,2026-05-06T21:52:00,0.12557062410449507,0,0.262444755672171,replay_quantile@0.22,DL731,N6703D,DL,ATL,SAN,2026-05-06T23:52:00,2026-05-07T04:38:00,DAL1167-1777868673-fa-966p,B752 
FFT2409-1777963115-airline-1545p,2026-05-07T12:15:37.590619+00:00,0.25320197044334986,1,0.12575311277662707,quantile@0.22,F92409,N350FR,F9,CLE,ATL,2026-05-07T11:04:00,2026-05-07T12:32:00,FFT1832-1777880967-airline-1340p,A20N 
DAL1364-1777953963-fa-1538p,2026-05-07T12:15:37.590619+00:00,0.2293706797235023,1,0.12575311277662707,quantile@0.22,DL1364,N67171,DL,ORF,ATL,2026-05-07T10:30:00,2026-05-07T11:59:00,DAL1346-1777867532-fa-195p,B752 
DAL348-1777953958-fa-4080p,2026-05-07T12:15:37.590619+00:00,0.21334079932806047,1,0.12575311277662707,quantile@0.22,DL348,N556NW,DL,ATL,PHX,2026-05-07T12:20:00,2026-05-07T15:59:00,DAL391-1777875506-airline-1435p,B752 
FFT1082-1777963115-airline-1287p,2026-05-07T12:15:37.590619+00:00,0.21334079932806047,1,0.12575311277662707,quantile@0.22,F91082,N660FR,F9,ATL,IAD,2026-05-07T12:27:00,2026-05-07T13:36:00,FFT2428-1777880967-airline-1403p,A21N 
DAL777-1777954568-fa-1648p,2026-05-07T12:15:37.590619+00:00,0.20024067388688327,1,0.12575311277662707,quantile@0.22,DL777,N817NW,DL,ATL,LAS,2026-05-07T12:25:00,2026-05-07T16:22:00,DAL722-1777882554-airline-1164p,A333 
FFT4601-1777960821-airline-1187p,2026-05-07T12:15:37.590619+00:00,0.19138877163360063,1,0.12575311277662707,quantile@0.22,F94601,N405FR,F9,EWR,ATL,2026-05-07T10:05:00,2026-05-07T12:13:00,FFT4602-1777877850-airline-1300p,A20N 
DAL693-1777955048-fa-1281p,2026-05-07T12:15:37.590619+00:00,0.18450508449776867,1,0.12575311277662707,quantile@0.22,DL693,N822DX,DL,ATL,SFO,2026-05-07T12:15:00,2026-05-07T17:07:00,DAL2440-1777953968-fa-734p,B752 
FFT2173-1777963115-airline-1496p,2026-05-07T12:15:37.590619+00:00,0.17018023580606276,1,0.12575311277662707,quantile@0.22,F92173,N656FR,F9,FLL,ATL,2026-05-07T10:15:00,2026-05-07T12:18:00,FFT2174-1777880967-airline-1378p,A21N 
DAL690-1777894798-fa-1353p,2026-05-07T12:15:37.590619+00:00,0.1661470298654414,1,0.12575311277662707,quantile@0.22,DL690,N6705Y,DL,SFO,ATL,2026-05-07T07:07:00,2026-05-07T11:11:00,DAL495-1777868694-fa-608p,B752 
DAL1213-1777953979-fa-279p,2026-05-07T12:15:37.590619+00:00,0.16010032890844986,1,0.12575311277662707,quantile@0.22,DL1213,N6713Y,DL,ATL,MCO,2026-05-07T12:25:00,2026-05-07T13:43:00,DAL1361-1777867247-fa-1261p,B752 
DAL898-1777954320-fa-507p,2026-05-07T12:15:37.590619+00:00,0.15736243263024813,1,0.12575311277662707,quantile@0.22,DL898,N108DN,DL,ATL,LAX,2026-05-07T12:15:00,2026-05-07T16:44:00,DAL932-1777874213-airline-147p,A321 
DAL857-1777955070-fa-1064p,2026-05-07T12:15:37.590619+00:00,0.15437487112516324,1,0.12575311277662707,quantile@0.22,DL857,N592NW,DL,LAS,ATL,2026-05-07T07:55:00,2026-05-07T11:26:00,DAL1442-1777868685-fa-1218p,B753 
DAL2397-1777954232-fa-368p,2026-05-07T12:15:37.590619+00:00,0.15022288261515604,1,0.12575311277662707,quantile@0.22,DL2397,N355DN,DL,ATL,EWR,2026-05-07T12:24:00,2026-05-07T13:55:00,DAL1548-1777954230-fa-4806p,A321 
FFT2911-1777960821-airline-933p,2026-05-07T12:15:37.590619+00:00,0.15022288261515604,1,0.12575311277662707,quantile@0.22,F92911,N371FR,F9,TPA,ATL,2026-05-07T11:15:00,2026-05-07T12:17:00,FFT1258-1777880967-airline-1265p,A20N 
AAL3190-1777960637-airline-2002p,2026-05-07T12:15:37.590619+00:00,0.1442965731457866,1,0.12575311277662707,quantile@0.22,AA3190,N915NN,AA,ATL,MIA,2026-05-07T12:10:00,2026-05-07T13:53:00,AAL2391-1777880317-airline-506p,B738 
DAL2664-1777954084-fa-949p,2026-05-07T12:15:37.590619+00:00,0.1442965731457866,1,0.12575311277662707,quantile@0.22,DL2664,N304DN,DL,BUF,ATL,2026-05-07T10:25:00,2026-05-07T12:25:00,DAL978-1777867595-fa-1092p,A321 
DAL1676-1777954486-fa-1286p,2026-05-07T12:15:37.590619+00:00,0.12861210197336137,1,0.12575311277662707,quantile@0.22,DL1676,N353NW,DL,ATL,SAT,2026-05-07T12:30:00,2026-05-07T14:40:00,DAL1140-1777867950-fa-19p,A320 
DAL1311-1777954122-fa-1240p,2026-05-07T12:15:37.590619+00:00,0.12557062410449507,0,0.12575311277662707,quantile@0.22,DL1311,N316DN,DL,ATL,PBI,2026-05-07T12:20:00,2026-05-07T13:42:00,DAL9961-1777867607-fa-153p,A321 
NKS920-1777977809-schedule-542p,2026-05-07T12:15:37.590619+00:00,0.12013910844135314,0,0.12575311277662707,quantile@0.22,NK920,,NK,DTW,ATL,2026-05-07T10:40:00,2026-05-07T12:08:00,,A320 
DAL1089-1777955075-fa-1536p,2026-05-07T12:15:37.590619+00:00,0.11685538815852606,0,0.12575311277662707,quantile@0.22,DL1089,N692DL,DL,ATL,RSW,2026-05-07T12:15:00,2026-05-07T13:41:00,DAL2966-1777953983-fa-1320p,B752 
DAL2343-1777954099-fa-372p,2026-05-07T12:15:37.590619+00:00,0.11303068000630771,0,0.12575311277662707,quantile@0.22,DL2343,N309DN,DL,ATL,FLL,2026-05-07T12:15:00,2026-05-07T13:40:00,DAL2330-1777954098-fa-1146p,A321 
DAL3051-1777955134-fa-947p,2026-05-07T12:15:37.590619+00:00,0.11303068000630771,0,0.12575311277662707,quantile@0.22,DL3051,N955AT,DL,ATL,VPS,2026-05-07T12:25:00,2026-05-07T13:18:00,DAL1979-1777955005-fa-99p,B712 
DAL1402-1777953968-fa-736p,2026-05-07T12:15:37.590619+00:00,0.1115602687946241,0,0.12575311277662707,quantile@0.22,DL1402,N690DL,DL,RIC,ATL,2026-05-07T10:49:00,2026-05-07T12:14:00,DAL1263-1777868696-fa-300p,B752 
DAL1292-1777955152-fa-1096p,2026-05-07T12:15:37.590619+00:00,0.10734022955930282,0,0.12575311277662707,quantile@0.22,DL1292,N906AT,DL,ATL,MOB,2026-05-07T12:25:00,2026-05-07T13:20:00,DAL1507-1777955153-fa-131p,B712 
DAL2976-1777953990-fa-4571p,2026-05-07T12:15:37.590619+00:00,0.10734022955930282,0,0.12575311277662707,quantile@0.22,DL2976,N111DC,DL,ATL,AUS,2026-05-07T12:15:00,2026-05-07T14:17:00,DAL899-1777960738-schedule-782p,A321 
UAL1862-1777909389-fa-5219p,2026-05-07T12:15:37.590619+00:00,0.10734022955930282,0,0.12575311277662707,quantile@0.22,UA1862,N35236,UA,ATL,ORD,2026-05-07T12:10:00,2026-05-07T13:46:00,UAL2093-1777853112-fa-461p,B738 
DAL3089-1777954913-fa-1341p,2026-05-07T12:15:37.590619+00:00,0.10360426447574338,0,0.12575311277662707,quantile@0.22,DL3089,N938DZ,DL,ATL,GSP,2026-05-07T12:17:00,2026-05-07T12:54:00,DAL1552-1777954913-fa-1342p,B739 
DAL1726-1777953975-fa-320p,2026-05-07T12:15:37.590619+00:00,0.09929572014549957,0,0.12575311277662707,quantile@0.22,DL1726,N659DL,DL,TPA,ATL,2026-05-07T10:43:00,2026-05-07T11:46:00,DAL1425-1777868697-fa-456p,B752 
DAL2471-1777954929-fa-958p,2026-05-07T12:15:37.590619+00:00,0.09929572014549957,0,0.12575311277662707,quantile@0.22,DL2471,N947DZ,DL,ATL,MCI,2026-05-07T12:30:00,2026-05-07T14:26:00,DAL1470-1777868558-fa-1855p,B739 
DAL3114-1777954758-fa-1881p,2026-05-07T12:15:37.590619+00:00,0.09929572014549957,0,0.12575311277662707,quantile@0.22,DL3114,N864DN,DL,ECP,ATL,2026-05-07T11:10:00,2026-05-07T11:57:00,DAL3131-1777868477-fa-196p,B739 
DAL1249-1777955081-fa-280p,2026-05-07T12:15:37.590619+00:00,0.09863013698630135,0,0.12575311277662707,quantile@0.22,DL1249,N6714Q,DL,MIA,ATL,2026-05-07T10:10:00,2026-05-07T11:43:00,DAL1328-1777867534-fa-808p,B752 
DAL2420-1777954827-fa-409p,2026-05-07T12:15:37.590619+00:00,0.09863013698630135,0,0.12575311277662707,quantile@0.22,DL2420,N908DN,DL,ATL,JFK,2026-05-07T12:09:00,2026-05-07T13:52:00,DAL3055-1777954828-fa-580p,B739 
DAL1664-1777954899-fa-40p,2026-05-07T12:15:37.590619+00:00,0.09230521398270954,0,0.12575311277662707,quantile@0.22,DL1664,N960DZ,DL,CHS,ATL,2026-05-07T11:35:00,2026-05-07T12:28:00,DAL3179-1777868538-fa-949p,B739 
DAL539-1777954860-fa-1364p,2026-05-07T12:15:37.590619+00:00,0.09136883740641334,0,0.12575311277662707,quantile@0.22,DL539,N896DN,DL,ATL,PDX,2026-05-07T12:20:00,2026-05-07T17:12:00,DAL888-1777907398-fa-1523p,B739 
EDV5145-1777901981-fa-2599p,2026-05-07T12:15:37.590619+00:00,0.09136883740641334,0,0.12575311277662707,quantile@0.22,9E5145,N582CA,9E,ATL,CAE,2026-05-07T12:20:00,2026-05-07T12:54:00,EDV5403-1777893373-fa-5708p,CRJ9 
SWA251-1777961333-airline-878p,2026-05-07T12:15:37.590619+00:00,0.08820852296235003,0,0.12575311277662707,quantile@0.22,WN251,N228WN,WN,ATL,MCO,2026-05-07T12:10:00,2026-05-07T13:05:00,SWA2535-1777876911-airline-811p,B737 
DAL3173-1777955143-fa-827p,2026-05-07T12:15:37.590619+00:00,0.08518762800708161,0,0.12575311277662707,quantile@0.22,DL3173,N978AT,DL,ATL,GSO,2026-05-07T12:15:00,2026-05-07T13:09:00,DAL2006-1777868742-fa-414p,B712 
DAL1509-1777954535-fa-979p,2026-05-07T12:15:37.590619+00:00,0.0837847967562779,0,0.12575311277662707,quantile@0.22,DL1509,N371NW,DL,ATL,HOU,2026-05-07T12:30:00,2026-05-07T14:19:00,DAL3038-1777954535-fa-390p,A320 
DAL3061-1777955132-fa-1078p,2026-05-07T12:15:37.590619+00:00,0.0837847967562779,0,0.12575311277662707,quantile@0.22,DL3061,N966AT,DL,CAE,ATL,2026-05-07T10:50:00,2026-05-07T11:30:00,DAL2193-1777868723-fa-730p,B712 
EDV4937-1777922247-fa-8p,2026-05-07T12:15:37.590619+00:00,0.07881635049914468,0,0.12575311277662707,quantile@0.22,9E4937,N272PQ,9E,MLI,ATL,2026-05-07T11:06:00,2026-05-07T12:32:00,EDV4950-1777870860-airline-540p,CRJ9 
DAL1382-1777954708-fa-98p,2026-05-07T12:15:37.590619+00:00,0.07863790649293768,0,0.12575311277662707,quantile@0.22,DL1382,N3750D,DL,BTV,ATL,2026-05-07T09:40:00,2026-05-07T12:21:00,DAL1027-1777868274-fa-854p,B738 
DAL2793-1777955150-fa-163p,2026-05-07T12:15:37.590619+00:00,0.07863790649293768,0,0.12575311277662707,quantile@0.22,DL2793,N927AT,DL,ATL,GNV,2026-05-07T12:20:00,2026-05-07T13:09:00,DAL1727-1777955150-fa-161p,B712 
DAL1618-1777955153-fa-985p,2026-05-07T12:15:37.590619+00:00,0.0740344495560073,0,0.12575311277662707,quantile@0.22,DL1618,N998AT,DL,BHM,ATL,2026-05-07T11:42:00,2026-05-07T12:21:00,DAL2484-1777868734-fa-317p,B712 
DAL550-1777954297-fa-140p,2026-05-07T12:15:37.590619+00:00,0.07200967458223397,0,0.12575311277662707,quantile@0.22,DL550,N115DN,DL,LGA,ATL,2026-05-07T10:10:00,2026-05-07T12:15:00,DAL2321-1777867748-fa-625p,A321 
DAL1204-1777954918-fa-2224p,2026-05-07T12:15:37.590619+00:00,0.07042585820455347,0,0.12575311277662707,quantile@0.22,DL1204,N824DN,DL,MCI,ATL,2026-05-07T10:49:00,2026-05-07T12:17:00,DAL2911-1777868552-fa-473p,B739 
DAL3033-1777955136-fa-1312p,2026-05-07T12:15:37.590619+00:00,0.07042585820455347,0,0.12575311277662707,quantile@0.22,DL3033,N608AT,DL,ATL,LIT,2026-05-07T12:20:00,2026-05-07T13:33:00,DAL2184-1777955136-fa-1306p,B712 
DAL3103-1777955152-fa-1088p,2026-05-07T12:15:37.590619+00:00,0.07042585820455347,0,0.12575311277662707,quantile@0.22,DL3103,N929AT,DL,ATL,PNS,2026-05-07T12:26:00,2026-05-07T13:27:00,DAL1195-1777868739-fa-1622p,B712 
RPA4782-1777963926-airline-990p,2026-05-07T12:15:37.590619+00:00,0.06623101740542095,0,0.12575311277662707,quantile@0.22,YX4782,N122HQ,YX,DCA,ATL,2026-05-07T10:10:00,2026-05-07T11:36:00,RPA4781-1777870704-airline-570p,E75S 
SWA1191-1777961456-airline-1577p,2026-05-07T12:15:37.590619+00:00,0.06498021545710299,0,0.12575311277662707,quantile@0.22,WN1191,N8748Q,WN,ATL,MDW,2026-05-07T12:05:00,2026-05-07T13:42:00,SWA3739-1777963397-airline-573p,B38M 
DAL2453-1777954801-fa-1416p,2026-05-07T12:15:37.590619+00:00,0.06215884349880825,0,0.12575311277662707,quantile@0.22,DL2453,N845DN,DL,GRR,ATL,2026-05-07T10:25:00,2026-05-07T12:15:00,DAL1711-1777868404-fa-1947p,B739 
DAL441-1777955139-fa-1038p,2026-05-07T12:15:37.590619+00:00,0.06019719771665801,0,0.12575311277662707,quantile@0.22,DL441,N954AT,DL,ATL,DAL,2026-05-07T12:25:00,2026-05-07T14:20:00,DAL1347-1777868741-fa-3979p,B712 
DAL1108-1777954139-fa-733p,2026-05-07T12:15:37.590619+00:00,0.059847474436578764,0,0.12575311277662707,quantile@0.22,DL1108,N320DN,DL,SYR,ATL,2026-05-07T10:10:00,2026-05-07T12:33:00,DAL2123-1777867712-fa-462p,A321 
DAL3058-1777954820-fa-345p,2026-05-07T12:15:37.590619+00:00,0.059847474436578764,0,0.12575311277662707,quantile@0.22,DL3058,N823DN,DL,LEX,ATL,2026-05-07T11:12:00,2026-05-07T12:16:00,DAL2213-1777868472-fa-661p,B739 
DAL401-1777954080-fa-818p,2026-05-07T12:15:37.590619+00:00,0.059847474436578764,0,0.12575311277662707,quantile@0.22,DL401,N308DN,DL,DFW,ATL,2026-05-07T10:40:00,2026-05-07T12:10:00,DAL2967-1777867621-fa-1743p,A321 
EDV5067-1777956924-airline-638p,2026-05-07T12:15:37.590619+00:00,0.059847474436578764,0,0.12575311277662707,quantile@0.22,9E5067,N315PQ,9E,ATL,AVL,2026-05-07T12:35:00,2026-05-07T13:20:00,EDV5349-1777928471-fa-1632p,CRJ9 
DAL1044-1777955152-fa-1097p,2026-05-07T12:15:37.590619+00:00,0.05580033208257612,0,0.12575311277662707,quantile@0.22,DL1044,N923AT,DL,ATL,ILM,2026-05-07T12:25:00,2026-05-07T13:12:00,DAL516-1777868734-fa-2031p,B712 
DAL1200-1777954195-fa-1443p,2026-05-07T12:15:37.590619+00:00,0.05580033208257612,0,0.12575311277662707,quantile@0.22,DL1200,N394DX,DL,ROC,ATL,2026-05-07T10:10:00,2026-05-07T12:18:00,DAL2472-1777867262-fa-1045p,A321 
DAL1221-1777954334-fa-1321p,2026-05-07T12:15:37.590619+00:00,0.05580033208257612,0,0.12575311277662707,quantile@0.22,DL1221,N393DN,DL,MKE,ATL,2026-05-07T10:33:00,2026-05-07T12:07:00,DAL1206-1777867793-fa-1029p,A321 
DAL1361-1777953968-fa-1188p,2026-05-07T12:15:37.590619+00:00,0.05580033208257612,0,0.12575311277662707,quantile@0.22,DL1361,N684DA,DL,RSW,ATL,2026-05-07T10:55:00,2026-05-07T12:09:00,DAL1124-1777867244-fa-1417p,B752 
DAL2450-1777955083-fa-164p,2026-05-07T12:15:37.590619+00:00,0.05580033208257612,0,0.12575311277662707,quantile@0.22,DL2450,N699DL,DL,JAX,ATL,2026-05-07T11:15:00,2026-05-07T12:01:00,DAL2265-1777867536-fa-958p,B752 
DAL1610-1777954674-fa-1547p,2026-05-07T12:15:37.590619+00:00,0.053686380212462345,0,0.12575311277662707,quantile@0.22,DL1610,N372DA,DL,SDF,ATL,2026-05-07T11:18:00,2026-05-07T12:20:00,DAL3093-1777868203-fa-813p,B738 
DAL2754-1777955137-fa-767p,2026-05-07T12:15:37.590619+00:00,0.053686380212462345,0,0.12575311277662707,quantile@0.22,DL2754,N717JL,DL,ATL,TUL,2026-05-07T12:25:00,2026-05-07T14:13:00,DAL2772-1777868730-fa-1164p,B712 
DAL1264-1777954182-fa-2012p,2026-05-07T12:15:37.590619+00:00,0.05199379649344164,0,0.12575311277662707,quantile@0.22,DL1264,N334DN,DL,ORD,ATL,2026-05-07T10:40:00,2026-05-07T12:05:00,DAL2894-1777867718-fa-211p,A321 
DAL3158-1777955140-fa-1703p,2026-05-07T12:15:37.590619+00:00,0.05199379649344164,0,0.12575311277662707,quantile@0.22,DL3158,N933AT,DL,CLT,ATL,2026-05-07T11:09:00,2026-05-07T12:07:00,DAL3177-1777868730-fa-1175p,B712 
DAL1383-1777954888-fa-741p,2026-05-07T12:15:37.590619+00:00,0.048398392863725166,0,0.12575311277662707,quantile@0.22,DL1383,N923DZ,DL,PIT,ATL,2026-05-07T10:56:00,2026-05-07T12:31:00,DAL2583-1777868369-fa-48p,B739 
DAL1073-1777954105-fa-1065p,2026-05-07T12:15:37.590619+00:00,0.048215848823438545,0,0.12575311277662707,quantile@0.22,DL1073,N346DN,DL,SAT,ATL,2026-05-07T10:35:00,2026-05-07T12:29:00,DAL2893-1777867600-fa-679p,A321 
DAL1184-1777954477-fa-77p,2026-05-07T12:15:37.590619+00:00,0.048215848823438545,0,0.12575311277662707,quantile@0.22,DL1184,N370NW,DL,OKC,ATL,2026-05-07T10:50:00,2026-05-07T12:19:00,DAL2423-1777868006-fa-662p,A320 
DAL2727-1777955137-fa-760p,2026-05-07T12:15:37.590619+00:00,0.04694553114655432,0,0.12575311277662707,quantile@0.22,DL2727,N950AT,DL,DSM,ATL,2026-05-07T10:37:00,2026-05-07T12:06:00,DAL2306-1777868730-fa-239p,B712 
EDV5169-1777939330-fa-4076p,2026-05-07T12:15:37.590619+00:00,0.04460940752046621,0,0.12575311277662707,quantile@0.22,9E5169,N292PQ,9E,ATL,HSV,2026-05-07T12:15:00,2026-05-07T12:50:00,EDV5255-1777907747-fa-2788p,CRJ9 
DAL2563-1777955144-fa-916p,2026-05-07T12:15:37.590619+00:00,0.041698101006617375,0,0.12575311277662707,quantile@0.22,DL2563,N925AT,DL,ATL,TLH,2026-05-07T12:30:00,2026-05-07T13:43:00,DAL2599-1777868742-fa-418p,B712 
DAL1136-1777954347-fa-1234p,2026-05-07T12:15:37.590619+00:00,0.04105166948641657,0,0.12575311277662707,quantile@0.22,DL1136,N315NB,DL,OMA,ATL,2026-05-07T10:40:00,2026-05-07T12:16:00,DAL2495-1777867846-fa-997p,A319 
EDV5317-1777910364-fa-2492p,2026-05-07T12:15:37.590619+00:00,0.04105166948641657,0,0.12575311277662707,quantile@0.22,9E5317,N903XJ,9E,TYS,ATL,2026-05-07T11:37:00,2026-05-07T12:13:00,EDV5527-1777874184-airline-4681p,CRJ9 
DAL1344-1777954087-fa-411p,2026-05-07T12:15:37.590619+00:00,0.036190378342280324,0,0.12575311277662707,quantile@0.22,DL1344,N306DN,DL,AUS,ATL,2026-05-07T10:35:00,2026-05-07T12:15:00,DAL1170-1777867596-fa-1278p,A321 
DAL2216-1777955138-fa-979p,2026-05-07T12:15:37.590619+00:00,0.036190378342280324,0,0.12575311277662707,quantile@0.22,DL2216,N896AT,DL,ICT,ATL,2026-05-07T10:54:00,2026-05-07T12:30:00,DAL2959-1777868731-fa-438p,B712 
EDV5339-1777907748-fa-1971p,2026-05-07T12:15:37.590619+00:00,0.03229695663293266,0,0.12575311277662707,quantile@0.22,9E5339,N607LR,9E,ATL,XNA,2026-05-07T12:30:00,2026-05-07T14:12:00,EDV5440-1777893440-fa-1912p,CRJ9 
DAL2232-1777955138-fa-975p,2026-05-07T12:15:37.590619+00:00,0.03158483796105801,0,0.12575311277662707,quantile@0.22,DL2232,N938AT,DL,ATL,LEX,2026-05-07T12:15:00,2026-05-07T13:02:00,DAL3186-1777955137-fa-777p,B712 
DAL2999-1777954837-fa-1467p,2026-05-07T12:15:37.590619+00:00,0.03158483796105801,0,0.12575311277662707,quantile@0.22,DL2999,N933DZ,DL,ATL,MKE,2026-05-07T12:20:00,2026-05-07T13:55:00,DAL365-1777875506-airline-1093p,B739 
EDV5513-1777914151-fa-1271p,2026-05-07T12:15:37.590619+00:00,0.021946440235140433,0,0.12575311277662707,quantile@0.22,9E5513,N305PQ,9E,ATL,TRI,2026-05-07T12:25:00,2026-05-07T13:06:00,EDV5225-1777961581-airline-1223p,CRJ9 
DAL823-1777953936-fa-996p,2026-05-07T13:45:50.184827+00:00,0.4019941784851675,1,0.17367036218754084,quantile@0.22,DL823,N177DN,DL,ATL,SFO,2026-05-07T13:50:00,2026-05-07T18:42:00,DAL715-1777867517-fa-552p,B763 
NKS921-1777988328-schedule-352p,2026-05-07T13:45:50.184827+00:00,0.3689666003559837,1,0.17367036218754084,quantile@0.22,NK921,,NK,ATL,EWR,2026-05-07T13:35:00,2026-05-07T15:22:00,,A320 
DAL924-1777955071-fa-291p,2026-05-07T13:45:50.184827+00:00,0.3331573854139174,1,0.17367036218754084,quantile@0.22,DL924,N592NW,DL,ATL,SAN,2026-05-07T13:50:00,2026-05-07T18:19:00,DAL857-1777955070-fa-1064p,B753 
DAL787-1777954774-fa-2403p,2026-05-07T13:45:50.184827+00:00,0.30656846895395484,1,0.17367036218754084,quantile@0.22,DL787,N820DN,DL,ATL,GEG,2026-05-07T13:50:00,2026-05-07T18:37:00,DAL2933-1777954774-fa-2400p,B739 
FFT1596-1777958344-airline-229p,2026-05-07T13:45:50.184827+00:00,0.2799867461895295,1,0.17367036218754084,quantile@0.22,F91596,N667FR,F9,ORD,ATL,2026-05-07T12:00:00,2026-05-07T13:22:00,FFT1349-1777870984-airline-459p,A21N 
FFT1563-1777963115-airline-1398p,2026-05-07T13:45:50.184827+00:00,0.27766209868771496,1,0.17367036218754084,quantile@0.22,F91563,N609FR,F9,MCO,ATL,2026-05-07T12:06:00,2026-05-07T13:15:00,FFT1242-1777961985-airline-745p,A21N 
DAL837-1777954558-fa-662p,2026-05-07T13:45:50.184827+00:00,0.23554950751684814,1,0.17367036218754084,quantile@0.22,DL837,N822NW,DL,ATL,HNL,2026-05-07T14:00:00,2026-05-07T23:12:00,DAL309-1777868055-fa-501p,A333 
DAL1375-1777954235-fa-349p,2026-05-07T13:45:50.184827+00:00,0.23414191205084967,1,0.17367036218754084,quantile@0.22,DL1375,N356DN,DL,ATL,SYR,2026-05-07T13:50:00,2026-05-07T16:09:00,DAL1069-1777954228-fa-512p,A321 
DAL1121-1777954461-fa-1851p,2026-05-07T13:45:50.184827+00:00,0.21792673421667966,1,0.17367036218754084,quantile@0.22,DL1121,N370NW,DL,ATL,SAT,2026-05-07T13:50:00,2026-05-07T16:02:00,DAL1184-1777954477-fa-77p,A320 
DAL665-1777954192-fa-904p,2026-05-07T13:45:50.184827+00:00,0.2065852594853903,1,0.17367036218754084,quantile@0.22,DL665,N350DN,DL,ATL,ONT,2026-05-07T13:32:00,2026-05-07T19:06:00,DAL1376-1777954216-fa-1017p,A321 
JIA5015-1777958659-airline-1264p,2026-05-07T13:45:50.184827+00:00,0.2034157472535228,1,0.17367036218754084,quantile@0.22,OH5015,N645NN,OH,PHL,ATL,2026-05-07T11:15:00,2026-05-07T13:03:00,JIA5657-1777872033-airline-1004p,CRJ9 
SWA956-1777958094-airline-639p,2026-05-07T13:45:50.184827+00:00,0.2034157472535228,1,0.17367036218754084,quantile@0.22,WN956,N8979L,WN,ATL,PHX,2026-05-07T13:50:00,2026-05-07T17:43:00,SWA1468-1777961456-airline-1880p,B38M 
DAL1137-1777954144-fa-884p,2026-05-07T13:45:50.184827+00:00,0.19383019383019384,1,0.17367036218754084,quantile@0.22,DL1137,N320DN,DL,ATL,ALB,2026-05-07T13:43:00,2026-05-07T15:24:00,DAL1108-1777954139-fa-733p,A321 
DAL1527-1777954080-fa-1296p,2026-05-07T13:45:50.184827+00:00,0.18450508449776867,1,0.17367036218754084,quantile@0.22,DL1527,N340DN,DL,ATL,PBI,2026-05-07T14:03:00,2026-05-07T15:27:00,DAL1494-1777953997-fa-462p,A321 
FFT3072-1777960821-airline-960p,2026-05-07T13:45:50.184827+00:00,0.1838216060685326,1,0.17367036218754084,quantile@0.22,F93072,N656FR,F9,ATL,ORF,2026-05-07T13:34:00,2026-05-07T14:41:00,FFT2173-1777963115-airline-1496p,A21N 
FFT4707-1777960821-airline-1205p,2026-05-07T13:45:50.184827+00:00,0.1838216060685326,1,0.17367036218754084,quantile@0.22,F94707,N673FR,F9,IAD,ATL,2026-05-07T11:50:00,2026-05-07T13:15:00,FFT3692-1777877850-airline-1233p,A21N 
DAL557-1777954293-fa-3431p,2026-05-07T13:45:50.184827+00:00,0.1826449728827701,1,0.17367036218754084,quantile@0.22,DL557,N115DN,DL,ATL,LGA,2026-05-07T13:40:00,2026-05-07T15:16:00,DAL550-1777954297-fa-140p,A321 
DAL1338-1777955087-fa-76p,2026-05-07T13:45:50.184827+00:00,0.17018023580606276,0,0.17367036218754084,quantile@0.22,DL1338,N696DL,DL,ORF,ATL,2026-05-07T12:10:00,2026-05-07T13:39:00,DAL2338-1777867247-fa-1264p,B752 
DAL2886-1777954205-fa-1932p,2026-05-07T13:45:50.184827+00:00,0.1661470298654414,0,0.17367036218754084,quantile@0.22,DL2886,N317DN,DL,ATL,AUS,2026-05-07T14:00:00,2026-05-07T16:33:00,DAL1524-1777954205-fa-1936p,A321 
DAL3160-1777954710-fa-4788p,2026-05-07T13:45:50.184827+00:00,0.1661470298654414,0,0.17367036218754084,quantile@0.22,DL3160,N3743H,DL,ATL,CVG,2026-05-07T13:35:00,2026-05-07T14:31:00,DAL2407-1777954672-fa-1613p,B738 
FFT4771-1777960821-airline-1216p,2026-05-07T13:45:50.184827+00:00,0.16010032890844986,0,0.17367036218754084,quantile@0.22,F94771,N405FR,F9,ATL,CVG,2026-05-07T13:42:00,2026-05-07T14:40:00,FFT4601-1777960821-airline-1187p,A20N 
DAL2973-1777955137-fa-508p,2026-05-07T13:45:50.184827+00:00,0.15736243263024813,0,0.17367036218754084,quantile@0.22,DL2973,N990AT,DL,ATL,HPN,2026-05-07T13:50:00,2026-05-07T15:36:00,DAL1183-1777955136-fa-1329p,B712 
UAL632-1777926043-fa-2917p,2026-05-07T13:45:50.184827+00:00,0.15265899931190405,0,0.17367036218754084,quantile@0.22,UA632,N27722,UA,ATL,IAD,2026-05-07T14:02:00,2026-05-07T15:26:00,UAL745-1777926041-fa-2198p,B737 
DAL2147-1777954419-fa-593p,2026-05-07T13:45:50.184827+00:00,0.15022288261515604,0,0.17367036218754084,quantile@0.22,DL2147,N346NB,DL,ATL,PVD,2026-05-07T13:59:00,2026-05-07T15:46:00,DAL1023-1777954418-fa-844p,A319 
DAL774-1777953968-fa-1187p,2026-05-07T13:45:50.184827+00:00,0.14789807421324566,0,0.17367036218754084,quantile@0.22,DL774,N67171,DL,ATL,SEA,2026-05-07T14:01:00,2026-05-07T19:35:00,DAL1364-1777953963-fa-1538p,B752 
DAL9960-1777868738-fa-1062p,2026-05-07T13:45:50.184827+00:00,0.14789807421324566,0,0.17367036218754084,quantile@0.22,DL9960,N970AT,DL,MSP,ATL,2026-05-07T01:10:00,2026-05-07T03:10:00,DAL1603-1777868739-fa-211p,B712 
DAL3164-1777954672-fa-243p,2026-05-07T13:45:50.184827+00:00,0.1442965731457866,0,0.17367036218754084,quantile@0.22,DL3164,N3732J,DL,ATL,BHM,2026-05-07T14:05:00,2026-05-07T14:36:00,DAL1565-1777954709-fa-796p,B738 
SKW3904-1777916802-fa-1453p,2026-05-07T13:45:50.184827+00:00,0.1442965731457866,0,0.17367036218754084,quantile@0.22,OO3904,N304SY,OO,ATL,OAJ,2026-05-07T13:50:00,2026-05-07T14:43:00,SKW3758-1777916554-fa-967p,E75L 
DAL1315-1777954195-fa-1444p,2026-05-07T13:45:50.184827+00:00,0.12861210197336137,0,0.17367036218754084,quantile@0.22,DL1315,N348DN,DL,IAH,ATL,2026-05-07T12:10:00,2026-05-07T13:40:00,DAL1131-1777867669-fa-927p,A321 
DAL1444-1777954436-fa-1233p,2026-05-07T13:45:50.184827+00:00,0.12557062410449507,0,0.17367036218754084,quantile@0.22,DL1444,N342NB,DL,ATL,IAD,2026-05-07T14:03:00,2026-05-07T15:16:00,DAL1237-1777954414-fa-1141p,A319 
DAL1530-1777954914-fa-1348p,2026-05-07T13:45:50.184827+00:00,0.12064574912973387,0,0.17367036218754084,quantile@0.22,DL1530,N939DZ,DL,RDU,ATL,2026-05-07T12:40:00,2026-05-07T13:46:00,DAL1518-1777868549-fa-3357p,B739 
DAL3047-1777955147-fa-9p,2026-05-07T13:45:50.184827+00:00,0.12064574912973387,0,0.17367036218754084,quantile@0.22,DL3047,N981AT,DL,ATL,MYR,2026-05-07T13:37:00,2026-05-07T14:21:00,DAL1624-1777955142-fa-2176p,B712 
DAL3064-1777955153-fa-977p,2026-05-07T13:45:50.184827+00:00,0.12064574912973387,0,0.17367036218754084,quantile@0.22,DL3064,N967AT,DL,ATL,TLH,2026-05-07T14:05:00,2026-05-07T15:19:00,DAL3155-1777955153-fa-974p,B712 
DAL695-1777955089-fa-1418p,2026-05-07T13:45:50.184827+00:00,0.11756885090218423,0,0.17367036218754084,quantile@0.22,DL695,N707TW,DL,BOS,ATL,2026-05-07T11:01:00,2026-05-07T13:40:00,DAL507-1777868699-fa-230p,B752 
DAL1326-1777954112-fa-620p,2026-05-07T13:45:50.184827+00:00,0.11685538815852606,0,0.17367036218754084,quantile@0.22,DL1326,N364DX,DL,FLL,ATL,2026-05-07T11:50:00,2026-05-07T13:22:00,DAL1229-1777867692-fa-268p,A321 
DAL2511-1777954497-fa-278p,2026-05-07T13:45:50.184827+00:00,0.11685538815852606,0,0.17367036218754084,quantile@0.22,DL2511,N363NW,DL,ATL,ROC,2026-05-07T14:02:00,2026-05-07T15:34:00,DAL2662-1777954463-fa-1206p,A320 
DAL3190-1777955134-fa-805p,2026-05-07T13:45:50.184827+00:00,0.11303068000630771,0,0.17367036218754084,quantile@0.22,DL3190,N919AT,DL,ATL,CLT,2026-05-07T13:59:00,2026-05-07T14:44:00,DAL2637-1777955152-fa-1093p,B712 
DAL2978-1777954899-fa-39p,2026-05-07T13:45:50.184827+00:00,0.11126441312703263,0,0.17367036218754084,quantile@0.22,DL2978,N959DZ,DL,ATL,CLE,2026-05-07T14:00:00,2026-05-07T15:13:00,DAL2909-1777954944-fa-119p,B739 
DAL1072-1777954406-fa-3290p,2026-05-07T13:45:50.184827+00:00,0.10368766462788517,0,0.17367036218754084,quantile@0.22,DL1072,N301NB,DL,EYW,ATL,2026-05-07T11:40:00,2026-05-07T13:21:00,DAL2815-1777867849-fa-1088p,A319 
DAL1463-1777953974-fa-2704p,2026-05-07T13:45:50.184827+00:00,0.09929572014549957,0,0.17367036218754084,quantile@0.22,DL1463,N6715C,DL,MCO,ATL,2026-05-07T12:10:00,2026-05-07T13:12:00,DAL2881-1777867241-fa-1211p,B752 
DAL3147-1777955153-fa-986p,2026-05-07T13:45:50.184827+00:00,0.09637679462257297,0,0.17367036218754084,quantile@0.22,DL3147,N998AT,DL,ATL,GSP,2026-05-07T13:45:00,2026-05-07T14:12:00,DAL1618-1777955153-fa-985p,B712 
DAL1286-1777955143-fa-1166p,2026-05-07T13:45:50.184827+00:00,0.09498473615351069,0,0.17367036218754084,quantile@0.22,DL1286,N979AT,DL,ATL,JAN,2026-05-07T13:50:00,2026-05-07T14:50:00,DAL1160-1777955133-fa-677p,B712 
DAL1708-1777955137-fa-759p,2026-05-07T13:45:50.184827+00:00,0.09498473615351069,0,0.17367036218754084,quantile@0.22,DL1708,N950AT,DL,ATL,HSV,2026-05-07T13:35:00,2026-05-07T14:12:00,DAL2727-1777955137-fa-760p,B712 
DAL2522-1777954895-fa-858p,2026-05-07T13:45:50.184827+00:00,0.09230521398270954,0,0.17367036218754084,quantile@0.22,DL2522,N931DQ,DL,MSY,ATL,2026-05-07T12:45:00,2026-05-07T13:52:00,DAL2072-1777868535-fa-932p,B739 
DAL349-1777954480-fa-130p,2026-05-07T13:45:50.184827+00:00,0.09136883740641334,0,0.17367036218754084,quantile@0.22,DL349,N343NW,DL,CLE,ATL,2026-05-07T12:15:00,2026-05-07T13:49:00,DAL1339-1777868009-fa-917p,A320 
DAL2294-1777954167-fa-1269p,2026-05-07T13:45:50.184827+00:00,0.08820852296235003,0,0.17367036218754084,quantile@0.22,DL2294,N328DN,DL,DTW,ATL,2026-05-07T11:39:00,2026-05-07T13:22:00,DAL2994-1777867709-fa-1102p,A321 
DAL1415-1777954825-fa-1094p,2026-05-07T13:45:50.184827+00:00,0.08518762800708161,0,0.17367036218754084,quantile@0.22,DL1415,N803DN,DL,RIC,ATL,2026-05-07T12:20:00,2026-05-07T13:54:00,DAL1175-1777868506-fa-26p,B739 
SKW3690-1777948154-fa-1390p,2026-05-07T13:45:50.184827+00:00,0.08518762800708161,0,0.17367036218754084,quantile@0.22,OO3690,N299SY,OO,FAR,ATL,2026-05-07T11:15:00,2026-05-07T13:56:00,SKW3689-1777875506-airline-1124p,E75L 
EDV5526-1777935420-fa-697p,2026-05-07T13:45:50.184827+00:00,0.08124452234881684,0,0.17367036218754084,quantile@0.22,9E5526,N181GJ,9E,ATL,LFT,2026-05-07T13:55:00,2026-05-07T15:26:00,EDV5162-1777904866-fa-979p,CRJ9 
DAL893-1777954076-fa-967p,2026-05-07T13:45:50.184827+00:00,0.0799474030243261,0,0.17367036218754084,quantile@0.22,DL893,N301DV,DL,DFW,ATL,2026-05-07T12:20:00,2026-05-07T13:50:00,DAL31-1777867596-fa-1280p,A321 
DAL1673-1777954183-fa-1038p,2026-05-07T13:45:50.184827+00:00,0.07881635049914468,0,0.17367036218754084,quantile@0.22,DL1673,N123DW,DL,EWR,ATL,2026-05-07T11:10:00,2026-05-07T13:15:00,DAL2527-1777867588-fa-3622p,A321 
DAL343-1777954288-fa-510p,2026-05-07T13:45:50.184827+00:00,0.07863790649293768,0,0.17367036218754084,quantile@0.22,DL343,N386DN,DL,DCA,ATL,2026-05-07T12:09:00,2026-05-07T13:42:00,DAL727-1777867771-fa-896p,A321 
AAL1816-1777966432-airline-1479p,2026-05-07T13:45:50.184827+00:00,0.07507507507507508,0,0.17367036218754084,quantile@0.22,AA1816,N966AN,AA,DFW,ATL,2026-05-07T12:10:00,2026-05-07T13:45:00,AAL1750-1777875601-airline-1680p,B738 
EDV5553-1777909029-fa-2508p,2026-05-07T13:45:50.184827+00:00,0.07042585820455347,0,0.17367036218754084,quantile@0.22,9E5553,N668CA,9E,ATL,DTW,2026-05-07T13:40:00,2026-05-07T15:21:00,EDV4961-1777909002-fa-1936p,CRJ7 
DAL1212-1777954925-fa-1364p,2026-05-07T13:45:50.184827+00:00,0.06818409037891161,0,0.17367036218754084,quantile@0.22,DL1212,N943DZ,DL,MCI,ATL,2026-05-07T12:15:00,2026-05-07T13:39:00,DAL3023-1777868557-fa-456p,B739 
DAL2161-1777954837-fa-1457p,2026-05-07T13:45:50.184827+00:00,0.06818409037891161,0,0.17367036218754084,quantile@0.22,DL2161,N876DN,DL,GRR,ATL,2026-05-07T12:10:00,2026-05-07T13:55:00,DAL2865-1777868460-fa-1365p,B739 
DAL342-1777954303-fa-1005p,2026-05-07T13:45:50.184827+00:00,0.06818409037891161,0,0.17367036218754084,quantile@0.22,DL342,N372DN,DL,LGA,ATL,2026-05-07T11:09:00,2026-05-07T13:16:00,DAL1305-1777867552-fa-477p,A321 
DAL2116-1777955150-fa-1523p,2026-05-07T13:45:50.184827+00:00,0.06623101740542095,0,0.17367036218754084,quantile@0.22,DL2116,N957AT,DL,TLH,ATL,2026-05-07T12:15:00,2026-05-07T13:15:00,DAL1569-1777868732-fa-1594p,B712 
JBU519-1777961863-airline-500p,2026-05-07T13:45:50.184827+00:00,0.06623101740542095,0,0.17367036218754084,quantile@0.22,B6519,N3298J,B6,JFK,ATL,2026-05-07T11:45:00,2026-05-07T13:47:00,JBU359-1777872124-airline-394p,BCS3 
DAL1066-1777954328-fa-1787p,2026-05-07T13:45:50.184827+00:00,0.059847474436578764,0,0.17367036218754084,quantile@0.22,DL1066,N114DN,DL,SAT,ATL,2026-05-07T12:00:00,2026-05-07T13:49:00,DAL1465-1777867784-fa-1526p,A321 
EDV5497-1777959953-airline-471p,2026-05-07T13:45:50.184827+00:00,0.05815146427905241,0,0.17367036218754084,quantile@0.22,9E5497,N929XJ,9E,XNA,ATL,2026-05-07T12:20:00,2026-05-07T13:31:00,EDV5159-1777877318-airline-1126p,CRJ9 
DAL1157-1777955130-fa-863p,2026-05-07T13:45:50.184827+00:00,0.05580033208257612,0,0.17367036218754084,quantile@0.22,DL1157,N945AT,DL,OMA,ATL,2026-05-07T12:15:00,2026-05-07T13:56:00,DAL2707-1777868723-fa-684p,B712 
DAL1236-1777954512-fa-1686p,2026-05-07T13:45:50.184827+00:00,0.05580033208257612,0,0.17367036218754084,quantile@0.22,DL1236,N349NW,DL,MKE,ATL,2026-05-07T12:19:00,2026-05-07T13:54:00,DAL1268-1777867979-fa-1267p,A320 
DAL1301-1777954217-fa-789p,2026-05-07T13:45:50.184827+00:00,0.05580033208257612,0,0.17367036218754084,quantile@0.22,DL1301,N351DN,DL,PBI,ATL,2026-05-07T12:10:00,2026-05-07T13:31:00,DAL1606-1777867684-fa-501p,A321 
DAL1395-1777954177-fa-1306p,2026-05-07T13:45:50.184827+00:00,0.05580033208257612,0,0.17367036218754084,quantile@0.22,DL1395,N331DN,DL,RSW,ATL,2026-05-07T12:10:00,2026-05-07T13:28:00,DAL1736-1777867635-fa-351p,A321 
EDV5418-1777904867-fa-2894p,2026-05-07T13:45:50.184827+00:00,0.05301956336830167,0,0.17367036218754084,quantile@0.22,9E5418,N928XJ,9E,ATL,CHO,2026-05-07T13:59:00,2026-05-07T15:02:00,EDV4708-1777911801-fa-1743p,CRJ9 
DAL1158-1777955137-fa-772p,2026-05-07T13:45:50.184827+00:00,0.05199379649344164,0,0.17367036218754084,quantile@0.22,DL1158,N922AT,DL,OKC,ATL,2026-05-07T12:19:00,2026-05-07T13:49:00,DAL2784-1777868742-fa-221p,B712 
DAL1619-1777954831-fa-853p,2026-05-07T13:45:50.184827+00:00,0.05199379649344164,0,0.17367036218754084,quantile@0.22,DL1619,N870DN,DL,GSP,ATL,2026-05-07T12:55:00,2026-05-07T13:31:00,DAL3136-1777868358-fa-785p,B739 
DAL1625-1777955147-fa-18p,2026-05-07T13:45:50.184827+00:00,0.05199379649344164,0,0.17367036218754084,quantile@0.22,DL1625,N959AT,DL,MEM,ATL,2026-05-07T12:40:00,2026-05-07T13:31:00,DAL1443-1777868735-fa-569p,B712 
DAL3183-1777955149-fa-181p,2026-05-07T13:45:50.184827+00:00,0.050680169935201476,0,0.17367036218754084,quantile@0.22,DL3183,N939AT,DL,JAN,ATL,2026-05-07T12:40:00,2026-05-07T13:37:00,DAL3180-1777868740-fa-211p,B712 
DAL2554-1777954770-fa-2682p,2026-05-07T13:45:50.184827+00:00,0.05065173831312359,0,0.17367036218754084,quantile@0.22,DL2554,N872DN,DL,BDL,ATL,2026-05-07T11:10:00,2026-05-07T13:28:00,DAL2871-1777868415-fa-1p,B739 
EDV5584-1777921948-fa-1556p,2026-05-07T13:45:50.184827+00:00,0.05065173831312359,0,0.17367036218754084,quantile@0.22,9E5584,N136EV,9E,MSP,ATL,2026-05-07T11:25:00,2026-05-07T13:24:00,EDV5110-1777879533-airline-1656p,CRJ9 
DAL1536-1777954780-fa-1233p,2026-05-07T13:45:50.184827+00:00,0.04950132674535639,0,0.17367036218754084,quantile@0.22,DL1536,N940DU,DL,STL,ATL,2026-05-07T12:15:00,2026-05-07T13:23:00,DAL1403-1777868503-fa-191p,B739 
DAL2802-1777955133-fa-670p,2026-05-07T13:45:50.184827+00:00,0.048215848823438545,0,0.17367036218754084,quantile@0.22,DL2802,N920AT,DL,BNA,ATL,2026-05-07T12:40:00,2026-05-07T13:22:00,DAL790-1777868726-fa-1604p,B712 
JBU1698-1777965984-airline-979p,2026-05-07T13:45:50.184827+00:00,0.03386761287165057,0,0.17367036218754084,quantile@0.22,B61698,N556JB,B6,FLL,ATL,2026-05-07T11:49:00,2026-05-07T13:19:00,JBU705-1777880345-airline-2854p,A320 
SWA4528-1777958094-airline-124p,2026-05-07T13:45:50.184827+00:00,0.033461673083654185,0,0.17367036218754084,quantile@0.22,WN4528,N8659D,WN,TPA,ATL,2026-05-07T12:40:00,2026-05-07T13:53:00,SWA2513-1777961333-airline-881p,B738 
DAL1376-1777954216-fa-1017p,2026-05-07T13:45:50.184827+00:00,0.03159507244526712,0,0.17367036218754084,quantile@0.22,DL1376,N350DN,DL,PBI,ATL,2026-05-07T10:10:00,2026-05-07T11:30:00,DAL1065-1777867682-fa-1344p,A321 
FFT4891-1777958344-airline-509p,2026-05-07T15:31:52.632579+00:00,0.4895821601531704,1,0.11754818903020342,quantile@0.22,F94891,N667FR,F9,ATL,LAS,2026-05-07T15:25:00,2026-05-07T19:36:00,FFT1596-1777958344-airline-229p,A21N 
DAL1292-1777955153-fa-127p,2026-05-07T15:31:52.632579+00:00,0.38640858999717437,1,0.11754818903020342,quantile@0.22,DL1292,N906AT,DL,MOB,ATL,2026-05-07T14:25:00,2026-05-07T15:30:00,DAL1292-1777955152-fa-1096p,B712 
EDV5422-1777935395-fa-320p,2026-05-07T15:31:52.632579+00:00,0.24437213034369018,1,0.11754818903020342,quantile@0.22,9E5422,N138EV,9E,AGS,ATL,2026-05-07T14:09:00,2026-05-07T14:47:00,EDV5422-1777935396-fa-845p,CRJ9 
FFT4874-1777960821-airline-1223p,2026-05-07T15:31:52.632579+00:00,0.21334079932806047,1,0.11754818903020342,quantile@0.22,F94874,N622FR,F9,ATL,FLL,2026-05-07T15:36:00,2026-05-07T17:10:00,FFT3287-1777960821-airline-1001p,A21N 
DAL2232-1777955138-fa-977p,2026-05-07T15:31:52.632579+00:00,0.2065852594853903,1,0.11754818903020342,quantile@0.22,DL2232,N938AT,DL,LEX,ATL,2026-05-07T14:16:00,2026-05-07T15:32:00,DAL2232-1777955138-fa-975p,B712 
DAL1889-1777955083-fa-162p,2026-05-07T15:31:52.632579+00:00,0.2034157472535228,1,0.11754818903020342,quantile@0.22,DL1889,N900PC,DL,ATL,STT,2026-05-07T15:50:00,2026-05-07T19:09:00,DAL744-1777955083-fa-160p,B752 
FFT4406-1777958344-airline-481p,2026-05-07T15:31:52.632579+00:00,0.19383019383019384,1,0.11754818903020342,quantile@0.22,F94406,N332FR,F9,ATL,MIA,2026-05-07T15:30:00,2026-05-07T17:11:00,FFT2483-1777963115-airline-1566p,A20N 
DAL2365-1777954263-fa-310p,2026-05-07T15:31:52.632579+00:00,0.1838216060685326,1,0.11754818903020342,quantile@0.22,DL2365,N325DN,DL,EWR,ATL,2026-05-07T12:40:00,2026-05-07T14:43:00,DAL2498-1777867701-fa-1505p,A321 
DAL1030-1777955059-fa-1493p,2026-05-07T15:31:52.632579+00:00,0.1761140235910878,1,0.11754818903020342,quantile@0.22,DL1030,N6701,DL,ATL,MCO,2026-05-07T15:25:00,2026-05-07T16:41:00,DAL1261-1777955053-fa-1412p,B752 
UAL255-1777962521-airline-662p,2026-05-07T15:31:52.632579+00:00,0.1758076291294032,1,0.11754818903020342,quantile@0.22,UA255,N17296,UA,ATL,EWR,2026-05-07T15:42:00,2026-05-07T17:14:00,UAL2739-1777939519-fa-2091p,B38M 
EDV5145-1777928479-fa-1883p,2026-05-07T15:31:52.632579+00:00,0.17018023580606276,1,0.11754818903020342,quantile@0.22,9E5145,N582CA,9E,CAE,ATL,2026-05-07T14:10:00,2026-05-07T14:55:00,EDV5145-1777901981-fa-2599p,CRJ9 
FFT1241-1777963115-airline-1317p,2026-05-07T15:31:52.632579+00:00,0.1661470298654414,1,0.11754818903020342,quantile@0.22,F91241,N716FR,F9,MCO,ATL,2026-05-07T14:06:00,2026-05-07T15:06:00,FFT3916-1777702820-airline-1218p,A321 
SKW4117-1777945192-fa-664p,2026-05-07T15:31:52.632579+00:00,0.16010032890844986,1,0.11754818903020342,quantile@0.22,OO4117,N244SY,OO,SHV,ATL,2026-05-07T13:10:00,2026-05-07T14:19:00,SKW3815-1777873937-airline-731p,E75L 
DAL1099-1777954174-fa-97p,2026-05-07T15:31:52.632579+00:00,0.13730125787298544,1,0.11754818903020342,quantile@0.22,DL1099,N330DX,DL,ATL,TPA,2026-05-07T15:20:00,2026-05-07T16:42:00,DAL2562-1777954174-fa-983p,A321 
DAL414-1777954124-fa-979p,2026-05-07T15:31:52.632579+00:00,0.13730125787298544,1,0.11754818903020342,quantile@0.22,DL414,N315DN,DL,ATL,DFW,2026-05-07T15:38:00,2026-05-07T17:35:00,DAL1180-1777954122-fa-547p,A321 
DAL9987-1778142046-fa-1166p,2026-05-07T15:31:52.632579+00:00,0.13730125787298544,1,0.11754818903020342,quantile@0.22,DL9987,N813NW,DL,ATL,ATL,2026-05-07T14:40:00,2026-05-07T15:40:00,,A333 
DAL706-1777954289-fa-1753p,2026-05-07T15:31:52.632579+00:00,0.12064574912973387,1,0.11754818903020342,quantile@0.22,DL706,N114DN,DL,ATL,DEN,2026-05-07T15:35:00,2026-05-07T18:35:00,DAL1066-1777954328-fa-1787p,A321 
DAL862-1777954136-fa-170p,2026-05-07T15:31:52.632579+00:00,0.12064574912973387,1,0.11754818903020342,quantile@0.22,DL862,N333DX,DL,ATL,BOS,2026-05-07T15:20:00,2026-05-07T17:20:00,DAL2643-1777954132-fa-1024p,A321 
DAL3103-1777955152-fa-1090p,2026-05-07T15:31:52.632579+00:00,0.11756885090218423,1,0.11754818903020342,quantile@0.22,DL3103,N929AT,DL,PNS,ATL,2026-05-07T14:30:00,2026-05-07T15:32:00,DAL3103-1777955152-fa-1088p,B712 
DAL9761-1778108119-fa-1257p,2026-05-07T15:31:52.632579+00:00,0.11705230410266382,0,0.11754818903020342,quantile@0.22,DL9761,N592DT,DL,JFK,ATL,2026-05-07T10:40:00,2026-05-07T12:51:00,DAL415-1777868660-fa-845p,A21N 
FFT3873-1777960821-airline-1082p,2026-05-07T15:31:52.632579+00:00,0.11685538815852606,0,0.11754818903020342,quantile@0.22,F93873,N673FR,F9,ATL,OKC,2026-05-07T15:49:00,2026-05-07T17:56:00,FFT4707-1777960821-airline-1205p,A21N 
SKW3507-1777945193-fa-1682p,2026-05-07T15:31:52.632579+00:00,0.11685538815852606,0,0.11754818903020342,quantile@0.22,OO3507,N264SY,OO,ATL,SHV,2026-05-07T15:41:00,2026-05-07T17:20:00,SKW4142-1777916559-fa-1448p,E75L 
DAL1631-1777954203-fa-779p,2026-05-07T15:31:52.632579+00:00,0.11303068000630771,0,0.11754818903020342,quantile@0.22,DL1631,N322DN,DL,FLL,ATL,2026-05-07T14:06:00,2026-05-07T15:42:00,DAL1334-1777954202-fa-945p,A321 
DAL673-1777954319-fa-366p,2026-05-07T15:31:52.632579+00:00,0.10360426447574338,0,0.11754818903020342,quantile@0.22,DL673,N390DN,DL,ATL,LAX,2026-05-07T15:40:00,2026-05-07T20:19:00,DAL364-1777954319-fa-365p,A321 
DAL2204-1777954095-fa-644p,2026-05-07T15:31:52.632579+00:00,0.09136883740641334,0,0.11754818903020342,quantile@0.22,DL2204,N323DN,DL,MCO,ATL,2026-05-07T14:10:00,2026-05-07T15:12:00,DAL2204-1777954095-fa-443p,A321 
DAL2380-1777954831-fa-855p,2026-05-07T15:31:52.632579+00:00,0.09136883740641334,0,0.11754818903020342,quantile@0.22,DL2380,N876DN,DL,ATL,JFK,2026-05-07T15:20:00,2026-05-07T16:59:00,DAL2161-1777954837-fa-1457p,B739 
DAL3182-1777955140-fa-1698p,2026-05-07T15:31:52.632579+00:00,0.09136883740641334,0,0.11754818903020342,quantile@0.22,DL3182,N892AT,DL,ATL,MYR,2026-05-07T15:37:00,2026-05-07T16:32:00,DAL1523-1777955131-fa-2202p,B712 
DAL406-1777955087-fa-862p,2026-05-07T15:31:52.632579+00:00,0.08673129578923999,0,0.11754818903020342,quantile@0.22,DL406,N696DL,DL,ATL,BZN,2026-05-07T15:18:00,2026-05-07T19:06:00,DAL1338-1777955087-fa-76p,B752 
UAL745-1777939397-fa-1530p,2026-05-07T15:31:52.632579+00:00,0.08673129578923999,0,0.11754818903020342,quantile@0.22,UA745,N821UA,UA,ATL,ORD,2026-05-07T15:35:00,2026-05-07T17:10:00,UAL2249-1777939519-fa-2089p,A319 
DAL1002-1777954824-fa-229p,2026-05-07T15:31:52.632579+00:00,0.08518762800708161,0,0.11754818903020342,quantile@0.22,DL1002,N917DU,DL,ATL,ELP,2026-05-07T15:39:00,2026-05-07T18:38:00,DAL2988-1777954824-fa-792p,B739 
DAL775-1777954514-fa-1831p,2026-05-07T15:31:52.632579+00:00,0.08518762800708161,0,0.11754818903020342,quantile@0.22,DL775,N343NW,DL,ATL,CLE,2026-05-07T15:25:00,2026-05-07T16:39:00,DAL349-1777954480-fa-130p,A320 
FFT4427-1777960821-airline-1169p,2026-05-07T15:31:52.632579+00:00,0.08371181484477073,0,0.11754818903020342,quantile@0.22,F94427,N635FR,F9,BWI,ATL,2026-05-07T13:02:00,2026-05-07T14:35:00,FFT2510-1777963115-airline-1574p,A21N 
DAL2427-1777954883-fa-1003p,2026-05-07T15:31:52.632579+00:00,0.08124452234881684,0,0.11754818903020342,quantile@0.22,DL2427,N839DN,DL,ATL,COS,2026-05-07T15:50:00,2026-05-07T18:46:00,DAL965-1777954882-fa-1632p,B739 
DAL2634-1777954332-fa-735p,2026-05-07T15:31:52.632579+00:00,0.0799474030243261,0,0.11754818903020342,quantile@0.22,DL2634,N106DN,DL,RDU,ATL,2026-05-07T14:06:00,2026-05-07T15:08:00,DAL2634-1777954328-fa-1790p,A321 
DAL431-1777954322-fa-684p,2026-05-07T15:31:52.632579+00:00,0.07863790649293768,0,0.11754818903020342,quantile@0.22,DL431,N391DN,DL,DEN,ATL,2026-05-07T13:15:00,2026-05-07T15:28:00,DAL956-1777867782-fa-210p,A321 
DAL937-1777954819-fa-901p,2026-05-07T15:31:52.632579+00:00,0.0740344495560073,0,0.11754818903020342,quantile@0.22,DL937,N855DN,DL,ATL,TUS,2026-05-07T15:35:00,2026-05-07T19:09:00,DAL1879-1777954818-fa-937p,B739 
UAL2669-1777917144-fa-1059p,2026-05-07T15:31:52.632579+00:00,0.0740344495560073,0,0.11754818903020342,quantile@0.22,UA2669,N820UA,UA,EWR,ATL,2026-05-07T13:10:00,2026-05-07T15:11:00,UAL203-1777873970-airline-1162p,A319 
DAL467-1777954335-fa-1287p,2026-05-07T15:31:52.632579+00:00,0.07200967458223397,0,0.11754818903020342,quantile@0.22,DL467,N123DW,DL,ATL,LGA,2026-05-07T15:40:00,2026-05-07T17:11:00,DAL1673-1777954183-fa-1038p,A321 
EJA509-1778100328-sw-2820p,2026-05-07T15:31:52.632579+00:00,0.07081545064377684,0,0.11754818903020342,quantile@0.22,1I509,N509QS,1I,LEX,ATL,2026-05-07T14:42:00,2026-05-07T15:48:00,EJA509-1778088648-sw-530p,C68A 
DAL2777-1777954228-fa-514p,2026-05-07T15:31:52.632579+00:00,0.07042585820455347,0,0.11754818903020342,quantile@0.22,DL2777,N354DN,DL,DTW,ATL,2026-05-07T13:40:00,2026-05-07T15:15:00,DAL1333-1777867267-fa-4488p,A321 
DAL2925-1777954776-fa-48p,2026-05-07T15:31:52.632579+00:00,0.07042585820455347,0,0.11754818903020342,quantile@0.22,DL2925,N810DN,DL,ATL,ORF,2026-05-07T15:32:00,2026-05-07T16:35:00,DAL1247-1777954775-fa-498p,B739 
JBU797-1777958441-airline-383p,2026-05-07T15:31:52.632579+00:00,0.07042585820455347,0,0.11754818903020342,quantile@0.22,B6797,N3240J,B6,BOS,ATL,2026-05-07T12:25:00,2026-05-07T15:02:00,JBU1138-1777870202-airline-406p,BCS3 
SWA2672-1777957840-airline-1212p,2026-05-07T15:31:52.632579+00:00,0.07042585820455347,0,0.11754818903020342,quantile@0.22,WN2672,N8772M,WN,ATL,MDW,2026-05-07T15:30:00,2026-05-07T17:06:00,SWA1397-1777961456-airline-1805p,B38M 
DAL1271-1777954827-fa-404p,2026-05-07T15:31:52.632579+00:00,0.06623101740542095,0,0.11754818903020342,quantile@0.22,DL1271,N803DN,DL,ATL,CVG,2026-05-07T15:40:00,2026-05-07T16:37:00,DAL1415-1777954825-fa-1094p,B739 
DAL1324-1777954503-fa-362p,2026-05-07T15:31:52.632579+00:00,0.06623101740542095,0,0.11754818903020342,quantile@0.22,DL1324,N366NW,DL,IAD,ATL,2026-05-07T14:21:00,2026-05-07T16:01:00,DAL1324-1777954503-fa-361p,A320 
DAL2793-1777955150-fa-165p,2026-05-07T15:31:52.632579+00:00,0.06623101740542095,0,0.11754818903020342,quantile@0.22,DL2793,N927AT,DL,GNV,ATL,2026-05-07T14:23:00,2026-05-07T15:13:00,DAL2793-1777955150-fa-163p,B712 
DAL3013-1777954953-fa-421p,2026-05-07T15:31:52.632579+00:00,0.06623101740542095,0,0.11754818903020342,quantile@0.22,DL3013,N875DN,DL,ATL,IND,2026-05-07T15:36:00,2026-05-07T16:45:00,DAL1816-1777868389-fa-3340p,B739 
DAL1462-1777953969-fa-638p,2026-05-07T15:31:52.632579+00:00,0.06215884349880825,0,0.11754818903020342,quantile@0.22,DL1462,N550NW,DL,RIC,ATL,2026-05-07T14:18:00,2026-05-07T15:39:00,DAL1462-1777953969-fa-639p,B752 
DAL2778-1777954924-fa-2327p,2026-05-07T15:31:52.632579+00:00,0.06215884349880825,0,0.11754818903020342,quantile@0.22,DL2778,N943DZ,DL,ATL,MEM,2026-05-07T15:30:00,2026-05-07T16:27:00,DAL1212-1777954925-fa-1364p,B739 
RPA4580-1777958754-airline-1527p,2026-05-07T15:31:52.632579+00:00,0.06017889492753622,0,0.11754818903020342,quantile@0.22,YX4580,N116HQ,YX,ATL,LGA,2026-05-07T15:25:00,2026-05-07T16:39:00,RPA4580-1777958754-airline-1528p,E75L 
EDV5304-1777937762-fa-2740p,2026-05-07T15:31:52.632579+00:00,0.05815146427905241,0,0.11754818903020342,quantile@0.22,9E5304,N903XJ,9E,MGM,ATL,2026-05-07T15:05:00,2026-05-07T15:32:00,EDV5304-1777937763-fa-5604p,CRJ9 
DAL2279-1777954196-fa-695p,2026-05-07T15:31:52.632579+00:00,0.05580033208257612,0,0.11754818903020342,quantile@0.22,DL2279,N301DV,DL,ATL,PHL,2026-05-07T15:26:00,2026-05-07T16:43:00,DAL893-1777954076-fa-967p,A321 
DAL2867-1777954917-fa-771p,2026-05-07T15:31:52.632579+00:00,0.05580033208257612,0,0.11754818903020342,quantile@0.22,DL2867,N942DZ,DL,ATL,BNA,2026-05-07T15:38:00,2026-05-07T16:19:00,DAL1901-1777954916-fa-722p,B739 
DAL2605-1777955084-fa-1185p,2026-05-07T15:31:52.632579+00:00,0.053686380212462345,0,0.11754818903020342,quantile@0.22,DL2605,N6703D,DL,TPA,ATL,2026-05-07T14:08:00,2026-05-07T15:12:00,DAL2605-1777955083-fa-2127p,B752 
DAL918-1777955046-fa-3797p,2026-05-07T15:31:52.632579+00:00,0.05199379649344164,0,0.11754818903020342,quantile@0.22,DL918,N551NW,DL,PHX,ATL,2026-05-07T12:55:00,2026-05-07T15:52:00,DAL757-1777867246-fa-1042p,B752 
DAL1725-1777955130-fa-861p,2026-05-07T15:31:52.632579+00:00,0.05065173831312359,0,0.11754818903020342,quantile@0.22,DL1725,N945AT,DL,ATL,GSP,2026-05-07T15:17:00,2026-05-07T15:42:00,DAL1157-1777955130-fa-863p,B712 
DAL2542-1777954897-fa-1300p,2026-05-07T15:31:52.632579+00:00,0.04950132674535639,0,0.11754818903020342,quantile@0.22,DL2542,N931DQ,DL,ATL,MSY,2026-05-07T15:21:00,2026-05-07T16:38:00,DAL2522-1777954895-fa-858p,B739 
DAL1336-1777954847-fa-1908p,2026-05-07T15:31:52.632579+00:00,0.048215848823438545,0,0.11754818903020342,quantile@0.22,DL1336,N887DN,DL,ORF,ATL,2026-05-07T14:18:00,2026-05-07T15:41:00,DAL1336-1777954846-fa-1435p,B739 
DAL1688-1777954869-fa-1315p,2026-05-07T15:31:52.632579+00:00,0.048215848823438545,0,0.11754818903020342,quantile@0.22,DL1688,N902DN,DL,ABQ,ATL,2026-05-07T13:10:00,2026-05-07T15:32:00,DAL1531-1777868525-fa-477p,B739 
DAL2020-1777955137-fa-773p,2026-05-07T15:31:52.632579+00:00,0.048215848823438545,0,0.11754818903020342,quantile@0.22,DL2020,N607AT,DL,ATL,OKC,2026-05-07T15:20:00,2026-05-07T17:25:00,DAL2299-1777955142-fa-2172p,B712 
DAL1102-1777954836-fa-636p,2026-05-07T15:31:52.632579+00:00,0.04495685771068127,0,0.11754818903020342,quantile@0.22,DL1102,N920DU,DL,ATL,STL,2026-05-07T15:50:00,2026-05-07T17:08:00,DAL789-1777954885-fa-4579p,B739 
DAL1369-1777955147-fa-21p,2026-05-07T15:31:52.632579+00:00,0.04495685771068127,0,0.11754818903020342,quantile@0.22,DL1369,N988AT,DL,BHM,ATL,2026-05-07T13:09:00,2026-05-07T13:38:00,DAL2705-1777868723-fa-732p,B712 
DAL3012-1777955149-fa-182p,2026-05-07T15:31:52.632579+00:00,0.04495685771068127,0,0.11754818903020342,quantile@0.22,DL3012,N939AT,DL,ATL,BHM,2026-05-07T15:20:00,2026-05-07T15:57:00,DAL3183-1777955149-fa-181p,B712 
DAL3051-1777955134-fa-950p,2026-05-07T15:31:52.632579+00:00,0.04495685771068127,0,0.11754818903020342,quantile@0.22,DL3051,N955AT,DL,VPS,ATL,2026-05-07T14:25:00,2026-05-07T15:39:00,DAL3051-1777955134-fa-947p,B712 
DAL3173-1777955143-fa-828p,2026-05-07T15:31:52.632579+00:00,0.041698101006617375,0,0.11754818903020342,quantile@0.22,DL3173,N978AT,DL,GSO,ATL,2026-05-07T14:19:00,2026-05-07T15:14:00,DAL3173-1777955143-fa-827p,B712 
DAL2486-1777955099-fa-854p,2026-05-07T15:31:52.632579+00:00,0.041534144059869035,0,0.11754818903020342,quantile@0.22,DL2486,N820DX,DL,JAX,ATL,2026-05-07T13:57:00,2026-05-07T15:10:00,DAL2486-1777955098-fa-128p,B752 
SWA3424-1777968872-airline-1698p,2026-05-07T15:31:52.632579+00:00,0.03760580411124546,0,0.11754818903020342,quantile@0.22,WN3424,N8553W,WN,MCO,ATL,2026-05-07T12:35:00,2026-05-07T13:38:00,SWA1912-1777880845-airline-1001p,B738 
EDV5070-1777913823-fa-1339p,2026-05-07T15:31:52.632579+00:00,0.03386761287165057,0,0.11754818903020342,quantile@0.22,9E5070,N147PQ,9E,JAN,ATL,2026-05-07T14:44:00,2026-05-07T15:33:00,EDV5070-1777913821-fa-2785p,CRJ9 
EDV5179-1777939331-fa-2387p,2026-05-07T15:31:52.632579+00:00,0.03386761287165057,0,0.11754818903020342,quantile@0.22,9E5179,N292PQ,9E,ATL,CHA,2026-05-07T15:41:00,2026-05-07T16:09:00,EDV5169-1777939330-fa-4078p,CRJ9 
DAL1479-1777954337-fa-1718p,2026-05-07T15:31:52.632579+00:00,0.03229695663293266,0,0.11754818903020342,quantile@0.22,DL1479,N103DY,DL,CMH,ATL,2026-05-07T14:20:00,2026-05-07T15:38:00,DAL1479-1777954337-fa-1719p,A321 
DAL1149-1777955148-fa-1011p,2026-05-07T15:31:52.632579+00:00,0.03158483796105801,0,0.11754818903020342,quantile@0.22,DL1149,N960AT,DL,MEM,ATL,2026-05-07T14:40:00,2026-05-07T15:26:00,DAL2939-1777868739-fa-217p,B712 
DAL963-1777954492-fa-850p,2026-05-07T15:31:52.632579+00:00,0.03158483796105801,0,0.11754818903020342,quantile@0.22,DL963,N358NW,DL,CVG,ATL,2026-05-07T14:06:00,2026-05-07T15:11:00,DAL963-1777954492-fa-185p,A320 
EDV5157-1777917855-fa-1729p,2026-05-07T15:31:52.632579+00:00,0.03158483796105801,0,0.11754818903020342,quantile@0.22,9E5157,N297PQ,9E,ATL,MLU,2026-05-07T15:45:00,2026-05-07T17:13:00,EDV5085-1777917856-fa-1642p,CRJ9 
DAL2523-1777954842-fa-1119p,2026-05-07T15:31:52.632579+00:00,0.027782647825426318,0,0.11754818903020342,quantile@0.22,DL2523,N856DN,DL,CLE,ATL,2026-05-07T14:34:00,2026-05-07T16:10:00,DAL2523-1777954842-fa-1478p,B739 
DAL1380-1777954755-fa-1651p,2026-05-07T15:31:52.632579+00:00,0.025932263393910786,0,0.11754818903020342,quantile@0.22,DL1380,N878DN,DL,PIT,ATL,2026-05-07T14:17:00,2026-05-07T15:47:00,DAL1380-1777954756-fa-52p,B739 
DAL1571-1777954851-fa-691p,2026-05-07T15:31:52.632579+00:00,0.025932263393910786,0,0.11754818903020342,quantile@0.22,DL1571,N890DN,DL,STL,ATL,2026-05-07T14:25:00,2026-05-07T15:27:00,DAL1571-1777954851-fa-702p,B739 
DAL3091-1777955153-fa-982p,2026-05-07T15:31:52.632579+00:00,0.023503281840482664,0,0.11754818903020342,quantile@0.22,DL3091,N899AT,DL,CHS,ATL,2026-05-07T14:35:00,2026-05-07T15:25:00,DAL3091-1777955153-fa-979p,B712 
DAL3030-1777955147-fa-1226p,2026-05-07T15:31:52.632579+00:00,0.022552415197102292,0,0.11754818903020342,quantile@0.22,DL3030,N997AT,DL,ATL,GNV,2026-05-07T15:20:00,2026-05-07T16:04:00,DAL2250-1777955140-fa-1700p,B712 
DAL3069-1777954952-fa-603p,2026-05-07T15:31:52.632579+00:00,0.020823069596347752,0,0.11754818903020342,quantile@0.22,DL3069,N963DZ,DL,BNA,ATL,2026-05-07T14:50:00,2026-05-07T15:26:00,DAL3069-1777954953-fa-345p,B739 
EDV5091-1777935397-fa-404p,2026-05-07T15:31:52.632579+00:00,0.020823069596347752,0,0.11754818903020342,quantile@0.22,9E5091,N138EV,9E,ATL,MOB,2026-05-07T15:55:00,2026-05-07T17:00:00,EDV5422-1777935395-fa-320p,CRJ9 
DAL3125-1777954838-fa-192p,2026-05-07T15:31:52.632579+00:00,0.01636048253567767,0,0.11754818903020342,quantile@0.22,DL3125,N914DU,DL,IND,ATL,2026-05-07T14:20:00,2026-05-07T15:28:00,DAL3125-1777954838-fa-190p,B739 
SWA2433-1777961333-airline-778p,2026-05-07T15:31:52.632579+00:00,0.01636048253567767,0,0.11754818903020342,quantile@0.22,WN2433,N296WN,WN,AUS,ATL,2026-05-07T13:50:00,2026-05-07T15:36:00,SWA2433-1777961333-airline-779p,B737 
EDV5111-1777928471-fa-2031p,2026-05-07T15:31:52.632579+00:00,0.01615508885298869,0,0.11754818903020342,quantile@0.22,9E5111,N924XJ,9E,ATL,TRI,2026-05-07T15:52:00,2026-05-07T16:27:00,EDV5309-1777928470-fa-1198p,CRJ9 
